# Epilepsy and NDD gene list, written by gene_spine.epilepsy_list after the spine
# build. Union of three branches:
#   epilepsy / both : on Genes4Epilepsy ('both' also on an NDD source)
#   ndd_only        : on an NDD or ID source, not on Genes4Epilepsy
#   epilepsy_other  : on an epilepsy panel, or ClinGen or Orphadata naming epilepsy,
#                     seizures or encephalopathy, and in neither branch above
# tier and domain are the spine's own values, carried as description, not selection.
# NDD/ID sources: panelapp_au_id, panelapp_ge_id, sysndd, g2p_dd, sfari.
# Declared but absent: none.
# SFARI: 2026-07-12 release, exported 2026-09-16. Its unscored rows count as presence and lift no tier.
# genes4epilepsy_phenotype is blank for genes that are not on Genes4Epilepsy.
# mondo_ids from sources/mondo/mondo.obo sha256 50c8367f9bd99783, 10,491 ORPHA and 10,176 OMIM xrefs.
# org_count and org_names come from epilepsy_orgs.csv, blank where there is no match.
hgnc_id,symbol,gene_name,list_membership,genes4epilepsy_phenotype,tier,domain,n_sources,sources,orphacodes,omim_id,mondo_ids,org_count,org_names
HGNC:20,AARS1,alanyl-tRNA synthetase 1,both,DEE,T1,ndd_with_epilepsy,9,clingen;g2p_dd;genes4epilepsy;orphadata_genes;panelapp_au_epilepsy;panelapp_au_id;panelapp_ge_epilepsy;panelapp_ge_id;sysndd,228174;33364;442835,601065,MONDO:0013212;MONDO:0018053;MONDO:0018614,1,CureARS
HGNC:21022,AARS2,"alanyl-tRNA synthetase 2, mitochondrial",both,DEE,T1,ndd_with_epilepsy,6,clingen;genes4epilepsy;orphadata_genes;panelapp_au_epilepsy;panelapp_ge_epilepsy;sysndd,313808;319504;99853,612035,MONDO:0013570;MONDO:0020506;MONDO:0800027,0,
HGNC:23,ABAT,4-aminobutyrate aminotransferase,both,DEE,T1,ndd_with_epilepsy,10,clingen;g2p_dd;genes4epilepsy;orphadata_genes;panelapp_au_epilepsy;panelapp_au_id;panelapp_ge_epilepsy;panelapp_ge_id;sfari;sysndd,2066,137150,MONDO:0013166,0,
HGNC:32,ABCA2,ATP binding cassette subfamily A member 2,both,DEE,T1,ndd_with_epilepsy,9,g2p_dd;genes4epilepsy;orphadata_genes;panelapp_au_epilepsy;panelapp_au_id;panelapp_ge_epilepsy;panelapp_ge_id;sfari;sysndd,88616,600047,MONDO:0019502,0,
HGNC:60,ABCC9,ATP binding cassette subfamily C member 9,both,DEE,T1,ndd_with_epilepsy,7,clingen;g2p_dd;genes4epilepsy;orphadata_genes;panelapp_au_id;panelapp_ge_id;sysndd,130;1517;154;334;726782;728619,601439,MONDO:0009406;MONDO:0015263;MONDO:0018054;MONDO:0700335,0,
HGNC:13921,ABHD16A,"abhydrolase domain containing 16A, phospholipase",both,DEE,T1,ndd_with_epilepsy,7,g2p_dd;genes4epilepsy;orphadata_genes;panelapp_au_epilepsy;panelapp_au_id;panelapp_ge_id;sysndd,631085,142620,MONDO:0030673,0,
HGNC:23339,ACBD6,acyl-CoA binding domain containing 6,both,DEE,T1,ndd_with_epilepsy,5,g2p_dd;genes4epilepsy;panelapp_au_id;panelapp_ge_id;sysndd,,616352,,0,
HGNC:119,ACOX1,acyl-CoA oxidase 1,both,DEE,T1,ndd_with_epilepsy,9,clingen;g2p_dd;genes4epilepsy;orphadata_genes;panelapp_au_epilepsy;panelapp_au_id;panelapp_ge_epilepsy;panelapp_ge_id;sysndd,2971;631248,609751,MONDO:0009919;MONDO:0030073,1,The Global Foundation for Peroxisomal Disorders (GFPD)
HGNC:132,ACTB,actin beta,both,MCD,T1,ndd_with_epilepsy,9,clingen;g2p_dd;genes4epilepsy;orphadata_genes;panelapp_au_epilepsy;panelapp_au_id;panelapp_ge_id;sfari;sysndd,2995;64755;673556;674653;79107,102630,MONDO:0011500;MONDO:0011823;MONDO:0017579;MONDO:0100433;MONDO:0975754,1,Simons Searchlight
HGNC:144,ACTG1,actin gamma 1,both,MCD,T1,ndd_with_epilepsy,8,clingen;g2p_dd;genes4epilepsy;orphadata_genes;panelapp_au_epilepsy;panelapp_au_id;panelapp_ge_id;sysndd,2995;90635;98942;98944,102560,MONDO:0017579;MONDO:0019587;MONDO:0020354;MONDO:0020356,0,
HGNC:160,ACTL6B,actin like 6B,both,DEE,T1,ndd_with_epilepsy,9,g2p_dd;genes4epilepsy;orphadata_genes;panelapp_au_epilepsy;panelapp_au_id;panelapp_ge_epilepsy;panelapp_ge_id;sfari;sysndd,442835;528084,612458,MONDO:0018614;MONDO:0100038,1,Simons Searchlight ACTL6B Facebook community
HGNC:177,ACY1,aminoacylase 1,both,DEE,T1,ndd_with_epilepsy,9,clingen;g2p_dd;genes4epilepsy;orphadata_genes;panelapp_au_epilepsy;panelapp_au_id;panelapp_ge_id;sfari;sysndd,137754,104620,MONDO:0012368,0,
HGNC:201,ADAM22,ADAM metallopeptidase domain 22,both,DEE,T1,ndd_with_epilepsy,8,clingen;g2p_dd;genes4epilepsy;panelapp_au_epilepsy;panelapp_au_id;panelapp_ge_epilepsy;panelapp_ge_id;sysndd,,603709,,0,
HGNC:225,ADAR,adenosine deaminase RNA specific,both,"DEE, MCD",T1,ndd_with_epilepsy,9,clingen;g2p_dd;genes4epilepsy;orphadata_genes;panelapp_au_epilepsy;panelapp_au_id;panelapp_ge_epilepsy;panelapp_ge_id;sysndd,225154;41;51;694356,146920,MONDO:0007483;MONDO:0010080;MONDO:0018866;MONDO:0979273,0,
HGNC:226,ADARB1,adenosine deaminase RNA specific B1,both,DEE,T1,ndd_with_epilepsy,7,g2p_dd;genes4epilepsy;panelapp_au_epilepsy;panelapp_au_id;panelapp_ge_epilepsy;panelapp_ge_id;sysndd,,601218,,0,
HGNC:25151,ADAT3,adenosine deaminase tRNA specific 3,both,DEE,T1,ndd_with_epilepsy,8,clingen;genes4epilepsy;orphadata_genes;panelapp_au_epilepsy;panelapp_au_id;panelapp_ge_epilepsy;panelapp_ge_id;sysndd,363528,615302,MONDO:0014119,0,
HGNC:236,ADCY5,adenylate cyclase 5,both,DEE,T1,ndd_with_epilepsy,9,clingen;g2p_dd;genes4epilepsy;orphadata_genes;panelapp_au_epilepsy;panelapp_au_id;panelapp_ge_id;sfari;sysndd,1429;324588,600293,MONDO:0001595;MONDO:0800028,3,ACDY5.org; ADCY5 registry (Citizen Health); ADCY5.org
HGNC:4512,ADGRG1,adhesion G protein-coupled receptor G1,both,MCD,T1,ndd_with_epilepsy,9,clingen;g2p_dd;genes4epilepsy;orphadata_genes;panelapp_au_epilepsy;panelapp_au_id;panelapp_ge_epilepsy;panelapp_ge_id;sysndd,101070;98889,604110,MONDO:0011738;MONDO:0020340,0,
HGNC:20973,ADGRL1,adhesion G protein-coupled receptor L1,both,DEE,T1,ndd_with_epilepsy,9,clingen;genes4epilepsy;orphadata_genes;panelapp_au_epilepsy;panelapp_au_id;panelapp_ge_epilepsy;panelapp_ge_id;sfari;sysndd,528084,616416,MONDO:0100038,0,
HGNC:15766,ADNP,activity dependent neuroprotector homeobox,both,DEE,T1,ndd_with_epilepsy,9,clingen;g2p_dd;genes4epilepsy;orphadata_genes;panelapp_au_epilepsy;panelapp_au_id;panelapp_ge_id;sfari;sysndd,404448;700160,611386,MONDO:0014379;MONDO:0979360,3,ADNP Kids Foundation; ADNP Kids Research Foundation; COMBINEDBrain
HGNC:21304,ADPRS,ADP-ribosylserine hydrolase,both,DEE,T1,ndd_with_epilepsy,7,g2p_dd;genes4epilepsy;orphadata_genes;panelapp_au_epilepsy;panelapp_ge_epilepsy;panelapp_ge_id;sysndd,694922,610624,MONDO:0100095,0,
HGNC:291,ADSL,adenylosuccinate lyase,both,DEE,T1,ndd_with_epilepsy,10,clingen;g2p_dd;genes4epilepsy;orphadata_genes;panelapp_au_epilepsy;panelapp_au_id;panelapp_ge_epilepsy;panelapp_ge_id;sfari;sysndd,46,608222,MONDO:0007068,0,
HGNC:6473,AFF3,ALF transcription elongation factor 3,both,DEE,T1,ndd_with_epilepsy,8,g2p_dd;genes4epilepsy;orphadata_genes;panelapp_au_epilepsy;panelapp_au_id;panelapp_ge_epilepsy;panelapp_ge_id;sysndd,632603,601464,MONDO:0858998,0,
HGNC:18119,AFG2A,AAA ATPase AFG2A,both,DEE,T1,ndd_with_epilepsy,9,clingen;g2p_dd;genes4epilepsy;orphadata_genes;panelapp_au_epilepsy;panelapp_au_id;panelapp_ge_epilepsy;panelapp_ge_id;sysndd,457351,613940,MONDO:0014698,0,
HGNC:28762,AFG2B,AAA ATPase AFG2B,both,DEE,T1,ndd_with_epilepsy,9,clingen;g2p_dd;genes4epilepsy;orphadata_genes;panelapp_au_epilepsy;panelapp_au_id;panelapp_ge_epilepsy;panelapp_ge_id;sysndd,659975;90636,619578,MONDO:0019588;MONDO:0859206,0,
HGNC:315,AFG3L2,AFG3 like matrix AAA peptidase subunit 2,both,PME,T1,ndd_with_epilepsy,8,clingen;g2p_dd;genes4epilepsy;orphadata_genes;panelapp_au_epilepsy;panelapp_au_id;panelapp_ge_id;sysndd,101109;313772,604581,MONDO:0012450;MONDO:0013776,0,
HGNC:318,AGA,aspartylglucosaminidase,both,DEE,T1,ndd_with_epilepsy,8,clingen;g2p_dd;genes4epilepsy;orphadata_genes;panelapp_au_epilepsy;panelapp_au_id;panelapp_ge_id;sysndd,93,613228,MONDO:0008830,0,
HGNC:33784,AGMO,alkylglycerol monooxygenase,both,DEE,T1,ndd_with_epilepsy,7,genes4epilepsy;panelapp_au_epilepsy;panelapp_au_id;panelapp_ge_epilepsy;panelapp_ge_id;sfari;sysndd,,613738,,0,
HGNC:3262,AGO1,argonaute RISC component 1,both,DEE,T1,ndd_with_epilepsy,10,clingen;g2p_dd;genes4epilepsy;orphadata_genes;panelapp_au_epilepsy;panelapp_au_id;panelapp_ge_epilepsy;panelapp_ge_id;sfari;sysndd,528084,606228,MONDO:0100038,1,AGO Alliance
HGNC:25230,AHDC1,AT-hook DNA binding motif containing 1,both,DEE,T1,ndd_with_epilepsy,8,clingen;g2p_dd;genes4epilepsy;orphadata_genes;panelapp_au_id;panelapp_ge_id;sfari;sysndd,412069,615790,MONDO:0014358,1,Xia-Gibbs Society
HGNC:10648,AIMP1,aminoacyl tRNA synthetase complex interacting multifunctional protein 1,both,DEE,T1,ndd_with_epilepsy,9,clingen;g2p_dd;genes4epilepsy;orphadata_genes;panelapp_au_epilepsy;panelapp_au_id;panelapp_ge_epilepsy;panelapp_ge_id;sysndd,280293;88616,603605,MONDO:0009843;MONDO:0019502,0,
HGNC:391,AKT1,AKT serine/threonine kinase 1,both,"DEE, MCD",T1,ndd_with_epilepsy,7,clingen;g2p_dd;genes4epilepsy;orphadata_genes;panelapp_au_epilepsy;panelapp_ge_epilepsy;panelapp_ge_id,2495;744,164730,MONDO:0008318;MONDO:0016642,0,
HGNC:393,AKT3,AKT serine/threonine kinase 3,both,MCD,T1,ndd_with_epilepsy,9,clingen;g2p_dd;genes4epilepsy;orphadata_genes;panelapp_au_epilepsy;panelapp_au_id;panelapp_ge_epilepsy;panelapp_ge_id;sysndd,83473;99802,611223,MONDO:0019375;MONDO:0020492,0,
HGNC:403,ALDH3A2,aldehyde dehydrogenase 3 family member A2,both,DEE,T1,ndd_with_epilepsy,7,g2p_dd;genes4epilepsy;orphadata_genes;panelapp_au_epilepsy;panelapp_au_id;panelapp_ge_id;sysndd,816,609523,MONDO:0010031,0,
HGNC:408,ALDH5A1,aldehyde dehydrogenase 5 family member A1,both,DEE,T1,ndd_with_epilepsy,10,clingen;g2p_dd;genes4epilepsy;orphadata_genes;panelapp_au_epilepsy;panelapp_au_id;panelapp_ge_epilepsy;panelapp_ge_id;sfari;sysndd,22,610045,MONDO:0010083,1,SSADH Association
HGNC:877,ALDH7A1,aldehyde dehydrogenase 7 family member A1,both,DEE,T1,ndd_with_epilepsy,9,clingen;g2p_dd;genes4epilepsy;orphadata_genes;panelapp_au_epilepsy;panelapp_au_id;panelapp_ge_epilepsy;panelapp_ge_id;sysndd,3006,107323,MONDO:0009945,2,International PDE Consortium; PDE Foundation
HGNC:18294,ALG1,ALG1 chitobiosyldiphosphodolichol beta-mannosyltransferase,both,DEE,T1,ndd_with_epilepsy,9,clingen;g2p_dd;genes4epilepsy;orphadata_genes;panelapp_au_epilepsy;panelapp_au_id;panelapp_ge_epilepsy;panelapp_ge_id;sysndd,79327,605907,MONDO:0012052,0,
HGNC:32456,ALG11,"ALG11 alpha-1,2-mannosyltransferase",both,DEE,T1,ndd_with_epilepsy,9,clingen;g2p_dd;genes4epilepsy;orphadata_genes;panelapp_au_epilepsy;panelapp_au_id;panelapp_ge_epilepsy;panelapp_ge_id;sysndd,280071,613666,MONDO:0013349,0,
HGNC:19358,ALG12,"ALG12 alpha-1,6-mannosyltransferase",both,DEE,T1,ndd_with_epilepsy,9,clingen;g2p_dd;genes4epilepsy;orphadata_genes;panelapp_au_epilepsy;panelapp_au_id;panelapp_ge_epilepsy;panelapp_ge_id;sysndd,79324,607144,MONDO:0011783,0,
HGNC:30881,ALG13,ALG13 UDP-N-acetylglucosaminyltransferase subunit,both,DEE,T1,ndd_with_epilepsy,9,clingen;g2p_dd;genes4epilepsy;orphadata_genes;panelapp_au_epilepsy;panelapp_au_id;panelapp_ge_epilepsy;panelapp_ge_id;sysndd,324422;777,300776,MONDO:0010472;MONDO:0019181,1,CDG CARE
HGNC:28287,ALG14,ALG14 UDP-N-acetylglucosaminyltransferase subunit,both,DEE,T1,ndd_with_epilepsy,8,clingen;genes4epilepsy;orphadata_genes;panelapp_au_epilepsy;panelapp_au_id;panelapp_ge_epilepsy;panelapp_ge_id;sysndd,353327,612866,MONDO:0018144,0,
HGNC:23159,ALG2,"ALG2 alpha-1,3/1,6-mannosyltransferase",both,DEE,T1,ndd_with_epilepsy,9,clingen;g2p_dd;genes4epilepsy;orphadata_genes;panelapp_au_epilepsy;panelapp_au_id;panelapp_ge_epilepsy;panelapp_ge_id;sysndd,353327;79326,607905,MONDO:0011933;MONDO:0018144,0,
HGNC:23056,ALG3,"ALG3 alpha-1,3- mannosyltransferase",both,DEE,T1,ndd_with_epilepsy,9,clingen;g2p_dd;genes4epilepsy;orphadata_genes;panelapp_au_epilepsy;panelapp_au_id;panelapp_ge_epilepsy;panelapp_ge_id;sysndd,79321,608750,MONDO:0010998,0,
HGNC:23157,ALG6,"ALG6 alpha-1,3-glucosyltransferase",both,DEE,T1,ndd_with_epilepsy,10,clingen;g2p_dd;genes4epilepsy;orphadata_genes;panelapp_au_epilepsy;panelapp_au_id;panelapp_ge_epilepsy;panelapp_ge_id;sfari;sysndd,79320,604566,MONDO:0011291,0,
HGNC:23161,ALG8,"ALG8 alpha-1,3-glucosyltransferase",both,DEE,T1,ndd_with_epilepsy,9,clingen;g2p_dd;genes4epilepsy;orphadata_genes;panelapp_au_epilepsy;panelapp_au_id;panelapp_ge_epilepsy;panelapp_ge_id;sysndd,2924;79325,608103,MONDO:0000447;MONDO:0011969,0,
HGNC:15672,ALG9,"ALG9 alpha-1,2-mannosyltransferase",both,DEE,T1,ndd_with_epilepsy,9,clingen;g2p_dd;genes4epilepsy;orphadata_genes;panelapp_au_epilepsy;panelapp_au_id;panelapp_ge_epilepsy;panelapp_ge_id;sysndd,730;79328,606941,MONDO:0004691;MONDO:0012117,0,
HGNC:25189,ALKBH8,"alkB homolog 8, tRNA methyltransferase",both,DEE,T1,ndd_with_epilepsy,8,g2p_dd;genes4epilepsy;orphadata_genes;panelapp_au_epilepsy;panelapp_au_id;panelapp_ge_epilepsy;panelapp_ge_id;sysndd,88616,613306,MONDO:0019502,0,
HGNC:438,ALPL,"alkaline phosphatase, biomineralization associated",both,DEE,T1,ndd_with_epilepsy,7,clingen;g2p_dd;genes4epilepsy;orphadata_genes;panelapp_au_epilepsy;panelapp_ge_epilepsy;panelapp_ge_id,247623;247638;247651;247667;247676;247685,171760,MONDO:0016605;MONDO:0016607;MONDO:0700424;MONDO:1010154;MONDO:1010168;MONDO:1010169,0,
HGNC:469,AMPD2,adenosine monophosphate deaminase 2,both,DEE,T1,ndd_with_epilepsy,8,g2p_dd;genes4epilepsy;orphadata_genes;panelapp_au_epilepsy;panelapp_au_id;panelapp_ge_epilepsy;panelapp_ge_id;sysndd,369920;401805,102771,MONDO:0014305;MONDO:0014351,0,
HGNC:473,AMT,aminomethyltransferase,both,DEE,T1,ndd_with_epilepsy,10,clingen;g2p_dd;genes4epilepsy;orphadata_genes;panelapp_au_epilepsy;panelapp_au_id;panelapp_ge_epilepsy;panelapp_ge_id;sfari;sysndd,289857;289860;289863,238310,MONDO:0015010;MONDO:0017353;MONDO:0017354,0,
HGNC:493,ANK2,ankyrin 2,both,"Focal, DEE",T1,ndd_with_epilepsy,9,clingen;g2p_dd;genes4epilepsy;panelapp_au_epilepsy;panelapp_au_id;panelapp_ge_epilepsy;panelapp_ge_id;sfari;sysndd,,106410,,0,
HGNC:494,ANK3,ankyrin 3,both,DEE,T1,ndd_with_epilepsy,7,clingen;genes4epilepsy;orphadata_genes;panelapp_au_id;panelapp_ge_id;sfari;sysndd,356996,600465,MONDO:0014210,0,
HGNC:15492,ANKH,ANKH inorganic pyrophosphate transport regulator,both,Focal,T1,ndd_with_epilepsy,6,g2p_dd;genes4epilepsy;orphadata_genes;panelapp_au_id;panelapp_ge_id;sysndd,1416;1522,605145,MONDO:0007319;MONDO:0015465,0,
HGNC:21316,ANKRD11,ankyrin repeat domain 11,both,DEE,T1,ndd_with_epilepsy,10,clingen;g2p_dd;genes4epilepsy;orphadata_genes;panelapp_au_epilepsy;panelapp_au_id;panelapp_ge_epilepsy;panelapp_ge_id;sfari;sysndd,2332;261250,611192,MONDO:0007846;MONDO:0016838,1,ANKRD11 Foundation
HGNC:23575,ANKRD17,ankyrin repeat domain 17,both,DEE,T1,ndd_with_epilepsy,9,clingen;g2p_dd;genes4epilepsy;orphadata_genes;panelapp_au_epilepsy;panelapp_au_id;panelapp_ge_id;sfari;sysndd,717823,615929,,1,"Chopra-Amiel-Gordon Syndrome (CAGS) Foundation, Inc. (ANKRD17)"
HGNC:23837,ANO4,anoctamin 4,both,"GGE, Focal, DEE",T1,ndd_with_epilepsy,6,genes4epilepsy;panelapp_au_epilepsy;panelapp_au_id;panelapp_ge_epilepsy;panelapp_ge_id;sysndd,,610111,,0,
HGNC:555,AP1G1,adaptor related protein complex 1 subunit gamma 1,both,DEE,T1,ndd_with_epilepsy,9,clingen;g2p_dd;genes4epilepsy;orphadata_genes;panelapp_au_epilepsy;panelapp_au_id;panelapp_ge_epilepsy;panelapp_ge_id;sysndd,528084,603533,MONDO:0100038,0,
HGNC:564,AP2M1,adaptor related protein complex 2 subunit mu 1,both,DEE,T1,ndd_with_epilepsy,10,clingen;g2p_dd;genes4epilepsy;orphadata_genes;panelapp_au_epilepsy;panelapp_au_id;panelapp_ge_epilepsy;panelapp_ge_id;sfari;sysndd,1942,601024,MONDO:0014633,0,
HGNC:567,AP3B2,adaptor related protein complex 3 subunit beta 2,both,DEE,T1,ndd_with_epilepsy,9,clingen;g2p_dd;genes4epilepsy;orphadata_genes;panelapp_au_epilepsy;panelapp_au_id;panelapp_ge_epilepsy;panelapp_ge_id;sysndd,442835,602166,MONDO:0018614,0,
HGNC:568,AP3D1,adaptor related protein complex 3 subunit delta 1,both,DEE,T2,ndd_with_epilepsy,5,clingen;genes4epilepsy;orphadata_genes;panelapp_au_epilepsy;sysndd,1000;54;664511,607246,MONDO:0010390;MONDO:0014885;MONDO:0021019,0,
HGNC:572,AP4B1,adaptor related protein complex 4 subunit beta 1,both,MCD,T1,ndd_with_epilepsy,8,clingen;g2p_dd;genes4epilepsy;orphadata_genes;panelapp_au_epilepsy;panelapp_au_id;panelapp_ge_id;sysndd,280763,607245,MONDO:0100176,3,Cure SPG50 Foundation; CureAP4 Foundation; Tom Wahlig Stiftung
HGNC:574,AP4M1,adaptor related protein complex 4 subunit mu 1,both,DEE,T1,ndd_with_epilepsy,7,clingen;g2p_dd;genes4epilepsy;orphadata_genes;panelapp_au_id;panelapp_ge_id;sysndd,280763,602296,MONDO:0100176,3,Cure SPG50 Foundation; CureAP4; Tom Wahlig Stiftung
HGNC:24036,APC2,APC regulator of Wnt signaling pathway 2,both,"DEE, MCD",T1,ndd_with_epilepsy,9,clingen;g2p_dd;genes4epilepsy;orphadata_genes;panelapp_au_epilepsy;panelapp_au_id;panelapp_ge_epilepsy;panelapp_ge_id;sysndd,821,612034,MONDO:0019349,0,
HGNC:652,ARF1,ARF GTPase 1,both,MCD,T1,ndd_with_epilepsy,9,clingen;g2p_dd;genes4epilepsy;orphadata_genes;panelapp_au_epilepsy;panelapp_au_id;panelapp_ge_epilepsy;panelapp_ge_id;sysndd,98892,103180,MONDO:0020341,0,
HGNC:654,ARF3,ARF GTPase 3,both,DEE,T1,ndd_with_epilepsy,9,g2p_dd;genes4epilepsy;orphadata_genes;panelapp_au_epilepsy;panelapp_au_id;panelapp_ge_epilepsy;panelapp_ge_id;sfari;sysndd,178469,103190,MONDO:0015802,0,
HGNC:15772,ARFGEF1,ARF guanine nucleotide exchange factor 1,both,DEE,T1,ndd_with_epilepsy,8,clingen;g2p_dd;genes4epilepsy;panelapp_au_epilepsy;panelapp_au_id;panelapp_ge_epilepsy;panelapp_ge_id;sysndd,,604141,,0,
HGNC:15853,ARFGEF2,ARF guanine nucleotide exchange factor 2,both,MCD,T1,ndd_with_epilepsy,9,clingen;g2p_dd;genes4epilepsy;orphadata_genes;panelapp_au_epilepsy;panelapp_au_id;panelapp_ge_epilepsy;panelapp_ge_id;sysndd,98892,605371,MONDO:0020341,0,
HGNC:663,ARG1,arginase 1,both,DEE,T1,ndd_with_epilepsy,9,clingen;g2p_dd;genes4epilepsy;orphadata_genes;panelapp_au_epilepsy;panelapp_au_id;panelapp_ge_epilepsy;panelapp_ge_id;sysndd,90,608313,MONDO:0008814,2,National Urea Cycle Disorders Foundation (NUCDF); Support ARG1-D
HGNC:14561,ARHGEF9,Cdc42 guanine nucleotide exchange factor 9,both,"Focal, DEE",T1,ndd_with_epilepsy,10,clingen;g2p_dd;genes4epilepsy;orphadata_genes;panelapp_au_epilepsy;panelapp_au_id;panelapp_ge_epilepsy;panelapp_ge_id;sfari;sysndd,163985,300429,MONDO:0010375,1,Simons Searchlight
HGNC:11110,ARID1A,AT-rich interaction domain 1A,both,DEE,T1,ndd_with_epilepsy,9,clingen;g2p_dd;genes4epilepsy;orphadata_genes;panelapp_au_epilepsy;panelapp_au_id;panelapp_ge_id;sfari;sysndd,1465,603024,MONDO:0015452,0,
HGNC:18040,ARID1B,AT-rich interaction domain 1B,both,"DEE, MCD",T1,ndd_with_epilepsy,10,clingen;g2p_dd;genes4epilepsy;orphadata_genes;panelapp_au_epilepsy;panelapp_au_id;panelapp_ge_epilepsy;panelapp_ge_id;sfari;sysndd,1465;251056,614556,MONDO:0013025;MONDO:0015452,3,CSS Network; Coffin-Siris Syndrome Foundation; Foundation for ARID1B Research
HGNC:713,ARSA,arylsulfatase A,both,DEE,T1,ndd_with_epilepsy,8,clingen;g2p_dd;genes4epilepsy;orphadata_genes;panelapp_au_epilepsy;panelapp_au_id;panelapp_ge_id;sysndd,309256;309263;309271,607574,MONDO:0009591;MONDO:0017729;MONDO:0017730,0,
HGNC:29561,ARV1,ARV1 fatty acid homeostasis modulator,both,DEE,T1,ndd_with_epilepsy,6,genes4epilepsy;panelapp_au_epilepsy;panelapp_au_id;panelapp_ge_epilepsy;panelapp_ge_id;sysndd,,611647,,0,
HGNC:18060,ARX,aristaless related homeobox,both,"DEE, MCD",T1,ndd_with_epilepsy,10,clingen;g2p_dd;genes4epilepsy;orphadata_genes;panelapp_au_epilepsy;panelapp_au_id;panelapp_ge_epilepsy;panelapp_ge_id;sfari;sysndd,1934;2508;3175;364063;452;697160;777;94083,300382,MONDO:0010224;MONDO:0010268;MONDO:0010654;MONDO:0017856;MONDO:0018097;MONDO:0018226;MONDO:0019181;MONDO:0800491,1,Simons Searchlight ARX Facebook community
HGNC:735,ASAH1,N-acylsphingosine amidohydrolase 1,both,PME,T1,ndd_with_epilepsy,9,clingen;g2p_dd;genes4epilepsy;orphadata_genes;panelapp_au_epilepsy;panelapp_au_id;panelapp_ge_epilepsy;panelapp_ge_id;sysndd,2590;333,613468,MONDO:0008045;MONDO:0009218,0,
HGNC:19088,ASH1L,ASH1 like histone lysine methyltransferase,both,DEE,T1,ndd_with_epilepsy,10,clingen;g2p_dd;genes4epilepsy;orphadata_genes;panelapp_au_epilepsy;panelapp_au_id;panelapp_ge_epilepsy;panelapp_ge_id;sfari;sysndd,178469,607999,MONDO:0015802,2,Care4ASH1L; Simons Searchlight Community
HGNC:753,ASNS,asparagine synthetase (glutamine-hydrolyzing),both,"DEE, MCD",T1,ndd_with_epilepsy,9,clingen;g2p_dd;genes4epilepsy;orphadata_genes;panelapp_au_epilepsy;panelapp_au_id;panelapp_ge_epilepsy;panelapp_ge_id;sysndd,391376,108370,MONDO:0014258,0,
HGNC:756,ASPA,aspartoacylase,both,DEE,T1,ndd_with_epilepsy,9,clingen;g2p_dd;genes4epilepsy;orphadata_genes;panelapp_au_epilepsy;panelapp_au_id;panelapp_ge_epilepsy;panelapp_ge_id;sysndd,314911;314918,608034,MONDO:0017830;MONDO:0017831,0,
HGNC:19048,ASPM,assembly factor for spindle microtubules,both,MCD,T1,ndd_with_epilepsy,9,clingen;g2p_dd;genes4epilepsy;orphadata_genes;panelapp_au_epilepsy;panelapp_au_id;panelapp_ge_id;sfari;sysndd,2512,605481,MONDO:0016660,0,
HGNC:773,ASTN1,astrotactin 1,both,"DEE, MCD",T1,ndd_with_epilepsy,7,genes4epilepsy;panelapp_au_epilepsy;panelapp_au_id;panelapp_ge_epilepsy;panelapp_ge_id;sfari;sysndd,,600904,,0,
HGNC:23805,ASXL2,ASXL transcriptional regulator 2,both,DEE,T1,ndd_with_epilepsy,7,clingen;g2p_dd;genes4epilepsy;orphadata_genes;panelapp_au_id;panelapp_ge_id;sysndd,689408,612991,MONDO:0014963,3,"ARRE Foundation; ASXL Rare Research Endowment Foundation; ASXL Rare Research Endowment Foundation (Bohring-Opitz Syndrome, Shashi-Pena Syndrome, Bainbridge-Ropers Syndrome)"
HGNC:29357,ASXL3,ASXL transcriptional regulator 3,both,DEE,T1,ndd_with_epilepsy,10,clingen;g2p_dd;genes4epilepsy;orphadata_genes;panelapp_au_epilepsy;panelapp_au_id;panelapp_ge_epilepsy;panelapp_ge_id;sfari;sysndd,352577,615115,MONDO:0014205,4,"ARRE Foundation; ASXL Rare Research Endowment Foundation; ASXL Rare Research Endowment Foundation (Bohring-Opitz Syndrome, Shashi-Pena Syndrome, Bainbridge-Ropers Syndrome); Bainbridge-Ropers Syndrome and ASXL3 Families"
HGNC:25903,ATAD1,ATPase family AAA domain containing 1,both,DEE,T1,ndd_with_epilepsy,6,genes4epilepsy;orphadata_genes;panelapp_au_epilepsy;panelapp_au_id;panelapp_ge_id;sysndd,3197,614452,MONDO:0021022,0,
HGNC:3033,ATN1,atrophin 1,both,"DEE, PME",T1,ndd_with_epilepsy,9,clingen;g2p_dd;genes4epilepsy;orphadata_genes;panelapp_au_epilepsy;panelapp_au_id;panelapp_ge_epilepsy;panelapp_ge_id;sysndd,101,607462,MONDO:0007435,1,CureDRPLA
HGNC:30213,ATP13A2,ATPase cation transporting 13A2,both,PME,T1,ndd_with_epilepsy,7,clingen;g2p_dd;genes4epilepsy;orphadata_genes;panelapp_au_epilepsy;panelapp_au_id;panelapp_ge_id,300605;306674;314632;513436,610513,MONDO:0011706;MONDO:0014975;MONDO:0017593;MONDO:0017809,0,
HGNC:799,ATP1A1,ATPase Na+/K+ transporting subunit alpha 1,both,DEE,T1,ndd_with_epilepsy,10,clingen;g2p_dd;genes4epilepsy;orphadata_genes;panelapp_au_epilepsy;panelapp_au_id;panelapp_ge_epilepsy;panelapp_ge_id;sfari;sysndd,521414;564178,182310,MONDO:0054833,0,
HGNC:800,ATP1A2,ATPase Na+/K+ transporting subunit alpha 2,both,"DEE, MCD",T1,ndd_with_epilepsy,9,clingen;g2p_dd;genes4epilepsy;orphadata_genes;panelapp_au_epilepsy;panelapp_au_id;panelapp_ge_epilepsy;panelapp_ge_id;sysndd,2131;442835;569,182340,MONDO:0016241;MONDO:0018614;MONDO:0018925,2,Migraine Research Foundation overlap; Some shared infrastructure with ATP1A3 communities
HGNC:801,ATP1A3,ATPase Na+/K+ transporting subunit alpha 3,both,"DEE, MCD",T1,ndd_with_epilepsy,10,clingen;g2p_dd;genes4epilepsy;orphadata_genes;panelapp_au_epilepsy;panelapp_au_id;panelapp_ge_epilepsy;panelapp_ge_id;sfari;sysndd,1171;2131;442835;71517,182350,MONDO:0007496;MONDO:0011038;MONDO:0016241;MONDO:0018614,10,AFSHA; AFSHA (FR); AHC Australia; AHC Federation of Europe; AHC Foundation; AHC Foundation (US); AHCUK; Alternating Hemiplegia of Childhood Foundation; Cure AHC; Cure AHC (US)
HGNC:814,ATP2B1,ATPase plasma membrane Ca2+ transporting 1,both,DEE,T1,ndd_with_epilepsy,9,g2p_dd;genes4epilepsy;orphadata_genes;panelapp_au_epilepsy;panelapp_au_id;panelapp_ge_epilepsy;panelapp_ge_id;sfari;sysndd,528084,108731,MONDO:0100038,0,
HGNC:815,ATP2B2,ATPase plasma membrane Ca2+ transporting 2,both,DEE,T1,ndd_with_epilepsy,9,clingen;genes4epilepsy;orphadata_genes;panelapp_au_epilepsy;panelapp_au_id;panelapp_ge_epilepsy;panelapp_ge_id;sfari;sysndd,90636,108733,MONDO:0019588,0,
HGNC:823,ATP5F1A,ATP synthase F1 subunit alpha,both,DEE,T1,ndd_with_epilepsy,7,g2p_dd;genes4epilepsy;orphadata_genes;panelapp_au_epilepsy;panelapp_au_id;panelapp_ge_epilepsy;sysndd,254913,164360,MONDO:0014471,0,
HGNC:838,ATP5F1E,ATP synthase F1 subunit epsilon,both,DEE,T1,ndd_with_epilepsy,6,clingen;genes4epilepsy;orphadata_genes;panelapp_au_epilepsy;panelapp_au_id;sysndd,254913,606153,MONDO:0014471,0,
HGNC:843,ATP5MC3,ATP synthase membrane subunit c locus 3,both,DEE,T2,ndd_with_epilepsy,4,clingen;genes4epilepsy;panelapp_au_epilepsy;sysndd,,602736,,0,
HGNC:850,ATP5PO,ATP synthase peripheral stalk subunit OSCP,both,DEE,T1,ndd_with_epilepsy,7,clingen;genes4epilepsy;orphadata_genes;panelapp_au_epilepsy;panelapp_au_id;panelapp_ge_epilepsy;sysndd,254913,600828,MONDO:0014471,0,
HGNC:18305,ATP6AP2,ATPase H+ transporting accessory protein 2,both,DEE,T1,ndd_with_epilepsy,9,clingen;g2p_dd;genes4epilepsy;orphadata_genes;panelapp_au_epilepsy;panelapp_au_id;panelapp_ge_epilepsy;panelapp_ge_id;sysndd,363654;93952,300556,MONDO:0010319;MONDO:0010482,1,V-ATPase Alliance
HGNC:865,ATP6V0A1,ATPase H+ transporting V0 subunit a1,both,"DEE, PME",T1,ndd_with_epilepsy,8,g2p_dd;genes4epilepsy;orphadata_genes;panelapp_au_epilepsy;panelapp_au_id;panelapp_ge_epilepsy;panelapp_ge_id;sysndd,528084,192130,MONDO:0100038,1,V-ATPase Alliance
HGNC:18481,ATP6V0A2,ATPase H+ transporting V0 subunit a2,both,DEE,T1,ndd_with_epilepsy,9,clingen;genes4epilepsy;orphadata_genes;panelapp_au_epilepsy;panelapp_au_id;panelapp_ge_epilepsy;panelapp_ge_id;sfari;sysndd,2834;357074,611716,MONDO:0009054;MONDO:0010208,0,
HGNC:855,ATP6V0C,ATPase H+ transporting V0 subunit c,both,"GGE, DEE",T1,ndd_with_epilepsy,7,g2p_dd;genes4epilepsy;panelapp_au_epilepsy;panelapp_au_id;panelapp_ge_epilepsy;panelapp_ge_id;sysndd,,108745,,1,V-ATPase Alliance
HGNC:851,ATP6V1A,ATPase H+ transporting V1 subunit A,both,DEE,T1,ndd_with_epilepsy,9,clingen;g2p_dd;genes4epilepsy;orphadata_genes;panelapp_au_epilepsy;panelapp_au_id;panelapp_ge_epilepsy;panelapp_ge_id;sysndd,357074;442835,607027,MONDO:0009054;MONDO:0018614,2,V-ATPase Alliance; emerging community
HGNC:854,ATP6V1B2,ATPase H+ transporting V1 subunit B2,both,DEE,T1,ndd_with_epilepsy,7,g2p_dd;genes4epilepsy;orphadata_genes;panelapp_au_epilepsy;panelapp_au_id;panelapp_ge_id;sysndd,3473;79499;79500,606939,MONDO:0000200;MONDO:0007420;MONDO:0009079,1,V-ATPase Alliance
HGNC:869,ATP7A,ATPase copper transporting alpha,both,DEE,T1,ndd_with_epilepsy,9,clingen;g2p_dd;genes4epilepsy;orphadata_genes;panelapp_au_epilepsy;panelapp_au_id;panelapp_ge_epilepsy;panelapp_ge_id;sysndd,139557;198;388;565,300011,MONDO:0010338;MONDO:0010572;MONDO:0010651;MONDO:0018309,0,
HGNC:886,ATRX,ATRX chromatin remodeler,both,DEE,T1,ndd_with_epilepsy,10,clingen;g2p_dd;genes4epilepsy;orphadata_genes;panelapp_au_epilepsy;panelapp_au_id;panelapp_ge_epilepsy;panelapp_ge_id;sfari;sysndd,100075;231401;715721;726004;847;96253,300032,MONDO:0003111;MONDO:0009050;MONDO:0010328;MONDO:0010519,0,
HGNC:14262,AUTS2,activator of transcription and developmental regulator AUTS2,both,DEE,T1,ndd_with_epilepsy,9,clingen;g2p_dd;genes4epilepsy;orphadata_genes;panelapp_au_epilepsy;panelapp_au_id;panelapp_ge_id;sfari;sysndd,352490;641372,607270,MONDO:0014361;MONDO:0957427,2,AUTS2 Research Foundation; AUTS2 Syndrome- Promoting Research Facebook Group
HGNC:28596,B3GALNT2,"beta-1,3-N-acetylgalactosaminyltransferase 2",both,DEE,T1,ndd_with_epilepsy,8,clingen;g2p_dd;genes4epilepsy;orphadata_genes;panelapp_au_epilepsy;panelapp_au_id;panelapp_ge_id;sysndd,588;88616;899,610194,MONDO:0000171;MONDO:0018939;MONDO:0019502,0,
HGNC:15685,B4GAT1,"beta-1,4-glucuronyltransferase 1",both,MCD,T2,ndd_with_epilepsy,5,clingen;genes4epilepsy;orphadata_genes;panelapp_au_epilepsy;sysndd,899,605517,MONDO:0000171,0,
HGNC:947,BAIAP2,BAR/IMD domain containing adaptor protein 2,both,"Focal, DEE, MCD",T1,ndd_with_epilepsy,6,genes4epilepsy;panelapp_au_epilepsy;panelapp_au_id;panelapp_ge_epilepsy;panelapp_ge_id;sysndd,,605475,,0,
HGNC:950,BAP1,BRCA1 associated deubiquitinase 1,both,DEE,T1,ndd_with_epilepsy,9,clingen;g2p_dd;genes4epilepsy;orphadata_genes;panelapp_au_epilepsy;panelapp_au_id;panelapp_ge_epilepsy;panelapp_ge_id;sysndd,2495;289539;50251;528084;618;723195;723203,603089,MONDO:0006292;MONDO:0013692;MONDO:0016642;MONDO:0018961;MONDO:0100038,0,
HGNC:963,BAZ2B,bromodomain adjacent to zinc finger domain 2B,both,DEE,T1,ndd_with_epilepsy,7,clingen;g2p_dd;genes4epilepsy;panelapp_au_id;panelapp_ge_id;sfari;sysndd,,605683,,0,
HGNC:14347,BCAS3,BCAS3 microtubule associated cell migration factor,both,DEE,T1,ndd_with_epilepsy,7,g2p_dd;genes4epilepsy;orphadata_genes;panelapp_au_epilepsy;panelapp_au_id;panelapp_ge_id;sysndd,697067,607470,MONDO:0859208,0,
HGNC:986,BCKDHA,branched chain keto acid dehydrogenase E1 subunit alpha,both,DEE,T1,ndd_with_epilepsy,9,clingen;g2p_dd;genes4epilepsy;orphadata_genes;panelapp_au_epilepsy;panelapp_au_id;panelapp_ge_epilepsy;panelapp_ge_id;sysndd,268145;268162;268173,608348,MONDO:0017051;MONDO:0017052;MONDO:0017053,0,
HGNC:987,BCKDHB,branched chain keto acid dehydrogenase E1 subunit beta,both,DEE,T1,ndd_with_epilepsy,9,clingen;g2p_dd;genes4epilepsy;orphadata_genes;panelapp_au_epilepsy;panelapp_au_id;panelapp_ge_epilepsy;panelapp_ge_id;sysndd,268145;268162;268173,248611,MONDO:0017051;MONDO:0017052;MONDO:0017053,0,
HGNC:16902,BCKDK,branched chain keto acid dehydrogenase kinase,both,DEE,T1,ndd_with_epilepsy,8,clingen;genes4epilepsy;orphadata_genes;panelapp_au_epilepsy;panelapp_au_id;panelapp_ge_id;sfari;sysndd,308410,614901,MONDO:0013970,0,
HGNC:13221,BCL11A,BCL11 transcription factor A,both,DEE,T1,ndd_with_epilepsy,10,clingen;g2p_dd;genes4epilepsy;orphadata_genes;panelapp_au_epilepsy;panelapp_au_id;panelapp_ge_epilepsy;panelapp_ge_id;sfari;sysndd,251380;261349;619233,606557,MONDO:0012916;MONDO:0016672;MONDO:0850059,0,
HGNC:1020,BCS1L,BCS1 ubiquinol-cytochrome c reductase complex chaperone,both,DEE,T1,ndd_with_epilepsy,9,clingen;g2p_dd;genes4epilepsy;orphadata_genes;panelapp_au_epilepsy;panelapp_au_id;panelapp_ge_epilepsy;panelapp_ge_id;sysndd,123;1460;254902;53693,603647,MONDO:0009872;MONDO:0011308;MONDO:0015448;MONDO:0016811,0,
HGNC:17208,BICD2,BICD cargo adaptor 2,both,"DEE, MCD",T1,ndd_with_epilepsy,7,g2p_dd;genes4epilepsy;orphadata_genes;panelapp_au_epilepsy;panelapp_au_id;panelapp_ge_id;sysndd,363454,609797,MONDO:0014121,0,
HGNC:26953,BLTP1,bridge-like lipid transfer protein family member 1,both,MCD,T1,ndd_with_epilepsy,9,clingen;g2p_dd;genes4epilepsy;orphadata_genes;panelapp_au_epilepsy;panelapp_au_id;panelapp_ge_epilepsy;panelapp_ge_id;sysndd,610569,611565,MONDO:0060631,0,
HGNC:701,BMAL1,basic helix-loop-helix ARNT like 1,both,DEE,T2,ndd_with_epilepsy,2,genes4epilepsy;panelapp_au_id,,602550,,0,
HGNC:24415,BOLA3,bolA family member 3,both,DEE,T1,ndd_with_epilepsy,9,clingen;g2p_dd;genes4epilepsy;orphadata_genes;panelapp_au_epilepsy;panelapp_au_id;panelapp_ge_epilepsy;panelapp_ge_id;sysndd,401874,613183,MONDO:0013675,0,
HGNC:17950,BORCS5,BLOC-1 related complex subunit 5,both,DEE,T1,ndd_with_epilepsy,7,genes4epilepsy;orphadata_genes;panelapp_au_epilepsy;panelapp_au_id;panelapp_ge_epilepsy;panelapp_ge_id;sysndd,85179,616598,MONDO:0010866,0,
HGNC:3581,BPTF,bromodomain PHD finger transcription factor,both,DEE,T1,ndd_with_epilepsy,9,clingen;g2p_dd;genes4epilepsy;orphadata_genes;panelapp_au_epilepsy;panelapp_au_id;panelapp_ge_id;sfari;sysndd,529962;686482,601819,MONDO:0035151;MONDO:0060596,0,
HGNC:1097,BRAF,"B-Raf proto-oncogene, serine/threonine kinase",both,"DEE, MCD",T1,ndd_with_epilepsy,10,clingen;g2p_dd;genes4epilepsy;orphadata_genes;panelapp_au_epilepsy;panelapp_au_id;panelapp_ge_epilepsy;panelapp_ge_id;sfari;sysndd,1340;146;251615;500;54595;58017;626;648;687730;687733;687738;687741;840;96253,164757,MONDO:0007893;MONDO:0009050;MONDO:0015280;MONDO:0015447;MONDO:0016692;MONDO:0018907;MONDO:0018935;MONDO:0018997;MONDO:0019392;MONDO:0044792;MONDO:0975906;MONDO:0975907;MONDO:0975908;MONDO:0975909,3,CFC International; CFC International Cardio-Facio-Cutaneous Syndrome; RASopathies Network
HGNC:21701,BRAT1,BRCA1 associated ATM activator 1,both,DEE,T1,ndd_with_epilepsy,9,clingen;g2p_dd;genes4epilepsy;orphadata_genes;panelapp_au_epilepsy;panelapp_au_id;panelapp_ge_epilepsy;panelapp_ge_id;sysndd,435845,614506,MONDO:0013784,2,RMFSL Family Network; growing community
HGNC:15832,BSCL2,"BSCL2 lipid droplet biogenesis associated, seipin",both,DEE,T1,ndd_with_epilepsy,8,clingen;genes4epilepsy;orphadata_genes;panelapp_au_epilepsy;panelapp_au_id;panelapp_ge_epilepsy;panelapp_ge_id;sysndd,100998;139536;363400;696289,606158,MONDO:0010020;MONDO:0010043;MONDO:0014402;MONDO:0100350,0,
HGNC:1117,BSN,bassoon presynaptic cytomatrix protein,both,"GGE, Focal, DEE",T1,ndd_with_epilepsy,8,g2p_dd;genes4epilepsy;panelapp_au_epilepsy;panelapp_au_id;panelapp_ge_epilepsy;panelapp_ge_id;sfari;sysndd,,604020,,0,
HGNC:1122,BTD,biotinidase,both,DEE,T1,ndd_with_epilepsy,9,clingen;g2p_dd;genes4epilepsy;orphadata_genes;panelapp_au_epilepsy;panelapp_au_id;panelapp_ge_epilepsy;panelapp_ge_id;sysndd,79241,609019,MONDO:0009665,0,
HGNC:29521,C12orf57,chromosome 12 open reading frame 57,both,"DEE, MCD",T1,ndd_with_epilepsy,9,g2p_dd;genes4epilepsy;orphadata_genes;panelapp_au_epilepsy;panelapp_au_id;panelapp_ge_epilepsy;panelapp_ge_id;sfari;sysndd,1777,615140,MONDO:0009033,0,
HGNC:25443,C19orf12,chromosome 19 open reading frame 12,both,DEE,T1,ndd_with_epilepsy,6,clingen;genes4epilepsy;orphadata_genes;panelapp_au_epilepsy;panelapp_au_id;panelapp_ge_id,289560;320370,614297,MONDO:0013674;MONDO:0014024,0,
HGNC:26799,C2orf69,chromosome 2 open reading frame 69,both,DEE,T1,ndd_with_epilepsy,6,genes4epilepsy;panelapp_au_epilepsy;panelapp_au_id;panelapp_ge_epilepsy;panelapp_ge_id;sysndd,,619219,,0,
HGNC:1388,CACNA1A,calcium voltage-gated channel subunit alpha1 A,both,"GGE, DEE, PME",T1,ndd_with_epilepsy,9,g2p_dd;genes4epilepsy;orphadata_genes;panelapp_au_epilepsy;panelapp_au_id;panelapp_ge_epilepsy;panelapp_ge_id;sfari;sysndd,2131;2382;442835;569;71518;97;98758,601011,MONDO:0007163;MONDO:0008457;MONDO:0016241;MONDO:0016532;MONDO:0018614;MONDO:0018925;MONDO:0019113,3,CACNA1A Foundation; CACNA1A registry (Citizen Health); COMBINEDBrain
HGNC:1389,CACNA1B,calcium voltage-gated channel subunit alpha1 B,both,"DEE, PME",T1,ndd_with_epilepsy,10,clingen;g2p_dd;genes4epilepsy;orphadata_genes;panelapp_au_epilepsy;panelapp_au_id;panelapp_ge_epilepsy;panelapp_ge_id;sfari;sysndd,442835,601012,MONDO:0018614,0,
HGNC:1390,CACNA1C,calcium voltage-gated channel subunit alpha1 C,both,DEE,T1,ndd_with_epilepsy,10,clingen;g2p_dd;genes4epilepsy;orphadata_genes;panelapp_au_epilepsy;panelapp_au_id;panelapp_ge_epilepsy;panelapp_ge_id;sfari;sysndd,130;528084;595098;595105;595109;727156,114205,MONDO:0015263;MONDO:0021172;MONDO:0035678;MONDO:0035679;MONDO:0100038,1,Timothy Syndrome Alliance
HGNC:1391,CACNA1D,calcium voltage-gated channel subunit alpha1 D,both,DEE,T1,ndd_with_epilepsy,10,clingen;g2p_dd;genes4epilepsy;orphadata_genes;panelapp_au_epilepsy;panelapp_au_id;panelapp_ge_epilepsy;panelapp_ge_id;sfari;sysndd,324321;369929,114206,MONDO:0013960;MONDO:0014200,0,
HGNC:1392,CACNA1E,calcium voltage-gated channel subunit alpha1 E,both,DEE,T1,ndd_with_epilepsy,10,clingen;g2p_dd;genes4epilepsy;orphadata_genes;panelapp_au_epilepsy;panelapp_au_id;panelapp_ge_epilepsy;panelapp_ge_id;sfari;sysndd,1934,601013,MONDO:0800491,1,family network through CACNA1A Foundation
HGNC:1394,CACNA1G,calcium voltage-gated channel subunit alpha1 G,both,DEE,T1,ndd_with_epilepsy,10,clingen;g2p_dd;genes4epilepsy;orphadata_genes;panelapp_au_epilepsy;panelapp_au_id;panelapp_ge_epilepsy;panelapp_ge_id;sfari;sysndd,458803,604065,MONDO:0014776,0,
HGNC:1396,CACNA1I,calcium voltage-gated channel subunit alpha1 I,both,DEE,T1,ndd_with_epilepsy,8,genes4epilepsy;orphadata_genes;panelapp_au_epilepsy;panelapp_au_id;panelapp_ge_epilepsy;panelapp_ge_id;sfari;sysndd,178469,608230,MONDO:0015802,0,
HGNC:1399,CACNA2D1,calcium voltage-gated channel auxiliary subunit alpha2delta 1,both,DEE,T1,ndd_with_epilepsy,10,clingen;g2p_dd;genes4epilepsy;orphadata_genes;panelapp_au_epilepsy;panelapp_au_id;panelapp_ge_epilepsy;panelapp_ge_id;sfari;sysndd,130;442835;51083,114204,MONDO:0000453;MONDO:0015263;MONDO:0018614,0,
HGNC:1400,CACNA2D2,calcium voltage-gated channel auxiliary subunit alpha2delta 2,both,"DEE, PME",T1,ndd_with_epilepsy,7,clingen;genes4epilepsy;panelapp_au_epilepsy;panelapp_au_id;panelapp_ge_epilepsy;panelapp_ge_id;sysndd,,607082,,0,
HGNC:1424,CAD,"carbamoyl-phosphate synthetase 2, aspartate transcarbamylase, and dihydroorotase",both,DEE,T1,ndd_with_epilepsy,9,clingen;g2p_dd;genes4epilepsy;orphadata_genes;panelapp_au_epilepsy;panelapp_au_id;panelapp_ge_epilepsy;panelapp_ge_id;sysndd,448010,114010,MONDO:0014647,0,
HGNC:1460,CAMK2A,calcium/calmodulin dependent protein kinase II alpha,both,DEE,T1,ndd_with_epilepsy,9,clingen;g2p_dd;genes4epilepsy;orphadata_genes;panelapp_au_epilepsy;panelapp_au_id;panelapp_ge_id;sfari;sysndd,178469,114078,MONDO:0015802,0,
HGNC:1461,CAMK2B,calcium/calmodulin dependent protein kinase II beta,both,DEE,T1,ndd_with_epilepsy,8,g2p_dd;genes4epilepsy;orphadata_genes;panelapp_au_epilepsy;panelapp_au_id;panelapp_ge_id;sfari;sysndd,178469,607707,MONDO:0015802,0,
HGNC:19946,CAMSAP1,calmodulin regulated spectrin associated protein 1,both,"DEE, MCD",T1,ndd_with_epilepsy,7,g2p_dd;genes4epilepsy;panelapp_au_epilepsy;panelapp_au_id;panelapp_ge_epilepsy;panelapp_ge_id;sysndd,,613774,,0,
HGNC:18806,CAMTA1,calmodulin binding transcription activator 1,both,PME,T1,ndd_with_epilepsy,8,clingen;g2p_dd;genes4epilepsy;orphadata_genes;panelapp_au_epilepsy;panelapp_au_id;panelapp_ge_id;sysndd,157791;314647,611501,MONDO:0013886;MONDO:0015523,0,
HGNC:6743,CAPRIN1,cell cycle associated protein 1,both,DEE,T1,ndd_with_epilepsy,10,clingen;g2p_dd;genes4epilepsy;orphadata_genes;panelapp_au_epilepsy;panelapp_au_id;panelapp_ge_epilepsy;panelapp_ge_id;sfari;sysndd,528084,601178,MONDO:0100038,1,CAPRIN1 Foundation
HGNC:1490,CAPZA2,capping actin protein of muscle Z-line subunit alpha 2,both,DEE,T2,ndd_with_epilepsy,5,genes4epilepsy;panelapp_au_id;panelapp_ge_id;sfari;sysndd,,601571,,0,
HGNC:25695,CARS2,"cysteinyl-tRNA synthetase 2, mitochondrial",both,"DEE, PME",T1,ndd_with_epilepsy,9,clingen;g2p_dd;genes4epilepsy;orphadata_genes;panelapp_au_epilepsy;panelapp_au_id;panelapp_ge_epilepsy;panelapp_ge_id;sysndd,477774,612800,MONDO:0014728,0,
HGNC:1497,CASK,calcium/calmodulin dependent serine protein kinase,both,DEE,T1,ndd_with_epilepsy,10,clingen;g2p_dd;genes4epilepsy;orphadata_genes;panelapp_au_epilepsy;panelapp_au_id;panelapp_ge_epilepsy;panelapp_ge_id;sfari;sysndd,163937;1934;777,300172,MONDO:0010417;MONDO:0019181;MONDO:0800491,6,CASK Foundation; CASK Gene Foundation; CASK Warriors Foundation Inc; CASK registry (Citizen Health); Project CASK; The Brave Foundation
HGNC:1503,CASP2,caspase 2,both,"DEE, MCD",T1,ndd_with_epilepsy,5,g2p_dd;genes4epilepsy;panelapp_au_id;panelapp_ge_id;sysndd,,600639,,0,
HGNC:29253,CC2D2A,coiled-coil and C2 domain containing 2A,both,"DEE, MCD",T1,ndd_with_epilepsy,9,clingen;g2p_dd;genes4epilepsy;orphadata_genes;panelapp_au_epilepsy;panelapp_au_id;panelapp_ge_epilepsy;panelapp_ge_id;sysndd,1454;2318;564;791,612013,MONDO:0009480;MONDO:0018921;MONDO:0019200;MONDO:0100349,0,
HGNC:24349,CCDC186,coiled-coil domain containing 186,both,DEE,T1,ndd_with_epilepsy,6,genes4epilepsy;panelapp_au_epilepsy;panelapp_au_id;panelapp_ge_epilepsy;panelapp_ge_id;sysndd,,619249,,0,
HGNC:28909,CCDC22,CCC complex scaffolding subunit CCDC22,both,DEE,T1,ndd_with_epilepsy,8,clingen;g2p_dd;genes4epilepsy;orphadata_genes;panelapp_au_epilepsy;panelapp_au_id;panelapp_ge_id;sysndd,7,300859,MONDO:0019078,0,
HGNC:25523,CCDC88A,coiled-coil and HOOK domain protein 88A,both,DEE,T1,ndd_with_epilepsy,8,g2p_dd;genes4epilepsy;orphadata_genes;panelapp_au_epilepsy;panelapp_au_id;panelapp_ge_epilepsy;panelapp_ge_id;sysndd,99807,609736,MONDO:0020495,0,
HGNC:19967,CCDC88C,coiled-coil and HOOK domain protein 88C,both,DEE,T1,ndd_with_epilepsy,9,g2p_dd;genes4epilepsy;orphadata_genes;panelapp_au_epilepsy;panelapp_au_id;panelapp_ge_epilepsy;panelapp_ge_id;sfari;sysndd,269510;423275,611204,MONDO:0014475;MONDO:0017117,0,
HGNC:1583,CCND2,cyclin D2,both,MCD,T1,ndd_with_epilepsy,9,clingen;g2p_dd;genes4epilepsy;orphadata_genes;panelapp_au_epilepsy;panelapp_au_id;panelapp_ge_epilepsy;panelapp_ge_id;sysndd,83473,123833,MONDO:0019375,0,
HGNC:1616,CCT3,chaperonin containing TCP1 subunit 3,both,"DEE, MCD",T1,ndd_with_epilepsy,6,g2p_dd;genes4epilepsy;panelapp_au_epilepsy;panelapp_au_id;panelapp_ge_id;sysndd,,600114,,0,
HGNC:1620,CCT6A,chaperonin containing TCP1 subunit 6A,both,"DEE, MCD",T1,ndd_with_epilepsy,6,g2p_dd;genes4epilepsy;panelapp_au_epilepsy;panelapp_au_id;panelapp_ge_id;sysndd,,104613,,0,
HGNC:1623,CCT8,chaperonin containing TCP1 subunit 8,both,"DEE, MCD",T2,ndd_with_epilepsy,5,g2p_dd;genes4epilepsy;panelapp_ge_epilepsy;panelapp_ge_id;sysndd,,617786,,0,
HGNC:1738,CDC42BPB,CDC42 binding protein kinase beta,both,DEE,T1,ndd_with_epilepsy,8,g2p_dd;genes4epilepsy;panelapp_au_epilepsy;panelapp_au_id;panelapp_ge_epilepsy;panelapp_ge_id;sfari;sysndd,,614062,,0,
HGNC:1733,CDK13,cyclin dependent kinase 13,both,DEE,T1,ndd_with_epilepsy,9,clingen;g2p_dd;genes4epilepsy;orphadata_genes;panelapp_au_epilepsy;panelapp_au_id;panelapp_ge_id;sfari;sysndd,646278,603309,MONDO:0044302,0,
HGNC:19338,CDK19,cyclin dependent kinase 19,both,DEE,T1,ndd_with_epilepsy,9,g2p_dd;genes4epilepsy;orphadata_genes;panelapp_au_epilepsy;panelapp_au_id;panelapp_ge_epilepsy;panelapp_ge_id;sfari;sysndd,442835,614720,MONDO:0018614,0,
HGNC:1774,CDK5,cyclin dependent kinase 5,both,MCD,T1,ndd_with_epilepsy,5,clingen;genes4epilepsy;panelapp_au_epilepsy;panelapp_ge_epilepsy;sysndd,,123831,,0,
HGNC:18672,CDK5RAP2,CDK5 regulatory subunit associated protein 2,both,DEE,T1,ndd_with_epilepsy,8,clingen;g2p_dd;genes4epilepsy;orphadata_genes;panelapp_au_id;panelapp_ge_id;sfari;sysndd,2512,608201,MONDO:0016660,0,
HGNC:1782,CDKL2,cyclin dependent kinase like 2,both,DEE,T2,ndd_with_epilepsy,4,g2p_dd;genes4epilepsy;panelapp_au_id;sysndd,,603442,,0,
HGNC:11411,CDKL5,cyclin dependent kinase like 5,both,DEE,T1,ndd_with_epilepsy,10,clingen;g2p_dd;genes4epilepsy;orphadata_genes;panelapp_au_epilepsy;panelapp_au_id;panelapp_ge_epilepsy;panelapp_ge_id;sfari;sysndd,1934;3095;505652;697160,300203,MONDO:0010396;MONDO:0017746;MONDO:0018097;MONDO:0800491,4,Hope4Harper; International Foundation for CDKL5 Research; Loulou Foundation; Loulou Foundation and the International Foundation for CDKL5 Research (IFCR)
HGNC:2550,CELF2,CUGBP Elav-like family member 2,both,DEE,T1,ndd_with_epilepsy,9,g2p_dd;genes4epilepsy;orphadata_genes;panelapp_au_epilepsy;panelapp_au_id;panelapp_ge_epilepsy;panelapp_ge_id;sfari;sysndd,442835,602538,MONDO:0018614,0,
HGNC:14015,CELF4,CUGBP Elav-like family member 4,both,DEE,T1,ndd_with_epilepsy,8,g2p_dd;genes4epilepsy;panelapp_au_epilepsy;panelapp_au_id;panelapp_ge_epilepsy;panelapp_ge_id;sfari;sysndd,,612679,,0,
HGNC:1850,CELSR1,cadherin EGF LAG seven-pass G-type receptor 1,both,"Focal, DEE, MCD",T1,ndd_with_epilepsy,6,g2p_dd;genes4epilepsy;orphadata_genes;panelapp_au_epilepsy;panelapp_au_id;sysndd,569816,604523,MONDO:0035499,0,
HGNC:1857,CENPF,centromere protein F,both,MCD,T1,ndd_with_epilepsy,7,g2p_dd;genes4epilepsy;orphadata_genes;panelapp_au_epilepsy;panelapp_au_id;panelapp_ge_id;sysndd,444069;506307,600236,MONDO:0009477,0,
HGNC:21638,CEP85L,centrosomal protein 85L,both,"DEE, MCD",T1,ndd_with_epilepsy,9,clingen;g2p_dd;genes4epilepsy;orphadata_genes;panelapp_au_epilepsy;panelapp_au_id;panelapp_ge_epilepsy;panelapp_ge_id;sysndd,572013,618865,MONDO:0032677,0,
HGNC:14253,CERS1,ceramide synthase 1,both,PME,T1,ndd_with_epilepsy,6,clingen;genes4epilepsy;orphadata_genes;panelapp_au_epilepsy;panelapp_ge_epilepsy;sysndd,424027,606919,MONDO:0014545,0,
HGNC:2205,CERT1,ceramide transporter 1,both,DEE,T1,ndd_with_epilepsy,9,g2p_dd;genes4epilepsy;orphadata_genes;panelapp_au_epilepsy;panelapp_au_id;panelapp_ge_epilepsy;panelapp_ge_id;sfari;sysndd,528084,604677,MONDO:0100038,0,
HGNC:1915,CHD1,chromodomain helicase DNA binding protein 1,both,DEE,T1,ndd_with_epilepsy,9,clingen;g2p_dd;genes4epilepsy;orphadata_genes;panelapp_au_epilepsy;panelapp_au_id;panelapp_ge_id;sfari;sysndd,529965,602118,MONDO:0060568,0,
HGNC:1917,CHD2,chromodomain helicase DNA binding protein 2,both,"GGE, DEE, PME",T1,ndd_with_epilepsy,10,clingen;g2p_dd;genes4epilepsy;orphadata_genes;panelapp_au_epilepsy;panelapp_au_id;panelapp_ge_epilepsy;panelapp_ge_id;sfari;sysndd,1942;2382,602119,MONDO:0014633;MONDO:0016532,2,CHD2 registry (Citizen Health); Coalition to Cure CHD2
HGNC:1918,CHD3,chromodomain helicase DNA binding protein 3,both,DEE,T1,ndd_with_epilepsy,9,clingen;g2p_dd;genes4epilepsy;orphadata_genes;panelapp_au_epilepsy;panelapp_au_id;panelapp_ge_id;sfari;sysndd,599082,602120,MONDO:0032600,1,CHD3 Families (Snijders Blok Campeau Syndrome)
HGNC:1919,CHD4,chromodomain helicase DNA binding protein 4,both,"GGE, DEE",T1,ndd_with_epilepsy,10,clingen;g2p_dd;genes4epilepsy;orphadata_genes;panelapp_au_epilepsy;panelapp_au_id;panelapp_ge_epilepsy;panelapp_ge_id;sfari;sysndd,653712,603277,MONDO:0014946,0,
HGNC:16816,CHD5,chromodomain helicase DNA binding protein 5,both,"DEE, MCD",T1,ndd_with_epilepsy,8,g2p_dd;genes4epilepsy;orphadata_genes;panelapp_au_epilepsy;panelapp_au_id;panelapp_ge_epilepsy;panelapp_ge_id;sysndd,528084,610771,MONDO:0100038,0,
HGNC:1937,CHKA,choline kinase alpha,both,DEE,T1,ndd_with_epilepsy,8,g2p_dd;genes4epilepsy;orphadata_genes;panelapp_au_epilepsy;panelapp_au_id;panelapp_ge_epilepsy;panelapp_ge_id;sysndd,88616,118491,MONDO:0019502,0,
HGNC:1956,CHRNA2,cholinergic receptor nicotinic alpha 2 subunit,both,Focal,T1,ndd_with_epilepsy,7,clingen;g2p_dd;genes4epilepsy;orphadata_genes;panelapp_au_epilepsy;panelapp_ge_epilepsy;panelapp_ge_id,98784,118502,MONDO:0000030,0,
HGNC:1958,CHRNA4,cholinergic receptor nicotinic alpha 4 subunit,both,Focal,T1,ndd_with_epilepsy,9,clingen;g2p_dd;genes4epilepsy;orphadata_genes;panelapp_au_epilepsy;panelapp_au_id;panelapp_ge_epilepsy;panelapp_ge_id;sysndd,98784,118504,MONDO:0000030,2,CURE Epilepsy; Epilepsy Foundation
HGNC:1962,CHRNB2,cholinergic receptor nicotinic beta 2 subunit,both,Focal,T1,ndd_with_epilepsy,8,clingen;g2p_dd;genes4epilepsy;orphadata_genes;panelapp_au_epilepsy;panelapp_ge_epilepsy;panelapp_ge_id;sysndd,98784,118507,MONDO:0000030,0,
HGNC:14214,CIC,capicua transcriptional repressor,both,DEE,T1,ndd_with_epilepsy,10,clingen;g2p_dd;genes4epilepsy;orphadata_genes;panelapp_au_epilepsy;panelapp_au_id;panelapp_ge_epilepsy;panelapp_ge_id;sfari;sysndd,178469,612082,MONDO:0015802,1,Simons Searchlight CIC Facebook community
HGNC:2021,CLCN3,Cl-/H+ antiporter 3,both,DEE,T1,ndd_with_epilepsy,8,g2p_dd;genes4epilepsy;orphadata_genes;panelapp_au_epilepsy;panelapp_au_id;panelapp_ge_epilepsy;panelapp_ge_id;sysndd,528084,600580,MONDO:0100038,0,
HGNC:2022,CLCN4,Cl-/H+ antiporter 4,both,DEE,T1,ndd_with_epilepsy,10,clingen;g2p_dd;genes4epilepsy;orphadata_genes;panelapp_au_epilepsy;panelapp_au_id;panelapp_ge_epilepsy;panelapp_ge_id;sfari;sysndd,485350;777,302910,MONDO:0010250;MONDO:0019181,1,Cure CLCN4
HGNC:2024,CLCN6,Cl-/H+ antiporter 6,both,"DEE, PME",T1,ndd_with_epilepsy,8,clingen;g2p_dd;genes4epilepsy;orphadata_genes;panelapp_au_id;panelapp_ge_epilepsy;panelapp_ge_id;sysndd,610573,602726,MONDO:0030947,1,Cure CLCN6
HGNC:2047,CLDN5,claudin 5,both,DEE,T1,ndd_with_epilepsy,7,g2p_dd;genes4epilepsy;panelapp_au_epilepsy;panelapp_au_id;panelapp_ge_epilepsy;panelapp_ge_id;sysndd,,602101,,0,
HGNC:2074,CLN3,"CLN3 lysosomal/endosomal transmembrane protein, battenin",both,PME,T1,ndd_with_epilepsy,9,clingen;g2p_dd;genes4epilepsy;orphadata_genes;panelapp_au_epilepsy;panelapp_au_id;panelapp_ge_epilepsy;panelapp_ge_id;sysndd,699780;699796,607042,MONDO:0979346;MONDO:0979347,6,Batten Disease Support & Research Association (BDSRA)(CLN1-CLN14); Batten Disease Support and Research Association; Beyond Batten Disease Foundation; ForeBatten Foundation; Noah's Hope/Hope4Bridget; multiple country orgs
HGNC:2076,CLN5,CLN5 lysosomal BMP synthase,both,PME,T1,ndd_with_epilepsy,9,clingen;g2p_dd;genes4epilepsy;orphadata_genes;panelapp_au_epilepsy;panelapp_au_id;panelapp_ge_epilepsy;panelapp_ge_id;sysndd,699802;699807;699812,608102,MONDO:0979348;MONDO:0979349;MONDO:0979350,5,BDFA; BDSRA; Batten Disease Support & Research Association (BDSRA)(CLN1-CLN14); Batten Disease Support and Research Association; Beyond Batten
HGNC:2077,CLN6,CLN6 transmembrane ER protein,both,PME,T1,ndd_with_epilepsy,9,clingen;g2p_dd;genes4epilepsy;orphadata_genes;panelapp_au_epilepsy;panelapp_au_id;panelapp_ge_epilepsy;panelapp_ge_id;sysndd,700467;700472;700477,606725,MONDO:0008768;MONDO:0979367;MONDO:0979368,5,BDFA; BDSRA; Batten Disease Support & Research Association (BDSRA)(CLN1-CLN14); Batten Disease Support and Research Association; Beyond Batten
HGNC:2079,CLN8,CLN8 transmembrane ER and ERGIC protein,both,PME,T1,ndd_with_epilepsy,10,clingen;g2p_dd;genes4epilepsy;orphadata_genes;panelapp_au_epilepsy;panelapp_au_id;panelapp_ge_epilepsy;panelapp_ge_id;sfari;sysndd,1947;700484,607837,MONDO:0012391;MONDO:0979370,5,BDFA; BDSRA; Batten Disease Support & Research Association (BDSRA)(CLN1-CLN14); Batten Disease Support and Research Association; Beyond Batten
HGNC:30664,CLPB,ClpB family mitochondrial disaggregase,both,DEE,T1,ndd_with_epilepsy,9,clingen;g2p_dd;genes4epilepsy;orphadata_genes;panelapp_au_epilepsy;panelapp_au_id;panelapp_ge_epilepsy;panelapp_ge_id;sysndd,445038;486,616254,MONDO:0008742;MONDO:0014561,0,
HGNC:2092,CLTC,clathrin heavy chain,both,DEE,T1,ndd_with_epilepsy,9,g2p_dd;genes4epilepsy;orphadata_genes;panelapp_au_epilepsy;panelapp_au_id;panelapp_ge_epilepsy;panelapp_ge_id;sfari;sysndd,178342;178469;319308;442835,118955,MONDO:0015798;MONDO:0015802;MONDO:0017886;MONDO:0018614,0,
HGNC:19701,CNKSR2,connector enhancer of kinase suppressor of Ras 2,both,"Focal, DEE",T1,ndd_with_epilepsy,10,clingen;g2p_dd;genes4epilepsy;orphadata_genes;panelapp_au_epilepsy;panelapp_au_id;panelapp_ge_epilepsy;panelapp_ge_id;sfari;sysndd,442835;777,300724,MONDO:0018614;MONDO:0019181,0,
HGNC:103,CNNM2,cyclin and CBS domain divalent metal cation transport mediator 2,both,DEE,T1,ndd_with_epilepsy,9,clingen;g2p_dd;genes4epilepsy;orphadata_genes;panelapp_au_epilepsy;panelapp_au_id;panelapp_ge_epilepsy;panelapp_ge_id;sysndd,620363,607803,MONDO:0850087,0,
HGNC:7879,CNOT3,CCR4-NOT transcription complex subunit 3,both,DEE,T1,ndd_with_epilepsy,8,clingen;g2p_dd;genes4epilepsy;orphadata_genes;panelapp_au_id;panelapp_ge_id;sfari;sysndd,528084;99861,604910,MONDO:0020512;MONDO:0100038,1,Simons Searchlight Community (2)
HGNC:10445,CNOT9,CCR4-NOT transcription complex subunit 9,both,DEE,T1,ndd_with_epilepsy,8,clingen;g2p_dd;genes4epilepsy;panelapp_au_epilepsy;panelapp_au_id;panelapp_ge_epilepsy;panelapp_ge_id;sysndd,,612054,,0,
HGNC:11968,CNPY3,canopy FGF signaling regulator 3,both,DEE,T1,ndd_with_epilepsy,8,g2p_dd;genes4epilepsy;orphadata_genes;panelapp_au_epilepsy;panelapp_au_id;panelapp_ge_epilepsy;panelapp_ge_id;sysndd,697160,610774,MONDO:0018097,0,
HGNC:8011,CNTNAP1,contactin associated protein 1,both,DEE,T1,ndd_with_epilepsy,6,g2p_dd;genes4epilepsy;orphadata_genes;panelapp_au_id;panelapp_ge_id;sysndd,2680,602346,MONDO:0700428,0,
HGNC:13830,CNTNAP2,contactin associated protein 2,both,"DEE, MCD",T1,ndd_with_epilepsy,10,clingen;g2p_dd;genes4epilepsy;orphadata_genes;panelapp_au_epilepsy;panelapp_au_id;panelapp_ge_epilepsy;panelapp_ge_id;sfari;sysndd,163681,604569,MONDO:0012400,1,relevant to autism research community
HGNC:18620,COG4,component of oligomeric golgi complex 4,both,DEE,T1,ndd_with_epilepsy,9,clingen;g2p_dd;genes4epilepsy;orphadata_genes;panelapp_au_epilepsy;panelapp_au_id;panelapp_ge_epilepsy;panelapp_ge_id;sysndd,263501;85172,606976,MONDO:0013281;MONDO:0019407,0,
HGNC:18621,COG6,component of oligomeric golgi complex 6,both,DEE,T1,ndd_with_epilepsy,8,clingen;genes4epilepsy;orphadata_genes;panelapp_au_epilepsy;panelapp_au_id;panelapp_ge_epilepsy;panelapp_ge_id;sysndd,363523;464443,606977,MONDO:0013810;MONDO:0014131,0,
HGNC:18622,COG7,component of oligomeric golgi complex 7,both,DEE,T1,ndd_with_epilepsy,9,clingen;g2p_dd;genes4epilepsy;orphadata_genes;panelapp_au_epilepsy;panelapp_au_id;panelapp_ge_epilepsy;panelapp_ge_id;sysndd,79333,606978,MONDO:0012118,0,
HGNC:18623,COG8,component of oligomeric golgi complex 8,both,DEE,T1,ndd_with_epilepsy,9,clingen;g2p_dd;genes4epilepsy;orphadata_genes;panelapp_au_epilepsy;panelapp_au_id;panelapp_ge_epilepsy;panelapp_ge_id;sysndd,95428,606979,MONDO:0012635,0,
HGNC:2195,COL18A1,collagen type XVIII alpha 1 chain,both,"DEE, MCD",T1,ndd_with_epilepsy,9,clingen;g2p_dd;genes4epilepsy;orphadata_genes;panelapp_au_epilepsy;panelapp_au_id;panelapp_ge_epilepsy;panelapp_ge_id;sysndd,1571,120328,MONDO:0800167,0,
HGNC:2201,COL3A1,collagen type III alpha 1 chain,both,MCD,T1,ndd_with_epilepsy,5,clingen;genes4epilepsy;orphadata_genes;panelapp_au_epilepsy;sysndd,231160;2500;286;636941;86,120180,MONDO:0007031;MONDO:0008716;MONDO:0016483;MONDO:0017314;MONDO:0032688,0,
HGNC:2202,COL4A1,collagen type IV alpha 1 chain,both,MCD,T1,ndd_with_epilepsy,9,clingen;g2p_dd;genes4epilepsy;orphadata_genes;panelapp_au_epilepsy;panelapp_au_id;panelapp_ge_epilepsy;panelapp_ge_id;sysndd,36383;477749;481986;73229;75326;899;99810,120130,MONDO:0000171;MONDO:0008289;MONDO:0008373;MONDO:0012726;MONDO:0018829;MONDO:0020496;MONDO:0032814,2,COL4A1 Foundation; Gould Syndrome Foundation (COL4A1/A2)
HGNC:2203,COL4A2,collagen type IV alpha 2 chain,both,MCD,T1,ndd_with_epilepsy,8,g2p_dd;genes4epilepsy;orphadata_genes;panelapp_au_epilepsy;panelapp_au_id;panelapp_ge_epilepsy;panelapp_ge_id;sysndd,36383;99810,120090,MONDO:0008289;MONDO:0020496,2,Gould Syndrome Foundation; Gould Syndrome Foundation (COL4A1/A2)
HGNC:25223,COQ2,"coenzyme Q2, polyprenyltransferase",both,DEE,T1,ndd_with_epilepsy,9,clingen;g2p_dd;genes4epilepsy;orphadata_genes;panelapp_au_epilepsy;panelapp_au_id;panelapp_ge_epilepsy;panelapp_ge_id;sysndd,227510;98933,609825,MONDO:0016418;MONDO:0020352,0,
HGNC:19693,COQ4,coenzyme Q4,both,DEE,T1,ndd_with_epilepsy,9,clingen;g2p_dd;genes4epilepsy;orphadata_genes;panelapp_au_epilepsy;panelapp_au_id;panelapp_ge_epilepsy;panelapp_ge_id;sysndd,457185,612898,MONDO:0014562,0,
HGNC:16812,COQ8A,coenzyme Q8A,both,DEE,T1,ndd_with_epilepsy,7,g2p_dd;genes4epilepsy;orphadata_genes;panelapp_au_epilepsy;panelapp_au_id;panelapp_ge_id;sysndd,139485,606980,MONDO:0012784,0,
HGNC:25302,COQ9,coenzyme Q9,both,DEE,T1,ndd_with_epilepsy,9,clingen;g2p_dd;genes4epilepsy;orphadata_genes;panelapp_au_epilepsy;panelapp_au_id;panelapp_ge_epilepsy;panelapp_ge_id;sysndd,319678,612837,MONDO:0013840,0,
HGNC:2260,COX10,cytochrome c oxidase assembly factor heme A:farnesyltransferase COX10,both,DEE,T1,ndd_with_epilepsy,9,clingen;g2p_dd;genes4epilepsy;orphadata_genes;panelapp_au_epilepsy;panelapp_au_id;panelapp_ge_epilepsy;panelapp_ge_id;sysndd,254905,602125,MONDO:0033885,0,
HGNC:2263,COX15,cytochrome c oxidase assembly factor COX15,both,DEE,T1,ndd_with_epilepsy,9,clingen;g2p_dd;genes4epilepsy;orphadata_genes;panelapp_au_epilepsy;panelapp_au_id;panelapp_ge_epilepsy;panelapp_ge_id;sysndd,1561,603646,MONDO:0015487,0,
HGNC:2295,CP,ceruloplasmin,both,DEE,T1,ndd_with_epilepsy,6,clingen;genes4epilepsy;orphadata_genes;panelapp_au_epilepsy;panelapp_au_id;panelapp_ge_id,48818,117700,MONDO:0011426,0,
HGNC:2309,CPLX1,complexin 1,both,DEE,T1,ndd_with_epilepsy,6,genes4epilepsy;orphadata_genes;panelapp_au_epilepsy;panelapp_ge_epilepsy;panelapp_ge_id;sysndd,280;86909,605032,MONDO:0008684;MONDO:0100566,0,
HGNC:2326,CPSF3,cleavage and polyadenylation specific factor 3,both,DEE,T1,ndd_with_epilepsy,8,g2p_dd;genes4epilepsy;orphadata_genes;panelapp_au_epilepsy;panelapp_au_id;panelapp_ge_epilepsy;panelapp_ge_id;sysndd,528084,606029,MONDO:0100038,0,
HGNC:2330,CPT2,carnitine palmitoyltransferase 2,both,"DEE, MCD",T1,ndd_with_epilepsy,5,clingen;genes4epilepsy;orphadata_genes;panelapp_au_epilepsy;sfari,228302;228305;228308;263524,600650,MONDO:0009704;MONDO:0010914;MONDO:0012136;MONDO:0016991,0,
HGNC:2340,CRADD,CARD and death domain containing adaptor protein,both,"DEE, MCD",T1,ndd_with_epilepsy,8,clingen;g2p_dd;genes4epilepsy;orphadata_genes;panelapp_au_epilepsy;panelapp_au_id;panelapp_ge_id;sysndd,88616,603454,MONDO:0019502,0,
HGNC:2348,CREBBP,CREB binding lysine acetyltransferase ,both,DEE,T1,ndd_with_epilepsy,10,clingen;g2p_dd;genes4epilepsy;orphadata_genes;panelapp_au_epilepsy;panelapp_au_id;panelapp_ge_epilepsy;panelapp_ge_id;sfari;sysndd,353277;353281;370026;592574,600140,MONDO:0008393;MONDO:0012519;MONDO:0018256;MONDO:0020774,2,Rubinstein-Taybi Syndrome Foundation (CREBBP and EP300); Simons Searchlight Community (3)
HGNC:14630,CRELD1,CRELD disulfide isomerase 1,both,DEE,T1,ndd_with_epilepsy,9,clingen;g2p_dd;genes4epilepsy;orphadata_genes;panelapp_au_epilepsy;panelapp_au_id;panelapp_ge_epilepsy;panelapp_ge_id;sysndd,576235;99067;99068,607170,MONDO:0020407;MONDO:0020408;MONDO:0035556,1,CRELD1 Warriors
HGNC:15762,CRNKL1,crooked neck pre-mRNA splicing factor 1,both,"DEE, MCD",T1,ndd_with_epilepsy,5,genes4epilepsy;panelapp_au_id;panelapp_ge_epilepsy;panelapp_ge_id;sysndd,,610952,,0,
HGNC:37276,CRPPA,CDP-L-ribitol pyrophosphorylase A,both,"DEE, MCD",T1,ndd_with_epilepsy,9,clingen;g2p_dd;genes4epilepsy;orphadata_genes;panelapp_au_epilepsy;panelapp_au_id;panelapp_ge_epilepsy;panelapp_ge_id;sysndd,352479;370980;588;899,614631,MONDO:0000171;MONDO:0014474;MONDO:0018939;MONDO:1040033,0,
HGNC:2433,CSF1R,colony stimulating factor 1 receptor,both,DEE,T1,ndd_with_epilepsy,8,clingen;g2p_dd;genes4epilepsy;orphadata_genes;panelapp_au_epilepsy;panelapp_au_id;panelapp_ge_id;sysndd,313808;556985,164770,MONDO:0034143;MONDO:0800027,0,
HGNC:2453,CSNK1E,casein kinase 1 epsilon,both,DEE,T2,ndd_with_epilepsy,4,genes4epilepsy;panelapp_au_epilepsy;sfari;sysndd,,600863,,0,
HGNC:2457,CSNK2A1,casein kinase 2 alpha 1,both,DEE,T1,ndd_with_epilepsy,10,clingen;g2p_dd;genes4epilepsy;orphadata_genes;panelapp_au_epilepsy;panelapp_au_id;panelapp_ge_epilepsy;panelapp_ge_id;sfari;sysndd,528084,115440,MONDO:0100038,1,CSNK2A1 Foundation
HGNC:2460,CSNK2B,casein kinase 2 beta,both,DEE,T1,ndd_with_epilepsy,10,clingen;g2p_dd;genes4epilepsy;orphadata_genes;panelapp_au_epilepsy;panelapp_au_id;panelapp_ge_epilepsy;panelapp_ge_id;sfari;sysndd,178469;689397,115441,MONDO:0015802;MONDO:0032889,4,CSNK2B Foundation; CSNK2B Foundation (Poirier-Bienvenu neurodevelopmental syndrome (POBINDS)); CSNK2B Neurodevelopmental Syndrome Foundation; CSNK2B registry (Citizen Health)
HGNC:2481,CSTA,cystatin A,both,MCD,T1,ndd_with_epilepsy,3,g2p_dd;genes4epilepsy;orphadata_genes,263534;289586,184600,MONDO:0012345;MONDO:0017339,0,
HGNC:2482,CSTB,cystatin B,both,PME,T1,ndd_with_epilepsy,9,clingen;g2p_dd;genes4epilepsy;orphadata_genes;panelapp_au_epilepsy;panelapp_au_id;panelapp_ge_epilepsy;panelapp_ge_id;sysndd,248;308,601145,MONDO:0009698;MONDO:0016619,0,
HGNC:2510,CTNNA2,catenin alpha 2,both,"DEE, MCD",T1,ndd_with_epilepsy,8,g2p_dd;genes4epilepsy;panelapp_au_epilepsy;panelapp_au_id;panelapp_ge_epilepsy;panelapp_ge_id;sfari;sysndd,,114025,,0,
HGNC:2529,CTSD,cathepsin D,both,PME,T1,ndd_with_epilepsy,9,clingen;g2p_dd;genes4epilepsy;orphadata_genes;panelapp_au_epilepsy;panelapp_au_id;panelapp_ge_epilepsy;panelapp_ge_id;sysndd,700487;700492;700497,116840,MONDO:0979371;MONDO:0979372;MONDO:0979373,0,
HGNC:2531,CTSF,cathepsin F,both,PME,T1,ndd_with_epilepsy,7,clingen;genes4epilepsy;orphadata_genes;panelapp_au_epilepsy;panelapp_au_id;panelapp_ge_epilepsy;panelapp_ge_id,352709,603539,MONDO:0014147,0,
HGNC:28005,CTU2,cytosolic thiouridylase subunit 2,both,DEE,T1,ndd_with_epilepsy,7,g2p_dd;genes4epilepsy;panelapp_au_epilepsy;panelapp_au_id;panelapp_ge_epilepsy;panelapp_ge_id;sysndd,,617057,,0,
HGNC:2553,CUL3,cullin 3,both,DEE,T1,ndd_with_epilepsy,10,clingen;g2p_dd;genes4epilepsy;orphadata_genes;panelapp_au_epilepsy;panelapp_au_id;panelapp_ge_epilepsy;panelapp_ge_id;sfari;sysndd,300530;716116,603136,MONDO:0013782,3,CUL3 Support & Awareness Foundation; CUL3 Support and Awareness; CUL3C Support & Awareness
HGNC:2555,CUL4B,cullin 4B,both,DEE,T1,ndd_with_epilepsy,10,clingen;g2p_dd;genes4epilepsy;orphadata_genes;panelapp_au_epilepsy;panelapp_au_id;panelapp_ge_epilepsy;panelapp_ge_id;sfari;sysndd,85293,300304,MONDO:0010306,0,
HGNC:19347,CUX2,cut like homeobox 2,both,"GGE, DEE",T1,ndd_with_epilepsy,10,clingen;g2p_dd;genes4epilepsy;orphadata_genes;panelapp_au_epilepsy;panelapp_au_id;panelapp_ge_epilepsy;panelapp_ge_id;sfari;sysndd,2382,610648,MONDO:0016532,0,
HGNC:25613,CWF19L1,CWF19 like cell cycle control factor 1,both,"DEE, PME",T1,ndd_with_epilepsy,8,clingen;g2p_dd;genes4epilepsy;orphadata_genes;panelapp_au_epilepsy;panelapp_au_id;panelapp_ge_id;sysndd,453521,616120,MONDO:0014503,0,
HGNC:13760,CYFIP2,cytoplasmic FMR1 interacting protein 2,both,DEE,T1,ndd_with_epilepsy,10,clingen;g2p_dd;genes4epilepsy;orphadata_genes;panelapp_au_epilepsy;panelapp_au_id;panelapp_ge_epilepsy;panelapp_ge_id;sfari;sysndd,442835,606323,MONDO:0018614,1,CYFIP2 Network
HGNC:2605,CYP27A1,cytochrome P450 family 27 subfamily A member 1,both,DEE,T1,ndd_with_epilepsy,10,clingen;g2p_dd;genes4epilepsy;orphadata_genes;panelapp_au_epilepsy;panelapp_au_id;panelapp_ge_epilepsy;panelapp_ge_id;sfari;sysndd,909,606530,MONDO:0008948,0,
HGNC:28358,D2HGDH,D-2-hydroxyglutarate dehydrogenase,both,DEE,T1,ndd_with_epilepsy,9,clingen;g2p_dd;genes4epilepsy;orphadata_genes;panelapp_au_epilepsy;panelapp_au_id;panelapp_ge_epilepsy;panelapp_ge_id;sysndd,79315,609186,MONDO:0010924,0,
HGNC:2666,DAG1,dystroglycan 1,both,MCD,T1,ndd_with_epilepsy,8,clingen;g2p_dd;genes4epilepsy;orphadata_genes;panelapp_au_epilepsy;panelapp_au_id;panelapp_ge_id;sysndd,206599;280333;370997;899,128239,MONDO:0000171;MONDO:0013440;MONDO:0016103;MONDO:0018280,0,
HGNC:2698,DBT,dihydrolipoamide branched chain transacylase E2,both,DEE,T1,ndd_with_epilepsy,9,clingen;g2p_dd;genes4epilepsy;orphadata_genes;panelapp_au_epilepsy;panelapp_au_id;panelapp_ge_epilepsy;panelapp_ge_id;sysndd,268145;268162;268173;268184,248610,MONDO:0017051;MONDO:0017052;MONDO:0017053;MONDO:0017054,0,
HGNC:13681,DCHS1,dachsous cadherin-related 1,both,MCD,T1,ndd_with_epilepsy,7,clingen;g2p_dd;genes4epilepsy;orphadata_genes;panelapp_au_id;panelapp_ge_id;sysndd,314679;741,603057,MONDO:0008004;MONDO:0017813,0,
HGNC:2714,DCX,doublecortin,both,"DEE, MCD",T1,ndd_with_epilepsy,9,clingen;g2p_dd;genes4epilepsy;orphadata_genes;panelapp_au_epilepsy;panelapp_au_id;panelapp_ge_epilepsy;panelapp_ge_id;sysndd,2148;99796,300121,MONDO:0010239;MONDO:0020491,1,Lissencephaly Foundation Inc
HGNC:2719,DDC,dopa decarboxylase,both,DEE,T1,ndd_with_epilepsy,10,clingen;g2p_dd;genes4epilepsy;orphadata_genes;panelapp_au_epilepsy;panelapp_au_id;panelapp_ge_epilepsy;panelapp_ge_id;sfari;sysndd,35708,107930,MONDO:0012084,0,
HGNC:13917,DDX39B,DExD-box helicase 39B,both,DEE,T1,ndd_with_epilepsy,5,genes4epilepsy;panelapp_au_epilepsy;panelapp_au_id;panelapp_ge_id;sysndd,,142560,,0,
HGNC:2745,DDX3X,DEAD-box helicase 3 X-linked,both,"DEE, MCD",T1,ndd_with_epilepsy,10,clingen;g2p_dd;genes4epilepsy;orphadata_genes;panelapp_au_epilepsy;panelapp_au_id;panelapp_ge_epilepsy;panelapp_ge_id;sfari;sysndd,3338;457260;99861,300160,MONDO:0009021;MONDO:0018709;MONDO:0020512,2,DDX3X Foundation; The DDX3X Foundation
HGNC:20083,DDX53,DEAD-box helicase 53,both,DEE,T2,ndd_with_epilepsy,4,genes4epilepsy;panelapp_ge_id;sfari;sysndd,,301079,,0,
HGNC:14677,DEAF1,DEAF1 transcription factor,both,DEE,T1,ndd_with_epilepsy,9,g2p_dd;genes4epilepsy;orphadata_genes;panelapp_au_epilepsy;panelapp_au_id;panelapp_ge_epilepsy;panelapp_ge_id;sfari;sysndd,468620;714385,602635,MONDO:0014952,5,DAND Alliance; DEAF1 family network; Families of DAND (DEAF1 and Related Neurodevelopmental Disorders); The DAND Alliance (DEAF1-Associated Neurodevelopmental Disorders (DAND): the Vulto-van Silfhout-de Vries Syndrome (VSVS) and NEDHELS Syndrome); The Rory Belle Foundation
HGNC:13709,DEGS1,"delta 4-desaturase, sphingolipid 1",both,DEE,T1,ndd_with_epilepsy,8,clingen;g2p_dd;genes4epilepsy;panelapp_au_epilepsy;panelapp_au_id;panelapp_ge_epilepsy;panelapp_ge_id;sysndd,,615843,,0,
HGNC:11350,DENND2B,DENN domain containing 2B,both,DEE,T1,ndd_with_epilepsy,5,genes4epilepsy;panelapp_au_epilepsy;panelapp_au_id;sfari;sysndd,,140750,,0,
HGNC:19344,DENND5A,DENN domain containing 5A,both,DEE,T1,ndd_with_epilepsy,7,g2p_dd;genes4epilepsy;panelapp_au_epilepsy;panelapp_au_id;panelapp_ge_epilepsy;panelapp_ge_id;sysndd,,617278,,0,
HGNC:28338,DENND5B,DENN domain containing 5B,both,DEE,T1,ndd_with_epilepsy,7,clingen;g2p_dd;genes4epilepsy;panelapp_au_id;panelapp_ge_epilepsy;panelapp_ge_id;sysndd,,617279,,0,
HGNC:18423,DEPDC5,"DEP domain containing 5, GATOR1 subcomplex subunit",both,"Focal, DEE, MCD",T1,ndd_with_epilepsy,10,clingen;g2p_dd;genes4epilepsy;orphadata_genes;panelapp_au_epilepsy;panelapp_au_id;panelapp_ge_epilepsy;panelapp_ge_id;sfari;sysndd,442835;98784;98820,614191,MONDO:0000030;MONDO:0018614;MONDO:0020310,0,
HGNC:2859,DHCR24,24-dehydrocholesterol reductase,both,DEE,T1,ndd_with_epilepsy,9,clingen;g2p_dd;genes4epilepsy;orphadata_genes;panelapp_au_epilepsy;panelapp_au_id;panelapp_ge_epilepsy;panelapp_ge_id;sysndd,35107,606418,MONDO:0011217,0,
HGNC:20603,DHDDS,dehydrodolichyl diphosphate synthase subunit,both,"DEE, PME",T1,ndd_with_epilepsy,9,clingen;g2p_dd;genes4epilepsy;orphadata_genes;panelapp_au_epilepsy;panelapp_au_id;panelapp_ge_epilepsy;panelapp_ge_id;sysndd,442835;791,608172,MONDO:0018614;MONDO:0019200,2,Cure DHDDS; Cure DHDDS USA
HGNC:2861,DHFR,dihydrofolate reductase,both,DEE,T1,ndd_with_epilepsy,7,g2p_dd;genes4epilepsy;orphadata_genes;panelapp_au_epilepsy;panelapp_au_id;panelapp_ge_id;sysndd,319651,126060,MONDO:0013456,0,
HGNC:2869,DHPS,deoxyhypusine synthase,both,DEE,T1,ndd_with_epilepsy,7,g2p_dd;genes4epilepsy;panelapp_au_epilepsy;panelapp_au_id;panelapp_ge_epilepsy;panelapp_ge_id;sysndd,,600944,,0,
HGNC:2739,DHX16,DEAH-box helicase 16,both,DEE,T2,ndd_with_epilepsy,5,g2p_dd;genes4epilepsy;panelapp_au_epilepsy;panelapp_ge_epilepsy;sysndd,,603405,,0,
HGNC:16716,DHX30,DExH-box helicase 30,both,DEE,T1,ndd_with_epilepsy,10,clingen;g2p_dd;genes4epilepsy;orphadata_genes;panelapp_au_epilepsy;panelapp_au_id;panelapp_ge_epilepsy;panelapp_ge_id;sfari;sysndd,647788,616423,MONDO:0060622,1,Rare Remy Foundation (DHX30)
HGNC:2750,DHX9,DExH-box helicase 9,both,DEE,T1,ndd_with_epilepsy,6,g2p_dd;genes4epilepsy;panelapp_au_id;panelapp_ge_id;sfari;sysndd,,603115,,0,
HGNC:2876,DIAPH1,diaphanous related formin 1,both,DEE,T1,ndd_with_epilepsy,8,clingen;genes4epilepsy;orphadata_genes;panelapp_au_epilepsy;panelapp_au_id;panelapp_ge_epilepsy;panelapp_ge_id;sysndd,2573;477814;494444,602121,MONDO:0014714;MONDO:0016820;MONDO:0044635,0,
HGNC:29150,DIP2C,DIP2 acetate--CoA ligase C (putative),both,DEE,T1,ndd_with_epilepsy,6,g2p_dd;genes4epilepsy;panelapp_au_epilepsy;panelapp_au_id;sfari;sysndd,,611380,,0,
HGNC:2903,DLG4,discs large MAGUK scaffold protein 4,both,DEE,T1,ndd_with_epilepsy,9,clingen;g2p_dd;genes4epilepsy;orphadata_genes;panelapp_au_epilepsy;panelapp_au_id;panelapp_ge_id;sfari;sysndd,528084,602887,MONDO:0100038,5,DLG4 Foundation; DLG4 SHINE Foundation; DLG4 SHINE Foundation (formerly SHINE Syndrome Foundation); DLG4 registry (Citizen Health); DLG4-related synaptopathy
HGNC:2908,DLL1,delta like canonical Notch ligand 1,both,"DEE, MCD",T1,ndd_with_epilepsy,10,clingen;g2p_dd;genes4epilepsy;orphadata_genes;panelapp_au_epilepsy;panelapp_au_id;panelapp_ge_epilepsy;panelapp_ge_id;sfari;sysndd,178469;220386;280195;280200;93924;93925;93926,606582,MONDO:0015802;MONDO:0017218;MONDO:0017219;MONDO:0019756;MONDO:0019757;MONDO:0019758;MONDO:0700419,0,
HGNC:13908,DMRTA2,DMRT like family A2,both,MCD,T2,ndd_with_epilepsy,2,genes4epilepsy;panelapp_au_id,,614804,,0,
HGNC:2938,DMXL2,Dmx like 2,both,DEE,T1,ndd_with_epilepsy,9,clingen;genes4epilepsy;orphadata_genes;panelapp_au_epilepsy;panelapp_au_id;panelapp_ge_epilepsy;panelapp_ge_id;sfari;sysndd,1934;453533;90635,612186,MONDO:0014497;MONDO:0019587;MONDO:0800491,0,
HGNC:2945,DNAH14,dynein axonemal heavy chain 14,both,DEE,T1,ndd_with_epilepsy,7,clingen;g2p_dd;genes4epilepsy;panelapp_au_epilepsy;panelapp_au_id;panelapp_ge_id;sysndd,,603341,,0,
HGNC:16235,DNAJC5,DnaJ heat shock protein family (Hsp40) member C5,both,PME,T2,ndd_with_epilepsy,6,clingen;genes4epilepsy;orphadata_genes;panelapp_au_epilepsy;panelapp_ge_epilepsy;sfari,228343,611203,MONDO:0008083,0,
HGNC:15469,DNAJC6,DnaJ heat shock protein family (Hsp40) member C6,both,DEE,T2,ndd_with_epilepsy,6,genes4epilepsy;orphadata_genes;panelapp_au_epilepsy;panelapp_au_id;panelapp_ge_epilepsy;sysndd,2828;391411,608375,MONDO:0017279;MONDO:0018321,0,
HGNC:2972,DNM1,dynamin 1,both,DEE,T1,ndd_with_epilepsy,10,clingen;g2p_dd;genes4epilepsy;orphadata_genes;panelapp_au_epilepsy;panelapp_au_id;panelapp_ge_epilepsy;panelapp_ge_id;sfari;sysndd,2382;442835,602377,MONDO:0016532;MONDO:0018614,4,DNM1 Epilepsy; DNM1 Epilepsy Project; DNM1 dynamos - Connecting DNM1 Families; DNM1-related epilepsy registry (Citizen Health)
HGNC:2973,DNM1L,dynamin 1L,both,DEE,T1,ndd_with_epilepsy,9,clingen;g2p_dd;genes4epilepsy;orphadata_genes;panelapp_au_epilepsy;panelapp_au_id;panelapp_ge_epilepsy;panelapp_ge_id;sysndd,330050;98673,603850,MONDO:0008134;MONDO:0013726,1,The DNM1L Foundation
HGNC:2978,DNMT3A,DNA methyltransferase 3 alpha,both,DEE,T1,ndd_with_epilepsy,8,clingen;g2p_dd;genes4epilepsy;orphadata_genes;panelapp_au_id;panelapp_ge_id;sfari;sysndd,276621;404443;658595;86845,602769,MONDO:0014382;MONDO:0017190;MONDO:0019456;MONDO:0032882,1,Tatton Brown Rahman Syndrome (TBRS) Community (DNMT3A gene variations)
HGNC:19190,DOCK7,dedicator of cytokinesis 7,both,DEE,T1,ndd_with_epilepsy,9,clingen;g2p_dd;genes4epilepsy;orphadata_genes;panelapp_au_epilepsy;panelapp_au_id;panelapp_ge_epilepsy;panelapp_ge_id;sysndd,411986,615730,MONDO:0014371,0,
HGNC:28662,DOHH,deoxyhypusine hydroxylase,both,DEE,T1,ndd_with_epilepsy,7,g2p_dd;genes4epilepsy;orphadata_genes;panelapp_au_epilepsy;panelapp_au_id;panelapp_ge_id;sysndd,528084,611262,MONDO:0100038,0,
HGNC:23406,DOLK,dolichol kinase,both,DEE,T1,ndd_with_epilepsy,10,clingen;g2p_dd;genes4epilepsy;orphadata_genes;panelapp_au_epilepsy;panelapp_au_id;panelapp_ge_epilepsy;panelapp_ge_id;sfari;sysndd,154;91131,610746,MONDO:0012556;MONDO:0700335,0,
HGNC:2995,DPAGT1,dolichyl-phosphate N-acetylglucosaminephosphotransferase 1,both,DEE,T1,ndd_with_epilepsy,9,clingen;g2p_dd;genes4epilepsy;orphadata_genes;panelapp_au_epilepsy;panelapp_au_id;panelapp_ge_epilepsy;panelapp_ge_id;sysndd,353327;86309,191350,MONDO:0011964;MONDO:0018144,0,
HGNC:3005,DPM1,"dolichyl-phosphate mannosyltransferase subunit 1, catalytic",both,DEE,T1,ndd_with_epilepsy,9,clingen;g2p_dd;genes4epilepsy;orphadata_genes;panelapp_au_epilepsy;panelapp_au_id;panelapp_ge_epilepsy;panelapp_ge_id;sysndd,79322,603503,MONDO:0012123,0,
HGNC:3006,DPM2,"dolichyl-phosphate mannosyltransferase subunit 2, regulatory",both,DEE,T1,ndd_with_epilepsy,8,clingen;genes4epilepsy;orphadata_genes;panelapp_au_epilepsy;panelapp_au_id;panelapp_ge_epilepsy;panelapp_ge_id;sysndd,329178,603564,MONDO:0014023,0,
HGNC:3007,DPM3,"dolichyl-phosphate mannosyltransferase subunit 3, regulatory",both,DEE,T1,ndd_with_epilepsy,7,clingen;g2p_dd;genes4epilepsy;orphadata_genes;panelapp_au_id;panelapp_ge_id;sysndd,263494,605951,MONDO:0013049,0,
HGNC:3012,DPYD,dihydropyrimidine dehydrogenase,both,DEE,T1,ndd_with_epilepsy,8,genes4epilepsy;orphadata_genes;panelapp_au_epilepsy;panelapp_au_id;panelapp_ge_epilepsy;panelapp_ge_id;sfari;sysndd,1675;293948,612779,MONDO:0010130;MONDO:0017405,0,
HGNC:17904,DROSHA,drosha ribonuclease III,both,DEE,T2,ndd_with_epilepsy,6,genes4epilepsy;panelapp_au_epilepsy;panelapp_au_id;panelapp_ge_epilepsy;panelapp_ge_id;sysndd,,608828,,0,
HGNC:2961,DYNC1H1,dynein cytoplasmic 1 heavy chain 1,both,"DEE, MCD, PME",T1,ndd_with_epilepsy,10,clingen;g2p_dd;genes4epilepsy;orphadata_genes;panelapp_au_epilepsy;panelapp_au_id;panelapp_ge_epilepsy;panelapp_ge_id;sfari;sysndd,178469;209341;284232,600112,MONDO:0008026;MONDO:0013644;MONDO:0015802,3,DYNC1H1 Association; DYNC1H1 Gene Mutation Family Support Group; DYNC1H1 registry (Citizen Health)
HGNC:2962,DYNC2H1,dynein cytoplasmic 2 heavy chain 1,both,MCD,T1,ndd_with_epilepsy,6,clingen;g2p_dd;genes4epilepsy;orphadata_genes;panelapp_au_id;panelapp_ge_id,474;93269;93270;93271,603297,MONDO:0013127;MONDO:0018770;MONDO:0019662,0,
HGNC:3091,DYRK1A,dual specificity tyrosine phosphorylation regulated kinase 1A,both,DEE,T1,ndd_with_epilepsy,10,clingen;g2p_dd;genes4epilepsy;orphadata_genes;panelapp_au_epilepsy;panelapp_au_id;panelapp_ge_epilepsy;panelapp_ge_id;sfari;sysndd,268261;464311,600855,MONDO:0017056;MONDO:0018733,3,DYRK1A Syndrome International Association; DYRK1A Syndrome US & International Association; country-specific groups
HGNC:29419,EARS2,"glutamyl-tRNA synthetase 2, mitochondrial",both,DEE,T1,ndd_with_epilepsy,8,clingen;genes4epilepsy;orphadata_genes;panelapp_au_epilepsy;panelapp_au_id;panelapp_ge_epilepsy;panelapp_ge_id;sysndd,314051,612799,MONDO:0013971,1,CureARS
HGNC:3151,ECHS1,"enoyl-CoA hydratase, short chain 1",both,DEE,T1,ndd_with_epilepsy,6,clingen;g2p_dd;genes4epilepsy;orphadata_genes;panelapp_au_epilepsy;sysndd,653880,602292,MONDO:0014563,0,
HGNC:3153,ECM1,extracellular matrix protein 1,both,DEE,T1,ndd_with_epilepsy,4,g2p_dd;genes4epilepsy;orphadata_genes;panelapp_au_epilepsy,530,602201,MONDO:0009530,0,
HGNC:3188,EED,embryonic ectoderm development,both,DEE,T1,ndd_with_epilepsy,8,clingen;g2p_dd;genes4epilepsy;orphadata_genes;panelapp_au_epilepsy;panelapp_au_id;panelapp_ge_id;sysndd,659396,605984,MONDO:0060510,0,
HGNC:3192,EEF1A2,eukaryotic translation elongation factor 1 alpha 2,both,DEE,T1,ndd_with_epilepsy,10,clingen;g2p_dd;genes4epilepsy;orphadata_genes;panelapp_au_epilepsy;panelapp_au_id;panelapp_ge_epilepsy;panelapp_ge_id;sfari;sysndd,442835;528084,602959,MONDO:0018614;MONDO:0100038,1,EEF1A2 family network
HGNC:3208,EEF1B2,eukaryotic translation elongation factor 1 beta 2,both,DEE,T1,ndd_with_epilepsy,7,g2p_dd;genes4epilepsy;orphadata_genes;panelapp_au_epilepsy;panelapp_au_id;panelapp_ge_id;sysndd,88616,600655,MONDO:0019502,0,
HGNC:30858,EFTUD2,elongation factor Tu GTP binding domain containing 2,both,DEE,T1,ndd_with_epilepsy,9,clingen;g2p_dd;genes4epilepsy;orphadata_genes;panelapp_au_epilepsy;panelapp_au_id;panelapp_ge_epilepsy;panelapp_ge_id;sysndd,79113,603892,MONDO:0012516,0,
HGNC:24650,EHMT1,euchromatic histone lysine methyltransferase 1,both,DEE,T1,ndd_with_epilepsy,10,clingen;g2p_dd;genes4epilepsy;orphadata_genes;panelapp_au_epilepsy;panelapp_au_id;panelapp_ge_epilepsy;panelapp_ge_id;sfari;sysndd,261652;96147,607001,MONDO:0016865;MONDO:0019896,4,IDefine; IDefine-The Kleefstra Syndrome Foundation; Kleefstra Syndrome International; Kleefstra Syndrome UK
HGNC:9437,EIF2AK2,eukaryotic translation initiation factor 2 alpha kinase 2,both,"DEE, MCD",T1,ndd_with_epilepsy,8,g2p_dd;genes4epilepsy;orphadata_genes;panelapp_au_epilepsy;panelapp_au_id;panelapp_ge_epilepsy;panelapp_ge_id;sysndd,256,176871,MONDO:0007492,0,
HGNC:3257,EIF2B1,eukaryotic translation initiation factor 2B subunit alpha,both,DEE,T1,ndd_with_epilepsy,7,clingen;genes4epilepsy;orphadata_genes;panelapp_au_epilepsy;panelapp_au_id;panelapp_ge_epilepsy;sysndd,157713;157716;157719;99853;99854,606686,MONDO:0015519;MONDO:0015520;MONDO:0015521;MONDO:0020506;MONDO:0020507,0,
HGNC:3258,EIF2B2,eukaryotic translation initiation factor 2B subunit beta,both,DEE,T1,ndd_with_epilepsy,7,clingen;genes4epilepsy;orphadata_genes;panelapp_au_epilepsy;panelapp_au_id;panelapp_ge_epilepsy;sysndd,157713;157716;157719;99853;99854,606454,MONDO:0015519;MONDO:0015520;MONDO:0015521;MONDO:0020506;MONDO:0020507,0,
HGNC:3259,EIF2B3,eukaryotic translation initiation factor 2B subunit gamma,both,DEE,T1,ndd_with_epilepsy,7,clingen;genes4epilepsy;orphadata_genes;panelapp_au_epilepsy;panelapp_au_id;panelapp_ge_epilepsy;sysndd,157713;157716;157719;99853;99854,606273,MONDO:0015519;MONDO:0015520;MONDO:0015521;MONDO:0020506;MONDO:0020507,0,
HGNC:3260,EIF2B4,eukaryotic translation initiation factor 2B subunit delta,both,DEE,T1,ndd_with_epilepsy,8,clingen;g2p_dd;genes4epilepsy;orphadata_genes;panelapp_au_epilepsy;panelapp_au_id;panelapp_ge_epilepsy;sysndd,157713;157716;157719;99853;99854,606687,MONDO:0015519;MONDO:0015520;MONDO:0015521;MONDO:0020506;MONDO:0020507,0,
HGNC:3261,EIF2B5,eukaryotic translation initiation factor 2B subunit epsilon,both,DEE,T1,ndd_with_epilepsy,8,clingen;g2p_dd;genes4epilepsy;orphadata_genes;panelapp_au_epilepsy;panelapp_au_id;panelapp_ge_epilepsy;sysndd,157713;157716;157719;99853;99854,603945,MONDO:0015519;MONDO:0015520;MONDO:0015521;MONDO:0020506;MONDO:0020507,0,
HGNC:3267,EIF2S3,eukaryotic translation initiation factor 2 subunit gamma,both,DEE,T1,ndd_with_epilepsy,9,clingen;g2p_dd;genes4epilepsy;orphadata_genes;panelapp_au_epilepsy;panelapp_au_id;panelapp_ge_epilepsy;panelapp_ge_id;sysndd,85282,300161,MONDO:0010258,0,
HGNC:3275,EIF3F,eukaryotic translation initiation factor 3 subunit F,both,DEE,T1,ndd_with_epilepsy,9,clingen;g2p_dd;genes4epilepsy;panelapp_au_epilepsy;panelapp_au_id;panelapp_ge_epilepsy;panelapp_ge_id;sfari;sysndd,,603914,,1,EIF3F Research Foundation
HGNC:3284,EIF4A2,eukaryotic translation initiation factor 4A2,both,"DEE, MCD",T1,ndd_with_epilepsy,8,g2p_dd;genes4epilepsy;orphadata_genes;panelapp_au_epilepsy;panelapp_au_id;panelapp_ge_epilepsy;panelapp_ge_id;sysndd,528084,601102,MONDO:0100038,0,
HGNC:14415,ELOVL4,ELOVL fatty acid elongase 4,both,DEE,T1,ndd_with_epilepsy,8,clingen;g2p_dd;genes4epilepsy;orphadata_genes;panelapp_au_epilepsy;panelapp_au_id;panelapp_ge_id;sysndd,1955;352333;827,605512,MONDO:0007574;MONDO:0013760;MONDO:0019353,0,
HGNC:28957,EMC1,ER membrane protein complex subunit 1,both,DEE,T1,ndd_with_epilepsy,8,clingen;g2p_dd;genes4epilepsy;orphadata_genes;panelapp_au_epilepsy;panelapp_au_id;panelapp_ge_id;sysndd,480898,616846,MONDO:0018822,0,
HGNC:27609,EMC10,ER membrane protein complex subunit 10,both,DEE,T1,ndd_with_epilepsy,8,g2p_dd;genes4epilepsy;orphadata_genes;panelapp_au_epilepsy;panelapp_au_id;panelapp_ge_epilepsy;panelapp_ge_id;sysndd,528084,614545,MONDO:0100038,0,
HGNC:3330,EML1,EMAP like 1,both,MCD,T1,ndd_with_epilepsy,8,clingen;genes4epilepsy;orphadata_genes;panelapp_au_epilepsy;panelapp_au_id;panelapp_ge_epilepsy;panelapp_ge_id;sysndd,99796,602033,MONDO:0020491,0,
HGNC:3372,EOMES,eomesodermin,both,MCD,T2,ndd_with_epilepsy,5,g2p_dd;genes4epilepsy;orphadata_genes;panelapp_au_id;panelapp_ge_id,171703,604615,MONDO:0015745,0,
HGNC:11958,EP400,E1A binding protein p400,both,DEE,T1,ndd_with_epilepsy,5,genes4epilepsy;panelapp_au_epilepsy;panelapp_au_id;sfari;sysndd,,606265,,0,
HGNC:3380,EPB41L3,erythrocyte membrane protein band 4.1 like 3,both,DEE,T1,ndd_with_epilepsy,7,g2p_dd;genes4epilepsy;panelapp_au_epilepsy;panelapp_au_id;panelapp_ge_epilepsy;panelapp_ge_id;sysndd,,605331,,0,
HGNC:29331,EPG5,ectopic P-granules 5 autophagy tethering factor,both,DEE,T1,ndd_with_epilepsy,9,clingen;g2p_dd;genes4epilepsy;orphadata_genes;panelapp_au_epilepsy;panelapp_au_id;panelapp_ge_epilepsy;panelapp_ge_id;sysndd,1493,615068,MONDO:0009452,0,
HGNC:3413,EPM2A,"EPM2A glucan phosphatase, laforin",both,PME,T1,ndd_with_epilepsy,8,clingen;genes4epilepsy;orphadata_genes;panelapp_au_epilepsy;panelapp_au_id;panelapp_ge_epilepsy;panelapp_ge_id;sysndd,501,607566,MONDO:0009697,1,Chelsea's Hope Lafora Children Research Fund
HGNC:21056,ERMARD,ER membrane associated RNA degradation,both,MCD,T2,ndd_with_epilepsy,7,clingen;g2p_dd;genes4epilepsy;orphadata_genes;panelapp_au_id;panelapp_ge_id;sysndd,75857;98892,615532,MONDO:0019164;MONDO:0020341,0,
HGNC:17474,ESAM,endothelial cell adhesion molecule,both,DEE,T1,ndd_with_epilepsy,7,g2p_dd;genes4epilepsy;panelapp_au_epilepsy;panelapp_au_id;panelapp_ge_epilepsy;panelapp_ge_id;sysndd,,614281,,0,
HGNC:23287,ETHE1,ETHE1 persulfide dioxygenase,both,DEE,T1,ndd_with_epilepsy,9,clingen;g2p_dd;genes4epilepsy;orphadata_genes;panelapp_au_epilepsy;panelapp_au_id;panelapp_ge_epilepsy;panelapp_ge_id;sysndd,51188,608451,MONDO:0011229,0,
HGNC:23214,EXOC7,exocyst complex component 7,both,DEE,T1,ndd_with_epilepsy,7,clingen;genes4epilepsy;panelapp_au_epilepsy;panelapp_au_id;panelapp_ge_epilepsy;panelapp_ge_id;sysndd,,608163,,0,
HGNC:17944,EXOSC3,exosome component 3,both,DEE,T1,ndd_with_epilepsy,8,g2p_dd;genes4epilepsy;orphadata_genes;panelapp_au_epilepsy;panelapp_au_id;panelapp_ge_epilepsy;panelapp_ge_id;sysndd,2254,606489,MONDO:0016396,0,
HGNC:3513,EXT2,exostosin glycosyltransferase 2,both,DEE,T1,ndd_with_epilepsy,9,clingen;g2p_dd;genes4epilepsy;orphadata_genes;panelapp_au_epilepsy;panelapp_au_id;panelapp_ge_epilepsy;panelapp_ge_id;sysndd,321;466926;52022,608210,MONDO:0005508;MONDO:0011022;MONDO:0014731,0,
HGNC:21197,FA2H,fatty acid 2-hydroxylase,both,DEE,T1,ndd_with_epilepsy,7,clingen;genes4epilepsy;orphadata_genes;panelapp_au_epilepsy;panelapp_au_id;panelapp_ge_id;sysndd,171629;329308,611026,MONDO:0012866;MONDO:0017999,0,
HGNC:19829,FAM177A1,family with sequence similarity 177 member A1,both,DEE,T1,ndd_with_epilepsy,5,g2p_dd;genes4epilepsy;panelapp_au_id;panelapp_ge_id;sysndd,,619181,,3,FAM177A1 Collaborative Research Network; FAM177A1 Research Fund; FAM177A1 registry (Citizen Health)
HGNC:26222,FAR1,fatty acyl-CoA reductase 1,both,DEE,T1,ndd_with_epilepsy,9,clingen;g2p_dd;genes4epilepsy;orphadata_genes;panelapp_au_epilepsy;panelapp_au_id;panelapp_ge_epilepsy;panelapp_ge_id;sysndd,438178;615938,616107,MONDO:0014510;MONDO:0036212,0,
HGNC:21062,FARS2,"phenylalanyl-tRNA synthetase 2, mitochondrial",both,DEE,T1,ndd_with_epilepsy,9,clingen;g2p_dd;genes4epilepsy;orphadata_genes;panelapp_au_epilepsy;panelapp_au_id;panelapp_ge_epilepsy;panelapp_ge_id;sysndd,319519;466722,611592,MONDO:0013986;MONDO:0014882,1,CureARS
HGNC:29160,FASTKD2,FASTK mitochondrial RNA regulator 2,both,DEE,T1,ndd_with_epilepsy,7,clingen;genes4epilepsy;orphadata_genes;panelapp_au_epilepsy;panelapp_au_id;panelapp_ge_epilepsy;sysndd,166105,612322,MONDO:0015632,0,
HGNC:13601,FBXL4,F-box and leucine rich repeat protein 4,both,DEE,T1,ndd_with_epilepsy,9,clingen;g2p_dd;genes4epilepsy;orphadata_genes;panelapp_au_epilepsy;panelapp_au_id;panelapp_ge_epilepsy;panelapp_ge_id;sysndd,369897,605654,MONDO:0014198,2,FBXL4 parent community group; United Mitochondrial Disease Foundation
HGNC:13590,FBXO11,F-box protein 11,both,DEE,T1,ndd_with_epilepsy,9,g2p_dd;genes4epilepsy;orphadata_genes;panelapp_au_epilepsy;panelapp_au_id;panelapp_ge_epilepsy;panelapp_ge_id;sfari;sysndd,528084,607871,MONDO:0100038,1,Comunidad Simons Searchlight
HGNC:29046,FBXO28,F-box protein 28,both,"DEE, PME",T1,ndd_with_epilepsy,8,g2p_dd;genes4epilepsy;orphadata_genes;panelapp_au_epilepsy;panelapp_au_id;panelapp_ge_epilepsy;panelapp_ge_id;sysndd,442835,609100,MONDO:0018614,1,FBXO28 Research Foundation
HGNC:16712,FBXW7,F-box and WD repeat domain containing 7,both,DEE,T1,ndd_with_epilepsy,6,g2p_dd;genes4epilepsy;orphadata_genes;panelapp_au_id;panelapp_ge_id;sysndd,528084,606278,MONDO:0100038,0,
HGNC:29500,FCSK,fucose kinase,both,DEE,T1,ndd_with_epilepsy,8,clingen;g2p_dd;genes4epilepsy;panelapp_au_epilepsy;panelapp_au_id;panelapp_ge_epilepsy;panelapp_ge_id;sysndd,,608675,,0,
HGNC:3629,FDFT1,farnesyl-diphosphate farnesyltransferase 1,both,DEE,T1,ndd_with_epilepsy,8,g2p_dd;genes4epilepsy;orphadata_genes;panelapp_au_epilepsy;panelapp_au_id;panelapp_ge_epilepsy;panelapp_ge_id;sysndd,730300,184420,,0,
HGNC:3668,FGF12,fibroblast growth factor 12,both,DEE,T1,ndd_with_epilepsy,9,clingen;g2p_dd;genes4epilepsy;orphadata_genes;panelapp_au_epilepsy;panelapp_au_id;panelapp_ge_epilepsy;panelapp_ge_id;sysndd,442835,601513,MONDO:0018614,0,
HGNC:3670,FGF13,fibroblast growth factor 13,both,DEE,T1,ndd_with_epilepsy,9,g2p_dd;genes4epilepsy;orphadata_genes;panelapp_au_epilepsy;panelapp_au_id;panelapp_ge_epilepsy;panelapp_ge_id;sfari;sysndd,36387,300070,MONDO:0018214,0,
HGNC:3690,FGFR3,fibroblast growth factor receptor 3,both,"DEE, MCD",T1,ndd_with_epilepsy,9,clingen;g2p_dd;genes4epilepsy;orphadata_genes;panelapp_au_epilepsy;panelapp_au_id;panelapp_ge_epilepsy;panelapp_ge_id;sysndd,15;1860;2363;251576;251579;35099;429;53271;794;85164;85165;93262;93274,134934,MONDO:0007037;MONDO:0007042;MONDO:0007793;MONDO:0007872;MONDO:0008546;MONDO:0008547;MONDO:0011274;MONDO:0012504;MONDO:0012833;MONDO:0014658;MONDO:0016681;MONDO:0016682;MONDO:0018114,0,
HGNC:3700,FH,fumarate hydratase,both,MCD,T1,ndd_with_epilepsy,9,clingen;g2p_dd;genes4epilepsy;orphadata_genes;panelapp_au_epilepsy;panelapp_au_id;panelapp_ge_epilepsy;panelapp_ge_id;sysndd,24;29072;523,136850,MONDO:0007888;MONDO:0011730;MONDO:0017366,0,
HGNC:16873,FIG4,FIG4 phosphoinositide 5-phosphatase,both,"DEE, MCD",T1,ndd_with_epilepsy,9,clingen;g2p_dd;genes4epilepsy;orphadata_genes;panelapp_au_epilepsy;panelapp_au_id;panelapp_ge_epilepsy;panelapp_ge_id;sysndd,139515;208441;3472;803,609390,MONDO:0004976;MONDO:0008995;MONDO:0012640;MONDO:0012986,0,
HGNC:17997,FKRP,fukutin related protein,both,DEE,T1,ndd_with_epilepsy,9,clingen;g2p_dd;genes4epilepsy;orphadata_genes;panelapp_au_epilepsy;panelapp_au_id;panelapp_ge_epilepsy;panelapp_ge_id;sysndd,34515;370959;370968;370980;588;899,606596,MONDO:0000171;MONDO:0011787;MONDO:0018277;MONDO:0018278;MONDO:0018939;MONDO:1040033,0,
HGNC:3622,FKTN,fukutin,both,DEE,T1,ndd_with_epilepsy,9,clingen;g2p_dd;genes4epilepsy;orphadata_genes;panelapp_au_epilepsy;panelapp_au_id;panelapp_ge_epilepsy;panelapp_ge_id;sysndd,154;206554;272;370980;588;899,607440,MONDO:0000171;MONDO:0009678;MONDO:0012699;MONDO:0018939;MONDO:0700335;MONDO:1040033,0,
HGNC:3754,FLNA,filamin A,both,MCD,T1,ndd_with_epilepsy,10,clingen;g2p_dd;genes4epilepsy;orphadata_genes;panelapp_au_epilepsy;panelapp_au_id;panelapp_ge_epilepsy;panelapp_ge_id;sfari;sysndd,1826;2301;2484;482606;555877;75497;88630;90650;90652;98892;99811,300017,MONDO:0010279;MONDO:0010571;MONDO:0010586;MONDO:0010650;MONDO:0010704;MONDO:0010753;MONDO:0014097;MONDO:0015942;MONDO:0020341;MONDO:0044617;MONDO:8000011,1,PVNH Support & Awareness
HGNC:24682,FLVCR1,FLVCR choline and heme transporter 1,both,DEE,T1,ndd_with_epilepsy,9,clingen;g2p_dd;genes4epilepsy;orphadata_genes;panelapp_au_epilepsy;panelapp_au_id;panelapp_ge_epilepsy;panelapp_ge_id;sysndd,88628,609144,MONDO:0012177,0,
HGNC:3791,FOLR1,folate receptor alpha,both,DEE,T1,ndd_with_epilepsy,9,clingen;g2p_dd;genes4epilepsy;orphadata_genes;panelapp_au_epilepsy;panelapp_au_id;panelapp_ge_epilepsy;panelapp_ge_id;sysndd,217382,136430,MONDO:0013110,0,
HGNC:3811,FOXG1,forkhead box G1,both,DEE,T1,ndd_with_epilepsy,10,clingen;g2p_dd;genes4epilepsy;orphadata_genes;panelapp_au_epilepsy;panelapp_au_id;panelapp_ge_epilepsy;panelapp_ge_id;sfari;sysndd,261144;442835;598164,164874,MONDO:0016833;MONDO:0018614;MONDO:0100040,5,COMBINEDBrain; FOXG1 Research Foundation; FOXG1 Research Foundation (FRF); FOXG1 registry (Citizen Health); International FOXG1 Foundation
HGNC:3823,FOXP1,forkhead box P1,both,DEE,T1,ndd_with_epilepsy,9,clingen;g2p_dd;genes4epilepsy;orphadata_genes;panelapp_au_epilepsy;panelapp_au_id;panelapp_ge_id;sfari;sysndd,391372;52417,605515,MONDO:0007650;MONDO:0013352,5,FOXP1 Foundation Facebook Group; FOXP1 Syndrome registry (Citizen Health); Fundación Internacional FOXP1; International FOXP1 Foundation; Simons Searchlight Facebook group
HGNC:26927,FOXRED1,FAD dependent oxidoreductase domain containing 1,both,DEE,T1,ndd_with_epilepsy,9,clingen;g2p_dd;genes4epilepsy;orphadata_genes;panelapp_au_epilepsy;panelapp_au_id;panelapp_ge_epilepsy;panelapp_ge_id;sysndd,2609,613622,MONDO:0100133,0,
HGNC:1162,FRA10AC1,FRA10A associated CGG repeat 1,both,DEE,T1,ndd_with_epilepsy,6,g2p_dd;genes4epilepsy;panelapp_au_epilepsy;panelapp_au_id;panelapp_ge_id;sysndd,,608866,,0,
HGNC:28214,FRMD5,FERM domain containing 5,both,DEE,T1,ndd_with_epilepsy,8,g2p_dd;genes4epilepsy;panelapp_au_epilepsy;panelapp_au_id;panelapp_ge_epilepsy;panelapp_ge_id;sfari;sysndd,,616309,,0,
HGNC:1362,FRRS1L,ferric chelate reductase 1 like,both,DEE,T1,ndd_with_epilepsy,10,clingen;g2p_dd;genes4epilepsy;orphadata_genes;panelapp_au_epilepsy;panelapp_au_id;panelapp_ge_epilepsy;panelapp_ge_id;sfari;sysndd,88616,604574,MONDO:0019502,1,Finding Hope for FRRS1L
HGNC:29127,FRYL,FRY like transcription coactivator,both,DEE,T1,ndd_with_epilepsy,6,g2p_dd;genes4epilepsy;panelapp_au_id;panelapp_ge_id;sfari;sysndd,,620798,,0,
HGNC:13753,FSD1L,fibronectin type III and SPRY domain containing 1 like,both,DEE,T1,ndd_with_epilepsy,8,g2p_dd;genes4epilepsy;orphadata_genes;panelapp_au_epilepsy;panelapp_au_id;panelapp_ge_epilepsy;panelapp_ge_id;sysndd,1872;791,609829,MONDO:0015993;MONDO:0019200,0,
HGNC:4006,FUCA1,alpha-L-fucosidase 1,both,DEE,T1,ndd_with_epilepsy,9,clingen;g2p_dd;genes4epilepsy;orphadata_genes;panelapp_au_epilepsy;panelapp_au_id;panelapp_ge_epilepsy;panelapp_ge_id;sysndd,349,612280,MONDO:0009254,2,International Society for Mannosidosis & Related Diseases; UK MPS Society
HGNC:4019,FUT8,fucosyltransferase 8,both,DEE,T1,ndd_with_epilepsy,8,clingen;g2p_dd;genes4epilepsy;panelapp_au_epilepsy;panelapp_au_id;panelapp_ge_epilepsy;panelapp_ge_id;sysndd,,602589,,0,
HGNC:24824,FZR1,fizzy and cell division cycle 20 related 1,both,DEE,T1,ndd_with_epilepsy,8,g2p_dd;genes4epilepsy;orphadata_genes;panelapp_au_epilepsy;panelapp_au_id;panelapp_ge_epilepsy;panelapp_ge_id;sysndd,442835,603619,MONDO:0018614,0,
HGNC:4507,GABBR2,gamma-aminobutyric acid type B receptor subunit 2,both,DEE,T1,ndd_with_epilepsy,10,clingen;g2p_dd;genes4epilepsy;orphadata_genes;panelapp_au_epilepsy;panelapp_au_id;panelapp_ge_epilepsy;panelapp_ge_id;sfari;sysndd,3095;442835,607340,MONDO:0017746;MONDO:0018614,1,some Rett research overlap
HGNC:4075,GABRA1,gamma-aminobutyric acid type A receptor subunit alpha1,both,"GGE, DEE",T1,ndd_with_epilepsy,9,clingen;g2p_dd;genes4epilepsy;orphadata_genes;panelapp_au_epilepsy;panelapp_au_id;panelapp_ge_epilepsy;panelapp_ge_id;sysndd,307;33069;64280,137160,MONDO:0009696;MONDO:0010826;MONDO:0011794,6,Cure GABA-A; Cure GABA-A Variants; GABA-A Alliance; GABRA1 Village; GABRA1 registry (Citizen Health); Scarlett's GABRA1 Village
HGNC:4076,GABRA2,gamma-aminobutyric acid type A receptor subunit alpha2,both,DEE,T1,ndd_with_epilepsy,9,g2p_dd;genes4epilepsy;orphadata_genes;panelapp_au_epilepsy;panelapp_au_id;panelapp_ge_epilepsy;panelapp_ge_id;sfari;sysndd,442835,137140,MONDO:0018614,0,
HGNC:4077,GABRA3,gamma-aminobutyric acid type A receptor subunit alpha3,both,DEE,T1,ndd_with_epilepsy,8,genes4epilepsy;orphadata_genes;panelapp_au_epilepsy;panelapp_au_id;panelapp_ge_epilepsy;panelapp_ge_id;sfari;sysndd,79102,305660,MONDO:0019201,0,
HGNC:4078,GABRA4,gamma-aminobutyric acid type A receptor subunit alpha4,both,DEE,T1,ndd_with_epilepsy,6,g2p_dd;genes4epilepsy;panelapp_au_epilepsy;panelapp_au_id;sfari;sysndd,,137141,,0,
HGNC:4079,GABRA5,gamma-aminobutyric acid type A receptor subunit alpha5,both,"GGE, DEE",T1,ndd_with_epilepsy,7,genes4epilepsy;orphadata_genes;panelapp_au_epilepsy;panelapp_au_id;panelapp_ge_epilepsy;panelapp_ge_id;sysndd,442835,137142,MONDO:0018614,0,
HGNC:4081,GABRB1,gamma-aminobutyric acid type A receptor subunit beta1,both,DEE,T1,ndd_with_epilepsy,5,clingen;genes4epilepsy;panelapp_au_epilepsy;panelapp_ge_epilepsy;sysndd,,137190,,0,
HGNC:4082,GABRB2,gamma-aminobutyric acid type A receptor subunit beta2,both,"GGE, DEE",T1,ndd_with_epilepsy,10,clingen;g2p_dd;genes4epilepsy;orphadata_genes;panelapp_au_epilepsy;panelapp_au_id;panelapp_ge_epilepsy;panelapp_ge_id;sfari;sysndd,442835,600232,MONDO:0018614,4,Cure GABA A Variants; Cure GABA-A; Cure GABRB2; GABA-A Alliance
HGNC:4083,GABRB3,gamma-aminobutyric acid type A receptor subunit beta3,both,"GGE, DEE",T1,ndd_with_epilepsy,10,clingen;g2p_dd;genes4epilepsy;orphadata_genes;panelapp_au_epilepsy;panelapp_au_id;panelapp_ge_epilepsy;panelapp_ge_id;sfari;sysndd,2382;64280,137192,MONDO:0010826;MONDO:0016532,4,Cure GABA-A; Cure GABA-A Variants; GABA-A Alliance; GABRB3 Life Changes
HGNC:4084,GABRD,gamma-aminobutyric acid type A receptor subunit delta,both,"GGE, DEE",T1,ndd_with_epilepsy,9,clingen;g2p_dd;genes4epilepsy;orphadata_genes;panelapp_au_epilepsy;panelapp_au_id;panelapp_ge_epilepsy;panelapp_ge_id;sysndd,1606;307;36387,137163,MONDO:0009696;MONDO:0011929;MONDO:0018214,0,
HGNC:4087,GABRG2,gamma-aminobutyric acid type A receptor subunit gamma2,both,"GGE, DEE",T1,ndd_with_epilepsy,10,clingen;g2p_dd;genes4epilepsy;orphadata_genes;panelapp_au_epilepsy;panelapp_au_id;panelapp_ge_epilepsy;panelapp_ge_id;sfari;sysndd,1945;33069;36387;442835;64280,137164,MONDO:0007295;MONDO:0010826;MONDO:0011794;MONDO:0018214;MONDO:0018614,3,Cure GABA-A; Cure GABA-A Variants; GABA-A Alliance
HGNC:4092,GAD1,glutamate decarboxylase 1,both,DEE,T1,ndd_with_epilepsy,9,clingen;g2p_dd;genes4epilepsy;orphadata_genes;panelapp_au_epilepsy;panelapp_au_id;panelapp_ge_epilepsy;panelapp_ge_id;sysndd,210141,605363,MONDO:0016215,0,
HGNC:4115,GALC,galactosylceramidase,both,DEE,T1,ndd_with_epilepsy,9,clingen;g2p_dd;genes4epilepsy;orphadata_genes;panelapp_au_epilepsy;panelapp_au_id;panelapp_ge_epilepsy;panelapp_ge_id;sysndd,206436;206443;206448,606890,MONDO:0016089;MONDO:0016090;MONDO:0016091,0,
HGNC:4124,GALNT2,polypeptide N-acetylgalactosaminyltransferase 2,both,DEE,T1,ndd_with_epilepsy,8,clingen;genes4epilepsy;panelapp_au_epilepsy;panelapp_au_id;panelapp_ge_epilepsy;panelapp_ge_id;sfari;sysndd,,602274,,0,
HGNC:4136,GAMT,guanidinoacetate N-methyltransferase,both,DEE,T1,ndd_with_epilepsy,9,clingen;g2p_dd;genes4epilepsy;orphadata_genes;panelapp_au_epilepsy;panelapp_au_id;panelapp_ge_epilepsy;panelapp_ge_id;sysndd,382,601240,MONDO:0012999,2,ACD; Association for Creatine Deficiencies
HGNC:30778,GATAD2B,GATA zinc finger domain containing 2B,both,DEE,T1,ndd_with_epilepsy,9,clingen;g2p_dd;genes4epilepsy;orphadata_genes;panelapp_au_epilepsy;panelapp_au_id;panelapp_ge_epilepsy;panelapp_ge_id;sysndd,363686,614998,MONDO:0014034,1,"Helping Hands for GAND, Inc."
HGNC:4175,GATM,glycine amidinotransferase,both,DEE,T1,ndd_with_epilepsy,10,clingen;g2p_dd;genes4epilepsy;orphadata_genes;panelapp_au_epilepsy;panelapp_au_id;panelapp_ge_epilepsy;panelapp_ge_id;sfari;sysndd,3337;35704,602360,MONDO:0007600;MONDO:0012996,1,Association for Creatine Deficiencies
HGNC:4177,GBA1,glucosylceramidase beta 1,both,"DEE, PME",T1,ndd_with_epilepsy,9,clingen;g2p_dd;genes4epilepsy;orphadata_genes;panelapp_au_epilepsy;panelapp_au_id;panelapp_ge_epilepsy;panelapp_ge_id;sysndd,2072;411602;77259;77260;77261;85212,606463,MONDO:0008199;MONDO:0009265;MONDO:0009266;MONDO:0009267;MONDO:0009268;MONDO:0011945,0,
HGNC:4189,GCDH,glutaryl-CoA dehydrogenase,both,DEE,T1,ndd_with_epilepsy,8,clingen;g2p_dd;genes4epilepsy;orphadata_genes;panelapp_au_epilepsy;panelapp_au_id;panelapp_ge_id;sysndd,25,608801,MONDO:0009281,0,
HGNC:4193,GCH1,GTP cyclohydrolase 1,both,DEE,T1,ndd_with_epilepsy,9,clingen;g2p_dd;genes4epilepsy;orphadata_genes;panelapp_au_epilepsy;panelapp_au_id;panelapp_ge_epilepsy;panelapp_ge_id;sysndd,2102;98808,600225,MONDO:0100186;MONDO:0971063,0,
HGNC:4208,GCSH,glycine cleavage system protein H,both,DEE,T1,ndd_with_epilepsy,9,clingen;g2p_dd;genes4epilepsy;orphadata_genes;panelapp_au_epilepsy;panelapp_au_id;panelapp_ge_epilepsy;panelapp_ge_id;sysndd,289857;289860;289863,238330,MONDO:0015010;MONDO:0017353;MONDO:0017354,0,
HGNC:4235,GFAP,glial fibrillary acidic protein,both,DEE,T1,ndd_with_epilepsy,10,clingen;g2p_dd;genes4epilepsy;orphadata_genes;panelapp_au_epilepsy;panelapp_au_id;panelapp_ge_epilepsy;panelapp_ge_id;sfari;sysndd,363717;363722,137780,MONDO:0018209;MONDO:0018210,0,
HGNC:13780,GFM1,G elongation factor mitochondrial 1,both,DEE,T1,ndd_with_epilepsy,9,clingen;g2p_dd;genes4epilepsy;orphadata_genes;panelapp_au_epilepsy;panelapp_au_id;panelapp_ge_epilepsy;panelapp_ge_id;sysndd,137681,606639,MONDO:0012191,0,
HGNC:4298,GLB1,galactosidase beta 1,both,DEE,T1,ndd_with_epilepsy,9,clingen;g2p_dd;genes4epilepsy;orphadata_genes;panelapp_au_epilepsy;panelapp_au_id;panelapp_ge_epilepsy;panelapp_ge_id;sysndd,309310;79255;79256;79257,611458,MONDO:0009260;MONDO:0009261;MONDO:0009262;MONDO:0009660,0,
HGNC:4313,GLDC,glycine decarboxylase,both,DEE,T1,ndd_with_epilepsy,9,clingen;g2p_dd;genes4epilepsy;orphadata_genes;panelapp_au_epilepsy;panelapp_au_id;panelapp_ge_epilepsy;panelapp_ge_id;sysndd,289857;289860;289863,238300,MONDO:0015010;MONDO:0017353;MONDO:0017354,0,
HGNC:4319,GLI3,GLI family zinc finger 3,both,"DEE, MCD",T1,ndd_with_epilepsy,10,clingen;g2p_dd;genes4epilepsy;orphadata_genes;panelapp_au_epilepsy;panelapp_au_id;panelapp_ge_epilepsy;panelapp_ge_id;sfari;sysndd,36;380;672;93322;93334;93335;93338,165240,MONDO:0007804;MONDO:0008272;MONDO:0008287;MONDO:0008708;MONDO:0010144;MONDO:0019673;MONDO:0019674,0,
HGNC:4331,GLS,glutaminase,both,DEE,T1,ndd_with_epilepsy,9,clingen;genes4epilepsy;orphadata_genes;panelapp_au_epilepsy;panelapp_au_id;panelapp_ge_epilepsy;panelapp_ge_id;sfari;sysndd,557056;557064,138280,MONDO:0032678;MONDO:0034146,0,
HGNC:4335,GLUD1,glutamate dehydrogenase 1,both,DEE,T1,ndd_with_epilepsy,8,clingen;g2p_dd;genes4epilepsy;orphadata_genes;panelapp_au_epilepsy;panelapp_au_id;panelapp_ge_epilepsy;panelapp_ge_id,35878,138130,MONDO:0011717,0,
HGNC:4341,GLUL,glutamate-ammonia ligase,both,DEE,T1,ndd_with_epilepsy,9,clingen;g2p_dd;genes4epilepsy;orphadata_genes;panelapp_au_epilepsy;panelapp_au_id;panelapp_ge_epilepsy;panelapp_ge_id;sysndd,71278,138290,MONDO:0012393,0,
HGNC:24247,GLYCTK,glycerate kinase,both,DEE,T1,ndd_with_epilepsy,8,clingen;genes4epilepsy;orphadata_genes;panelapp_au_epilepsy;panelapp_au_id;panelapp_ge_epilepsy;panelapp_ge_id;sysndd,941,610516,MONDO:0009070,0,
HGNC:4367,GM2A,ganglioside GM2 activator,both,DEE,T1,ndd_with_epilepsy,9,clingen;g2p_dd;genes4epilepsy;orphadata_genes;panelapp_au_epilepsy;panelapp_au_id;panelapp_ge_epilepsy;panelapp_ge_id;sysndd,309246,613109,MONDO:0010099,0,
HGNC:22923,GMPPA,GDP-mannose pyrophosphorylase A,both,DEE,T1,ndd_with_epilepsy,8,clingen;g2p_dd;genes4epilepsy;orphadata_genes;panelapp_au_epilepsy;panelapp_au_id;panelapp_ge_id;sysndd,869,615495,MONDO:0009279,0,
HGNC:22932,GMPPB,GDP-mannose pyrophosphorylase B,both,DEE,T1,ndd_with_epilepsy,8,clingen;g2p_dd;genes4epilepsy;orphadata_genes;panelapp_au_epilepsy;panelapp_au_id;panelapp_ge_id;sysndd,353327;363623;370959;370968;588,615320,MONDO:0014142;MONDO:0018144;MONDO:0018277;MONDO:0018278;MONDO:0018939,0,
HGNC:4384,GNAI1,G protein subunit alpha i1,both,DEE,T1,ndd_with_epilepsy,8,clingen;g2p_dd;genes4epilepsy;panelapp_au_epilepsy;panelapp_au_id;panelapp_ge_id;sfari;sysndd,,139310,,0,
HGNC:4389,GNAO1,G protein subunit alpha o1,both,DEE,T1,ndd_with_epilepsy,9,clingen;g2p_dd;genes4epilepsy;orphadata_genes;panelapp_au_epilepsy;panelapp_au_id;panelapp_ge_epilepsy;panelapp_ge_id;sysndd,1934;592564,139311,MONDO:0060491;MONDO:0800491,3,Bow Foundation; Famiglie GNAO1; The Bow Foundation (GNAO1)
HGNC:4396,GNB1,G protein subunit beta 1,both,DEE,T1,ndd_with_epilepsy,9,clingen;g2p_dd;genes4epilepsy;orphadata_genes;panelapp_au_epilepsy;panelapp_au_id;panelapp_ge_epilepsy;panelapp_ge_id;sysndd,488613,139380,MONDO:0014855,4,GNB1 Advocacy Group; GNB1 Advocacy Group / GNB1 family network; GNB1 Foundation; GNB1 Gene Disorder
HGNC:4401,GNB5,G protein subunit beta 5,both,DEE,T1,ndd_with_epilepsy,8,g2p_dd;genes4epilepsy;orphadata_genes;panelapp_au_epilepsy;panelapp_au_id;panelapp_ge_epilepsy;panelapp_ge_id;sysndd,542306,604447,MONDO:0014953,0,
HGNC:4431,GOSR2,golgi SNAP receptor complex member 2,both,PME,T1,ndd_with_epilepsy,8,clingen;genes4epilepsy;orphadata_genes;panelapp_au_epilepsy;panelapp_au_id;panelapp_ge_epilepsy;panelapp_ge_id;sysndd,280620,604027,MONDO:0013526,0,
HGNC:4433,GOT2,glutamic-oxaloacetic transaminase 2,both,DEE,T1,ndd_with_epilepsy,8,clingen;g2p_dd;genes4epilepsy;panelapp_au_epilepsy;panelapp_au_id;panelapp_ge_epilepsy;panelapp_ge_id;sysndd,,138150,,0,
HGNC:4446,GPAA1,glycosylphosphatidylinositol anchor attachment 1,both,DEE,T1,ndd_with_epilepsy,9,clingen;g2p_dd;genes4epilepsy;orphadata_genes;panelapp_au_epilepsy;panelapp_au_id;panelapp_ge_epilepsy;panelapp_ge_id;sysndd,529665,603048,MONDO:0060627,0,
HGNC:15465,GPHN,gephyrin,both,DEE,T1,ndd_with_epilepsy,10,clingen;g2p_dd;genes4epilepsy;orphadata_genes;panelapp_au_epilepsy;panelapp_au_id;panelapp_ge_epilepsy;panelapp_ge_id;sfari;sysndd,308400;3197,603930,MONDO:0014212;MONDO:0021022,0,
HGNC:29501,GPSM2,G protein signaling modulator 2,both,MCD,T1,ndd_with_epilepsy,8,clingen;g2p_dd;genes4epilepsy;orphadata_genes;panelapp_au_epilepsy;panelapp_au_id;panelapp_ge_id;sysndd,314597;90636,609245,MONDO:0011411;MONDO:0019588,0,
HGNC:18062,GPT2,glutamic--pyruvic transaminase 2,both,DEE,T1,ndd_with_epilepsy,7,clingen;genes4epilepsy;orphadata_genes;panelapp_au_epilepsy;panelapp_au_id;panelapp_ge_id;sysndd,477673,138210,MONDO:0014567,0,
HGNC:4571,GRIA1,glutamate ionotropic receptor AMPA type subunit 1,both,DEE,T1,ndd_with_epilepsy,9,clingen;g2p_dd;genes4epilepsy;orphadata_genes;panelapp_au_epilepsy;panelapp_au_id;panelapp_ge_id;sfari;sysndd,178469;88616,138248,MONDO:0015802;MONDO:0019502,4,"CureGRIN; CureGRIN Foundation (GRIA, GRID, GRIK & GRIN genes including Grin1, Grin2A, Grin2B & Grin2D); GRI France; GRIA1 Facebook Group"
HGNC:4572,GRIA2,glutamate ionotropic receptor AMPA type subunit 2,both,DEE,T1,ndd_with_epilepsy,9,clingen;g2p_dd;genes4epilepsy;panelapp_au_epilepsy;panelapp_au_id;panelapp_ge_epilepsy;panelapp_ge_id;sfari;sysndd,,138247,,3,"CureGRIN; CureGRIN Foundation (GRIA, GRID, GRIK & GRIN genes including Grin1, Grin2A, Grin2B & Grin2D); GRI France"
HGNC:4573,GRIA3,glutamate ionotropic receptor AMPA type subunit 3,both,DEE,T1,ndd_with_epilepsy,9,clingen;g2p_dd;genes4epilepsy;orphadata_genes;panelapp_au_epilepsy;panelapp_au_id;panelapp_ge_id;sfari;sysndd,364028,305915,MONDO:0010402,4,"CureGRIN; CureGRIN Foundation (GRIA, GRID, GRIK & GRIN genes including Grin1, Grin2A, Grin2B & Grin2D); GRI France; GRIA3 Facebook Group"
HGNC:4574,GRIA4,glutamate ionotropic receptor AMPA type subunit 4,both,DEE,T1,ndd_with_epilepsy,9,clingen;g2p_dd;genes4epilepsy;orphadata_genes;panelapp_au_epilepsy;panelapp_au_id;panelapp_ge_epilepsy;panelapp_ge_id;sysndd,528084,138246,MONDO:0100038,1,CureGRIN
HGNC:4580,GRIK2,glutamate ionotropic receptor kainate type subunit 2,both,DEE,T1,ndd_with_epilepsy,10,clingen;g2p_dd;genes4epilepsy;orphadata_genes;panelapp_au_epilepsy;panelapp_au_id;panelapp_ge_epilepsy;panelapp_ge_id;sfari;sysndd,528084;88616,138244,MONDO:0019502;MONDO:0100038,3,"CureGRIN; CureGRIN Foundation (GRIA, GRID, GRIK & GRIN genes including Grin1, Grin2A, Grin2B & Grin2D); GRI France"
HGNC:4584,GRIN1,glutamate ionotropic receptor NMDA type subunit 1,both,"DEE, MCD",T1,ndd_with_epilepsy,10,clingen;g2p_dd;genes4epilepsy;orphadata_genes;panelapp_au_epilepsy;panelapp_au_id;panelapp_ge_epilepsy;panelapp_ge_id;sfari;sysndd,178469;1934;208447;88616,138249,MONDO:0013907;MONDO:0015802;MONDO:0019502;MONDO:0800491,4,"CureGRIN; CureGRIN Foundation; CureGRIN Foundation (GRIA, GRID, GRIK & GRIN genes including Grin1, Grin2A, Grin2B & Grin2D); GRIN1 Parent Support Group"
HGNC:4585,GRIN2A,glutamate ionotropic receptor NMDA type subunit 2A,both,"Focal, DEE, MCD",T1,ndd_with_epilepsy,10,clingen;g2p_dd;genes4epilepsy;orphadata_genes;panelapp_au_epilepsy;panelapp_au_id;panelapp_ge_epilepsy;panelapp_ge_id;sfari;sysndd,163721;1945;289266;725;98818,138253,MONDO:0007295;MONDO:0009509;MONDO:0015587;MONDO:0017325;MONDO:0800501,4,"CureGRIN; CureGRIN Foundation; CureGRIN Foundation (GRIA, GRID, GRIK & GRIN genes including Grin1, Grin2A, Grin2B & Grin2D); GRI Center of Excellence"
HGNC:4586,GRIN2B,glutamate ionotropic receptor NMDA type subunit 2B,both,"DEE, MCD",T1,ndd_with_epilepsy,10,clingen;g2p_dd;genes4epilepsy;orphadata_genes;panelapp_au_epilepsy;panelapp_au_id;panelapp_ge_epilepsy;panelapp_ge_id;sfari;sysndd,589547;697160,138252,MONDO:0013509;MONDO:0018097,8,"2BCURED; COMBINEDBrain; CureGRIN; CureGRIN Foundation; CureGRIN Foundation (GRIA, GRID, GRIK & GRIN genes including Grin1, Grin2A, Grin2B & Grin2D); GRI France; GRIN Europe; GRIN2B Foundation"
HGNC:4588,GRIN2D,glutamate ionotropic receptor NMDA type subunit 2D,both,DEE,T1,ndd_with_epilepsy,9,clingen;g2p_dd;genes4epilepsy;orphadata_genes;panelapp_au_epilepsy;panelapp_au_id;panelapp_ge_epilepsy;panelapp_ge_id;sysndd,442835,602717,MONDO:0018614,3,"CureGRIN; CureGRIN Foundation; CureGRIN Foundation (GRIA, GRID, GRIK & GRIN genes including Grin1, Grin2A, Grin2B & Grin2D)"
HGNC:4599,GRM7,glutamate metabotropic receptor 7,both,DEE,T1,ndd_with_epilepsy,9,g2p_dd;genes4epilepsy;orphadata_genes;panelapp_au_epilepsy;panelapp_au_id;panelapp_ge_epilepsy;panelapp_ge_id;sfari;sysndd,1934;88616,604101,MONDO:0019502;MONDO:0800491,0,
HGNC:4601,GRN,granulin precursor,both,PME,T1,ndd_with_epilepsy,7,clingen;genes4epilepsy;orphadata_genes;panelapp_au_epilepsy;panelapp_ge_epilepsy;panelapp_ge_id;sysndd,100069;100070;275864;314629,138945,MONDO:0010857;MONDO:0013866;MONDO:0015059;MONDO:0017160,4,Association for Frontotemporal Degeneration; Batten Disease Support & Research Association (BDSRA)(CLN1-CLN14); Batten umbrella for CLN11; Bluefield Project to Cure FTD
HGNC:4622,GSPT2,G1 to S phase transition 2,both,DEE,T1,ndd_with_epilepsy,7,g2p_dd;genes4epilepsy;panelapp_au_epilepsy;panelapp_au_id;panelapp_ge_id;sfari;sysndd,,300418,,0,
HGNC:4624,GSS,glutathione synthetase,both,DEE,T1,ndd_with_epilepsy,8,clingen;genes4epilepsy;orphadata_genes;panelapp_au_epilepsy;panelapp_au_id;panelapp_ge_epilepsy;panelapp_ge_id;sysndd,289846;289849,601002,MONDO:0009284;MONDO:0009947,0,
HGNC:4666,GTF3C3,general transcription factor IIIC subunit 3,both,DEE,T1,ndd_with_epilepsy,7,g2p_dd;genes4epilepsy;panelapp_au_epilepsy;panelapp_au_id;panelapp_ge_epilepsy;panelapp_ge_id;sysndd,,604888,,0,
HGNC:4670,GTPBP2,GTP binding protein 2,both,DEE,T1,ndd_with_epilepsy,8,clingen;g2p_dd;genes4epilepsy;panelapp_au_epilepsy;panelapp_au_id;panelapp_ge_epilepsy;panelapp_ge_id;sysndd,,607434,,0,
HGNC:14880,GTPBP3,"GTP binding protein 3, mitochondrial",both,DEE,T1,ndd_with_epilepsy,9,clingen;g2p_dd;genes4epilepsy;orphadata_genes;panelapp_au_epilepsy;panelapp_au_id;panelapp_ge_epilepsy;panelapp_ge_id;sysndd,444013,608536,MONDO:0014525,0,
HGNC:4764,H3-3A,H3.3 histone A,both,DEE,T1,ndd_with_epilepsy,9,clingen;g2p_dd;genes4epilepsy;orphadata_genes;panelapp_au_epilepsy;panelapp_au_id;panelapp_ge_epilepsy;panelapp_ge_id;sysndd,715950;723358,601128,,0,
HGNC:4765,H3-3B,H3.3 histone B,both,DEE,T1,ndd_with_epilepsy,8,g2p_dd;genes4epilepsy;panelapp_au_epilepsy;panelapp_au_id;panelapp_ge_epilepsy;panelapp_ge_id;sfari;sysndd,,601058,,0,
HGNC:21033,HACE1,HECT domain and ankyrin repeat containing E3 ubiquitin protein ligase 1,both,DEE,T1,ndd_with_epilepsy,9,g2p_dd;genes4epilepsy;orphadata_genes;panelapp_au_epilepsy;panelapp_au_id;panelapp_ge_epilepsy;panelapp_ge_id;sfari;sysndd,464282;635,610876,MONDO:0005072;MONDO:0014764,0,
HGNC:16915,HAX1,HCLS1 associated protein X-1,both,"DEE, MCD",T1,ndd_with_epilepsy,8,g2p_dd;genes4epilepsy;orphadata_genes;panelapp_au_epilepsy;panelapp_au_id;panelapp_ge_epilepsy;panelapp_ge_id;sysndd,99749,605998,MONDO:0012548,0,
HGNC:4837,HCCS,holocytochrome c synthase,both,DEE,T1,ndd_with_epilepsy,8,g2p_dd;genes4epilepsy;orphadata_genes;panelapp_au_epilepsy;panelapp_au_id;panelapp_ge_epilepsy;panelapp_ge_id;sysndd,2556,300056,MONDO:0010672,0,
HGNC:4839,HCFC1,host cell factor C1,both,DEE,T1,ndd_with_epilepsy,10,clingen;g2p_dd;genes4epilepsy;orphadata_genes;panelapp_au_epilepsy;panelapp_au_id;panelapp_ge_epilepsy;panelapp_ge_id;sfari;sysndd,369962;777,300019,MONDO:0010657;MONDO:0019181,0,
HGNC:4845,HCN1,hyperpolarization activated cyclic nucleotide gated potassium channel 1,both,"GGE, DEE",T1,ndd_with_epilepsy,10,clingen;g2p_dd;genes4epilepsy;orphadata_genes;panelapp_au_epilepsy;panelapp_au_id;panelapp_ge_epilepsy;panelapp_ge_id;sfari;sysndd,36387;442835,602780,MONDO:0018214;MONDO:0018614,0,
HGNC:4846,HCN2,hyperpolarization activated cyclic nucleotide gated potassium and sodium channel 2,both,"GGE, DEE",T1,ndd_with_epilepsy,7,clingen;genes4epilepsy;panelapp_au_epilepsy;panelapp_au_id;panelapp_ge_epilepsy;panelapp_ge_id;sysndd,,602781,,0,
HGNC:4854,HDAC3,histone deacetylase 3,both,DEE,T1,ndd_with_epilepsy,6,g2p_dd;genes4epilepsy;panelapp_au_epilepsy;panelapp_au_id;panelapp_ge_id;sysndd,,605166,,0,
HGNC:13315,HDAC8,histone deacetylase 8,both,DEE,T1,ndd_with_epilepsy,9,clingen;g2p_dd;genes4epilepsy;orphadata_genes;panelapp_au_epilepsy;panelapp_au_id;panelapp_ge_id;sfari;sysndd,199;3459,300269,MONDO:0010665;MONDO:0016033,1,"Cornelia de Lange Syndrome Foundation, Inc."
HGNC:20157,HECTD1,HECT domain E3 ubiquitin protein ligase 1,both,DEE,T1,ndd_with_epilepsy,6,g2p_dd;genes4epilepsy;panelapp_au_epilepsy;panelapp_au_id;sfari;sysndd,,618649,,0,
HGNC:29853,HECW2,"HECT, C2 and WW domain containing E3 ubiquitin protein ligase 2",both,DEE,T1,ndd_with_epilepsy,10,clingen;g2p_dd;genes4epilepsy;orphadata_genes;panelapp_au_epilepsy;panelapp_au_id;panelapp_ge_epilepsy;panelapp_ge_id;sfari;sysndd,726695,617245,,0,
HGNC:26361,HEPACAM,hepatic and glial cell adhesion molecule,both,DEE,T1,ndd_with_epilepsy,9,clingen;genes4epilepsy;orphadata_genes;panelapp_au_epilepsy;panelapp_au_id;panelapp_ge_epilepsy;panelapp_ge_id;sfari;sysndd,210548;2478,611642,MONDO:0011391;MONDO:0011537,0,
HGNC:4868,HERC2,HECT and RLD domain containing E3 ubiquitin protein ligase 2,both,DEE,T1,ndd_with_epilepsy,9,g2p_dd;genes4epilepsy;orphadata_genes;panelapp_au_epilepsy;panelapp_au_id;panelapp_ge_epilepsy;panelapp_ge_id;sfari;sysndd,329195,605837,MONDO:0014224,0,
HGNC:4878,HEXA,hexosaminidase subunit alpha,both,DEE,T1,ndd_with_epilepsy,9,clingen;g2p_dd;genes4epilepsy;orphadata_genes;panelapp_au_epilepsy;panelapp_au_id;panelapp_ge_epilepsy;panelapp_ge_id;sysndd,309178;309185;309192,606869,MONDO:0017724;MONDO:0017725;MONDO:0017726,0,
HGNC:4879,HEXB,hexosaminidase subunit beta,both,DEE,T1,ndd_with_epilepsy,9,clingen;g2p_dd;genes4epilepsy;orphadata_genes;panelapp_au_epilepsy;panelapp_au_id;panelapp_ge_epilepsy;panelapp_ge_id;sysndd,309155;309162;309169,606873,MONDO:0017721;MONDO:0017722;MONDO:0017723,0,
HGNC:15736,HID1,HID1 domain containing,both,DEE,T1,ndd_with_epilepsy,6,genes4epilepsy;panelapp_au_epilepsy;panelapp_au_id;panelapp_ge_epilepsy;panelapp_ge_id;sysndd,,605752,,0,
HGNC:4921,HIVEP2,HIVEP zinc finger 2,both,DEE,T1,ndd_with_epilepsy,8,g2p_dd;genes4epilepsy;orphadata_genes;panelapp_au_epilepsy;panelapp_au_id;panelapp_ge_id;sfari;sysndd,178469,143054,MONDO:0015802,1,Hope for HIVEP2
HGNC:4922,HK1,hexokinase 1,both,DEE,T1,ndd_with_epilepsy,6,g2p_dd;genes4epilepsy;orphadata_genes;panelapp_au_id;panelapp_ge_id;sysndd,90031;99953,142600,MONDO:0009340;MONDO:0011534,0,
HGNC:4976,HLCS,holocarboxylase synthetase,both,DEE,T1,ndd_with_epilepsy,9,clingen;g2p_dd;genes4epilepsy;orphadata_genes;panelapp_au_epilepsy;panelapp_au_id;panelapp_ge_epilepsy;panelapp_ge_id;sysndd,79242,609018,MONDO:0009666,0,
HGNC:5005,HMGCL,3-hydroxy-3-methylglutaryl-CoA lyase,both,DEE,T1,ndd_with_epilepsy,9,clingen;g2p_dd;genes4epilepsy;orphadata_genes;panelapp_au_epilepsy;panelapp_au_id;panelapp_ge_epilepsy;panelapp_ge_id;sysndd,20,613898,MONDO:0009520,0,
HGNC:5041,HNRNPH1,heterogeneous nuclear ribonucleoprotein H1,both,DEE,T1,ndd_with_epilepsy,7,clingen;g2p_dd;genes4epilepsy;orphadata_genes;panelapp_au_id;panelapp_ge_id;sysndd,662207,601035,MONDO:0859301,0,
HGNC:5042,HNRNPH2,heterogeneous nuclear ribonucleoprotein H2,both,DEE,T1,ndd_with_epilepsy,10,clingen;g2p_dd;genes4epilepsy;orphadata_genes;panelapp_au_epilepsy;panelapp_au_id;panelapp_ge_epilepsy;panelapp_ge_id;sfari;sysndd,662198,300610,MONDO:0010512,4,COMBINEDBrain; HNRNP Family Foundation; HNRNPH2 registry (Citizen Health); Yellow Brick Road Project
HGNC:5044,HNRNPK,heterogeneous nuclear ribonucleoprotein K,both,"DEE, MCD",T1,ndd_with_epilepsy,9,clingen;g2p_dd;genes4epilepsy;orphadata_genes;panelapp_au_epilepsy;panelapp_au_id;panelapp_ge_id;sfari;sysndd,352665;453504,600712,MONDO:0014700;MONDO:0018131,2,HNRNP Family Foundation; HNRNP-Related Parent Connect
HGNC:5047,HNRNPR,heterogeneous nuclear ribonucleoprotein R,both,DEE,T1,ndd_with_epilepsy,10,clingen;g2p_dd;genes4epilepsy;orphadata_genes;panelapp_au_epilepsy;panelapp_au_id;panelapp_ge_epilepsy;panelapp_ge_id;sfari;sysndd,662189,607201,MONDO:0859297,2,HNRNP Family Foundation; HNRNP-Related Parent Connect
HGNC:5048,HNRNPU,heterogeneous nuclear ribonucleoprotein U,both,DEE,T1,ndd_with_epilepsy,10,clingen;g2p_dd;genes4epilepsy;orphadata_genes;panelapp_au_epilepsy;panelapp_au_id;panelapp_ge_epilepsy;panelapp_ge_id;sfari;sysndd,238769,602869,MONDO:0016561,4,HNRNP Family Foundation; HNRNP-Related Parent Connect; HNRNPU Foundation; HNRNPU Parent Connect
HGNC:5099,HOXA1,homeobox A1,both,DEE,T1,ndd_with_epilepsy,10,clingen;g2p_dd;genes4epilepsy;orphadata_genes;panelapp_au_epilepsy;panelapp_au_id;panelapp_ge_epilepsy;panelapp_ge_id;sfari;sysndd,69737;69739,142955,MONDO:0011099;MONDO:0019075,0,
HGNC:28242,HPDL,4-hydroxyphenylpyruvate dioxygenase like,both,DEE,T1,ndd_with_epilepsy,9,clingen;g2p_dd;genes4epilepsy;orphadata_genes;panelapp_au_epilepsy;panelapp_au_id;panelapp_ge_epilepsy;panelapp_ge_id;sysndd,631076;641353,618994,MONDO:0033613;MONDO:0033614,0,
HGNC:5157,HPRT1,hypoxanthine phosphoribosyltransferase 1,both,DEE,T1,ndd_with_epilepsy,9,clingen;g2p_dd;genes4epilepsy;orphadata_genes;panelapp_au_epilepsy;panelapp_au_id;panelapp_ge_epilepsy;panelapp_ge_id;sysndd,510;79233,308000,MONDO:0010298;MONDO:0010299,0,
HGNC:5173,HRAS,"HRas proto-oncogene, GTPase",both,DEE,T1,ndd_with_epilepsy,10,clingen;g2p_dd;genes4epilepsy;orphadata_genes;panelapp_au_epilepsy;panelapp_au_id;panelapp_ge_epilepsy;panelapp_ge_id;sfari;sysndd,146;2612;2874;3071;79414,190020,MONDO:0008097;MONDO:0009026;MONDO:0015447;MONDO:0017317;MONDO:0019311,3,Costello Kids; Costello Syndrome Family Network (CSFN); RASopathies Network
HGNC:5213,HSD17B4,hydroxysteroid 17-beta dehydrogenase 4,both,"DEE, MCD",T1,ndd_with_epilepsy,9,clingen;g2p_dd;genes4epilepsy;orphadata_genes;panelapp_au_epilepsy;panelapp_au_id;panelapp_ge_epilepsy;panelapp_ge_id;sysndd,300;642945;642976,601860,MONDO:0009300;MONDO:0009855;MONDO:0013972,0,
HGNC:5261,HSPD1,heat shock protein family D (Hsp60) member 1,both,"DEE, MCD",T1,ndd_with_epilepsy,8,g2p_dd;genes4epilepsy;orphadata_genes;panelapp_au_epilepsy;panelapp_au_id;panelapp_ge_epilepsy;panelapp_ge_id;sysndd,100994;280288,118190,MONDO:0011532;MONDO:0012824,0,
HGNC:14348,HTRA2,HtrA serine peptidase 2,both,DEE,T1,ndd_with_epilepsy,9,clingen;g2p_dd;genes4epilepsy;orphadata_genes;panelapp_au_epilepsy;panelapp_au_id;panelapp_ge_epilepsy;panelapp_ge_id;sysndd,2828;505208,606441,MONDO:0017279;MONDO:0044723,0,
HGNC:4851,HTT,huntingtin,both,PME,T1,ndd_with_epilepsy,6,clingen;genes4epilepsy;orphadata_genes;panelapp_au_id;panelapp_ge_id;sysndd,248111;399;528084,613004,MONDO:0007739;MONDO:0016621;MONDO:0100038,0,
HGNC:29685,IARS2,"isoleucyl-tRNA synthetase 2, mitochondrial",both,DEE,T1,ndd_with_epilepsy,6,clingen;g2p_dd;genes4epilepsy;orphadata_genes;panelapp_au_epilepsy;panelapp_ge_id,436174;506,612801,MONDO:0009723;MONDO:0014455,0,
HGNC:27302,IBA57,iron-sulfur cluster assembly factor IBA57,both,DEE,T1,ndd_with_epilepsy,7,clingen;genes4epilepsy;orphadata_genes;panelapp_au_epilepsy;panelapp_au_id;panelapp_ge_id;sysndd,363424;468661,615316,MONDO:0014132;MONDO:0014644,0,
HGNC:5383,IDH2,isocitrate dehydrogenase (NADP(+)) 2,both,DEE,T1,ndd_with_epilepsy,8,clingen;genes4epilepsy;orphadata_genes;panelapp_au_epilepsy;panelapp_au_id;panelapp_ge_epilepsy;panelapp_ge_id;sysndd,163634;251589;251598;251601;251604;251627;251630;251656;251663;296;726004;79315;86845,147650,MONDO:0008145;MONDO:0010924;MONDO:0013808;MONDO:0016684;MONDO:0016687;MONDO:0016688;MONDO:0016689;MONDO:0016695;MONDO:0016696;MONDO:0016702;MONDO:0016703;MONDO:0019456,0,
HGNC:18550,IER3IP1,immediate early response 3 interacting protein 1,both,DEE,T1,ndd_with_epilepsy,8,g2p_dd;genes4epilepsy;orphadata_genes;panelapp_au_epilepsy;panelapp_au_id;panelapp_ge_epilepsy;panelapp_ge_id;sysndd,306558,609382,MONDO:0031481,0,
HGNC:18873,IFIH1,interferon induced with helicase C domain 1,both,"DEE, MCD",T1,ndd_with_epilepsy,9,clingen;g2p_dd;genes4epilepsy;orphadata_genes;panelapp_au_epilepsy;panelapp_au_id;panelapp_ge_epilepsy;panelapp_ge_id;sysndd,51;689231;85191,606951,MONDO:0008429;MONDO:0018866;MONDO:0975919,0,
HGNC:5961,IKBKG,inhibitor of nuclear factor kappa B kinase regulatory subunit gamma,both,DEE,T1,ndd_with_epilepsy,9,clingen;g2p_dd;genes4epilepsy;orphadata_genes;panelapp_au_epilepsy;panelapp_au_id;panelapp_ge_epilepsy;panelapp_ge_id;sysndd,464;69088;699605;98813,300248,MONDO:0010293;MONDO:0010295;MONDO:0010631;MONDO:0800129,0,
HGNC:26052,INTS11,integrator complex subunit 11,both,DEE,T1,ndd_with_epilepsy,5,g2p_dd;genes4epilepsy;panelapp_au_id;panelapp_ge_id;sysndd,,611354,,0,
HGNC:26048,INTS8,integrator complex subunit 8,both,"DEE, MCD",T2,ndd_with_epilepsy,5,genes4epilepsy;panelapp_au_epilepsy;panelapp_au_id;panelapp_ge_id;sysndd,,611351,,0,
HGNC:29059,IQSEC2,IQ motif and Sec7 domain ArfGEF 2,both,DEE,T1,ndd_with_epilepsy,10,clingen;g2p_dd;genes4epilepsy;orphadata_genes;panelapp_au_epilepsy;panelapp_au_id;panelapp_ge_epilepsy;panelapp_ge_id;sfari;sysndd,217377;397933,300522,MONDO:0010428;MONDO:0010656,1,IQSEC2 family network
HGNC:14282,IRF2BPL,interferon regulatory factor 2 binding protein like,both,"DEE, PME",T1,ndd_with_epilepsy,10,clingen;g2p_dd;genes4epilepsy;orphadata_genes;panelapp_au_epilepsy;panelapp_au_id;panelapp_ge_epilepsy;panelapp_ge_id;sfari;sysndd,597623,611720,MONDO:0060759,10,Asociación Española IRF2BPL; EllysTeam; IRF2BPL Foundation; IRF2BPL Foundation - IRF2BPL Disorder; Lihi’s Smile; Stand by Eli Foundation; Tough Genes; Yellow for Yiannis; Yellow for Yiannis IRF2BPL-NEDAMSS Foundation; iDREAM For a Cure Foundation
HGNC:28660,ISCA1,iron-sulfur cluster assembly 1,both,DEE,T1,ndd_with_epilepsy,5,genes4epilepsy;orphadata_genes;panelapp_au_epilepsy;panelapp_au_id;sysndd,569274,611006,MONDO:0033282,0,
HGNC:6176,ITPA,inosine triphosphatase,both,DEE,T1,ndd_with_epilepsy,8,clingen;genes4epilepsy;orphadata_genes;panelapp_au_epilepsy;panelapp_au_id;panelapp_ge_epilepsy;panelapp_ge_id;sysndd,457375,147520,MONDO:0014719,0,
HGNC:6196,JARID2,jumonji and AT-rich interaction domain containing 2,both,DEE,T1,ndd_with_epilepsy,9,clingen;g2p_dd;genes4epilepsy;orphadata_genes;panelapp_au_epilepsy;panelapp_au_id;panelapp_ge_id;sfari;sysndd,528084,601594,MONDO:0100038,2,Simons Foundation; Simons Searchlight
HGNC:20184,JKAMP,JNK1/MAPK8 associated membrane protein,both,DEE,T1,ndd_with_epilepsy,7,g2p_dd;genes4epilepsy;panelapp_au_epilepsy;panelapp_au_id;panelapp_ge_epilepsy;panelapp_ge_id;sysndd,,611176,,0,
HGNC:12313,JMJD1C,jumonji domain containing 1C,both,DEE,T2,ndd_with_epilepsy,8,g2p_dd;genes4epilepsy;orphadata_genes;panelapp_au_epilepsy;panelapp_au_id;panelapp_ge_id;sfari;sysndd,567;91352,604503,MONDO:0004216;MONDO:0018923,0,
HGNC:24565,KANSL1,KAT8 regulatory NSL complex subunit 1,both,DEE,T1,ndd_with_epilepsy,9,clingen;g2p_dd;genes4epilepsy;orphadata_genes;panelapp_au_epilepsy;panelapp_au_id;panelapp_ge_id;sfari;sysndd,363958;363965,612452,MONDO:0018216;MONDO:0018217,2,KDVS Foundation; Koolen-de Vries Syndrome Foundation
HGNC:6215,KARS1,lysyl-tRNA synthetase 1,both,DEE,T1,ndd_with_epilepsy,9,clingen;g2p_dd;genes4epilepsy;orphadata_genes;panelapp_au_epilepsy;panelapp_au_id;panelapp_ge_epilepsy;panelapp_ge_id;sysndd,254334;3240;652532;90636,601421,MONDO:0013338;MONDO:0017924;MONDO:0019588;MONDO:0958094,1,CureARS
HGNC:5275,KAT5,lysine acetyltransferase 5,both,DEE,T1,ndd_with_epilepsy,8,g2p_dd;genes4epilepsy;orphadata_genes;panelapp_au_epilepsy;panelapp_au_id;panelapp_ge_epilepsy;panelapp_ge_id;sysndd,726684,601409,,0,
HGNC:13013,KAT6A,lysine acetyltransferase 6A,both,DEE,T1,ndd_with_epilepsy,9,clingen;g2p_dd;genes4epilepsy;orphadata_genes;panelapp_au_epilepsy;panelapp_au_id;panelapp_ge_id;sfari;sysndd,370026;457193,601408,MONDO:0014558;MONDO:0018256,2,KAT6 Foundation; KAT6A Foundation
HGNC:17933,KAT8,lysine acetyltransferase 8,both,DEE,T1,ndd_with_epilepsy,7,genes4epilepsy;orphadata_genes;panelapp_au_epilepsy;panelapp_au_id;panelapp_ge_epilepsy;panelapp_ge_id;sysndd,528084,609912,MONDO:0100038,0,
HGNC:6217,KATNB1,katanin regulatory subunit B1,both,MCD,T1,ndd_with_epilepsy,8,g2p_dd;genes4epilepsy;orphadata_genes;panelapp_au_epilepsy;panelapp_au_id;panelapp_ge_epilepsy;panelapp_ge_id;sysndd,89844,602703,MONDO:0009760,0,
HGNC:6218,KCNA1,potassium voltage-gated channel subfamily A member 1,both,DEE,T1,ndd_with_epilepsy,8,clingen;g2p_dd;genes4epilepsy;orphadata_genes;panelapp_au_epilepsy;panelapp_ge_epilepsy;panelapp_ge_id;sysndd,1934;199326;37612;972;98809,176260,MONDO:0008047;MONDO:0016048;MONDO:0019943;MONDO:0044202;MONDO:0800491,2,CACNA1A Foundation cross-coverage; National Ataxia Foundation
HGNC:6220,KCNA2,potassium voltage-gated channel subfamily A member 2,both,"GGE, Focal, DEE, PME",T1,ndd_with_epilepsy,10,clingen;g2p_dd;genes4epilepsy;orphadata_genes;panelapp_au_epilepsy;panelapp_au_id;panelapp_ge_epilepsy;panelapp_ge_id;sfari;sysndd,442835,176262,MONDO:0018614,2,KCNA2 Epilepsy Global Alliance; KCNA2 Parent Connection
HGNC:6221,KCNA3,potassium voltage-gated channel subfamily A member 3,both,DEE,T1,ndd_with_epilepsy,7,genes4epilepsy;panelapp_au_epilepsy;panelapp_au_id;panelapp_ge_epilepsy;panelapp_ge_id;sfari;sysndd,,176263,,0,
HGNC:6225,KCNA6,potassium voltage-gated channel subfamily A member 6,both,"Focal, DEE",T1,ndd_with_epilepsy,4,genes4epilepsy;panelapp_au_epilepsy;panelapp_au_id;sysndd,,176257,,0,
HGNC:6231,KCNB1,potassium voltage-gated channel subfamily B member 1,both,"DEE, MCD",T1,ndd_with_epilepsy,10,clingen;g2p_dd;genes4epilepsy;orphadata_genes;panelapp_au_epilepsy;panelapp_au_id;panelapp_ge_epilepsy;panelapp_ge_id;sfari;sysndd,442835,600397,MONDO:0018614,3,KCNB1 Foundation; KCNB1.org; Simons Searchlight KCNB1 Facebook community
HGNC:6232,KCNB2,potassium voltage-gated channel subfamily B member 2,both,DEE,T1,ndd_with_epilepsy,7,g2p_dd;genes4epilepsy;panelapp_au_epilepsy;panelapp_au_id;panelapp_ge_epilepsy;panelapp_ge_id;sysndd,,607738,,0,
HGNC:6233,KCNC1,potassium voltage-gated channel subfamily C member 1,both,"DEE, PME",T1,ndd_with_epilepsy,10,clingen;g2p_dd;genes4epilepsy;orphadata_genes;panelapp_au_epilepsy;panelapp_au_id;panelapp_ge_epilepsy;panelapp_ge_id;sfari;sysndd,435438,176258,MONDO:0014521,2,KCNC1 Foundation; The KCNC1 Foundation
HGNC:6234,KCNC2,potassium voltage-gated channel subfamily C member 2,both,"GGE, DEE",T1,ndd_with_epilepsy,8,clingen;genes4epilepsy;orphadata_genes;panelapp_au_epilepsy;panelapp_au_id;panelapp_ge_epilepsy;sfari;sysndd,442835,176256,MONDO:0018614,0,
HGNC:6237,KCND1,potassium voltage-gated channel subfamily D member 1,both,DEE,T1,ndd_with_epilepsy,5,genes4epilepsy;panelapp_au_epilepsy;panelapp_au_id;panelapp_ge_id;sysndd,,300281,,0,
HGNC:6238,KCND2,potassium voltage-gated channel subfamily D member 2,both,DEE,T1,ndd_with_epilepsy,9,clingen;g2p_dd;genes4epilepsy;panelapp_au_epilepsy;panelapp_au_id;panelapp_ge_epilepsy;panelapp_ge_id;sfari;sysndd,,605410,,0,
HGNC:6239,KCND3,potassium voltage-gated channel subfamily D member 3,both,DEE,T1,ndd_with_epilepsy,10,clingen;g2p_dd;genes4epilepsy;orphadata_genes;panelapp_au_epilepsy;panelapp_au_id;panelapp_ge_epilepsy;panelapp_ge_id;sfari;sysndd,130;98772,605411,MONDO:0011819;MONDO:0015263,0,
HGNC:6250,KCNH1,potassium voltage-gated channel subfamily H member 1,both,DEE,T1,ndd_with_epilepsy,10,clingen;g2p_dd;genes4epilepsy;orphadata_genes;panelapp_au_epilepsy;panelapp_au_id;panelapp_ge_epilepsy;panelapp_ge_id;sfari;sysndd,3473;420561,603305,MONDO:0000200;MONDO:0012735,5,Cure KCNH1; Cure KCNH1 Foundation; KCNH1 registry (Citizen Health); Temple-Baraitser Syndrome family network; Zimmermann-Laband Syndrome Foundation
HGNC:6254,KCNH5,potassium voltage-gated channel subfamily H member 5,both,"GGE, Focal, DEE",T1,ndd_with_epilepsy,10,clingen;g2p_dd;genes4epilepsy;orphadata_genes;panelapp_au_epilepsy;panelapp_au_id;panelapp_ge_epilepsy;panelapp_ge_id;sfari;sysndd,442835,605716,MONDO:0018614,0,
HGNC:18863,KCNH7,potassium voltage-gated channel subfamily H member 7,both,DEE,T2,ndd_with_epilepsy,3,genes4epilepsy;panelapp_au_epilepsy;sfari,,608169,,0,
HGNC:6256,KCNJ10,potassium inwardly rectifying channel subfamily J member 10,both,DEE,T1,ndd_with_epilepsy,10,clingen;g2p_dd;genes4epilepsy;orphadata_genes;panelapp_au_epilepsy;panelapp_au_id;panelapp_ge_epilepsy;panelapp_ge_id;sfari;sysndd,199343;705;98809,602208,MONDO:0010134;MONDO:0013005;MONDO:0044202,0,
HGNC:6257,KCNJ11,potassium inwardly rectifying channel subfamily J member 11,both,DEE,T1,ndd_with_epilepsy,9,clingen;g2p_dd;genes4epilepsy;orphadata_genes;panelapp_au_epilepsy;panelapp_au_id;panelapp_ge_epilepsy;panelapp_ge_id;sysndd,276580;276603;552;79134;79644;99885;99886;99989,600937,MONDO:0011073;MONDO:0017185;MONDO:0017188;MONDO:0018911;MONDO:0019207;MONDO:0019334;MONDO:0020569;MONDO:0100164,0,
HGNC:6279,KCNK4,potassium two pore domain channel subfamily K member 4,both,DEE,T1,ndd_with_epilepsy,9,clingen;g2p_dd;genes4epilepsy;orphadata_genes;panelapp_au_epilepsy;panelapp_au_id;panelapp_ge_epilepsy;panelapp_ge_id;sysndd,598603,605720,MONDO:0032714,0,
HGNC:6284,KCNMA1,potassium calcium-activated channel subfamily M alpha 1,both,DEE,T1,ndd_with_epilepsy,10,clingen;g2p_dd;genes4epilepsy;orphadata_genes;panelapp_au_epilepsy;panelapp_au_id;panelapp_ge_epilepsy;panelapp_ge_id;sfari;sysndd,664438;79137,600150,MONDO:0012276;MONDO:0032886,1,KCNMA1 Channelopathy International Advocacy Foundation
HGNC:6291,KCNN2,potassium calcium-activated channel subfamily N member 2,both,DEE,T1,ndd_with_epilepsy,7,g2p_dd;genes4epilepsy;panelapp_au_epilepsy;panelapp_au_id;panelapp_ge_id;sfari;sysndd,,605879,,0,
HGNC:6296,KCNQ2,potassium voltage-gated channel subfamily Q member 2,both,"Focal, DEE",T1,ndd_with_epilepsy,10,clingen;g2p_dd;genes4epilepsy;orphadata_genes;panelapp_au_epilepsy;panelapp_au_id;panelapp_ge_epilepsy;panelapp_ge_id;sfari;sysndd,140927;178469;1949;293181;306;439218,602235,MONDO:0011904;MONDO:0013387;MONDO:0015802;MONDO:0016027;MONDO:0017385;MONDO:0017615,4,KCNQ2 Cure; KCNQ2 Cure Alliance; KCNQ2 e.V.; KCNQ2 registry (Citizen Health)
HGNC:6297,KCNQ3,potassium voltage-gated channel subfamily Q member 3,both,"Focal, DEE",T1,ndd_with_epilepsy,10,clingen;g2p_dd;genes4epilepsy;orphadata_genes;panelapp_au_epilepsy;panelapp_au_id;panelapp_ge_epilepsy;panelapp_ge_id;sfari;sysndd,1949;306;307,602232,MONDO:0009696;MONDO:0016027;MONDO:0017615,2,KCNQ2 Cure Alliance; KCNQ3 Parent / Caregiver Support and Discussion Group
HGNC:6299,KCNQ5,potassium voltage-gated channel subfamily Q member 5,both,DEE,T1,ndd_with_epilepsy,8,g2p_dd;genes4epilepsy;orphadata_genes;panelapp_au_epilepsy;panelapp_au_id;panelapp_ge_epilepsy;panelapp_ge_id;sysndd,178469,607357,MONDO:0015802,0,
HGNC:18865,KCNT1,potassium sodium-activated channel subfamily T member 1,both,"Focal, DEE",T1,ndd_with_epilepsy,9,clingen;g2p_dd;genes4epilepsy;orphadata_genes;panelapp_au_epilepsy;panelapp_au_id;panelapp_ge_epilepsy;panelapp_ge_id;sysndd,293181;98784,608167,MONDO:0000030;MONDO:0017385,3,KCNT1 Epilepsy Foundation; KCNT1 Epilepsy registry (Citizen Health); KCNT1-Related Epilepsy
HGNC:18866,KCNT2,potassium sodium-activated channel subfamily T member 2,both,DEE,T1,ndd_with_epilepsy,8,clingen;g2p_dd;genes4epilepsy;panelapp_au_epilepsy;panelapp_au_id;panelapp_ge_epilepsy;panelapp_ge_id;sysndd,,610044,,1,Some shared infrastructure with KCNT1 community
HGNC:21305,KCTD3,potassium channel tetramerization domain containing 3,both,DEE,T1,ndd_with_epilepsy,6,genes4epilepsy;panelapp_au_epilepsy;panelapp_au_id;panelapp_ge_epilepsy;panelapp_ge_id;sysndd,,613272,,0,
HGNC:21957,KCTD7,potassium channel tetramerization domain containing 7,both,PME,T1,ndd_with_epilepsy,9,clingen;g2p_dd;genes4epilepsy;orphadata_genes;panelapp_au_epilepsy;panelapp_au_id;panelapp_ge_epilepsy;panelapp_ge_id;sysndd,263516;699708,611725,MONDO:0012721,3,BDSRA; Batten Disease Support & Research Association (BDSRA)(CLN1-CLN14); PME family network
HGNC:13606,KDM2A,lysine demethylase 2A,both,DEE,T1,ndd_with_epilepsy,7,g2p_dd;genes4epilepsy;panelapp_au_id;panelapp_ge_epilepsy;panelapp_ge_id;sfari;sysndd,,605657,,0,
HGNC:13610,KDM2B,lysine demethylase 2B,both,"DEE, MCD",T1,ndd_with_epilepsy,7,g2p_dd;genes4epilepsy;orphadata_genes;panelapp_au_id;panelapp_ge_id;sfari;sysndd,528084;717812;717841,609078,MONDO:0100038,0,
HGNC:29136,KDM4B,lysine demethylase 4B,both,"DEE, MCD",T1,ndd_with_epilepsy,9,clingen;g2p_dd;genes4epilepsy;orphadata_genes;panelapp_au_epilepsy;panelapp_au_id;panelapp_ge_id;sfari;sysndd,528084,609765,MONDO:0100038,0,
HGNC:9886,KDM5A,lysine demethylase 5A,both,DEE,T1,ndd_with_epilepsy,8,clingen;g2p_dd;genes4epilepsy;panelapp_au_epilepsy;panelapp_au_id;panelapp_ge_id;sfari;sysndd,,180202,,0,
HGNC:11114,KDM5C,lysine demethylase 5C,both,DEE,T1,ndd_with_epilepsy,9,clingen;g2p_dd;genes4epilepsy;orphadata_genes;panelapp_au_epilepsy;panelapp_au_id;panelapp_ge_id;sfari;sysndd,85279,314690,MONDO:0010355,2,KARES Foundation; KARES Foundation  (KDM5C)
HGNC:12637,KDM6A,lysine demethylase 6A,both,DEE,T1,ndd_with_epilepsy,9,clingen;g2p_dd;genes4epilepsy;orphadata_genes;panelapp_au_epilepsy;panelapp_au_id;panelapp_ge_id;sfari;sysndd,2322,300128,MONDO:0016512,0,
HGNC:26517,KICS2,KICSTOR subunit 2,both,DEE,T1,ndd_with_epilepsy,6,genes4epilepsy;panelapp_au_epilepsy;panelapp_au_id;panelapp_ge_epilepsy;panelapp_ge_id;sysndd,,617420,,0,
HGNC:888,KIF1A,kinesin family member 1A,both,DEE,T1,ndd_with_epilepsy,10,clingen;g2p_dd;genes4epilepsy;orphadata_genes;panelapp_au_epilepsy;panelapp_au_id;panelapp_ge_epilepsy;panelapp_ge_id;sfari;sysndd,101010;662367;970,601255,MONDO:0012476;MONDO:0013656;MONDO:0019941,3,COMBINEDBrain; KIF1A; KIF1A.ORG
HGNC:6318,KIF2A,kinesin family member 2A,both,DEE,T1,ndd_with_epilepsy,7,g2p_dd;genes4epilepsy;panelapp_au_epilepsy;panelapp_au_id;panelapp_ge_epilepsy;panelapp_ge_id;sysndd,,602591,,0,
HGNC:6323,KIF5A,kinesin family member 5A,both,DEE,T1,ndd_with_epilepsy,8,clingen;g2p_dd;genes4epilepsy;orphadata_genes;panelapp_au_epilepsy;panelapp_au_id;panelapp_ge_id;sysndd,100991;324611,602821,MONDO:0011408;MONDO:0017940,0,
HGNC:6324,KIF5B,kinesin family member 5B,both,DEE,T2,ndd_with_epilepsy,4,g2p_dd;genes4epilepsy;panelapp_ge_id;sysndd,,602809,,0,
HGNC:6325,KIF5C,kinesin family member 5C,both,"DEE, MCD",T1,ndd_with_epilepsy,9,clingen;g2p_dd;genes4epilepsy;panelapp_au_epilepsy;panelapp_au_id;panelapp_ge_epilepsy;panelapp_ge_id;sfari;sysndd,,604593,,0,
HGNC:23419,KIFBP,kinesin family binding protein,both,"DEE, MCD",T1,ndd_with_epilepsy,9,clingen;g2p_dd;genes4epilepsy;orphadata_genes;panelapp_au_epilepsy;panelapp_au_id;panelapp_ge_epilepsy;panelapp_ge_id;sysndd,66629,609367,MONDO:0012280,0,
HGNC:25056,KLHL20,kelch like family member 20,both,DEE,T1,ndd_with_epilepsy,9,clingen;g2p_dd;genes4epilepsy;panelapp_au_epilepsy;panelapp_au_id;panelapp_ge_epilepsy;panelapp_ge_id;sfari;sysndd,,617679,,0,
HGNC:7132,KMT2A,lysine methyltransferase 2A,both,DEE,T1,ndd_with_epilepsy,9,clingen;g2p_dd;genes4epilepsy;orphadata_genes;panelapp_au_epilepsy;panelapp_au_id;panelapp_ge_id;sfari;sysndd,319182;402017;585918;589534;589595;98831;98835,159555,MONDO:0011518;MONDO:0018434;MONDO:0020317;MONDO:0020321;MONDO:0035639;MONDO:0035642;MONDO:0035941,1,Wiedemann-Steiner Foundation
HGNC:15840,KMT2B,lysine methyltransferase 2B,both,DEE,T1,ndd_with_epilepsy,9,clingen;g2p_dd;genes4epilepsy;orphadata_genes;panelapp_au_epilepsy;panelapp_au_id;panelapp_ge_id;sfari;sysndd,528084;589618,606834,MONDO:0015004;MONDO:0100038,0,
HGNC:13726,KMT2C,lysine methyltransferase 2C,both,DEE,T1,ndd_with_epilepsy,9,clingen;g2p_dd;genes4epilepsy;orphadata_genes;panelapp_au_epilepsy;panelapp_au_id;panelapp_ge_id;sfari;sysndd,261652,606833,MONDO:0016865,2,KMT2C Foundation; KMT2C registry (Citizen Health)
HGNC:7133,KMT2D,lysine methyltransferase 2D,both,DEE,T1,ndd_with_epilepsy,9,clingen;g2p_dd;genes4epilepsy;orphadata_genes;panelapp_au_epilepsy;panelapp_au_id;panelapp_ge_id;sfari;sysndd,2322;589856,602113,MONDO:0016512;MONDO:0035651,3,All Things Kabuki; Kabuki Syndrome Foundation; Kabuki UK
HGNC:18541,KMT2E,lysine methyltransferase 2E (inactive),both,DEE,T1,ndd_with_epilepsy,10,clingen;g2p_dd;genes4epilepsy;orphadata_genes;panelapp_au_epilepsy;panelapp_au_id;panelapp_ge_epilepsy;panelapp_ge_id;sfari;sysndd,528084,608444,MONDO:0100038,2,KMT2E Foundation O’Donnell-Luria-Rodan Syndrome; KMT2E registry (Citizen Health)
HGNC:24283,KMT5B,lysine methyltransferase 5B,both,DEE,T1,ndd_with_epilepsy,9,clingen;g2p_dd;genes4epilepsy;orphadata_genes;panelapp_au_id;panelapp_ge_epilepsy;panelapp_ge_id;sfari;sysndd,684226,610881,MONDO:0030917,1,Simons Searchlight
HGNC:6404,KPTN,"kaptin, actin binding protein",both,DEE,T1,ndd_with_epilepsy,10,clingen;g2p_dd;genes4epilepsy;orphadata_genes;panelapp_au_epilepsy;panelapp_au_id;panelapp_ge_epilepsy;panelapp_ge_id;sfari;sysndd,397612,615620,MONDO:0014289,1,KPTN Alliance
HGNC:1573,KRIT1,KRIT1 ankyrin repeat containing,both,MCD,T1,ndd_with_epilepsy,5,g2p_dd;genes4epilepsy;orphadata_genes;panelapp_au_epilepsy;panelapp_ge_id,221061,604214,MONDO:0031037,1,Alliance to Cure Cavernous Malformation
HGNC:20499,L2HGDH,L-2-hydroxyglutarate dehydrogenase,both,DEE,T1,ndd_with_epilepsy,8,clingen;g2p_dd;genes4epilepsy;orphadata_genes;panelapp_au_epilepsy;panelapp_au_id;panelapp_ge_id;sysndd,79314,609584,MONDO:0009370,0,
HGNC:6482,LAMA2,laminin subunit alpha 2,both,"DEE, MCD",T1,ndd_with_epilepsy,8,clingen;g2p_dd;genes4epilepsy;orphadata_genes;panelapp_au_epilepsy;panelapp_au_id;panelapp_ge_id;sysndd,258;565837,156225,MONDO:0011925;MONDO:0029136,7,CMD Turkey; Cure CMD; ImpulsaT; LAMA2 France; Olivia Bloomfield Foundation; Struggle Against Muscular Dystrophy LAMA2/UK; Voor Sara
HGNC:6494,LAMC3,laminin subunit gamma 3,both,"DEE, MCD",T1,ndd_with_epilepsy,9,clingen;g2p_dd;genes4epilepsy;orphadata_genes;panelapp_au_epilepsy;panelapp_au_id;panelapp_ge_epilepsy;panelapp_ge_id;sysndd,280640,604349,MONDO:0013583,0,
HGNC:6511,LARGE1,LARGE xylosyl- and glucuronyltransferase 1,both,DEE,T1,ndd_with_epilepsy,9,clingen;g2p_dd;genes4epilepsy;orphadata_genes;panelapp_au_epilepsy;panelapp_au_id;panelapp_ge_epilepsy;panelapp_ge_id;sysndd,370968;588;899,603590,MONDO:0000171;MONDO:0018278;MONDO:0018939,0,
HGNC:6512,LARS1,leucyl-tRNA synthetase 1,both,DEE,T1,ndd_with_epilepsy,6,genes4epilepsy;orphadata_genes;panelapp_au_epilepsy;panelapp_au_id;panelapp_ge_epilepsy;panelapp_ge_id,370088,151350,MONDO:0024568,1,CureARS
HGNC:6572,LGI1,leucine rich glioma inactivated 1,both,"Focal, DEE",T1,ndd_with_epilepsy,8,clingen;genes4epilepsy;orphadata_genes;panelapp_au_epilepsy;panelapp_au_id;panelapp_ge_epilepsy;panelapp_ge_id;sysndd,101046;1934,604619,MONDO:0010898;MONDO:0800491,0,
HGNC:16429,LIAS,lipoic acid synthetase,both,DEE,T1,ndd_with_epilepsy,9,clingen;g2p_dd;genes4epilepsy;orphadata_genes;panelapp_au_epilepsy;panelapp_au_id;panelapp_ge_epilepsy;panelapp_ge_id;sysndd,401859,607031,MONDO:0013762,0,
HGNC:6600,LIG3,DNA ligase 3,both,DEE,T1,ndd_with_epilepsy,5,clingen;genes4epilepsy;orphadata_genes;panelapp_au_epilepsy;sysndd,298,600940,MONDO:0017575,0,
HGNC:37216,LIPT2,lipoyl(octanoyl) transferase 2,both,DEE,T1,ndd_with_epilepsy,8,clingen;g2p_dd;genes4epilepsy;panelapp_au_epilepsy;panelapp_au_id;panelapp_ge_epilepsy;panelapp_ge_id;sysndd,,617659,,0,
HGNC:25287,LMBRD2,LMBR1 domain containing 2,both,DEE,T1,ndd_with_epilepsy,8,g2p_dd;genes4epilepsy;orphadata_genes;panelapp_au_epilepsy;panelapp_au_id;panelapp_ge_epilepsy;panelapp_ge_id;sysndd,528084,619490,MONDO:0100038,0,
HGNC:6638,LMNB2,lamin B2,both,PME,T1,ndd_with_epilepsy,8,g2p_dd;genes4epilepsy;orphadata_genes;panelapp_au_epilepsy;panelapp_au_id;panelapp_ge_epilepsy;panelapp_ge_id;sysndd,457265;79087,150341,MONDO:0012104;MONDO:0014685,0,
HGNC:6654,LMX1B,LIM homeobox transcription factor 1 beta,both,DEE,T1,ndd_with_epilepsy,7,clingen;g2p_dd;genes4epilepsy;orphadata_genes;panelapp_au_epilepsy;panelapp_ge_id;sfari,2613;2614;495818,602575,MONDO:0008061;MONDO:0009724;MONDO:0044641,0,
HGNC:21610,LNPK,"lunapark, ER junction formation factor",both,DEE,T1,ndd_with_epilepsy,8,g2p_dd;genes4epilepsy;panelapp_au_epilepsy;panelapp_au_id;panelapp_ge_epilepsy;panelapp_ge_id;sfari;sysndd,,610236,,0,
HGNC:1742,LRBA,LPS responsive beige-like anchor protein,both,DEE,T1,ndd_with_epilepsy,5,clingen;g2p_dd;genes4epilepsy;orphadata_genes;sfari,445018,606453,MONDO:0013863,0,
HGNC:15714,LRPPRC,leucine rich pentatricopeptide repeat containing,both,DEE,T1,ndd_with_epilepsy,8,clingen;g2p_dd;genes4epilepsy;orphadata_genes;panelapp_au_epilepsy;panelapp_au_id;panelapp_ge_id;sysndd,70472,607544,MONDO:0009069,0,
HGNC:18531,LRRC7,leucine rich repeat containing 7,both,DEE,T1,ndd_with_epilepsy,4,genes4epilepsy;panelapp_au_id;panelapp_ge_id;sysndd,,614453,,0,
HGNC:6708,LSS,lanosterol synthase,both,DEE,T1,ndd_with_epilepsy,7,genes4epilepsy;orphadata_genes;panelapp_au_epilepsy;panelapp_au_id;panelapp_ge_epilepsy;panelapp_ge_id;sysndd,1366;2850;55654;98994,600909,MONDO:0008756;MONDO:0008923;MONDO:0018914;MONDO:0021548,0,
HGNC:1968,LYST,lysosomal trafficking regulator,both,DEE,T1,ndd_with_epilepsy,9,clingen;g2p_dd;genes4epilepsy;orphadata_genes;panelapp_au_epilepsy;panelapp_au_id;panelapp_ge_epilepsy;panelapp_ge_id;sysndd,167;352723,606897,MONDO:0008963;MONDO:0018133,0,
HGNC:13664,MACF1,microtubule actin crosslinking factor 1,both,"DEE, MCD",T1,ndd_with_epilepsy,10,clingen;g2p_dd;genes4epilepsy;orphadata_genes;panelapp_au_epilepsy;panelapp_au_id;panelapp_ge_epilepsy;panelapp_ge_id;sfari;sysndd,572013,608271,MONDO:0032677,0,
HGNC:6766,MADD,MAP kinase activating death domain,both,DEE,T1,ndd_with_epilepsy,9,g2p_dd;genes4epilepsy;orphadata_genes;panelapp_au_epilepsy;panelapp_au_id;panelapp_ge_epilepsy;panelapp_ge_id;sfari;sysndd,528084;686495,603584,MONDO:0033561;MONDO:0100038,0,
HGNC:6776,MAF,MAF bZIP transcription factor,both,DEE,T1,ndd_with_epilepsy,8,g2p_dd;genes4epilepsy;orphadata_genes;panelapp_au_epilepsy;panelapp_au_id;panelapp_ge_epilepsy;panelapp_ge_id;sysndd,1272;1377;98984;98989,177075,MONDO:0011049;MONDO:0011430;MONDO:0015300;MONDO:0020374,0,
HGNC:6831,MANBA,mannosidase beta,both,DEE,T1,ndd_with_epilepsy,9,clingen;g2p_dd;genes4epilepsy;orphadata_genes;panelapp_au_epilepsy;panelapp_au_id;panelapp_ge_epilepsy;panelapp_ge_id;sysndd,118,609489,MONDO:0009562,2,International Society for Mannosidosis & Related Diseases; Lost Enzyme Project
HGNC:6836,MAP1B,microtubule associated protein 1B,both,MCD,T1,ndd_with_epilepsy,8,clingen;genes4epilepsy;orphadata_genes;panelapp_au_epilepsy;panelapp_au_id;panelapp_ge_id;sfari;sysndd,90635;98892,157129,MONDO:0019587;MONDO:0020341,0,
HGNC:6840,MAP2K1,mitogen-activated protein kinase kinase 1,both,DEE,T1,ndd_with_epilepsy,9,clingen;g2p_dd;genes4epilepsy;orphadata_genes;panelapp_au_epilepsy;panelapp_au_id;panelapp_ge_epilepsy;panelapp_ge_id;sysndd,1340;389,176872,MONDO:0015280;MONDO:0018310,3,CFC International; CFC International Cardio-Facio-Cutaneous Syndrome; RASopathies Network
HGNC:6842,MAP2K2,mitogen-activated protein kinase kinase 2,both,DEE,T1,ndd_with_epilepsy,9,clingen;g2p_dd;genes4epilepsy;orphadata_genes;panelapp_au_epilepsy;panelapp_au_id;panelapp_ge_epilepsy;panelapp_ge_id;sysndd,1340;638,601263,MONDO:0011035;MONDO:0015280,3,CFC International; CFC International Cardio-Facio-Cutaneous Syndrome; RASopathies Network
HGNC:3332,MARK2,microtubule affinity regulating kinase 2,both,DEE,T1,ndd_with_epilepsy,8,genes4epilepsy;orphadata_genes;panelapp_au_epilepsy;panelapp_au_id;panelapp_ge_epilepsy;panelapp_ge_id;sfari;sysndd,528084,600526,MONDO:0100038,0,
HGNC:19034,MAST1,microtubule associated serine/threonine kinase 1,both,"DEE, MCD",T1,ndd_with_epilepsy,8,g2p_dd;genes4epilepsy;panelapp_au_epilepsy;panelapp_au_id;panelapp_ge_epilepsy;panelapp_ge_id;sfari;sysndd,,612256,,3,"MAST Foundation; MAST Genes Research Foundation (MAST 1-4, L); MAST1 Facebook Group"
HGNC:19036,MAST3,microtubule associated serine/threonine kinase 3,both,"DEE, MCD",T1,ndd_with_epilepsy,8,g2p_dd;genes4epilepsy;panelapp_au_epilepsy;panelapp_au_id;panelapp_ge_epilepsy;panelapp_ge_id;sfari;sysndd,,612258,,2,"MAST Foundation; MAST Genes Research Foundation (MAST 1-4, L)"
HGNC:19037,MAST4,microtubule associated serine/threonine kinase family member 4,both,DEE,T1,ndd_with_epilepsy,6,genes4epilepsy;panelapp_au_epilepsy;panelapp_au_id;panelapp_ge_epilepsy;panelapp_ge_id;sysndd,,618002,,2,"MAST Foundation; MAST Genes Research Foundation (MAST 1-4, L)"
HGNC:20444,MBD5,methyl-CpG binding domain protein 5,both,DEE,T1,ndd_with_epilepsy,10,clingen;g2p_dd;genes4epilepsy;orphadata_genes;panelapp_au_epilepsy;panelapp_au_id;panelapp_ge_epilepsy;panelapp_ge_id;sfari;sysndd,178469;228402,611472,MONDO:0015802;MONDO:0016459,1,MAND Caregiver Support Network
HGNC:15505,MBOAT7,membrane bound acylglycerophosphatidylinositol O-acyltransferase MBOAT7,both,DEE,T1,ndd_with_epilepsy,10,clingen;g2p_dd;genes4epilepsy;orphadata_genes;panelapp_au_epilepsy;panelapp_au_id;panelapp_ge_epilepsy;panelapp_ge_id;sfari;sysndd,88616,606048,MONDO:0019502,0,
HGNC:6946,MCM3AP,minichromosome maintenance complex component 3 associated protein,both,DEE,T1,ndd_with_epilepsy,7,clingen;genes4epilepsy;panelapp_au_epilepsy;panelapp_au_id;panelapp_ge_epilepsy;panelapp_ge_id;sysndd,,603294,,0,
HGNC:6954,MCPH1,microcephalin 1,both,MCD,T1,ndd_with_epilepsy,8,clingen;g2p_dd;genes4epilepsy;orphadata_genes;panelapp_au_id;panelapp_ge_id;sfari;sysndd,2512,607117,MONDO:0016660,0,
HGNC:19835,MDGA2,MAM domain containing glycosylphosphatidylinositol anchor 2,both,DEE,T1,ndd_with_epilepsy,7,g2p_dd;genes4epilepsy;orphadata_genes;panelapp_au_epilepsy;panelapp_au_id;sfari;sysndd,442835,611128,MONDO:0018614,0,
HGNC:6970,MDH1,malate dehydrogenase 1,both,DEE,T2,ndd_with_epilepsy,3,genes4epilepsy;panelapp_au_epilepsy;sysndd,,154200,,0,
HGNC:6971,MDH2,malate dehydrogenase 2,both,DEE,T1,ndd_with_epilepsy,8,g2p_dd;genes4epilepsy;orphadata_genes;panelapp_au_epilepsy;panelapp_au_id;panelapp_ge_epilepsy;panelapp_ge_id;sysndd,29072,154100,MONDO:0017366,0,
HGNC:6990,MECP2,methyl-CpG binding protein 2,both,DEE,T1,ndd_with_epilepsy,10,clingen;g2p_dd;genes4epilepsy;orphadata_genes;panelapp_au_epilepsy;panelapp_au_id;panelapp_ge_epilepsy;panelapp_ge_id;sfari;sysndd,1762;209370;3077;3095;536;777;778,300005,MONDO:0007915;MONDO:0010235;MONDO:0010283;MONDO:0010397;MONDO:0010726;MONDO:0017746;MONDO:0019181,7,International Rett Syndrome Foundation; MECP2 Duplication Foundation; MECP2 Duplication Syndrome (MDS); Rett Syndrome Research Trust; Rett Syndrome Research Trust (RSRT); Rett Syndrome.org; Reverse Rett (UK)
HGNC:32687,MED11,mediator complex subunit 11,both,DEE,T1,ndd_with_epilepsy,7,g2p_dd;genes4epilepsy;panelapp_au_epilepsy;panelapp_au_id;panelapp_ge_epilepsy;panelapp_ge_id;sysndd,,612383,,0,
HGNC:11957,MED12,mediator complex subunit 12,both,"Focal, DEE",T1,ndd_with_epilepsy,9,clingen;g2p_dd;genes4epilepsy;orphadata_genes;panelapp_au_epilepsy;panelapp_au_id;panelapp_ge_epilepsy;panelapp_ge_id;sysndd,1415;293707;776;777;93932,300188,MONDO:0010477;MONDO:0010590;MONDO:0010655;MONDO:0012997;MONDO:0019181,1,MED12 Foundation
HGNC:22962,MED13L,mediator complex subunit 13L,both,DEE,T1,ndd_with_epilepsy,9,clingen;g2p_dd;genes4epilepsy;orphadata_genes;panelapp_au_epilepsy;panelapp_au_id;panelapp_ge_id;sfari;sysndd,216718;369891,608771,MONDO:0014773;MONDO:0016302,4,MED13L (Germany); MED13L España; MED13L Foundation; MED13L registry (Citizen Health)
HGNC:2375,MED17,mediator complex subunit 17,both,DEE,T1,ndd_with_epilepsy,8,g2p_dd;genes4epilepsy;orphadata_genes;panelapp_au_epilepsy;panelapp_au_id;panelapp_ge_epilepsy;panelapp_ge_id;sysndd,402364,603810,MONDO:0013351,0,
HGNC:2372,MED23,mediator complex subunit 23,both,DEE,T1,ndd_with_epilepsy,8,clingen;g2p_dd;genes4epilepsy;orphadata_genes;panelapp_au_id;panelapp_ge_id;sfari;sysndd,88616,605042,MONDO:0019502,1,Hope4tylerandluke - Med 23 gene defect
HGNC:28845,MED25,mediator complex subunit 25,both,DEE,T1,ndd_with_epilepsy,7,clingen;g2p_dd;genes4epilepsy;orphadata_genes;panelapp_au_id;panelapp_ge_id;sysndd,464738;88616,610197,MONDO:0014643;MONDO:0019502,0,
HGNC:2377,MED27,mediator complex subunit 27,both,DEE,T1,ndd_with_epilepsy,9,clingen;g2p_dd;genes4epilepsy;orphadata_genes;panelapp_au_epilepsy;panelapp_au_id;panelapp_ge_epilepsy;panelapp_ge_id;sysndd,726677,605044,,0,
HGNC:6996,MEF2C,myocyte enhancer factor 2C,both,DEE,T1,ndd_with_epilepsy,10,clingen;g2p_dd;genes4epilepsy;orphadata_genes;panelapp_au_epilepsy;panelapp_au_id;panelapp_ge_epilepsy;panelapp_ge_id;sfari;sysndd,228384;576227;664416,600662,MONDO:0016456;MONDO:0035554;MONDO:0975751,6,Asociacion MEF2C; MEF2C Family Foundation; MEF2C Foundation; MEF2C Haploinsufficiency Syndrome (MCHS); MEF2C registry (Citizen Health); US MEF2C Foundation
HGNC:24858,MFF,mitochondrial fission factor,both,DEE,T1,ndd_with_epilepsy,9,clingen;g2p_dd;genes4epilepsy;orphadata_genes;panelapp_au_epilepsy;panelapp_au_id;panelapp_ge_epilepsy;panelapp_ge_id;sysndd,485421,614785,MONDO:0014905,0,
HGNC:28486,MFSD8,major facilitator superfamily domain containing 8,both,PME,T1,ndd_with_epilepsy,9,clingen;g2p_dd;genes4epilepsy;orphadata_genes;panelapp_au_epilepsy;panelapp_au_id;panelapp_ge_epilepsy;panelapp_ge_id;sysndd,1872;228366,611124,MONDO:0012588;MONDO:0015993,2,Batten Disease Support & Research Association (BDSRA)(CLN1-CLN14); Batten Disease Support and Research Association
HGNC:7102,MINPP1,multiple inositol-polyphosphate phosphatase 1,both,"DEE, MCD",T1,ndd_with_epilepsy,8,clingen;g2p_dd;genes4epilepsy;orphadata_genes;panelapp_au_epilepsy;panelapp_ge_epilepsy;panelapp_ge_id;sysndd,319487;728514,605391,MONDO:0017895,0,
HGNC:17082,MLC1,modulator of VRAC current 1,both,DEE,T1,ndd_with_epilepsy,9,clingen;g2p_dd;genes4epilepsy;orphadata_genes;panelapp_au_epilepsy;panelapp_au_id;panelapp_ge_epilepsy;panelapp_ge_id;sysndd,2478,605908,MONDO:0011391,0,
HGNC:24525,MMACHC,metabolism of cobalamin associated C,both,DEE,T1,ndd_with_epilepsy,9,clingen;g2p_dd;genes4epilepsy;orphadata_genes;panelapp_au_epilepsy;panelapp_au_id;panelapp_ge_epilepsy;panelapp_ge_id;sysndd,79282,609831,MONDO:0010184,0,
HGNC:25221,MMADHC,metabolism of cobalamin associated D,both,DEE,T1,ndd_with_epilepsy,9,clingen;g2p_dd;genes4epilepsy;orphadata_genes;panelapp_au_epilepsy;panelapp_au_id;panelapp_ge_epilepsy;panelapp_ge_id;sysndd,308380;308442;79283,611935,MONDO:0010185;MONDO:0017683;MONDO:0017685,0,
HGNC:7190,MOCS1,molybdenum cofactor synthesis 1,both,DEE,T1,ndd_with_epilepsy,9,clingen;g2p_dd;genes4epilepsy;orphadata_genes;panelapp_au_epilepsy;panelapp_au_id;panelapp_ge_epilepsy;panelapp_ge_id;sysndd,308386,603707,MONDO:0009643,0,
HGNC:7193,MOCS2,molybdenum cofactor synthesis 2,both,DEE,T1,ndd_with_epilepsy,9,clingen;g2p_dd;genes4epilepsy;orphadata_genes;panelapp_au_epilepsy;panelapp_au_id;panelapp_ge_epilepsy;panelapp_ge_id;sysndd,308393,603708,MONDO:0009644,0,
HGNC:24862,MOGS,mannosyl-oligosaccharide glucosidase,both,DEE,T1,ndd_with_epilepsy,9,clingen;g2p_dd;genes4epilepsy;orphadata_genes;panelapp_au_epilepsy;panelapp_au_id;panelapp_ge_epilepsy;panelapp_ge_id;sysndd,79330,601336,MONDO:0011629,0,
HGNC:23573,MORC2,MORC family CW-type zinc finger 2,both,DEE,T1,ndd_with_epilepsy,7,clingen;g2p_dd;genes4epilepsy;orphadata_genes;panelapp_au_id;panelapp_ge_id;sysndd,466768,616661,MONDO:0014736,0,
HGNC:7207,MPDU1,mannose-P-dolichol utilization defect 1,both,DEE,T1,ndd_with_epilepsy,9,clingen;g2p_dd;genes4epilepsy;orphadata_genes;panelapp_au_epilepsy;panelapp_au_id;panelapp_ge_epilepsy;panelapp_ge_id;sysndd,79323,604041,MONDO:0012211,0,
HGNC:25544,MSL2,MSL complex subunit 2,both,DEE,T1,ndd_with_epilepsy,7,g2p_dd;genes4epilepsy;orphadata_genes;panelapp_au_id;panelapp_ge_id;sfari;sysndd,528084,614802,MONDO:0100038,0,
HGNC:7414,MT-ATP6,mitochondrially encoded ATP synthase membrane subunit 6,both,"DEE, PME",T1,ndd_with_epilepsy,6,clingen;genes4epilepsy;orphadata_genes;panelapp_au_id;panelapp_ge_id;sysndd,104;225154;254913;255210;320360;397750;644,516060,MONDO:0010080;MONDO:0010788;MONDO:0010794;MONDO:0014471;MONDO:0016814;MONDO:0017917;MONDO:0018343,0,
HGNC:7489,MT-TK,mitochondrially encoded tRNA-Lys (AAA/G),both,PME,T1,ndd_with_epilepsy,6,clingen;genes4epilepsy;orphadata_genes;panelapp_ge_epilepsy;panelapp_ge_id;sysndd,1349;255210;551,590060,MONDO:0010790;MONDO:0015283;MONDO:0016814,0,
HGNC:7490,MT-TL1,mitochondrially encoded tRNA-Leu (UUA/G) 1,both,"DEE, PME",T1,ndd_with_epilepsy,6,clingen;g2p_dd;genes4epilepsy;orphadata_genes;panelapp_ge_epilepsy;sysndd,255210;324525;480;550;551;663,590050,MONDO:0010787;MONDO:0010789;MONDO:0010790;MONDO:0016814;MONDO:0017933;MONDO:0019016,0,
HGNC:7436,MTHFR,methylenetetrahydrofolate reductase,both,DEE,T1,ndd_with_epilepsy,10,clingen;g2p_dd;genes4epilepsy;orphadata_genes;panelapp_au_epilepsy;panelapp_au_id;panelapp_ge_epilepsy;panelapp_ge_id;sfari;sysndd,395;563609;563612,607093,MONDO:0009353;MONDO:0035401;MONDO:0035402,0,
HGNC:7437,MTHFS,methenyltetrahydrofolate synthetase,both,DEE,T1,ndd_with_epilepsy,7,genes4epilepsy;orphadata_genes;panelapp_au_epilepsy;panelapp_au_id;panelapp_ge_epilepsy;panelapp_ge_id;sysndd,597874,604197,MONDO:0032705,0,
HGNC:29601,MTNAP1,mitochondrial nucleoid associated protein 1,both,DEE,T2,ndd_with_epilepsy,3,genes4epilepsy;panelapp_au_epilepsy;panelapp_au_id,,620717,,0,
HGNC:3942,MTOR,mechanistic target of rapamycin kinase,both,"DEE, MCD",T1,ndd_with_epilepsy,10,clingen;g2p_dd;genes4epilepsy;orphadata_genes;panelapp_au_epilepsy;panelapp_au_id;panelapp_ge_epilepsy;panelapp_ge_id;sfari;sysndd,269001;269008;457485;99802,601231,MONDO:0014716;MONDO:0017101;MONDO:0017102;MONDO:0020492,3,SKS Awareness; Smith-Kingsmore Syndrome Foundation; mTORopathy umbrella with TSC Alliance
HGNC:7468,MTR,5-methyltetrahydrofolate-homocysteine methyltransferase,both,DEE,T1,ndd_with_epilepsy,9,clingen;g2p_dd;genes4epilepsy;orphadata_genes;panelapp_au_epilepsy;panelapp_au_id;panelapp_ge_epilepsy;panelapp_ge_id;sysndd,2170,156570,MONDO:0009609,0,
HGNC:23386,MYCBP2,MYC binding protein 2,both,"DEE, MCD",T1,ndd_with_epilepsy,8,g2p_dd;genes4epilepsy;orphadata_genes;panelapp_au_epilepsy;panelapp_au_id;panelapp_ge_id;sfari;sysndd,528084,610392,MONDO:0100038,0,
HGNC:7623,MYT1L,myelin transcription factor 1 like,both,DEE,T1,ndd_with_epilepsy,9,clingen;g2p_dd;genes4epilepsy;orphadata_genes;panelapp_au_epilepsy;panelapp_au_id;panelapp_ge_id;sfari;sysndd,647799;699850,613084,MONDO:0957477;MONDO:0979353,3,Extra-Vaillants MYT1L; MYT1L Project; Simons Searchlight Community (4)
HGNC:18704,NAA10,"N-alpha-acetyltransferase 10, NatA catalytic subunit",both,DEE,T1,ndd_with_epilepsy,9,clingen;g2p_dd;genes4epilepsy;orphadata_genes;panelapp_au_epilepsy;panelapp_au_id;panelapp_ge_id;sfari;sysndd,276432;568,300013,MONDO:0010457;MONDO:0018924,1,Ogden Cares (Ogden Syndrome/NAA10-Related Research)
HGNC:30782,NAA15,"N-alpha-acetyltransferase 15, NatA auxiliary subunit",both,DEE,T1,ndd_with_epilepsy,8,clingen;g2p_dd;genes4epilepsy;orphadata_genes;panelapp_au_id;panelapp_ge_id;sfari;sysndd,528084,608000,MONDO:0100038,2,NAA15 Families Together; Simons Searchlight Community - NAA15 Facebook group
HGNC:20967,NACC1,nucleus accumbens associated 1,both,DEE,T1,ndd_with_epilepsy,10,clingen;g2p_dd;genes4epilepsy;orphadata_genes;panelapp_au_epilepsy;panelapp_au_id;panelapp_ge_epilepsy;panelapp_ge_id;sfari;sysndd,500545,610672,MONDO:0044306,0,
HGNC:7632,NAGLU,N-acetyl-alpha-glucosaminidase,both,DEE,T1,ndd_with_epilepsy,8,clingen;g2p_dd;genes4epilepsy;orphadata_genes;panelapp_au_epilepsy;panelapp_au_id;panelapp_ge_id;sysndd,447964;79270,609701,MONDO:0009656;MONDO:0014665,0,
HGNC:19082,NALCN,"sodium leak channel, non-selective",both,DEE,T1,ndd_with_epilepsy,7,g2p_dd;genes4epilepsy;orphadata_genes;panelapp_au_epilepsy;panelapp_au_id;panelapp_ge_id;sysndd,1146;1147;2053;562528;700336,611549,MONDO:0008675;MONDO:0011128;MONDO:0014556;MONDO:0015240;MONDO:0024567,5,"CHF; Channeling Hope; Channeling Hope [NALCN Channel  and associated proteins (UNC79, UNC80, FAM155)]; Fundacion Libellas (Gene NALCN and UNC80); NALCN-related disorder registry (Citizen Health)"
HGNC:15751,NAPB,NSF attachment protein beta,both,DEE,T1,ndd_with_epilepsy,7,g2p_dd;genes4epilepsy;panelapp_au_epilepsy;panelapp_au_id;panelapp_ge_epilepsy;panelapp_ge_id;sysndd,,611270,,0,
HGNC:7643,NARS1,asparaginyl-tRNA synthetase 1,both,DEE,T1,ndd_with_epilepsy,9,clingen;g2p_dd;genes4epilepsy;orphadata_genes;panelapp_au_epilepsy;panelapp_au_id;panelapp_ge_epilepsy;panelapp_ge_id;sysndd,730327,108410,,3,CureARS; Rory Belle Foundation; The Rory Belle Foundation
HGNC:26274,NARS2,"asparaginyl-tRNA synthetase 2, mitochondrial",both,DEE,T1,ndd_with_epilepsy,7,clingen;g2p_dd;genes4epilepsy;orphadata_genes;panelapp_au_epilepsy;panelapp_ge_epilepsy;sysndd,444458;79134;90636,612803,MONDO:0014547;MONDO:0019207;MONDO:0019588,0,
HGNC:25576,NAXD,NAD(P)HX dehydratase,both,DEE,T1,ndd_with_epilepsy,5,clingen;g2p_dd;genes4epilepsy;orphadata_genes;sysndd,555402,615910,MONDO:0034121,0,
HGNC:18453,NAXE,NAD(P)HX epimerase,both,DEE,T1,ndd_with_epilepsy,5,clingen;g2p_dd;genes4epilepsy;orphadata_genes;sysndd,555407,608862,MONDO:0020781,0,
HGNC:7648,NBEA,neurobeachin,both,DEE,T1,ndd_with_epilepsy,10,clingen;g2p_dd;genes4epilepsy;orphadata_genes;panelapp_au_epilepsy;panelapp_au_id;panelapp_ge_epilepsy;panelapp_ge_id;sfari;sysndd,178469,604889,MONDO:0015802,1,NBEA Facebook group
HGNC:17597,NCDN,neurochondrin,both,DEE,T1,ndd_with_epilepsy,8,g2p_dd;genes4epilepsy;orphadata_genes;panelapp_au_epilepsy;panelapp_au_id;panelapp_ge_epilepsy;panelapp_ge_id;sysndd,88616,608458,MONDO:0019502,0,
HGNC:7666,NCKAP1,NCK associated protein 1,both,DEE,T1,ndd_with_epilepsy,9,clingen;g2p_dd;genes4epilepsy;orphadata_genes;panelapp_au_epilepsy;panelapp_au_id;panelapp_ge_id;sfari;sysndd,528084,604891,MONDO:0100038,1,Simons Searchlight NCKAP1 Facebook community
HGNC:17619,NDE1,nudE neurodevelopment protein 1,both,"DEE, MCD",T1,ndd_with_epilepsy,9,clingen;g2p_dd;genes4epilepsy;orphadata_genes;panelapp_au_epilepsy;panelapp_au_id;panelapp_ge_epilepsy;panelapp_ge_id;sysndd,2177;443162;89844,609449,MONDO:0009760;MONDO:0011504;MONDO:0016344,0,
HGNC:7678,NDP,norrin cystine knot growth factor NDP,both,DEE,T1,ndd_with_epilepsy,9,clingen;g2p_dd;genes4epilepsy;orphadata_genes;panelapp_au_epilepsy;panelapp_au_id;panelapp_ge_epilepsy;panelapp_ge_id;sysndd,190;649;891;90050;91495,300658,MONDO:0006952;MONDO:0010269;MONDO:0010691;MONDO:0019516;MONDO:0019631,0,
HGNC:7680,NDST1,N-deacetylase and N-sulfotransferase 1,both,DEE,T1,ndd_with_epilepsy,7,g2p_dd;genes4epilepsy;orphadata_genes;panelapp_au_epilepsy;panelapp_au_id;panelapp_ge_id;sysndd,88616,600853,MONDO:0019502,0,
HGNC:7683,NDUFA1,NADH:ubiquinone oxidoreductase subunit A1,both,DEE,T1,ndd_with_epilepsy,9,clingen;g2p_dd;genes4epilepsy;orphadata_genes;panelapp_au_epilepsy;panelapp_au_id;panelapp_ge_epilepsy;panelapp_ge_id;sysndd,2609,300078,MONDO:0100133,0,
HGNC:7684,NDUFA10,NADH:ubiquinone oxidoreductase subunit A10,both,DEE,T1,ndd_with_epilepsy,8,clingen;g2p_dd;genes4epilepsy;panelapp_au_epilepsy;panelapp_au_id;panelapp_ge_epilepsy;panelapp_ge_id;sysndd,,603835,,0,
HGNC:20371,NDUFA11,NADH:ubiquinone oxidoreductase subunit A11,both,DEE,T1,ndd_with_epilepsy,8,clingen;genes4epilepsy;orphadata_genes;panelapp_au_epilepsy;panelapp_au_id;panelapp_ge_epilepsy;panelapp_ge_id;sysndd,2609,612638,MONDO:0100133,0,
HGNC:17194,NDUFA13,NADH:ubiquinone oxidoreductase subunit A13,both,DEE,T2,ndd_with_epilepsy,4,clingen;genes4epilepsy;orphadata_genes;sysndd,146,609435,MONDO:0015447,0,
HGNC:7685,NDUFA2,NADH:ubiquinone oxidoreductase subunit A2,both,DEE,T1,ndd_with_epilepsy,8,clingen;genes4epilepsy;orphadata_genes;panelapp_au_epilepsy;panelapp_au_id;panelapp_ge_epilepsy;panelapp_ge_id;sysndd,85136,602137,MONDO:0013058,0,
HGNC:7690,NDUFA6,NADH:ubiquinone oxidoreductase subunit A6,both,DEE,T1,ndd_with_epilepsy,6,clingen;g2p_dd;genes4epilepsy;orphadata_genes;panelapp_au_epilepsy;sysndd,2609,602138,MONDO:0100133,0,
HGNC:7693,NDUFA9,NADH:ubiquinone oxidoreductase subunit A9,both,DEE,T1,ndd_with_epilepsy,7,clingen;g2p_dd;genes4epilepsy;orphadata_genes;panelapp_au_id;panelapp_ge_id;sysndd,2609,603834,MONDO:0100133,0,
HGNC:28086,NDUFAF2,NADH:ubiquinone oxidoreductase complex assembly factor 2,both,DEE,T1,ndd_with_epilepsy,9,clingen;g2p_dd;genes4epilepsy;orphadata_genes;panelapp_au_epilepsy;panelapp_au_id;panelapp_ge_epilepsy;panelapp_ge_id;sysndd,2609,609653,MONDO:0100133,0,
HGNC:29918,NDUFAF3,NADH:ubiquinone oxidoreductase complex assembly factor 3,both,DEE,T1,ndd_with_epilepsy,8,clingen;genes4epilepsy;orphadata_genes;panelapp_au_epilepsy;panelapp_au_id;panelapp_ge_epilepsy;panelapp_ge_id;sysndd,2609,612911,MONDO:0100133,0,
HGNC:21034,NDUFAF4,NADH:ubiquinone oxidoreductase complex assembly factor 4,both,DEE,T1,ndd_with_epilepsy,7,clingen;genes4epilepsy;orphadata_genes;panelapp_au_epilepsy;panelapp_au_id;panelapp_ge_epilepsy;sysndd,2609,611776,MONDO:0100133,0,
HGNC:15899,NDUFAF5,NADH:ubiquinone oxidoreductase complex assembly factor 5,both,DEE,T1,ndd_with_epilepsy,8,clingen;genes4epilepsy;orphadata_genes;panelapp_au_epilepsy;panelapp_au_id;panelapp_ge_epilepsy;panelapp_ge_id;sysndd,2609,612360,MONDO:0100133,0,
HGNC:7707,NDUFS1,NADH:ubiquinone oxidoreductase core subunit S1,both,DEE,T1,ndd_with_epilepsy,9,clingen;g2p_dd;genes4epilepsy;orphadata_genes;panelapp_au_epilepsy;panelapp_au_id;panelapp_ge_epilepsy;panelapp_ge_id;sysndd,2609,157655,MONDO:0100133,0,
HGNC:7708,NDUFS2,NADH:ubiquinone oxidoreductase core subunit S2,both,DEE,T1,ndd_with_epilepsy,8,clingen;genes4epilepsy;orphadata_genes;panelapp_au_epilepsy;panelapp_au_id;panelapp_ge_epilepsy;panelapp_ge_id;sysndd,104;2609,602985,MONDO:0010788;MONDO:0100133,0,
HGNC:7711,NDUFS4,NADH:ubiquinone oxidoreductase subunit S4,both,DEE,T1,ndd_with_epilepsy,9,clingen;g2p_dd;genes4epilepsy;orphadata_genes;panelapp_au_epilepsy;panelapp_au_id;panelapp_ge_epilepsy;panelapp_ge_id;sysndd,2609,602694,MONDO:0100133,0,
HGNC:7713,NDUFS6,NADH:ubiquinone oxidoreductase subunit S6,both,DEE,T1,ndd_with_epilepsy,7,clingen;genes4epilepsy;orphadata_genes;panelapp_au_epilepsy;panelapp_au_id;panelapp_ge_epilepsy;sysndd,2609,603848,MONDO:0100133,0,
HGNC:7714,NDUFS7,NADH:ubiquinone oxidoreductase core subunit S7,both,DEE,T1,ndd_with_epilepsy,9,clingen;g2p_dd;genes4epilepsy;orphadata_genes;panelapp_au_epilepsy;panelapp_au_id;panelapp_ge_epilepsy;panelapp_ge_id;sysndd,2609,601825,MONDO:0100133,0,
HGNC:7715,NDUFS8,NADH:ubiquinone oxidoreductase core subunit S8,both,DEE,T1,ndd_with_epilepsy,9,clingen;g2p_dd;genes4epilepsy;orphadata_genes;panelapp_au_epilepsy;panelapp_au_id;panelapp_ge_epilepsy;panelapp_ge_id;sysndd,2609,602141,MONDO:0100133,0,
HGNC:7716,NDUFV1,NADH:ubiquinone oxidoreductase core subunit V1,both,DEE,T1,ndd_with_epilepsy,9,clingen;g2p_dd;genes4epilepsy;orphadata_genes;panelapp_au_epilepsy;panelapp_au_id;panelapp_ge_epilepsy;panelapp_ge_id;sysndd,2609,161015,MONDO:0100133,0,
HGNC:24539,NECAP1,NECAP endocytosis associated 1,both,DEE,T1,ndd_with_epilepsy,8,clingen;genes4epilepsy;orphadata_genes;panelapp_au_epilepsy;panelapp_au_id;panelapp_ge_epilepsy;panelapp_ge_id;sysndd,442835,611623,MONDO:0018614,0,
HGNC:7728,NEDD4L,NEDD4 like E3 ubiquitin protein ligase,both,MCD,T1,ndd_with_epilepsy,9,clingen;g2p_dd;genes4epilepsy;orphadata_genes;panelapp_au_epilepsy;panelapp_au_id;panelapp_ge_epilepsy;panelapp_ge_id;sysndd,98892,606384,MONDO:0020341,0,
HGNC:7758,NEU1,neuraminidase 1,both,PME,T1,ndd_with_epilepsy,8,clingen;g2p_dd;genes4epilepsy;orphadata_genes;panelapp_au_epilepsy;panelapp_au_id;panelapp_ge_id;sysndd,812;93399;93400,608272,MONDO:0019346;MONDO:0019681;MONDO:0019682,0,
HGNC:7763,NEUROD2,neuronal differentiation 2,both,DEE,T1,ndd_with_epilepsy,7,genes4epilepsy;orphadata_genes;panelapp_au_epilepsy;panelapp_au_id;panelapp_ge_epilepsy;panelapp_ge_id;sysndd,1934,601725,MONDO:0800491,0,
HGNC:29433,NEXMIF,neurite extension and migration factor,both,DEE,T1,ndd_with_epilepsy,10,clingen;g2p_dd;genes4epilepsy;orphadata_genes;panelapp_au_epilepsy;panelapp_au_id;panelapp_ge_epilepsy;panelapp_ge_id;sfari;sysndd,1942;85277,300524,MONDO:0010483;MONDO:0014633,4,NEXMIF ITALIA odv; The MANDKind Foundation; Unione Italiana Nexmif; XLID98 Foundation
HGNC:7765,NF1,neurofibromin 1,both,"DEE, MCD",T1,ndd_with_epilepsy,9,clingen;g2p_dd;genes4epilepsy;orphadata_genes;panelapp_au_epilepsy;panelapp_au_id;panelapp_ge_id;sfari;sysndd,139474;29072;293199;363700;634461;638;715721;86834;97685;99756;99757,613113,MONDO:0009993;MONDO:0009994;MONDO:0011035;MONDO:0011908;MONDO:0013357;MONDO:0015350;MONDO:0017366;MONDO:0017386;MONDO:0018208;MONDO:0859763,5,Children’s Tumor Foundation; CureNFwithJack; NF Network; Neurofibromatosis Type 1 (NF1)/ Cutaneous Neurofibroma (cNF); RASopathies Network
HGNC:17646,NGLY1,N-glycanase 1,both,DEE,T1,ndd_with_epilepsy,9,clingen;g2p_dd;genes4epilepsy;orphadata_genes;panelapp_au_epilepsy;panelapp_au_id;panelapp_ge_epilepsy;panelapp_ge_id;sysndd,404454,610661,MONDO:0800044,1,NGLY1.org
HGNC:21576,NHLRC1,NHL repeat containing E3 ubiquitin protein ligase 1,both,PME,T1,ndd_with_epilepsy,7,clingen;genes4epilepsy;orphadata_genes;panelapp_au_epilepsy;panelapp_au_id;panelapp_ge_epilepsy;panelapp_ge_id,501,608072,MONDO:0009697,1,Chelsea's Hope Lafora Children Research Fund
HGNC:24731,NHLRC2,NHL repeat containing 2,both,DEE,T1,ndd_with_epilepsy,5,g2p_dd;genes4epilepsy;orphadata_genes;panelapp_ge_id;sysndd,621758,618277,MONDO:0032651,0,
HGNC:7887,NOVA2,NOVA alternative splicing regulator 2,both,DEE,T1,ndd_with_epilepsy,9,clingen;g2p_dd;genes4epilepsy;orphadata_genes;panelapp_au_epilepsy;panelapp_au_id;panelapp_ge_id;sfari;sysndd,528084,601991,MONDO:0100038,0,
HGNC:7897,NPC1,NPC intracellular cholesterol transporter 1,both,DEE,T1,ndd_with_epilepsy,7,clingen;g2p_dd;genes4epilepsy;orphadata_genes;panelapp_au_id;panelapp_ge_id;sysndd,216972;216975;216978;216981;216986,607623,MONDO:0016306;MONDO:0016307;MONDO:0016308;MONDO:0016309;MONDO:0016310,2,Fundacion Niemann-Pick; Niemann-Pick Disease Group
HGNC:14537,NPC2,NPC intracellular cholesterol transporter 2,both,DEE,T1,ndd_with_epilepsy,7,clingen;g2p_dd;genes4epilepsy;orphadata_genes;panelapp_au_id;panelapp_ge_id;sysndd,216972;216975;216978;216981;216986,601015,MONDO:0016306;MONDO:0016307;MONDO:0016308;MONDO:0016309;MONDO:0016310,0,
HGNC:24969,NPRL2,"NPR2 like, GATOR1 complex subunit",both,"Focal, MCD",T1,ndd_with_epilepsy,8,clingen;g2p_dd;genes4epilepsy;orphadata_genes;panelapp_au_epilepsy;panelapp_au_id;panelapp_ge_epilepsy;sysndd,98820,607072,MONDO:0020310,0,
HGNC:14124,NPRL3,"NPR3 like, GATOR1 complex subunit",both,"Focal, MCD",T1,ndd_with_epilepsy,7,clingen;g2p_dd;genes4epilepsy;orphadata_genes;panelapp_au_epilepsy;panelapp_ge_epilepsy;sysndd,98820,600928,MONDO:0020310,0,
HGNC:7975,NR2F1,nuclear receptor subfamily 2 group F member 1,both,DEE,T1,ndd_with_epilepsy,9,clingen;g2p_dd;genes4epilepsy;orphadata_genes;panelapp_au_epilepsy;panelapp_au_id;panelapp_ge_id;sfari;sysndd,401777,132890,MONDO:0014320,3,COMBINEDBrain; NR2F1 Foundation; NR2F1 Foundation - Bosch Boonstra Schaaf optic atrophy syndrome
HGNC:7981,NR4A2,nuclear receptor subfamily 4 group A member 2,both,DEE,T1,ndd_with_epilepsy,10,clingen;g2p_dd;genes4epilepsy;orphadata_genes;panelapp_au_epilepsy;panelapp_au_id;panelapp_ge_epilepsy;panelapp_ge_id;sfari;sysndd,1617;660012;98808,601828,MONDO:0015566;MONDO:0971062;MONDO:0971063,3,CureNURR1; CureNURR1 (NR4A2-related disorder); NR4A2 PAG
HGNC:7989,NRAS,"NRAS proto-oncogene, GTPase",both,DEE,T1,ndd_with_epilepsy,8,clingen;g2p_dd;genes4epilepsy;orphadata_genes;panelapp_au_id;panelapp_ge_epilepsy;panelapp_ge_id;sysndd,146;2612;268114;389;626;648;86834,164790,MONDO:0008097;MONDO:0011908;MONDO:0013767;MONDO:0015447;MONDO:0018310;MONDO:0018997;MONDO:0044792,1,RASopathies Network
HGNC:7995,NRDC,nardilysin convertase,both,DEE,T1,ndd_with_epilepsy,7,g2p_dd;genes4epilepsy;panelapp_au_epilepsy;panelapp_au_id;panelapp_ge_epilepsy;panelapp_ge_id;sysndd,,602651,,0,
HGNC:24613,NRROS,negative regulator of reactive oxygen species,both,DEE,T1,ndd_with_epilepsy,8,clingen;g2p_dd;genes4epilepsy;panelapp_au_epilepsy;panelapp_au_id;panelapp_ge_epilepsy;panelapp_ge_id;sysndd,,615322,,0,
HGNC:8008,NRXN1,neurexin 1,both,DEE,T1,ndd_with_epilepsy,10,clingen;g2p_dd;genes4epilepsy;orphadata_genes;panelapp_au_epilepsy;panelapp_au_id;panelapp_ge_epilepsy;panelapp_ge_id;sfari;sysndd,600663,600565,MONDO:0013690,1,NRXN1 Network
HGNC:14234,NSD1,nuclear receptor binding SET domain protein 1,both,DEE,T1,ndd_with_epilepsy,10,clingen;g2p_dd;genes4epilepsy;orphadata_genes;panelapp_au_epilepsy;panelapp_au_id;panelapp_ge_epilepsy;panelapp_ge_id;sfari;sysndd,1627;228415;3447;821,606681,MONDO:0010193;MONDO:0015571;MONDO:0016461;MONDO:0019349,0,
HGNC:13398,NSDHL,NAD(P) dependent 3-beta-hydroxysteroid dehydrogenase NSDHL,both,"DEE, MCD",T1,ndd_with_epilepsy,9,clingen;g2p_dd;genes4epilepsy;orphadata_genes;panelapp_au_epilepsy;panelapp_au_id;panelapp_ge_epilepsy;panelapp_ge_id;sysndd,139;251383,300275,MONDO:0010441;MONDO:0010621,0,
HGNC:8016,NSF,"N-ethylmaleimide sensitive factor, vesicle fusing ATPase",both,DEE,T1,ndd_with_epilepsy,6,genes4epilepsy;panelapp_au_epilepsy;panelapp_au_id;panelapp_ge_epilepsy;panelapp_ge_id;sysndd,,601633,,0,
HGNC:25305,NSRP1,nuclear speckle splicing regulatory protein 1,both,DEE,T1,ndd_with_epilepsy,8,clingen;g2p_dd;genes4epilepsy;panelapp_au_epilepsy;panelapp_au_id;panelapp_ge_epilepsy;panelapp_ge_id;sysndd,,616173,,0,
HGNC:8032,NTRK2,neurotrophic receptor tyrosine kinase 2,both,DEE,T1,ndd_with_epilepsy,9,g2p_dd;genes4epilepsy;orphadata_genes;panelapp_au_epilepsy;panelapp_au_id;panelapp_ge_epilepsy;panelapp_ge_id;sfari;sysndd,251615;442835;697160;715694;99704,600456,MONDO:0016692;MONDO:0018097;MONDO:0018614;MONDO:0850115,0,
HGNC:20278,NUBPL,"NUBP iron-sulfur cluster assembly factor, mitochondrial",both,DEE,T1,ndd_with_epilepsy,9,clingen;g2p_dd;genes4epilepsy;orphadata_genes;panelapp_au_epilepsy;panelapp_au_id;panelapp_ge_epilepsy;panelapp_ge_id;sysndd,2609,613621,MONDO:0100133,0,
HGNC:8064,NUP214,nucleoporin 214,both,DEE,T1,ndd_with_epilepsy,8,g2p_dd;genes4epilepsy;orphadata_genes;panelapp_au_epilepsy;panelapp_au_id;panelapp_ge_epilepsy;panelapp_ge_id;sysndd,402014;99861,114350,MONDO:0018433;MONDO:0020512,0,
HGNC:21042,NUS1,NUS1 dehydrodolichyl diphosphate synthase subunit,both,"DEE, PME",T1,ndd_with_epilepsy,9,clingen;g2p_dd;genes4epilepsy;orphadata_genes;panelapp_au_epilepsy;panelapp_au_id;panelapp_ge_epilepsy;panelapp_ge_id;sysndd,442835,610463,MONDO:0018614,1,NUS1 Foundation
HGNC:8104,OCLN,occludin,both,"DEE, MCD",T1,ndd_with_epilepsy,8,g2p_dd;genes4epilepsy;orphadata_genes;panelapp_au_epilepsy;panelapp_au_id;panelapp_ge_epilepsy;panelapp_ge_id;sysndd,1229,602876,MONDO:0009626,0,
HGNC:8108,OCRL,OCRL inositol polyphosphate-5-phosphatase,both,DEE,T1,ndd_with_epilepsy,9,clingen;g2p_dd;genes4epilepsy;orphadata_genes;panelapp_au_epilepsy;panelapp_au_id;panelapp_ge_id;sfari;sysndd,534;93623,300535,MONDO:0010359;MONDO:0010645,0,
HGNC:2567,OFD1,OFD1 centriole and centriolar satellite protein,both,MCD,T1,ndd_with_epilepsy,9,clingen;g2p_dd;genes4epilepsy;orphadata_genes;panelapp_au_epilepsy;panelapp_au_id;panelapp_ge_id;sfari;sysndd,244;2750;2754;475;791,300170,MONDO:0010176;MONDO:0010702;MONDO:0016575;MONDO:0018772;MONDO:0019200,0,
HGNC:25590,OGDHL,oxoglutarate dehydrogenase L,both,DEE,T1,ndd_with_epilepsy,7,g2p_dd;genes4epilepsy;panelapp_au_epilepsy;panelapp_au_id;panelapp_ge_epilepsy;panelapp_ge_id;sysndd,,617513,,0,
HGNC:8148,OPHN1,oligophrenin 1,both,DEE,T1,ndd_with_epilepsy,10,clingen;g2p_dd;genes4epilepsy;orphadata_genes;panelapp_au_epilepsy;panelapp_au_id;panelapp_ge_epilepsy;panelapp_ge_id;sfari;sysndd,137831,300127,MONDO:0010337,1,OPHN1 Foundation
HGNC:18028,OSGEP,O-sialoglycoprotein endopeptidase,both,DEE,T1,ndd_with_epilepsy,7,g2p_dd;genes4epilepsy;orphadata_genes;panelapp_au_epilepsy;panelapp_au_id;panelapp_ge_id;sysndd,2065,610107,MONDO:0009627,0,
HGNC:25402,OTUD5,OTU deubiquitinase 5,both,DEE,T1,ndd_with_epilepsy,8,clingen;g2p_dd;genes4epilepsy;orphadata_genes;panelapp_au_epilepsy;panelapp_au_id;panelapp_ge_id;sysndd,528084,300713,MONDO:0100038,0,
HGNC:24281,OTUD6B,OTU deubiquitinase 6B,both,DEE,T1,ndd_with_epilepsy,9,clingen;g2p_dd;genes4epilepsy;orphadata_genes;panelapp_au_epilepsy;panelapp_au_id;panelapp_ge_epilepsy;panelapp_ge_id;sysndd,505237,612021,MONDO:0044319,0,
HGNC:8522,OTX2,orthodenticle homeobox 2,both,DEE,T1,ndd_with_epilepsy,8,g2p_dd;genes4epilepsy;orphadata_genes;panelapp_au_epilepsy;panelapp_au_id;panelapp_ge_epilepsy;panelapp_ge_id;sysndd,178364;3157;35612;364055;65;95494;98938;990;99001,600037,MONDO:0000170;MONDO:0005514;MONDO:0008428;MONDO:0008740;MONDO:0009549;MONDO:0012413;MONDO:0013099;MONDO:0018998;MONDO:0100466,0,
HGNC:15822,OXR1,oxidation resistance 1,both,DEE,T1,ndd_with_epilepsy,7,g2p_dd;genes4epilepsy;panelapp_au_epilepsy;panelapp_au_id;panelapp_ge_epilepsy;panelapp_ge_id;sysndd,,605609,,0,
HGNC:28858,P4HTM,"prolyl 4-hydroxylase, transmembrane",both,DEE,T1,ndd_with_epilepsy,8,g2p_dd;genes4epilepsy;orphadata_genes;panelapp_au_epilepsy;panelapp_au_id;panelapp_ge_epilepsy;panelapp_ge_id;sysndd,436141,614584,MONDO:0018572,0,
HGNC:30032,PACS1,phosphofurin acidic cluster sorting protein 1,both,DEE,T1,ndd_with_epilepsy,10,clingen;g2p_dd;genes4epilepsy;orphadata_genes;panelapp_au_epilepsy;panelapp_au_id;panelapp_ge_epilepsy;panelapp_ge_id;sfari;sysndd,329224,607492,MONDO:0014006,1,PACS1 Foundation
HGNC:23794,PACS2,phosphofurin acidic cluster sorting protein 2,both,DEE,T1,ndd_with_epilepsy,10,clingen;g2p_dd;genes4epilepsy;orphadata_genes;panelapp_au_epilepsy;panelapp_au_id;panelapp_ge_epilepsy;panelapp_ge_id;sfari;sysndd,442835,610423,MONDO:0018614,1,PACS2 Research Foundation
HGNC:8574,PAFAH1B1,platelet activating factor acetylhydrolase 1b regulatory subunit 1,both,MCD,T1,ndd_with_epilepsy,8,g2p_dd;genes4epilepsy;orphadata_genes;panelapp_au_epilepsy;panelapp_au_id;panelapp_ge_epilepsy;panelapp_ge_id;sysndd,217385;531;95232;99796,601545,MONDO:0009532;MONDO:0011830;MONDO:0013182;MONDO:0020491,4,Lissencephaly Foundation Inc; Lissencephaly Network; Miller-Dieker Foundation; international families
HGNC:8582,PAH,phenylalanine hydroxylase,both,DEE,T1,ndd_with_epilepsy,10,clingen;g2p_dd;genes4epilepsy;orphadata_genes;panelapp_au_epilepsy;panelapp_au_id;panelapp_ge_epilepsy;panelapp_ge_id;sfari;sysndd,2209;293284;708895,612349,MONDO:0016366;MONDO:0017389,0,
HGNC:8590,PAK1,p21 (RAC1) activated kinase 1,both,DEE,T1,ndd_with_epilepsy,9,g2p_dd;genes4epilepsy;orphadata_genes;panelapp_au_epilepsy;panelapp_au_id;panelapp_ge_epilepsy;panelapp_ge_id;sfari;sysndd,717884,602590,,0,
HGNC:8591,PAK2,p21 (RAC1) activated kinase 2,both,MCD,T2,ndd_with_epilepsy,7,genes4epilepsy;orphadata_genes;panelapp_au_epilepsy;panelapp_au_id;panelapp_ge_epilepsy;sfari;sysndd,1571,605022,MONDO:0800167,0,
HGNC:8592,PAK3,p21 (RAC1) activated kinase 3,both,DEE,T1,ndd_with_epilepsy,8,clingen;g2p_dd;genes4epilepsy;orphadata_genes;panelapp_au_epilepsy;panelapp_au_id;panelapp_ge_id;sysndd,528084,300142,MONDO:0100038,0,
HGNC:15894,PANK2,pantothenate kinase 2,both,DEE,T1,ndd_with_epilepsy,6,genes4epilepsy;orphadata_genes;panelapp_au_epilepsy;panelapp_au_id;panelapp_ge_id;sysndd,216866;216873,606157,MONDO:0016304;MONDO:0016305,0,
HGNC:26921,PARP6,poly(ADP-ribose) polymerase family member 6,both,DEE,T1,ndd_with_epilepsy,6,genes4epilepsy;panelapp_au_epilepsy;panelapp_au_id;panelapp_ge_epilepsy;panelapp_ge_id;sysndd,,619439,,0,
HGNC:30563,PARS2,"prolyl-tRNA synthetase 2, mitochondrial",both,DEE,T1,ndd_with_epilepsy,7,clingen;g2p_dd;genes4epilepsy;orphadata_genes;panelapp_au_epilepsy;panelapp_ge_epilepsy;sysndd,442835,612036,MONDO:0018614,0,
HGNC:8620,PAX6,paired box 6,both,MCD,T1,ndd_with_epilepsy,9,clingen;g2p_dd;genes4epilepsy;orphadata_genes;panelapp_au_epilepsy;panelapp_au_id;panelapp_ge_id;sfari;sysndd,1065;2253;2334;250923;35737;708;893;98942;98943;98944;98945;98946;98947,607108,MONDO:0007119;MONDO:0007351;MONDO:0007354;MONDO:0007848;MONDO:0008681;MONDO:0008795;MONDO:0011414;MONDO:0016395;MONDO:0018169;MONDO:0020354;MONDO:0020355;MONDO:0020356;MONDO:0020357,2,ANA; IWSA
HGNC:8653,PCCA,propionyl-CoA carboxylase subunit alpha,both,DEE,T1,ndd_with_epilepsy,10,clingen;g2p_dd;genes4epilepsy;orphadata_genes;panelapp_au_epilepsy;panelapp_au_id;panelapp_ge_epilepsy;panelapp_ge_id;sfari;sysndd,35,232000,MONDO:0011628,0,
HGNC:8654,PCCB,propionyl-CoA carboxylase subunit beta,both,DEE,T1,ndd_with_epilepsy,10,clingen;g2p_dd;genes4epilepsy;orphadata_genes;panelapp_au_epilepsy;panelapp_au_id;panelapp_ge_epilepsy;panelapp_ge_id;sfari;sysndd,35,232050,MONDO:0011628,0,
HGNC:8657,PCDH12,protocadherin 12,both,DEE,T1,ndd_with_epilepsy,8,g2p_dd;genes4epilepsy;orphadata_genes;panelapp_au_epilepsy;panelapp_au_id;panelapp_ge_epilepsy;panelapp_ge_id;sysndd,319192,605622,MONDO:0017868,0,
HGNC:14270,PCDH19,protocadherin 19,both,"Focal, DEE",T1,ndd_with_epilepsy,10,clingen;g2p_dd;genes4epilepsy;orphadata_genes;panelapp_au_epilepsy;panelapp_au_id;panelapp_ge_epilepsy;panelapp_ge_id;sfari;sysndd,33069;714652,300460,MONDO:0011794,2,PCDH19 Alliance; Together for the research on PCDH19
HGNC:8717,PCDHGC4,"protocadherin gamma subfamily C, 4",both,DEE,T1,ndd_with_epilepsy,8,g2p_dd;genes4epilepsy;orphadata_genes;panelapp_au_epilepsy;panelapp_au_id;panelapp_ge_epilepsy;panelapp_ge_id;sysndd,528084,606305,MONDO:0100038,0,
HGNC:13406,PCLO,piccolo presynaptic cytomatrix protein,both,"DEE, MCD",T1,ndd_with_epilepsy,8,genes4epilepsy;orphadata_genes;panelapp_au_epilepsy;panelapp_au_id;panelapp_ge_epilepsy;panelapp_ge_id;sfari;sysndd,97249,604918,MONDO:0011948,0,
HGNC:8756,PCYT2,"phosphate cytidylyltransferase 2, ethanolamine",both,DEE,T1,ndd_with_epilepsy,8,g2p_dd;genes4epilepsy;orphadata_genes;panelapp_au_epilepsy;panelapp_au_id;panelapp_ge_epilepsy;panelapp_ge_id;sysndd,631073,602679,MONDO:0032906,0,
HGNC:8761,PDCD10,programmed cell death 10,both,MCD,T1,ndd_with_epilepsy,5,g2p_dd;genes4epilepsy;orphadata_genes;panelapp_au_epilepsy;panelapp_ge_id,221061,609118,MONDO:0031037,1,Alliance to Cure Cavernous Malformation
HGNC:8777,PDE2A,phosphodiesterase 2A,both,DEE,T1,ndd_with_epilepsy,4,genes4epilepsy;panelapp_au_epilepsy;panelapp_au_id;sysndd,,602658,,0,
HGNC:8806,PDHA1,pyruvate dehydrogenase E1 subunit alpha 1,both,DEE,T1,ndd_with_epilepsy,10,clingen;g2p_dd;genes4epilepsy;orphadata_genes;panelapp_au_epilepsy;panelapp_au_id;panelapp_ge_epilepsy;panelapp_ge_id;sfari;sysndd,79243,300502,MONDO:0010717,0,
HGNC:21350,PDHX,pyruvate dehydrogenase complex component X,both,DEE,T1,ndd_with_epilepsy,9,clingen;g2p_dd;genes4epilepsy;orphadata_genes;panelapp_au_epilepsy;panelapp_au_id;panelapp_ge_epilepsy;panelapp_ge_id;sysndd,255182,608769,MONDO:0009503,0,
HGNC:23041,PDSS2,decaprenyl diphosphate synthase subunit 2,both,DEE,T1,ndd_with_epilepsy,8,clingen;g2p_dd;genes4epilepsy;panelapp_au_epilepsy;panelapp_au_id;panelapp_ge_epilepsy;panelapp_ge_id;sysndd,,610564,,0,
HGNC:40038,PET100,PET100 cytochrome c oxidase chaperone,both,DEE,T1,ndd_with_epilepsy,8,clingen;g2p_dd;genes4epilepsy;panelapp_au_epilepsy;panelapp_au_id;panelapp_ge_epilepsy;panelapp_ge_id;sysndd,,614770,,0,
HGNC:8850,PEX1,peroxisomal biogenesis factor 1,both,DEE,T1,ndd_with_epilepsy,9,clingen;g2p_dd;genes4epilepsy;orphadata_genes;panelapp_au_epilepsy;panelapp_au_id;panelapp_ge_epilepsy;panelapp_ge_id;sysndd,3220;44;772;912,602136,MONDO:0018598;MONDO:0019609;MONDO:0100229,1,The Global Foundation for Peroxisomal Disorders
HGNC:8851,PEX10,peroxisomal biogenesis factor 10,both,DEE,T1,ndd_with_epilepsy,9,clingen;g2p_dd;genes4epilepsy;orphadata_genes;panelapp_au_epilepsy;panelapp_au_id;panelapp_ge_epilepsy;panelapp_ge_id;sysndd,247815;44;772;912,602859,MONDO:0016614;MONDO:0018598;MONDO:0019609,0,
HGNC:8854,PEX12,peroxisomal biogenesis factor 12,both,DEE,T1,ndd_with_epilepsy,9,clingen;g2p_dd;genes4epilepsy;orphadata_genes;panelapp_au_epilepsy;panelapp_au_id;panelapp_ge_epilepsy;panelapp_ge_id;sysndd,44;772;912,601758,MONDO:0018598;MONDO:0019609,0,
HGNC:8855,PEX13,peroxisomal biogenesis factor 13,both,DEE,T1,ndd_with_epilepsy,9,clingen;g2p_dd;genes4epilepsy;orphadata_genes;panelapp_au_epilepsy;panelapp_au_id;panelapp_ge_epilepsy;panelapp_ge_id;sysndd,44;772;912,601789,MONDO:0018598;MONDO:0019609,0,
HGNC:9713,PEX19,peroxisomal biogenesis factor 19,both,"DEE, PME",T1,ndd_with_epilepsy,9,clingen;g2p_dd;genes4epilepsy;orphadata_genes;panelapp_au_epilepsy;panelapp_au_id;panelapp_ge_epilepsy;panelapp_ge_id;sysndd,44;772;912,600279,MONDO:0018598;MONDO:0019609,0,
HGNC:9717,PEX2,peroxisomal biogenesis factor 2,both,DEE,T1,ndd_with_epilepsy,9,clingen;g2p_dd;genes4epilepsy;orphadata_genes;panelapp_au_epilepsy;panelapp_au_id;panelapp_ge_epilepsy;panelapp_ge_id;sysndd,44;642965;772;912,170993,MONDO:0018598;MONDO:0019609;MONDO:0957443,0,
HGNC:22965,PEX26,peroxisomal biogenesis factor 26,both,DEE,T1,ndd_with_epilepsy,8,clingen;g2p_dd;genes4epilepsy;orphadata_genes;panelapp_au_epilepsy;panelapp_au_id;panelapp_ge_id;sysndd,44;772;912,608666,MONDO:0018598;MONDO:0019609,1,The Global Foundation for Peroxisomal Disorders
HGNC:8858,PEX3,peroxisomal biogenesis factor 3,both,DEE,T1,ndd_with_epilepsy,9,clingen;g2p_dd;genes4epilepsy;orphadata_genes;panelapp_au_epilepsy;panelapp_au_id;panelapp_ge_epilepsy;panelapp_ge_id;sysndd,44;772;912,603164,MONDO:0018598;MONDO:0019609,0,
HGNC:9719,PEX5,peroxisomal biogenesis factor 5,both,DEE,T1,ndd_with_epilepsy,9,clingen;g2p_dd;genes4epilepsy;orphadata_genes;panelapp_au_epilepsy;panelapp_au_id;panelapp_ge_epilepsy;panelapp_ge_id;sysndd,44;468717;772;912,600414,MONDO:0014743;MONDO:0018598;MONDO:0019609,0,
HGNC:8859,PEX6,peroxisomal biogenesis factor 6,both,DEE,T1,ndd_with_epilepsy,9,clingen;g2p_dd;genes4epilepsy;orphadata_genes;panelapp_au_epilepsy;panelapp_au_id;panelapp_ge_epilepsy;panelapp_ge_id;sysndd,3220;44;772;912;95433,601498,MONDO:0013931;MONDO:0018598;MONDO:0019609;MONDO:0100229,1,The Global Foundation for Peroxisomal Disorders
HGNC:8860,PEX7,peroxisomal biogenesis factor 7,both,DEE,T1,ndd_with_epilepsy,10,clingen;g2p_dd;genes4epilepsy;orphadata_genes;panelapp_au_epilepsy;panelapp_au_id;panelapp_ge_epilepsy;panelapp_ge_id;sfari;sysndd,309789;773,601757,MONDO:0008972;MONDO:0009958,0,
HGNC:17893,PGAP2,post-GPI attachment to proteins 2,both,DEE,T1,ndd_with_epilepsy,7,g2p_dd;genes4epilepsy;orphadata_genes;panelapp_au_epilepsy;panelapp_au_id;panelapp_ge_id;sysndd,247262,615187,MONDO:0016596,0,
HGNC:23719,PGAP3,post-GPI attachment to proteins phospholipase 3,both,DEE,T1,ndd_with_epilepsy,8,clingen;g2p_dd;genes4epilepsy;orphadata_genes;panelapp_au_epilepsy;panelapp_au_id;panelapp_ge_id;sysndd,247262,611801,MONDO:0016596,0,
HGNC:8896,PGK1,phosphoglycerate kinase 1,both,DEE,T1,ndd_with_epilepsy,6,g2p_dd;genes4epilepsy;orphadata_genes;panelapp_au_id;panelapp_ge_id;sysndd,713,311800,MONDO:0010392,0,
HGNC:20898,PGM2L1,phosphoglucomutase 2 like 1,both,DEE,T1,ndd_with_epilepsy,8,g2p_dd;genes4epilepsy;orphadata_genes;panelapp_au_epilepsy;panelapp_au_id;panelapp_ge_epilepsy;panelapp_ge_id;sysndd,528084,611610,MONDO:0100038,0,
HGNC:20990,PHACTR1,phosphatase and actin regulator 1,both,DEE,T1,ndd_with_epilepsy,8,g2p_dd;genes4epilepsy;orphadata_genes;panelapp_au_epilepsy;panelapp_au_id;panelapp_ge_epilepsy;panelapp_ge_id;sysndd,697160,608723,MONDO:0018097,0,
HGNC:24156,PHF21A,PHD finger protein 21A,both,DEE,T1,ndd_with_epilepsy,8,clingen;g2p_dd;genes4epilepsy;orphadata_genes;panelapp_au_id;panelapp_ge_id;sfari;sysndd,52022,608325,MONDO:0011022,1,PHF21A Facebook group
HGNC:18145,PHF6,PHD finger protein 6,both,DEE,T1,ndd_with_epilepsy,8,clingen;g2p_dd;genes4epilepsy;orphadata_genes;panelapp_au_epilepsy;panelapp_au_id;panelapp_ge_id;sysndd,127,300414,MONDO:0010537,0,
HGNC:8923,PHGDH,phosphoglycerate dehydrogenase,both,DEE,T1,ndd_with_epilepsy,9,clingen;g2p_dd;genes4epilepsy;orphadata_genes;panelapp_au_epilepsy;panelapp_au_id;panelapp_ge_epilepsy;panelapp_ge_id;sysndd,583607;79351,606879,MONDO:0009736;MONDO:0011152,0,
HGNC:30031,PI4K2A,phosphatidylinositol 4-kinase type 2 alpha,both,DEE,T1,ndd_with_epilepsy,6,genes4epilepsy;panelapp_au_epilepsy;panelapp_au_id;panelapp_ge_epilepsy;panelapp_ge_id;sysndd,,609763,,0,
HGNC:16491,PIDD1,p53-induced death domain protein 1,both,"DEE, MCD",T1,ndd_with_epilepsy,8,clingen;g2p_dd;genes4epilepsy;panelapp_au_epilepsy;panelapp_au_id;panelapp_ge_epilepsy;panelapp_ge_id;sysndd,,605247,,0,
HGNC:8957,PIGA,phosphatidylinositol glycan anchor biosynthesis class A,both,DEE,T1,ndd_with_epilepsy,9,clingen;g2p_dd;genes4epilepsy;orphadata_genes;panelapp_au_epilepsy;panelapp_au_id;panelapp_ge_epilepsy;panelapp_ge_id;sysndd,293181;300496;397922;447;697160,311770,MONDO:0010466;MONDO:0017385;MONDO:0018097;MONDO:0018346;MONDO:0100244,2,CDG CARE; GPI-Anchor Disorder Alliance
HGNC:8959,PIGB,phosphatidylinositol glycan anchor biosynthesis class B,both,DEE,T1,ndd_with_epilepsy,8,clingen;g2p_dd;genes4epilepsy;panelapp_au_epilepsy;panelapp_au_id;panelapp_ge_epilepsy;panelapp_ge_id;sysndd,,604122,,0,
HGNC:8960,PIGC,phosphatidylinositol glycan anchor biosynthesis class C,both,DEE,T1,ndd_with_epilepsy,8,clingen;genes4epilepsy;orphadata_genes;panelapp_au_epilepsy;panelapp_au_id;panelapp_ge_epilepsy;panelapp_ge_id;sysndd,88616,601730,MONDO:0019502,0,
HGNC:8962,PIGF,phosphatidylinositol glycan anchor biosynthesis class F,both,DEE,T2,ndd_with_epilepsy,6,clingen;genes4epilepsy;panelapp_au_epilepsy;panelapp_au_id;panelapp_ge_id;sysndd,,600153,,0,
HGNC:25985,PIGG,phosphatidylinositol glycan anchor biosynthesis class G (EMM blood group),both,DEE,T1,ndd_with_epilepsy,8,g2p_dd;genes4epilepsy;orphadata_genes;panelapp_au_epilepsy;panelapp_au_id;panelapp_ge_epilepsy;panelapp_ge_id;sysndd,280;488635,616918,MONDO:0008684;MONDO:0014832,0,
HGNC:8964,PIGH,phosphatidylinositol glycan anchor biosynthesis class H,both,DEE,T1,ndd_with_epilepsy,8,clingen;g2p_dd;genes4epilepsy;panelapp_au_epilepsy;panelapp_au_id;panelapp_ge_epilepsy;panelapp_ge_id;sysndd,,600154,,0,
HGNC:8965,PIGK,phosphatidylinositol glycan anchor biosynthesis class K,both,DEE,T1,ndd_with_epilepsy,7,g2p_dd;genes4epilepsy;panelapp_au_epilepsy;panelapp_au_id;panelapp_ge_epilepsy;panelapp_ge_id;sysndd,,605087,,0,
HGNC:8966,PIGL,phosphatidylinositol glycan anchor biosynthesis class L,both,DEE,T1,ndd_with_epilepsy,7,clingen;g2p_dd;genes4epilepsy;orphadata_genes;panelapp_au_id;panelapp_ge_id;sysndd,247262;3474,605947,MONDO:0010221;MONDO:0016596,0,
HGNC:18858,PIGM,phosphatidylinositol glycan anchor biosynthesis class M,both,DEE,T1,ndd_with_epilepsy,7,clingen;g2p_dd;genes4epilepsy;orphadata_genes;panelapp_au_epilepsy;panelapp_ge_epilepsy;sysndd,83639,610273,MONDO:0012465,0,
HGNC:8967,PIGN,phosphatidylinositol glycan anchor biosynthesis class N,both,DEE,T1,ndd_with_epilepsy,9,clingen;g2p_dd;genes4epilepsy;orphadata_genes;panelapp_au_epilepsy;panelapp_au_id;panelapp_ge_epilepsy;panelapp_ge_id;sysndd,2059;280633,606097,MONDO:0009253;MONDO:0013563,2,CDG CARE; GPI-Anchor Disorder Alliance
HGNC:23215,PIGO,phosphatidylinositol glycan anchor biosynthesis class O,both,DEE,T1,ndd_with_epilepsy,9,clingen;g2p_dd;genes4epilepsy;orphadata_genes;panelapp_au_epilepsy;panelapp_au_id;panelapp_ge_epilepsy;panelapp_ge_id;sysndd,247262,614730,MONDO:0016596,0,
HGNC:3046,PIGP,phosphatidylinositol glycan anchor biosynthesis class P,both,DEE,T1,ndd_with_epilepsy,9,clingen;g2p_dd;genes4epilepsy;orphadata_genes;panelapp_au_epilepsy;panelapp_au_id;panelapp_ge_epilepsy;panelapp_ge_id;sysndd,1934,605938,MONDO:0800491,0,
HGNC:14135,PIGQ,phosphatidylinositol glycan anchor biosynthesis class Q,both,DEE,T1,ndd_with_epilepsy,9,clingen;g2p_dd;genes4epilepsy;orphadata_genes;panelapp_au_epilepsy;panelapp_au_id;panelapp_ge_epilepsy;panelapp_ge_id;sysndd,1934,605754,MONDO:0800491,0,
HGNC:14937,PIGS,phosphatidylinositol glycan anchor biosynthesis class S,both,DEE,T1,ndd_with_epilepsy,8,clingen;g2p_dd;genes4epilepsy;panelapp_au_epilepsy;panelapp_au_id;panelapp_ge_epilepsy;panelapp_ge_id;sysndd,,610271,,0,
HGNC:14938,PIGT,phosphatidylinositol glycan anchor biosynthesis class T,both,DEE,T1,ndd_with_epilepsy,9,clingen;g2p_dd;genes4epilepsy;orphadata_genes;panelapp_au_epilepsy;panelapp_au_id;panelapp_ge_epilepsy;panelapp_ge_id;sysndd,369837,610272,MONDO:0014165,0,
HGNC:15791,PIGU,phosphatidylinositol glycan anchor biosynthesis class U,both,DEE,T1,ndd_with_epilepsy,8,clingen;g2p_dd;genes4epilepsy;panelapp_au_epilepsy;panelapp_au_id;panelapp_ge_epilepsy;panelapp_ge_id;sysndd,,608528,,0,
HGNC:26031,PIGV,phosphatidylinositol glycan anchor biosynthesis class V,both,DEE,T1,ndd_with_epilepsy,8,clingen;g2p_dd;genes4epilepsy;orphadata_genes;panelapp_au_epilepsy;panelapp_au_id;panelapp_ge_id;sysndd,247262,610274,MONDO:0016596,0,
HGNC:23213,PIGW,phosphatidylinositol glycan anchor biosynthesis class W,both,DEE,T1,ndd_with_epilepsy,9,clingen;g2p_dd;genes4epilepsy;orphadata_genes;panelapp_au_epilepsy;panelapp_au_id;panelapp_ge_epilepsy;panelapp_ge_id;sysndd,247262;83639,610275,MONDO:0012465;MONDO:0016596,0,
HGNC:8975,PIK3CA,"phosphatidylinositol-4,5-bisphosphate 3-kinase catalytic subunit alpha",both,MCD,T1,ndd_with_epilepsy,10,clingen;g2p_dd;genes4epilepsy;orphadata_genes;panelapp_au_epilepsy;panelapp_au_id;panelapp_ge_epilepsy;panelapp_ge_id;sfari;sysndd,140944;144;168984;210159;221061;2495;276280;295239;295243;314662;583097;60040;714737;714785;717611;90308;99802,171834,MONDO:0005835;MONDO:0007864;MONDO:0011240;MONDO:0013038;MONDO:0013125;MONDO:0016216;MONDO:0016642;MONDO:0017177;MONDO:0017564;MONDO:0017566;MONDO:0017812;MONDO:0020492;MONDO:0031037;MONDO:0035592,0,
HGNC:8980,PIK3R2,phosphoinositide-3-kinase regulatory subunit 2,both,MCD,T1,ndd_with_epilepsy,10,clingen;g2p_dd;genes4epilepsy;orphadata_genes;panelapp_au_epilepsy;panelapp_au_id;panelapp_ge_epilepsy;panelapp_ge_id;sfari;sysndd,83473,603157,MONDO:0019375,0,
HGNC:14581,PINK1,PTEN induced kinase 1,both,DEE,T1,ndd_with_epilepsy,5,clingen;genes4epilepsy;orphadata_genes;panelapp_au_id;panelapp_ge_id,2828,608309,MONDO:0017279,0,
HGNC:8996,PIP5K1C,phosphatidylinositol-4-phosphate 5-kinase type 1 gamma,both,DEE,T1,ndd_with_epilepsy,9,clingen;g2p_dd;genes4epilepsy;orphadata_genes;panelapp_au_epilepsy;panelapp_au_id;panelapp_ge_epilepsy;panelapp_ge_id;sysndd,137783,606102,MONDO:0012656,0,
HGNC:9039,PLA2G6,phospholipase A2 group VI,both,DEE,T1,ndd_with_epilepsy,9,clingen;g2p_dd;genes4epilepsy;orphadata_genes;panelapp_au_epilepsy;panelapp_au_id;panelapp_ge_epilepsy;panelapp_ge_id;sysndd,199351;35069,603604,MONDO:0013060;MONDO:0024457,1,INADcure Foundation
HGNC:9043,PLAA,phospholipase A2 activating protein,both,DEE,T1,ndd_with_epilepsy,9,g2p_dd;genes4epilepsy;orphadata_genes;panelapp_au_epilepsy;panelapp_au_id;panelapp_ge_epilepsy;panelapp_ge_id;sfari;sysndd,521426,603873,MONDO:0060502,0,
HGNC:15917,PLCB1,phospholipase C beta 1,both,DEE,T1,ndd_with_epilepsy,10,clingen;g2p_dd;genes4epilepsy;orphadata_genes;panelapp_au_epilepsy;panelapp_au_id;panelapp_ge_epilepsy;panelapp_ge_id;sfari;sysndd,293181;697160,607120,MONDO:0017385;MONDO:0018097,0,
HGNC:9077,PLK1,polo like kinase 1,both,DEE,T1,ndd_with_epilepsy,6,genes4epilepsy;panelapp_au_epilepsy;panelapp_au_id;panelapp_ge_epilepsy;panelapp_ge_id;sysndd,,602098,,0,
HGNC:9086,PLP1,proteolipid protein 1,both,"DEE, MCD",T1,ndd_with_epilepsy,8,clingen;g2p_dd;genes4epilepsy;orphadata_genes;panelapp_au_epilepsy;panelapp_au_id;panelapp_ge_id;sysndd,280210;280219;280224;280229;280234;599376;99015,300401,MONDO:0010733;MONDO:0017221;MONDO:0017222;MONDO:0017223;MONDO:0017224;MONDO:0017225;MONDO:0035398,0,
HGNC:9457,PLPBP,pyridoxal phosphate binding protein,both,DEE,T1,ndd_with_epilepsy,8,g2p_dd;genes4epilepsy;orphadata_genes;panelapp_au_epilepsy;panelapp_au_id;panelapp_ge_epilepsy;panelapp_ge_id;sysndd,3006,604436,MONDO:0009945,0,
HGNC:9099,PLXNA1,plexin A1,both,DEE,T1,ndd_with_epilepsy,8,g2p_dd;genes4epilepsy;orphadata_genes;panelapp_au_epilepsy;panelapp_au_id;panelapp_ge_epilepsy;panelapp_ge_id;sysndd,528084,601055,MONDO:0100038,0,
HGNC:9115,PMM2,phosphomannomutase 2,both,DEE,T1,ndd_with_epilepsy,9,clingen;g2p_dd;genes4epilepsy;orphadata_genes;panelapp_au_epilepsy;panelapp_au_id;panelapp_ge_epilepsy;panelapp_ge_id;sysndd,79318,601785,MONDO:0008907,2,CDG Care; Maggie's Cure
HGNC:9119,PMPCB,"peptidase, mitochondrial processing subunit beta",both,DEE,T1,ndd_with_epilepsy,8,g2p_dd;genes4epilepsy;orphadata_genes;panelapp_au_epilepsy;panelapp_au_id;panelapp_ge_epilepsy;panelapp_ge_id;sysndd,569290,603131,MONDO:0054785,0,
HGNC:9154,PNKP,polynucleotide kinase 3'-phosphatase,both,DEE,T1,ndd_with_epilepsy,9,clingen;g2p_dd;genes4epilepsy;orphadata_genes;panelapp_au_epilepsy;panelapp_au_id;panelapp_ge_epilepsy;panelapp_ge_id;sysndd,101101;1934;459033,605610,MONDO:0011570;MONDO:0014557;MONDO:0800491,2,AOA4-PNKP family network; PNKP Disease Foundation
HGNC:28900,PNPLA8,"patatin like domain 8, phospholipase A2 ",both,DEE,T1,ndd_with_epilepsy,8,clingen;g2p_dd;genes4epilepsy;panelapp_au_epilepsy;panelapp_au_id;panelapp_ge_epilepsy;panelapp_ge_id;sysndd,,612123,,0,
HGNC:30260,PNPO,pyridoxamine 5'-phosphate oxidase,both,DEE,T1,ndd_with_epilepsy,8,clingen;g2p_dd;genes4epilepsy;orphadata_genes;panelapp_au_epilepsy;panelapp_ge_epilepsy;panelapp_ge_id;sysndd,79096,603287,MONDO:0012407,0,
HGNC:23166,PNPT1,polyribonucleotide nucleotidyltransferase 1,both,"DEE, MCD",T1,ndd_with_epilepsy,9,clingen;g2p_dd;genes4epilepsy;orphadata_genes;panelapp_au_epilepsy;panelapp_au_id;panelapp_ge_epilepsy;panelapp_ge_id;sysndd,101111;319514;90636,610316,MONDO:0012103;MONDO:0013977;MONDO:0019588,0,
HGNC:18801,POGZ,pogo transposable element derived with ZNF domain,both,DEE,T1,ndd_with_epilepsy,9,clingen;g2p_dd;genes4epilepsy;orphadata_genes;panelapp_au_epilepsy;panelapp_au_id;panelapp_ge_id;sfari;sysndd,468678,614787,MONDO:0014606,1,White Sutton Syndrome Foundation
HGNC:9179,POLG,"DNA polymerase gamma, catalytic subunit",both,"DEE, PME",T1,ndd_with_epilepsy,9,clingen;g2p_dd;genes4epilepsy;orphadata_genes;panelapp_au_epilepsy;panelapp_au_id;panelapp_ge_epilepsy;panelapp_ge_id;sysndd,254881;254886;254892;298;402082;70595;726;94125,174763,MONDO:0008003;MONDO:0008758;MONDO:0011835;MONDO:0016809;MONDO:0016810;MONDO:0017575;MONDO:0019791,6,International Mito Patients; Lily Foundation (UK); Mito Foundation (AU); MitoAction; PolG Foundation; United Mitochondrial Disease Foundation
HGNC:17264,POLR1A,RNA polymerase I subunit A,both,DEE,T1,ndd_with_epilepsy,6,g2p_dd;genes4epilepsy;orphadata_genes;panelapp_au_epilepsy;panelapp_au_id;sysndd,1200,616404,MONDO:0012064,0,
HGNC:30348,POLR3B,RNA polymerase III subunit B,both,DEE,T1,ndd_with_epilepsy,8,clingen;g2p_dd;genes4epilepsy;orphadata_genes;panelapp_au_epilepsy;panelapp_au_id;panelapp_ge_id;sysndd,88637,614366,MONDO:0019505,0,
HGNC:19139,POMGNT1,"protein O-linked mannose N-acetylglucosaminyltransferase 1 (beta 1,2-)",both,DEE,T1,ndd_with_epilepsy,10,clingen;g2p_dd;genes4epilepsy;orphadata_genes;panelapp_au_epilepsy;panelapp_au_id;panelapp_ge_epilepsy;panelapp_ge_id;sfari;sysndd,206564;370959;588;791;899,606822,MONDO:0000171;MONDO:0013161;MONDO:0018277;MONDO:0018939;MONDO:0019200,0,
HGNC:25902,POMGNT2,"protein O-linked mannose N-acetylglucosaminyltransferase 2 (beta 1,4-)",both,"DEE, MCD",T1,ndd_with_epilepsy,8,clingen;g2p_dd;genes4epilepsy;orphadata_genes;panelapp_au_epilepsy;panelapp_au_id;panelapp_ge_id;sysndd,899,614828,MONDO:0000171,0,
HGNC:26267,POMK,protein O-mannose kinase,both,"DEE, MCD",T1,ndd_with_epilepsy,7,g2p_dd;genes4epilepsy;orphadata_genes;panelapp_au_epilepsy;panelapp_au_id;panelapp_ge_id;sysndd,370959;445110;899,615247,MONDO:0000171;MONDO:0014489;MONDO:0018277,0,
HGNC:9202,POMT1,protein O-mannosyltransferase 1,both,DEE,T1,ndd_with_epilepsy,10,clingen;g2p_dd;genes4epilepsy;orphadata_genes;panelapp_au_epilepsy;panelapp_au_id;panelapp_ge_epilepsy;panelapp_ge_id;sfari;sysndd,370959;370968;370980;588;86812;899,607423,MONDO:0000171;MONDO:0012248;MONDO:0018277;MONDO:0018278;MONDO:0018939;MONDO:1040033,0,
HGNC:19743,POMT2,protein O-mannosyltransferase 2,both,DEE,T1,ndd_with_epilepsy,9,clingen;g2p_dd;genes4epilepsy;orphadata_genes;panelapp_au_epilepsy;panelapp_au_id;panelapp_ge_epilepsy;panelapp_ge_id;sysndd,206559;370959;370968;588;899,607439,MONDO:0000171;MONDO:0013162;MONDO:0018277;MONDO:0018278;MONDO:0018939,0,
HGNC:9216,POU3F3,POU class 3 homeobox 3,both,"DEE, MCD",T1,ndd_with_epilepsy,9,clingen;g2p_dd;genes4epilepsy;orphadata_genes;panelapp_au_epilepsy;panelapp_au_id;panelapp_ge_id;sfari;sysndd,656135,602480,MONDO:0032830,0,
HGNC:9247,PPFIA3,PPFI scaffold protein A3,both,DEE,T1,ndd_with_epilepsy,7,g2p_dd;genes4epilepsy;panelapp_au_epilepsy;panelapp_au_id;panelapp_ge_id;sfari;sysndd,,603144,,0,
HGNC:9249,PPFIBP1,PPFIB scaffold protein 1,both,DEE,T1,ndd_with_epilepsy,7,g2p_dd;genes4epilepsy;panelapp_au_epilepsy;panelapp_au_id;panelapp_ge_epilepsy;panelapp_ge_id;sysndd,,603141,,0,
HGNC:9260,PPIL1,peptidylprolyl isomerase like 1,both,"DEE, MCD",T1,ndd_with_epilepsy,7,g2p_dd;genes4epilepsy;panelapp_au_epilepsy;panelapp_au_id;panelapp_ge_epilepsy;panelapp_ge_id;sysndd,,601301,,0,
HGNC:9299,PPP2CA,protein phosphatase 2 catalytic subunit alpha,both,"DEE, MCD",T1,ndd_with_epilepsy,10,clingen;g2p_dd;genes4epilepsy;orphadata_genes;panelapp_au_epilepsy;panelapp_au_id;panelapp_ge_epilepsy;panelapp_ge_id;sfari;sysndd,726659,176915,,0,
HGNC:9302,PPP2R1A,protein phosphatase 2 scaffold subunit Aalpha,both,DEE,T1,ndd_with_epilepsy,10,clingen;g2p_dd;genes4epilepsy;orphadata_genes;panelapp_au_epilepsy;panelapp_au_id;panelapp_ge_epilepsy;panelapp_ge_id;sfari;sysndd,457284,605983,MONDO:0014605,3,"Jordan's Guardian Angels (Jordan's Syndrome - PPP2R5D, PPP2R1A, PPP2R5C); Jordan's Guardian Angels - Jordan's Syndrome; Genetic misspelling of the genes PPP2R5D, PPP2R1A, PPP2R5C; PPP2R5D Foundation"
HGNC:9311,PPP2R5C,protein phosphatase 2 regulatory subunit B'gamma,both,DEE,T1,ndd_with_epilepsy,9,clingen;g2p_dd;genes4epilepsy;orphadata_genes;panelapp_au_id;panelapp_ge_epilepsy;panelapp_ge_id;sfari;sysndd,726667,601645,,3,"Jordan's Guardian Angels (Jordan's Syndrome - PPP2R5D, PPP2R1A, PPP2R5C); Jordan's Guardian Angels - Jordan's Syndrome; Genetic misspelling of the genes PPP2R5D, PPP2R1A, PPP2R5C; PPP2R5D Foundation"
HGNC:9312,PPP2R5D,protein phosphatase 2 regulatory subunit B'delta,both,DEE,T1,ndd_with_epilepsy,9,clingen;g2p_dd;genes4epilepsy;orphadata_genes;panelapp_au_epilepsy;panelapp_au_id;panelapp_ge_id;sfari;sysndd,457279,601646,MONDO:0014602,3,"Jordan's Guardian Angels; Jordan's Guardian Angels (Jordan's Syndrome - PPP2R5D, PPP2R1A, PPP2R5C); PPP2R5D Foundation"
HGNC:9314,PPP3CA,protein phosphatase 3 catalytic subunit alpha,both,DEE,T1,ndd_with_epilepsy,10,clingen;g2p_dd;genes4epilepsy;orphadata_genes;panelapp_au_epilepsy;panelapp_au_id;panelapp_ge_epilepsy;panelapp_ge_id;sfari;sysndd,442835;565858,114105,MONDO:0018614;MONDO:0032642,2,PPP3CA Hope Foundation; PPP3CA registry (Citizen Health)
HGNC:9325,PPT1,palmitoyl-protein thioesterase 1,both,PME,T1,ndd_with_epilepsy,9,clingen;g2p_dd;genes4epilepsy;orphadata_genes;panelapp_au_epilepsy;panelapp_au_id;panelapp_ge_epilepsy;panelapp_ge_id;sysndd,699718;699734;699739;699745,600722,MONDO:0979339;MONDO:0979340;MONDO:0979341;MONDO:0979342,4,BDSRA; Batten Disease Support & Research Association (BDSRA)(CLN1-CLN14); Beyond Batten; Taylor's Tale
HGNC:13993,PRDM8,PR/SET domain 8,both,PME,T2,ndd_with_epilepsy,5,genes4epilepsy;orphadata_genes;panelapp_au_epilepsy;panelapp_au_id;panelapp_ge_epilepsy,324290,616639,MONDO:0014717,0,
HGNC:18319,PRIMA1,proline rich membrane anchor 1,both,Focal,T2,ndd_with_epilepsy,4,clingen;genes4epilepsy;panelapp_au_epilepsy;sysndd,,613851,,0,
HGNC:25557,PRMT7,protein arginine methyltransferase 7,both,DEE,T1,ndd_with_epilepsy,8,g2p_dd;genes4epilepsy;orphadata_genes;panelapp_au_epilepsy;panelapp_au_id;panelapp_ge_epilepsy;panelapp_ge_id;sysndd,464288,610087,MONDO:0014944,0,
HGNC:25099,PRMT9,protein arginine methyltransferase 9,both,DEE,T1,ndd_with_epilepsy,8,g2p_dd;genes4epilepsy;panelapp_au_epilepsy;panelapp_au_id;panelapp_ge_epilepsy;panelapp_ge_id;sfari;sysndd,,616125,,0,
HGNC:9453,PRODH,proline dehydrogenase 1,both,DEE,T1,ndd_with_epilepsy,9,clingen;genes4epilepsy;orphadata_genes;panelapp_au_epilepsy;panelapp_au_id;panelapp_ge_epilepsy;panelapp_ge_id;sfari;sysndd,419,606810,MONDO:0009400,0,
HGNC:17340,PRPF8,pre-mRNA processing factor 8,both,DEE,T1,ndd_with_epilepsy,10,clingen;g2p_dd;genes4epilepsy;orphadata_genes;panelapp_au_epilepsy;panelapp_au_id;panelapp_ge_epilepsy;panelapp_ge_id;sfari;sysndd,528084;791,607300,MONDO:0019200;MONDO:0100038,0,
HGNC:30500,PRRT2,proline rich transmembrane protein 2,both,"Focal, DEE",T1,ndd_with_epilepsy,9,clingen;g2p_dd;genes4epilepsy;orphadata_genes;panelapp_au_epilepsy;panelapp_au_id;panelapp_ge_epilepsy;panelapp_ge_id;sysndd,306;36387;569;98809;98810;98811,614386,MONDO:0012805;MONDO:0017615;MONDO:0018214;MONDO:0018925;MONDO:0044202;MONDO:0700088,1,movement disorder umbrellas
HGNC:13420,PRUNE1,prune exopolyphosphatase 1,both,DEE,T1,ndd_with_epilepsy,7,g2p_dd;genes4epilepsy;orphadata_genes;panelapp_au_epilepsy;panelapp_au_id;panelapp_ge_id;sysndd,544469,617413,MONDO:0060490,0,
HGNC:9498,PSAP,prosaposin,both,DEE,T1,ndd_with_epilepsy,9,clingen;g2p_dd;genes4epilepsy;orphadata_genes;panelapp_au_epilepsy;panelapp_au_id;panelapp_ge_epilepsy;panelapp_ge_id;sysndd,139406;206436;309252;309256;309263;309271,176801,MONDO:0009591;MONDO:0012517;MONDO:0012719;MONDO:0016089;MONDO:0017729;MONDO:0017730,0,
HGNC:19129,PSAT1,phosphoserine aminotransferase 1,both,DEE,T1,ndd_with_epilepsy,9,clingen;g2p_dd;genes4epilepsy;orphadata_genes;panelapp_au_epilepsy;panelapp_au_id;panelapp_ge_epilepsy;panelapp_ge_id;sysndd,284417;583602,610936,MONDO:0012596;MONDO:0014466,0,
HGNC:9552,PSMC5,"proteasome 26S subunit, ATPase 5",both,DEE,T1,ndd_with_epilepsy,6,g2p_dd;genes4epilepsy;panelapp_au_id;panelapp_ge_id;sfari;sysndd,,601681,,0,
HGNC:9577,PSPH,phosphoserine phosphatase,both,DEE,T1,ndd_with_epilepsy,9,clingen;g2p_dd;genes4epilepsy;orphadata_genes;panelapp_au_epilepsy;panelapp_au_id;panelapp_ge_epilepsy;panelapp_ge_id;sysndd,583612;79350,172480,MONDO:0013531;MONDO:0035930,0,
HGNC:9583,PTBP1,polypyrimidine tract binding protein 1,both,DEE,T1,ndd_with_epilepsy,5,genes4epilepsy;panelapp_au_epilepsy;panelapp_au_id;panelapp_ge_id;sysndd,,600693,,0,
HGNC:9585,PTCH1,patched 1,both,"DEE, MCD",T1,ndd_with_epilepsy,10,clingen;g2p_dd;genes4epilepsy;orphadata_genes;panelapp_au_epilepsy;panelapp_au_id;panelapp_ge_epilepsy;panelapp_ge_id;sfari;sysndd,220386;2353;280195;280200;377;77301;93924;93925;93926,601309,MONDO:0007187;MONDO:0008113;MONDO:0017218;MONDO:0017219;MONDO:0019179;MONDO:0019756;MONDO:0019757;MONDO:0019758;MONDO:0700419,0,
HGNC:9588,PTEN,phosphatase and tensin homolog,both,MCD,T1,ndd_with_epilepsy,10,clingen;g2p_dd;genes4epilepsy;orphadata_genes;panelapp_au_epilepsy;panelapp_au_id;panelapp_ge_epilepsy;panelapp_ge_id;sfari;sysndd,109;137608;145;201;210548;2969;494547;494550;500464;500478;502363;502366;65285;726807;79076,601728,MONDO:0003582;MONDO:0004958;MONDO:0005595;MONDO:0007924;MONDO:0011537;MONDO:0015293;MONDO:0016063;MONDO:0017571;MONDO:0019002;MONDO:0019190;MONDO:0021427;MONDO:0044638;MONDO:0044704;MONDO:0044705,4,PTEN Hamartoma Tumor Syndrome Foundation; PTEN Hamartoma Tumor Syndrome Foundation (US); PTEN Research; PTEN Research (UK)
HGNC:23734,PTF1A,pancreas associated transcription factor 1a,both,DEE,T1,ndd_with_epilepsy,8,g2p_dd;genes4epilepsy;orphadata_genes;panelapp_au_epilepsy;panelapp_au_id;panelapp_ge_epilepsy;panelapp_ge_id;sysndd,2805;65288,607194,MONDO:0009832;MONDO:0012192,0,
HGNC:26965,PTPMT1,protein tyrosine phosphatase mitochondrial 1,both,DEE,T1,ndd_with_epilepsy,5,genes4epilepsy;panelapp_au_id;panelapp_ge_epilepsy;panelapp_ge_id;sysndd,,609538,,0,
HGNC:14406,PTPN23,protein tyrosine phosphatase non-receptor type 23,both,DEE,T1,ndd_with_epilepsy,8,g2p_dd;genes4epilepsy;orphadata_genes;panelapp_au_epilepsy;panelapp_au_id;panelapp_ge_epilepsy;panelapp_ge_id;sysndd,528084,606584,MONDO:0100038,0,
HGNC:9689,PTS,6-pyruvoyltetrahydropterin synthase,both,DEE,T1,ndd_with_epilepsy,9,clingen;g2p_dd;genes4epilepsy;orphadata_genes;panelapp_au_epilepsy;panelapp_au_id;panelapp_ge_epilepsy;panelapp_ge_id;sysndd,13,612719,MONDO:0009863,0,
HGNC:17042,PUF60,poly(U) binding splicing factor 60,both,DEE,T1,ndd_with_epilepsy,8,clingen;g2p_dd;genes4epilepsy;orphadata_genes;panelapp_au_id;panelapp_ge_id;sfari;sysndd,508488;508498,604819,MONDO:0014263;MONDO:0034989,0,
HGNC:14957,PUM1,pumilio RNA binding family member 1,both,DEE,T1,ndd_with_epilepsy,7,genes4epilepsy;orphadata_genes;panelapp_au_epilepsy;panelapp_au_id;panelapp_ge_epilepsy;panelapp_ge_id;sysndd,589515;642747,607204,MONDO:0033482;MONDO:0958231,0,
HGNC:9701,PURA,purine rich element binding protein A,both,DEE,T1,ndd_with_epilepsy,9,clingen;g2p_dd;genes4epilepsy;orphadata_genes;panelapp_au_epilepsy;panelapp_au_id;panelapp_ge_epilepsy;panelapp_ge_id;sysndd,314655;438216,600473,MONDO:0014512;MONDO:0017811,4,GrandPOPS; PURA Foundation Australia; PURA Syndrome Foundation; PURA Syndrome registry (Citizen Health)
HGNC:25461,PUS3,pseudouridine synthase 3,both,"DEE, MCD",T1,ndd_with_epilepsy,7,g2p_dd;genes4epilepsy;orphadata_genes;panelapp_au_epilepsy;panelapp_au_id;panelapp_ge_id;sysndd,488627,616283,MONDO:0014886,0,
HGNC:9751,QARS1,glutaminyl-tRNA synthetase 1,both,DEE,T1,ndd_with_epilepsy,9,clingen;g2p_dd;genes4epilepsy;orphadata_genes;panelapp_au_epilepsy;panelapp_au_id;panelapp_ge_epilepsy;panelapp_ge_id;sysndd,404437;423306,603727,MONDO:0014335;MONDO:0018494,1,CureARS
HGNC:9752,QDPR,quinoid dihydropteridine reductase,both,DEE,T1,ndd_with_epilepsy,9,clingen;g2p_dd;genes4epilepsy;orphadata_genes;panelapp_au_epilepsy;panelapp_au_id;panelapp_ge_epilepsy;panelapp_ge_id;sysndd,226,612676,MONDO:0009862,0,
HGNC:9760,RAB11A,"RAB11A, member RAS oncogene family",both,DEE,T1,ndd_with_epilepsy,9,clingen;g2p_dd;genes4epilepsy;orphadata_genes;panelapp_au_epilepsy;panelapp_au_id;panelapp_ge_epilepsy;panelapp_ge_id;sysndd,178469,605570,MONDO:0015802,0,
HGNC:9761,RAB11B,"RAB11B, member RAS oncogene family",both,"DEE, MCD",T1,ndd_with_epilepsy,7,g2p_dd;genes4epilepsy;panelapp_au_epilepsy;panelapp_au_id;panelapp_ge_epilepsy;panelapp_ge_id;sysndd,,604198,,0,
HGNC:14244,RAB18,"RAB18, member RAS oncogene family",both,"DEE, MCD",T1,ndd_with_epilepsy,9,clingen;g2p_dd;genes4epilepsy;orphadata_genes;panelapp_au_epilepsy;panelapp_au_id;panelapp_ge_epilepsy;panelapp_ge_id;sysndd,2510,602207,MONDO:0016649,1,Warburg Micro Foundation
HGNC:16499,RAB39B,"RAB39B, member RAS oncogene family",both,DEE,T1,ndd_with_epilepsy,9,clingen;g2p_dd;genes4epilepsy;orphadata_genes;panelapp_au_epilepsy;panelapp_au_id;panelapp_ge_id;sfari;sysndd,2379;777,300774,MONDO:0010709;MONDO:0019181,0,
HGNC:17063,RAB3GAP1,RAB3 GTPase activating protein catalytic subunit 1,both,"DEE, MCD",T1,ndd_with_epilepsy,9,clingen;g2p_dd;genes4epilepsy;orphadata_genes;panelapp_au_epilepsy;panelapp_au_id;panelapp_ge_epilepsy;panelapp_ge_id;sysndd,1387;2510,602536,MONDO:0016649;MONDO:8000008,1,Warburg Micro Foundation
HGNC:17168,RAB3GAP2,RAB3 GTPase activating non-catalytic protein subunit 2,both,"DEE, MCD",T1,ndd_with_epilepsy,9,clingen;g2p_dd;genes4epilepsy;orphadata_genes;panelapp_au_epilepsy;panelapp_au_id;panelapp_ge_epilepsy;panelapp_ge_id;sysndd,1387;2510;401830,609275,MONDO:0016649;MONDO:0018421;MONDO:8000008,1,Warburg Micro Foundation
HGNC:9785,RAB5C,"RAB5C, member RAS oncogene family",both,DEE,T1,ndd_with_epilepsy,7,g2p_dd;genes4epilepsy;panelapp_au_epilepsy;panelapp_au_id;panelapp_ge_epilepsy;panelapp_ge_id;sysndd,,604037,,0,
HGNC:17155,RABGAP1,RAB GTPase activating protein 1,both,DEE,T1,ndd_with_epilepsy,4,g2p_dd;genes4epilepsy;panelapp_au_id;sysndd,,615882,,0,
HGNC:9803,RAC3,Rac family small GTPase 3,both,"DEE, MCD",T1,ndd_with_epilepsy,8,g2p_dd;genes4epilepsy;orphadata_genes;panelapp_au_epilepsy;panelapp_au_id;panelapp_ge_epilepsy;panelapp_ge_id;sysndd,528084;659609,602050,MONDO:0032820;MONDO:0100038,0,
HGNC:9834,RAI1,retinoic acid induced 1,both,DEE,T1,ndd_with_epilepsy,9,clingen;g2p_dd;genes4epilepsy;orphadata_genes;panelapp_au_epilepsy;panelapp_au_id;panelapp_ge_id;sfari;sysndd,1713;477817;819,607642,MONDO:0008434;MONDO:0012574;MONDO:0014723,1,PRISMS (Parents and Researchers Interested in Smith-Magenis Syndrome)
HGNC:9839,RALA,RAS like proto-oncogene A,both,DEE,T1,ndd_with_epilepsy,10,clingen;g2p_dd;genes4epilepsy;orphadata_genes;panelapp_au_epilepsy;panelapp_au_id;panelapp_ge_epilepsy;panelapp_ge_id;sfari;sysndd,528084,179550,MONDO:0100038,0,
HGNC:17770,RALGAPA1,Ral GTPase activating protein catalytic subunit alpha 1,both,DEE,T1,ndd_with_epilepsy,8,g2p_dd;genes4epilepsy;panelapp_au_epilepsy;panelapp_au_id;panelapp_ge_epilepsy;panelapp_ge_id;sfari;sysndd,,608884,,0,
HGNC:9848,RANBP2,RAN binding protein 2,both,DEE,T1,ndd_with_epilepsy,9,clingen;g2p_dd;genes4epilepsy;orphadata_genes;panelapp_au_epilepsy;panelapp_au_id;panelapp_ge_epilepsy;panelapp_ge_id;sysndd,178342;263524;88619,601181,MONDO:0011953;MONDO:0015798;MONDO:0016991,0,
HGNC:16854,RAPGEF2,Rap guanine nucleotide exchange factor 2,both,PME,T1,ndd_with_epilepsy,6,genes4epilepsy;orphadata_genes;panelapp_au_epilepsy;panelapp_au_id;sfari;sysndd,86814,609530,MONDO:0019448,0,
HGNC:21406,RARS2,"arginyl-tRNA synthetase 2, mitochondrial",both,"DEE, PME",T1,ndd_with_epilepsy,9,clingen;g2p_dd;genes4epilepsy;orphadata_genes;panelapp_au_epilepsy;panelapp_au_id;panelapp_ge_epilepsy;panelapp_ge_id;sysndd,166073,611524,MONDO:0012683,2,CureARS; United Mitochondrial Disease Foundation
HGNC:9894,RBL2,RB transcriptional corepressor like 2,both,DEE,T1,ndd_with_epilepsy,5,genes4epilepsy;panelapp_au_epilepsy;panelapp_au_id;panelapp_ge_id;sysndd,,180203,,0,
HGNC:9957,RELN,reelin,both,"Focal, MCD",T1,ndd_with_epilepsy,10,clingen;g2p_dd;genes4epilepsy;orphadata_genes;panelapp_au_epilepsy;panelapp_au_id;panelapp_ge_epilepsy;panelapp_ge_id;sfari;sysndd,101046;89844,600514,MONDO:0009760;MONDO:0010898,0,
HGNC:9965,RERE,arginine-glutamic acid dipeptide repeats,both,DEE,T1,ndd_with_epilepsy,9,clingen;g2p_dd;genes4epilepsy;orphadata_genes;panelapp_au_epilepsy;panelapp_au_id;panelapp_ge_id;sfari;sysndd,1606;494344,605226,MONDO:0011929;MONDO:0014857,1,Simons Searchlight Community - RERE Facebook Group
HGNC:30220,RFT1,RFT1 glycolipid translocator homolog,both,DEE,T1,ndd_with_epilepsy,9,clingen;g2p_dd;genes4epilepsy;orphadata_genes;panelapp_au_epilepsy;panelapp_au_id;panelapp_ge_epilepsy;panelapp_ge_id;sysndd,244310,611908,MONDO:0012783,0,
HGNC:9984,RFX3,regulatory factor X3,both,DEE,T1,ndd_with_epilepsy,7,clingen;g2p_dd;genes4epilepsy;panelapp_au_id;panelapp_ge_id;sfari;sysndd,,601337,,0,
HGNC:18756,RHOBTB2,Rho related BTB domain containing 2,both,DEE,T1,ndd_with_epilepsy,9,clingen;g2p_dd;genes4epilepsy;orphadata_genes;panelapp_au_epilepsy;panelapp_au_id;panelapp_ge_epilepsy;panelapp_ge_id;sysndd,1934;2131,607352,MONDO:0016241;MONDO:0800491,1,Cure RHOBTB2
HGNC:21176,RMND1,required for meiotic nuclear division 1 homolog,both,DEE,T1,ndd_with_epilepsy,9,clingen;g2p_dd;genes4epilepsy;orphadata_genes;panelapp_au_epilepsy;panelapp_au_id;panelapp_ge_epilepsy;panelapp_ge_id;sysndd,324535;642945;642976,614917,MONDO:0009300;MONDO:0013969;MONDO:0013972,0,
HGNC:18518,RNASEH2A,ribonuclease H2 subunit A,both,"DEE, MCD",T1,ndd_with_epilepsy,9,clingen;g2p_dd;genes4epilepsy;orphadata_genes;panelapp_au_epilepsy;panelapp_au_id;panelapp_ge_epilepsy;panelapp_ge_id;sysndd,51,606034,MONDO:0018866,0,
HGNC:25671,RNASEH2B,ribonuclease H2 subunit B,both,"DEE, MCD",T1,ndd_with_epilepsy,9,clingen;g2p_dd;genes4epilepsy;orphadata_genes;panelapp_au_epilepsy;panelapp_au_id;panelapp_ge_epilepsy;panelapp_ge_id;sysndd,51;689234,610326,MONDO:0018866;MONDO:0975920,0,
HGNC:24116,RNASEH2C,ribonuclease H2 subunit C,both,"DEE, MCD",T1,ndd_with_epilepsy,9,clingen;g2p_dd;genes4epilepsy;orphadata_genes;panelapp_au_epilepsy;panelapp_au_id;panelapp_ge_epilepsy;panelapp_ge_id;sysndd,51,610330,MONDO:0018866,0,
HGNC:21686,RNASET2,ribonuclease T2,both,DEE,T1,ndd_with_epilepsy,8,g2p_dd;genes4epilepsy;orphadata_genes;panelapp_au_epilepsy;panelapp_au_id;panelapp_ge_epilepsy;panelapp_ge_id;sysndd,85136,612944,MONDO:0013058,0,
HGNC:12974,RNF113A,ring finger protein 113A,both,DEE,T1,ndd_with_epilepsy,8,g2p_dd;genes4epilepsy;orphadata_genes;panelapp_au_epilepsy;panelapp_au_id;panelapp_ge_epilepsy;panelapp_ge_id;sysndd,33364,300951,MONDO:0018053,0,
HGNC:10057,RNF13,ring finger protein 13,both,DEE,T1,ndd_with_epilepsy,8,g2p_dd;genes4epilepsy;orphadata_genes;panelapp_au_epilepsy;panelapp_au_id;panelapp_ge_epilepsy;panelapp_ge_id;sysndd,544503,609247,MONDO:0034106,0,
HGNC:10152,RNU2-2,"RNA, U2 small nuclear 2",both,DEE,T1,ndd_with_epilepsy,9,clingen;g2p_dd;genes4epilepsy;panelapp_au_epilepsy;panelapp_au_id;panelapp_ge_epilepsy;panelapp_ge_id;sfari;sysndd,,621238,,0,
HGNC:10193,RNU4-2,"RNA, U4 small nuclear 2",both,DEE,T1,ndd_with_epilepsy,10,clingen;g2p_dd;genes4epilepsy;orphadata_genes;panelapp_au_epilepsy;panelapp_au_id;panelapp_ge_epilepsy;panelapp_ge_id;sfari;sysndd,686488;791,620823,MONDO:0019200;MONDO:0971172,0,
HGNC:34016,RNU4ATAC,"RNA, U4atac small nuclear",both,DEE,T1,ndd_with_epilepsy,9,clingen;g2p_dd;genes4epilepsy;orphadata_genes;panelapp_au_epilepsy;panelapp_au_id;panelapp_ge_epilepsy;panelapp_ge_id;sysndd,1824;2636;353298,601428,MONDO:0009191;MONDO:0014722;MONDO:0016994,0,
HGNC:29478,ROGDI,rogdi atypical leucine zipper,both,DEE,T1,ndd_with_epilepsy,9,clingen;g2p_dd;genes4epilepsy;orphadata_genes;panelapp_au_epilepsy;panelapp_au_id;panelapp_ge_epilepsy;panelapp_ge_id;sysndd,1946,614574,MONDO:0009185,1,Kohlschütter-Tönz Syndrome Foundation
HGNC:10258,RORA,RAR related orphan receptor A,both,"GGE, DEE",T1,ndd_with_epilepsy,9,g2p_dd;genes4epilepsy;orphadata_genes;panelapp_au_epilepsy;panelapp_au_id;panelapp_ge_epilepsy;panelapp_ge_id;sfari;sysndd,528084,600825,MONDO:0100038,0,
HGNC:10259,RORB,RAR related orphan receptor B,both,"GGE, DEE",T1,ndd_with_epilepsy,8,clingen;g2p_dd;genes4epilepsy;panelapp_au_epilepsy;panelapp_ge_epilepsy;panelapp_ge_id;sfari;sysndd,,601972,,1,RORB Facebook group
HGNC:17056,RPH3A,rabphilin 3A,both,DEE,T1,ndd_with_epilepsy,7,g2p_dd;genes4epilepsy;orphadata_genes;panelapp_au_epilepsy;panelapp_au_id;sfari;sysndd,716903,612159,,0,
HGNC:10297,RPIA,ribose 5-phosphate isomerase A,both,"DEE, MCD",T1,ndd_with_epilepsy,7,genes4epilepsy;orphadata_genes;panelapp_au_epilepsy;panelapp_au_id;panelapp_ge_epilepsy;panelapp_ge_id;sysndd,440706,180430,MONDO:0012073,0,
HGNC:10432,RPS6KA3,ribosomal protein S6 kinase A3,both,DEE,T1,ndd_with_epilepsy,9,clingen;g2p_dd;genes4epilepsy;orphadata_genes;panelapp_au_epilepsy;panelapp_au_id;panelapp_ge_id;sfari;sysndd,192;276630;777,300075,MONDO:0010561;MONDO:0017193;MONDO:0019181,0,
HGNC:17296,RRM2B,ribonucleotide reductase regulatory TP53 inducible subunit M2B,both,DEE,T1,ndd_with_epilepsy,8,g2p_dd;genes4epilepsy;orphadata_genes;panelapp_au_epilepsy;panelapp_au_id;panelapp_ge_epilepsy;panelapp_ge_id;sysndd,254892;255235;298;329336;480,604712,MONDO:0008003;MONDO:0010787;MONDO:0012792;MONDO:0017575;MONDO:0018002,0,
HGNC:18118,RSF1,remodeling and spacing factor 1,both,DEE,T1,ndd_with_epilepsy,5,genes4epilepsy;panelapp_au_id;panelapp_ge_id;sfari;sysndd,,608522,,0,
HGNC:18647,RTN4IP1,reticulon 4 interacting protein 1,both,DEE,T1,ndd_with_epilepsy,9,clingen;g2p_dd;genes4epilepsy;orphadata_genes;panelapp_au_epilepsy;panelapp_au_id;panelapp_ge_epilepsy;panelapp_ge_id;sysndd,98676,610502,MONDO:0014753,0,
HGNC:18654,RTTN,rotatin,both,MCD,T1,ndd_with_epilepsy,9,clingen;g2p_dd;genes4epilepsy;orphadata_genes;panelapp_au_epilepsy;panelapp_au_id;panelapp_ge_epilepsy;panelapp_ge_id;sysndd,468631,610436,MONDO:0018764,0,
HGNC:23625,RUSC2,RUN and SH3 domain containing 2,both,DEE,T1,ndd_with_epilepsy,7,clingen;genes4epilepsy;panelapp_au_epilepsy;panelapp_au_id;panelapp_ge_epilepsy;panelapp_ge_id;sysndd,,611053,,0,
HGNC:13530,RXYLT1,ribitol xylosyltransferase 1,both,"DEE, MCD",T1,ndd_with_epilepsy,8,clingen;g2p_dd;genes4epilepsy;orphadata_genes;panelapp_au_epilepsy;panelapp_au_id;panelapp_ge_id;sysndd,899,605862,MONDO:0000171,0,
HGNC:10485,RYR3,ryanodine receptor 3,both,DEE,T2,ndd_with_epilepsy,7,clingen;g2p_dd;genes4epilepsy;panelapp_au_epilepsy;panelapp_ge_epilepsy;panelapp_ge_id;sysndd,,180903,,0,
HGNC:10519,SACS,sacsin molecular chaperone,both,PME,T1,ndd_with_epilepsy,8,g2p_dd;genes4epilepsy;orphadata_genes;panelapp_au_epilepsy;panelapp_au_id;panelapp_ge_id;sfari;sysndd,98,604490,MONDO:0010041,0,
HGNC:15925,SAMHD1,SAM and HD domain containing deoxynucleoside triphosphate triphosphohydrolase 1,both,DEE,T1,ndd_with_epilepsy,9,clingen;g2p_dd;genes4epilepsy;orphadata_genes;panelapp_au_epilepsy;panelapp_au_id;panelapp_ge_epilepsy;panelapp_ge_id;sysndd,481662;51,606754,MONDO:0018827;MONDO:0018866,0,
HGNC:10541,SATB1,SATB homeobox 1,both,DEE,T1,ndd_with_epilepsy,10,clingen;g2p_dd;genes4epilepsy;orphadata_genes;panelapp_au_epilepsy;panelapp_au_id;panelapp_ge_epilepsy;panelapp_ge_id;sfari;sysndd,684232,602075,MONDO:0975882,0,
HGNC:21637,SATB2,SATB homeobox 2,both,DEE,T1,ndd_with_epilepsy,10,clingen;g2p_dd;genes4epilepsy;orphadata_genes;panelapp_au_epilepsy;panelapp_au_id;panelapp_ge_epilepsy;panelapp_ge_id;sfari;sysndd,251019;251028;576283,608148,MONDO:0012864;MONDO:0016653,5,COMBINEDBrain; SATB2 Gene Foundation; SATB2 Syndrome (2q33.1) Facebook Group; SATB2- genfundament; international family network
HGNC:19304,SCAF4,SR-related CTD associated factor 4,both,DEE,T1,ndd_with_epilepsy,10,clingen;g2p_dd;genes4epilepsy;orphadata_genes;panelapp_au_epilepsy;panelapp_au_id;panelapp_ge_epilepsy;panelapp_ge_id;sfari;sysndd,528084,616023,MONDO:0100038,0,
HGNC:30386,SCAMP5,secretory carrier membrane protein 5,both,DEE,T1,ndd_with_epilepsy,6,genes4epilepsy;panelapp_au_epilepsy;panelapp_au_id;panelapp_ge_epilepsy;panelapp_ge_id;sysndd,,613766,,1,Parents of SCAMP5
HGNC:1665,SCARB2,scavenger receptor class B member 2,both,PME,T1,ndd_with_epilepsy,7,clingen;genes4epilepsy;orphadata_genes;panelapp_au_epilepsy;panelapp_ge_epilepsy;panelapp_ge_id;sysndd,163696;308;77259,602257,MONDO:0009265;MONDO:0009698;MONDO:0009699,0,
HGNC:10582,SCN10A,sodium voltage-gated channel alpha subunit 10,both,DEE,T1,ndd_with_epilepsy,5,clingen;genes4epilepsy;orphadata_genes;panelapp_au_epilepsy;sysndd,130;306577;46348;88642;90026,604427,MONDO:0007571;MONDO:0008179;MONDO:0009459;MONDO:0015263;MONDO:0017629,0,
HGNC:10585,SCN1A,sodium voltage-gated channel alpha subunit 1,both,"GGE, Focal, DEE",T1,ndd_with_epilepsy,10,clingen;g2p_dd;genes4epilepsy;orphadata_genes;panelapp_au_epilepsy;panelapp_au_id;panelapp_ge_epilepsy;panelapp_ge_id;sfari;sysndd,1942;2382;293181;33069;36387;442835;569,182389,MONDO:0011794;MONDO:0014633;MONDO:0016532;MONDO:0017385;MONDO:0018214;MONDO:0018614;MONDO:0018925,12,Dravet Foundation; Dravet Syndrome European Federation; Dravet Syndrome Foundation; Dravet Syndrome Foundation (SCN1A); Dravet Syndrome Foundation Spain (Fundacion Sindrome de Dravet); Dravet Syndrome UK; Dravet Syndrome registry (Citizen Health); Dravet.org.au; ICE Epilepsy Alliance; SCN1A Gain of Function; The Dravet Syndrome Foundation; multi-country
HGNC:10586,SCN1B,sodium voltage-gated channel beta subunit 1,both,"GGE, Focal, DEE",T1,ndd_with_epilepsy,9,clingen;g2p_dd;genes4epilepsy;orphadata_genes;panelapp_au_epilepsy;panelapp_au_id;panelapp_ge_epilepsy;panelapp_ge_id;sysndd,130;1934;33069;334;36387;871,600235,MONDO:0011794;MONDO:0015263;MONDO:0018054;MONDO:0018214;MONDO:0019490;MONDO:0800491,2,Dravet Syndrome Foundation covers some overlap; Sodium Channel Coalition partner
HGNC:10588,SCN2A,sodium voltage-gated channel alpha subunit 2,both,"GGE, Focal, DEE",T1,ndd_with_epilepsy,10,clingen;g2p_dd;genes4epilepsy;orphadata_genes;panelapp_au_epilepsy;panelapp_au_id;panelapp_ge_epilepsy;panelapp_ge_id;sfari;sysndd,140927;178469;1934;2131;293181;306;33069;36387;697160,182390,MONDO:0011794;MONDO:0011904;MONDO:0015802;MONDO:0016241;MONDO:0017385;MONDO:0017615;MONDO:0018097;MONDO:0018214;MONDO:0800491,9,COMBINEDBrain; FamilieSCN2A Foundation; Genetic Epilepsy Team Australia/SCN2A Aust/NZ/Asia; SCN2A Asia Pacific; SCN2A Australia; SCN2A Europe; SCN2A Foundation; SCN2A Related Disorders; SCN2A registry (Citizen Health)
HGNC:10590,SCN3A,sodium voltage-gated channel alpha subunit 3,both,"DEE, MCD",T1,ndd_with_epilepsy,10,clingen;g2p_dd;genes4epilepsy;orphadata_genes;panelapp_au_epilepsy;panelapp_au_id;panelapp_ge_epilepsy;panelapp_ge_id;sfari;sysndd,442835;98820,182391,MONDO:0018614;MONDO:0020310,3,SCN3A Family network; Sodium Channel Coalition; Sodium Channel Coalition partner
HGNC:10596,SCN8A,sodium voltage-gated channel alpha subunit 8,both,"Focal, DEE, PME",T1,ndd_with_epilepsy,10,clingen;g2p_dd;genes4epilepsy;orphadata_genes;panelapp_au_epilepsy;panelapp_au_id;panelapp_ge_epilepsy;panelapp_ge_id;sfari;sysndd,178469;306;442835;86909,600702,MONDO:0015802;MONDO:0017615;MONDO:0018614;MONDO:0100566,9,COMBINEDBrain; Cute Syndrome Foundation; International SCN8A Alliance; SCN8A Alliance; SCN8A registry (Citizen Health); The Cute Syndrome; The Cute Syndrome Foundation; Wishes for Elliott; Wishes for Elliott: Advancing SCN8A Research
HGNC:10603,SCO1,synthesis of cytochrome C oxidase 1,both,DEE,T1,ndd_with_epilepsy,9,clingen;g2p_dd;genes4epilepsy;orphadata_genes;panelapp_au_epilepsy;panelapp_au_id;panelapp_ge_epilepsy;panelapp_ge_id;sysndd,1561,603644,MONDO:0015487,0,
HGNC:10604,SCO2,synthesis of cytochrome C oxidase 2,both,DEE,T1,ndd_with_epilepsy,9,clingen;g2p_dd;genes4epilepsy;orphadata_genes;panelapp_au_epilepsy;panelapp_au_id;panelapp_ge_epilepsy;panelapp_ge_id;sysndd,1561;521411;98619,604272,MONDO:0015487;MONDO:0020207;MONDO:0033850,0,
HGNC:10680,SDHA,succinate dehydrogenase complex flavoprotein subunit A,both,DEE,T1,ndd_with_epilepsy,9,clingen;g2p_dd;genes4epilepsy;orphadata_genes;panelapp_au_epilepsy;panelapp_au_id;panelapp_ge_epilepsy;panelapp_ge_id;sysndd,139411;154;29072;3208;44890;97286,600857,MONDO:0011424;MONDO:0011719;MONDO:0011740;MONDO:0017366;MONDO:0100294;MONDO:0700335,0,
HGNC:10739,SEMA6B,semaphorin 6B,both,"DEE, PME",T1,ndd_with_epilepsy,9,clingen;g2p_dd;genes4epilepsy;orphadata_genes;panelapp_au_epilepsy;panelapp_au_id;panelapp_ge_epilepsy;panelapp_ge_id;sysndd,178469,608873,MONDO:0015802,0,
HGNC:30605,SEPSECS,Sep (O-phosphoserine) tRNA:Sec (selenocysteine) tRNA synthase,both,DEE,T1,ndd_with_epilepsy,8,g2p_dd;genes4epilepsy;orphadata_genes;panelapp_au_epilepsy;panelapp_au_id;panelapp_ge_epilepsy;panelapp_ge_id;sysndd,247198;2524,613009,MONDO:0016589;MONDO:0016759,0,
HGNC:21061,SERAC1,serine active site containing 1,both,DEE,T1,ndd_with_epilepsy,8,clingen;g2p_dd;genes4epilepsy;orphadata_genes;panelapp_au_epilepsy;panelapp_au_id;panelapp_ge_id;sysndd,352328,614725,MONDO:0013875,0,
HGNC:15573,SETBP1,SET binding protein 1,both,DEE,T1,ndd_with_epilepsy,10,clingen;g2p_dd;genes4epilepsy;orphadata_genes;panelapp_au_epilepsy;panelapp_au_id;panelapp_ge_epilepsy;panelapp_ge_id;sfari;sysndd,436151;798,611060,MONDO:0010010;MONDO:0018574,3,COMBINEDBrain; SETBP1 Society; The Schinzel-Giedion Syndrome Foundation
HGNC:29010,SETD1A,"SET domain containing 1A, histone lysine methyltransferase",both,DEE,T1,ndd_with_epilepsy,9,g2p_dd;genes4epilepsy;orphadata_genes;panelapp_au_epilepsy;panelapp_au_id;panelapp_ge_epilepsy;panelapp_ge_id;sfari;sysndd,528084,611052,MONDO:0100038,0,
HGNC:29187,SETD1B,"SET domain containing 1B, histone lysine methyltransferase",both,DEE,T1,ndd_with_epilepsy,10,clingen;g2p_dd;genes4epilepsy;orphadata_genes;panelapp_au_epilepsy;panelapp_au_id;panelapp_ge_epilepsy;panelapp_ge_id;sfari;sysndd,178469;717812,611055,MONDO:0015802,2,SETD1B Research Foundation; Setd1b Family Network
HGNC:25566,SETD5,SET domain containing 5,both,DEE,T1,ndd_with_epilepsy,10,clingen;g2p_dd;genes4epilepsy;orphadata_genes;panelapp_au_epilepsy;panelapp_au_id;panelapp_ge_epilepsy;panelapp_ge_id;sfari;sysndd,1620;528084,615743,MONDO:0013424;MONDO:0100038,1,Simons Searchlight Community (5)
HGNC:12950,SF1,splicing factor 1,both,DEE,T1,ndd_with_epilepsy,6,g2p_dd;genes4epilepsy;panelapp_au_id;panelapp_ge_id;sfari;sysndd,,601516,,0,
HGNC:10768,SF3B1,splicing factor 3b subunit 1,both,DEE,T1,ndd_with_epilepsy,7,genes4epilepsy;orphadata_genes;panelapp_au_id;panelapp_ge_epilepsy;panelapp_ge_id;sfari;sysndd,723195;723203;75564,605590,MONDO:0019157,0,
HGNC:10818,SGSH,N-sulfoglucosamine sulfohydrolase,both,DEE,T1,ndd_with_epilepsy,10,clingen;g2p_dd;genes4epilepsy;orphadata_genes;panelapp_au_epilepsy;panelapp_au_id;panelapp_ge_epilepsy;panelapp_ge_id;sfari;sysndd,79269,605270,MONDO:0009655,0,
HGNC:14294,SHANK3,SH3 and multiple ankyrin repeat domains 3,both,DEE,T1,ndd_with_epilepsy,10,clingen;g2p_dd;genes4epilepsy;orphadata_genes;panelapp_au_epilepsy;panelapp_au_id;panelapp_ge_epilepsy;panelapp_ge_id;sfari;sysndd,662169;662172,606230,MONDO:0971068;MONDO:0971069,5,22q13 Deletion Syndrome Foundation; CureSHANK; Phelan-McDermid Foundation Europe; Phelan-McDermid Syndrome Foundation; Phelan-McDermid Syndrome Foundation (PMSF)
HGNC:10848,SHH,sonic hedgehog signaling molecule,both,"DEE, MCD",T1,ndd_with_epilepsy,9,clingen;g2p_dd;genes4epilepsy;orphadata_genes;panelapp_au_epilepsy;panelapp_au_id;panelapp_ge_epilepsy;panelapp_ge_id;sysndd,220386;280195;280200;476119;485275;730721;93321;93336;93405;93924;93925;93926;988,600725,MONDO:0008270;MONDO:0008515;MONDO:0008572;MONDO:0017218;MONDO:0017219;MONDO:0018777;MONDO:0018839;MONDO:0019671;MONDO:0019756;MONDO:0019757;MONDO:0019758;MONDO:0700419,0,
HGNC:11142,SIK1,salt inducible kinase 1,both,DEE,T1,ndd_with_epilepsy,10,clingen;g2p_dd;genes4epilepsy;orphadata_genes;panelapp_au_epilepsy;panelapp_au_id;panelapp_ge_epilepsy;panelapp_ge_id;sfari;sysndd,1934;697160,605705,MONDO:0018097;MONDO:0800491,0,
HGNC:10889,SIX3,SIX homeobox 3,both,"DEE, MCD",T1,ndd_with_epilepsy,8,g2p_dd;genes4epilepsy;orphadata_genes;panelapp_au_epilepsy;panelapp_au_id;panelapp_ge_epilepsy;panelapp_ge_id;sysndd,220386;280195;280200;485275;93924;93925;93926,603714,MONDO:0017218;MONDO:0017219;MONDO:0018839;MONDO:0019756;MONDO:0019757;MONDO:0019758;MONDO:0700419,0,
HGNC:13818,SLC12A5,solute carrier family 12 member 5,both,DEE,T1,ndd_with_epilepsy,10,clingen;g2p_dd;genes4epilepsy;orphadata_genes;panelapp_au_epilepsy;panelapp_au_id;panelapp_ge_epilepsy;panelapp_ge_id;sfari;sysndd,293181,606726,MONDO:0017385,0,
HGNC:23089,SLC13A5,solute carrier family 13 member 5,both,DEE,T1,ndd_with_epilepsy,8,g2p_dd;genes4epilepsy;orphadata_genes;panelapp_au_epilepsy;panelapp_au_id;panelapp_ge_epilepsy;panelapp_ge_id;sysndd,1946;442835,608305,MONDO:0009185;MONDO:0018614,3,SLC13A5 registry (Citizen Health); TESS Research Foundation; TESS Research Foundation (SLC13A5)
HGNC:10923,SLC16A2,solute carrier family 16 member 2,both,DEE,T1,ndd_with_epilepsy,9,clingen;g2p_dd;genes4epilepsy;orphadata_genes;panelapp_au_epilepsy;panelapp_au_id;panelapp_ge_epilepsy;panelapp_ge_id;sysndd,59,300095,MONDO:0010354,0,
HGNC:16266,SLC19A3,solute carrier family 19 member 3,both,DEE,T1,ndd_with_epilepsy,8,clingen;g2p_dd;genes4epilepsy;orphadata_genes;panelapp_au_epilepsy;panelapp_au_id;panelapp_ge_id;sysndd,199348;263410;65284,606152,MONDO:0011841;MONDO:0016981,0,
HGNC:10940,SLC1A2,solute carrier family 1 member 2,both,DEE,T1,ndd_with_epilepsy,10,clingen;g2p_dd;genes4epilepsy;orphadata_genes;panelapp_au_epilepsy;panelapp_au_id;panelapp_ge_epilepsy;panelapp_ge_id;sfari;sysndd,442835,600300,MONDO:0018614,0,
HGNC:10942,SLC1A4,solute carrier family 1 member 4,both,DEE,T1,ndd_with_epilepsy,9,clingen;g2p_dd;genes4epilepsy;orphadata_genes;panelapp_au_epilepsy;panelapp_au_id;panelapp_ge_epilepsy;panelapp_ge_id;sysndd,447997,600229,MONDO:0014725,0,
HGNC:10969,SLC22A5,solute carrier family 22 member 5,both,DEE,T1,ndd_with_epilepsy,8,clingen;g2p_dd;genes4epilepsy;orphadata_genes;panelapp_au_epilepsy;panelapp_au_id;panelapp_ge_id;sysndd,158,603377,MONDO:0008919,0,
HGNC:10979,SLC25A1,solute carrier family 25 member 1,both,DEE,T1,ndd_with_epilepsy,9,clingen;g2p_dd;genes4epilepsy;orphadata_genes;panelapp_au_epilepsy;panelapp_au_id;panelapp_ge_epilepsy;panelapp_ge_id;sysndd,356978;716917,190315,MONDO:0014072,0,
HGNC:10982,SLC25A12,solute carrier family 25 member 12,both,DEE,T1,ndd_with_epilepsy,9,clingen;genes4epilepsy;orphadata_genes;panelapp_au_epilepsy;panelapp_au_id;panelapp_ge_epilepsy;panelapp_ge_id;sfari;sysndd,353217,603667,MONDO:0013056,0,
HGNC:19954,SLC25A22,solute carrier family 25 member 22,both,DEE,T1,ndd_with_epilepsy,9,clingen;g2p_dd;genes4epilepsy;orphadata_genes;panelapp_au_epilepsy;panelapp_au_id;panelapp_ge_epilepsy;panelapp_ge_id;sysndd,1934;293181,609302,MONDO:0017385;MONDO:0800491,0,
HGNC:11005,SLC2A1,solute carrier family 2 member 1,both,"GGE, Focal, DEE",T1,ndd_with_epilepsy,9,clingen;g2p_dd;genes4epilepsy;orphadata_genes;panelapp_au_epilepsy;panelapp_au_id;panelapp_ge_epilepsy;panelapp_ge_id;sysndd,168577;1942;2131;53583;71277;86911;98811,138140,MONDO:0010983;MONDO:0011724;MONDO:0012143;MONDO:0012805;MONDO:0014633;MONDO:0016241;MONDO:0019487,3,Glut1 Deficiency Foundation; Glut1 Deficiency Foundation (SLC2A1); Glut1Deficiency UK* (SLC2A1)
HGNC:11018,SLC32A1,solute carrier family 32 member 1,both,"GGE, Focal, DEE",T1,ndd_with_epilepsy,8,g2p_dd;genes4epilepsy;orphadata_genes;panelapp_au_epilepsy;panelapp_au_id;panelapp_ge_epilepsy;panelapp_ge_id;sysndd,1934;36387,616440,MONDO:0018214;MONDO:0800491,0,
HGNC:11021,SLC35A1,solute carrier family 35 member A1,both,DEE,T1,ndd_with_epilepsy,9,clingen;g2p_dd;genes4epilepsy;orphadata_genes;panelapp_au_epilepsy;panelapp_au_id;panelapp_ge_epilepsy;panelapp_ge_id;sysndd,238459,605634,MONDO:0011342,0,
HGNC:11022,SLC35A2,solute carrier family 35 member A2,both,"DEE, MCD",T1,ndd_with_epilepsy,9,clingen;g2p_dd;genes4epilepsy;orphadata_genes;panelapp_au_epilepsy;panelapp_au_id;panelapp_ge_epilepsy;panelapp_ge_id;sysndd,268973;356961;729224,314375,MONDO:0010478;MONDO:0017096,1,CDG CARE
HGNC:11023,SLC35A3,solute carrier family 35 member A3,both,DEE,T1,ndd_with_epilepsy,7,genes4epilepsy;orphadata_genes;panelapp_au_epilepsy;panelapp_au_id;panelapp_ge_epilepsy;panelapp_ge_id;sysndd,370943,605632,MONDO:0014248,0,
HGNC:18044,SLC38A3,solute carrier family 38 member 3,both,DEE,T1,ndd_with_epilepsy,8,g2p_dd;genes4epilepsy;orphadata_genes;panelapp_au_epilepsy;panelapp_au_id;panelapp_ge_epilepsy;panelapp_ge_id;sysndd,442835,604437,MONDO:0018614,0,
HGNC:20862,SLC39A8,solute carrier family 39 member 8,both,DEE,T1,ndd_with_epilepsy,9,clingen;g2p_dd;genes4epilepsy;orphadata_genes;panelapp_au_epilepsy;panelapp_au_id;panelapp_ge_epilepsy;panelapp_ge_id;sysndd,468699,608732,MONDO:0014746,0,
HGNC:17939,SLC45A1,solute carrier family 45 member 1,both,DEE,T1,ndd_with_epilepsy,9,g2p_dd;genes4epilepsy;orphadata_genes;panelapp_au_epilepsy;panelapp_au_id;panelapp_ge_epilepsy;panelapp_ge_id;sfari;sysndd,88616,605763,MONDO:0019502,0,
HGNC:30521,SLC46A1,solute carrier family 46 member 1,both,DEE,T1,ndd_with_epilepsy,8,clingen;g2p_dd;genes4epilepsy;orphadata_genes;panelapp_au_epilepsy;panelapp_au_id;panelapp_ge_id;sysndd,90045,611672,MONDO:0009238,0,
HGNC:13811,SLC4A10,solute carrier family 4 member 10,both,DEE,T1,ndd_with_epilepsy,9,clingen;g2p_dd;genes4epilepsy;orphadata_genes;panelapp_au_id;panelapp_ge_epilepsy;panelapp_ge_id;sfari;sysndd,664430,605556,MONDO:0958278,0,
HGNC:11041,SLC5A6,solute carrier family 5 member 6,both,DEE,T1,ndd_with_epilepsy,7,g2p_dd;genes4epilepsy;panelapp_au_epilepsy;panelapp_au_id;panelapp_ge_epilepsy;panelapp_ge_id;sysndd,,604024,,0,
HGNC:11042,SLC6A1,solute carrier family 6 member 1,both,"GGE, Focal, DEE",T1,ndd_with_epilepsy,9,g2p_dd;genes4epilepsy;orphadata_genes;panelapp_au_epilepsy;panelapp_au_id;panelapp_ge_epilepsy;panelapp_ge_id;sfari;sysndd,178469;1942;435638,137165,MONDO:0014633;MONDO:0015802;MONDO:0018564,3,COMBINEDBrain; SLC6A1 Connect; SLC6A1 registry (Citizen Health)
HGNC:11055,SLC6A8,solute carrier family 6 member 8,both,DEE,T1,ndd_with_epilepsy,10,clingen;g2p_dd;genes4epilepsy;orphadata_genes;panelapp_au_epilepsy;panelapp_au_id;panelapp_ge_epilepsy;panelapp_ge_id;sfari;sysndd,52503,300036,MONDO:0010305,1,Association for Creatine Deficiencies
HGNC:11079,SLC9A6,solute carrier family 9 member A6,both,DEE,T1,ndd_with_epilepsy,10,clingen;g2p_dd;genes4epilepsy;orphadata_genes;panelapp_au_epilepsy;panelapp_au_id;panelapp_ge_epilepsy;panelapp_ge_id;sfari;sysndd,85278,300231,MONDO:0010278,1,Christianson Syndrome Association
HGNC:11097,SMARCA1,SNF2 related chromatin remodeling ATPase 1,both,DEE,T1,ndd_with_epilepsy,6,clingen;genes4epilepsy;panelapp_au_id;panelapp_ge_id;sfari;sysndd,,300012,,0,
HGNC:11098,SMARCA2,SWI/SNF related BAF chromatin remodeling complex subunit ATPase 2,both,DEE,T1,ndd_with_epilepsy,10,clingen;g2p_dd;genes4epilepsy;orphadata_genes;panelapp_au_epilepsy;panelapp_au_id;panelapp_ge_epilepsy;panelapp_ge_id;sfari;sysndd,3051;637013,600014,MONDO:0011053;MONDO:0859139,3,Coffin Siris Syndrome Facebook support group; NCBRS Worldwide Foundation; Nicolaides-Baraitser Syndrome Worldwide Foundation
HGNC:11100,SMARCA4,SWI/SNF related BAF chromatin remodeling complex subunit ATPase 4,both,DEE,T1,ndd_with_epilepsy,9,clingen;g2p_dd;genes4epilepsy;orphadata_genes;panelapp_au_epilepsy;panelapp_au_id;panelapp_ge_id;sfari;sysndd,1465;231108;370396;466962,603254,MONDO:0003795;MONDO:0015452;MONDO:0016473;MONDO:0018761,0,
HGNC:11103,SMARCB1,SWI/SNF related BAF chromatin remodeling complex subunit B1,both,DEE,T1,ndd_with_epilepsy,8,clingen;g2p_dd;genes4epilepsy;orphadata_genes;panelapp_au_epilepsy;panelapp_au_id;panelapp_ge_id;sysndd,1465;231108;2495;263662;93921;99966,601607,MONDO:0008075;MONDO:0015452;MONDO:0016473;MONDO:0016642;MONDO:0016995;MONDO:0020560,1,Coffin Siris Syndrome Facebook support group
HGNC:11105,SMARCC2,SWI/SNF related BAF chromatin remodeling complex subunit C2,both,DEE,T1,ndd_with_epilepsy,10,clingen;g2p_dd;genes4epilepsy;orphadata_genes;panelapp_au_epilepsy;panelapp_au_id;panelapp_ge_epilepsy;panelapp_ge_id;sfari;sysndd,1465,601734,MONDO:0015452,3,Coffin Siris Syndrome Facebook support group; Coffin-Siris Syndrome Foundation; Simons Searchlight Community (6)
HGNC:11109,SMARCE1,SWI/SNF related BAF chromatin remodeling complex subunit E1,both,DEE,T1,ndd_with_epilepsy,8,clingen;g2p_dd;genes4epilepsy;orphadata_genes;panelapp_au_epilepsy;panelapp_au_id;panelapp_ge_id;sysndd,1465;2495;263662,603111,MONDO:0015452;MONDO:0016642;MONDO:0016995,0,
HGNC:11111,SMC1A,structural maintenance of chromosomes 1A,both,DEE,T1,ndd_with_epilepsy,10,clingen;g2p_dd;genes4epilepsy;orphadata_genes;panelapp_au_epilepsy;panelapp_au_id;panelapp_ge_epilepsy;panelapp_ge_id;sfari;sysndd,199;220386;3095;708203,300040,MONDO:0016033;MONDO:0017746;MONDO:0700419,4,"CdLS Foundation; Cornelia de Lange Syndrome Foundation, Inc.; SMC1A Foundation; SMC1A registry (Citizen Health)"
HGNC:11123,SMS,spermine synthase,both,DEE,T1,ndd_with_epilepsy,9,clingen;g2p_dd;genes4epilepsy;orphadata_genes;panelapp_au_epilepsy;panelapp_au_id;panelapp_ge_epilepsy;panelapp_ge_id;sysndd,3063,300105,MONDO:0010664,1,Parents and Researchers Interested in Smith-Magenis Syndrome
HGNC:11132,SNAP25,synaptosome associated protein 25,both,DEE,T1,ndd_with_epilepsy,10,clingen;g2p_dd;genes4epilepsy;orphadata_genes;panelapp_au_epilepsy;panelapp_au_id;panelapp_ge_epilepsy;panelapp_ge_id;sfari;sysndd,716903,600322,,2,SNAP25; Snap25 Foundation
HGNC:11133,SNAP29,synaptosome associated protein 29,both,"DEE, MCD",T1,ndd_with_epilepsy,7,g2p_dd;genes4epilepsy;orphadata_genes;panelapp_au_epilepsy;panelapp_au_id;panelapp_ge_id;sysndd,66631,604202,MONDO:0012290,0,
HGNC:17028,SNF8,SNF8 subunit of ESCRT-II,both,DEE,T1,ndd_with_epilepsy,7,g2p_dd;genes4epilepsy;panelapp_au_epilepsy;panelapp_au_id;panelapp_ge_epilepsy;panelapp_ge_id;sysndd,,610904,,0,
HGNC:30587,SNIP1,Smad nuclear interacting protein 1,both,DEE,T1,ndd_with_epilepsy,7,g2p_dd;genes4epilepsy;panelapp_au_epilepsy;panelapp_au_id;panelapp_ge_epilepsy;panelapp_ge_id;sysndd,,608241,,0,
HGNC:32952,SNORD118,"small nucleolar RNA, C/D box 118",both,"DEE, MCD",T1,ndd_with_epilepsy,8,g2p_dd;genes4epilepsy;orphadata_genes;panelapp_au_epilepsy;panelapp_au_id;panelapp_ge_epilepsy;panelapp_ge_id;sysndd,542310,616663,MONDO:0013803,0,
HGNC:16696,SNW1,SNW domain containing 1,both,DEE,T1,ndd_with_epilepsy,6,genes4epilepsy;panelapp_au_epilepsy;panelapp_au_id;panelapp_ge_epilepsy;panelapp_ge_id;sysndd,,603055,,0,
HGNC:20073,SNX27,sorting nexin 27,both,DEE,T1,ndd_with_epilepsy,6,genes4epilepsy;panelapp_au_epilepsy;panelapp_au_id;panelapp_ge_epilepsy;panelapp_ge_id;sysndd,,611541,,0,
HGNC:11183,SON,SON DNA and RNA binding protein,both,"DEE, MCD",T1,ndd_with_epilepsy,9,clingen;g2p_dd;genes4epilepsy;orphadata_genes;panelapp_au_epilepsy;panelapp_au_id;panelapp_ge_id;sfari;sysndd,500150,182465,MONDO:0014936,2,ZTTK SON-Shine Foundation; ZTTK SON-Shine Foundation Inc
HGNC:11191,SOX11,SRY-box transcription factor 11,both,DEE,T1,ndd_with_epilepsy,8,clingen;g2p_dd;genes4epilepsy;orphadata_genes;panelapp_au_epilepsy;panelapp_au_id;panelapp_ge_id;sysndd,1465,600898,MONDO:0015452,0,
HGNC:11195,SOX2,SRY-box transcription factor 2,both,"DEE, MCD",T1,ndd_with_epilepsy,6,g2p_dd;genes4epilepsy;orphadata_genes;panelapp_au_id;panelapp_ge_id;sysndd,3157;35612;77298;98938,184429,MONDO:0000170;MONDO:0005514;MONDO:0008428;MONDO:0008799,0,
HGNC:30690,SP9,Sp9 transcription factor,both,DEE,T1,ndd_with_epilepsy,7,g2p_dd;genes4epilepsy;panelapp_au_epilepsy;panelapp_au_id;panelapp_ge_epilepsy;panelapp_ge_id;sysndd,,621003,,0,
HGNC:26933,SPOUT1,SPOUT domain containing methyltransferase 1,both,DEE,T1,ndd_with_epilepsy,6,genes4epilepsy;panelapp_au_epilepsy;panelapp_au_id;panelapp_ge_epilepsy;panelapp_ge_id;sysndd,,617614,,0,
HGNC:11257,SPR,sepiapterin reductase,both,DEE,T1,ndd_with_epilepsy,9,clingen;g2p_dd;genes4epilepsy;orphadata_genes;panelapp_au_epilepsy;panelapp_au_id;panelapp_ge_epilepsy;panelapp_ge_id;sysndd,70594,182125,MONDO:0012994,0,
HGNC:11273,SPTAN1,"spectrin alpha, non-erythrocytic 1",both,DEE,T1,ndd_with_epilepsy,10,clingen;g2p_dd;genes4epilepsy;orphadata_genes;panelapp_au_epilepsy;panelapp_au_id;panelapp_ge_epilepsy;panelapp_ge_id;sfari;sysndd,697160,182810,MONDO:0018097,2,SPTAN1 Foundation; family network
HGNC:11275,SPTBN1,"spectrin beta, non-erythrocytic 1",both,DEE,T1,ndd_with_epilepsy,10,clingen;g2p_dd;genes4epilepsy;orphadata_genes;panelapp_au_epilepsy;panelapp_au_id;panelapp_ge_epilepsy;panelapp_ge_id;sfari;sysndd,528084,182790,MONDO:0100038,2,Beta Spectrin Foundation (SPTBN1); SPTBN1 registry (Citizen Health)
HGNC:14896,SPTBN4,"spectrin beta, non-erythrocytic 4",both,DEE,T1,ndd_with_epilepsy,8,clingen;g2p_dd;genes4epilepsy;panelapp_au_epilepsy;panelapp_au_id;panelapp_ge_epilepsy;panelapp_ge_id;sysndd,,606214,,0,
HGNC:16974,SRCAP,Snf2 related CREBBP activator protein,both,DEE,T1,ndd_with_epilepsy,9,clingen;g2p_dd;genes4epilepsy;orphadata_genes;panelapp_au_epilepsy;panelapp_au_id;panelapp_ge_id;sfari;sysndd,2044;528084,611421,MONDO:0007621;MONDO:0100038,0,
HGNC:21998,SSPOP,"SCO-spondin, pseudogene",both,DEE,T1,ndd_with_epilepsy,4,genes4epilepsy;panelapp_au_epilepsy;panelapp_au_id;sysndd,,617356,,0,
HGNC:10866,ST3GAL3,"ST3 beta-galactoside alpha-2,3-sialyltransferase 3",both,DEE,T1,ndd_with_epilepsy,9,clingen;g2p_dd;genes4epilepsy;orphadata_genes;panelapp_au_epilepsy;panelapp_au_id;panelapp_ge_epilepsy;panelapp_ge_id;sysndd,697734,606494,MONDO:0979317,0,
HGNC:10872,ST3GAL5,"ST3 beta-galactoside alpha-2,3-sialyltransferase 5",both,DEE,T1,ndd_with_epilepsy,9,clingen;g2p_dd;genes4epilepsy;orphadata_genes;panelapp_au_epilepsy;panelapp_au_id;panelapp_ge_epilepsy;panelapp_ge_id;sysndd,370933,604402,MONDO:0018274,0,
HGNC:11354,STAG1,STAG1 cohesin complex component,both,DEE,T1,ndd_with_epilepsy,10,clingen;g2p_dd;genes4epilepsy;orphadata_genes;panelapp_au_epilepsy;panelapp_au_id;panelapp_ge_epilepsy;panelapp_ge_id;sfari;sysndd,502434,604358,MONDO:0030912,1,STAG1 Gene Foundation
HGNC:16950,STAMBP,STAM binding protein,both,"DEE, MCD",T1,ndd_with_epilepsy,8,g2p_dd;genes4epilepsy;orphadata_genes;panelapp_au_epilepsy;panelapp_au_id;panelapp_ge_epilepsy;panelapp_ge_id;sysndd,294016,606247,MONDO:0013659,0,
HGNC:26239,STEEP1,STING1 ER exit protein 1,both,DEE,T1,ndd_with_epilepsy,7,clingen;genes4epilepsy;orphadata_genes;panelapp_au_epilepsy;panelapp_au_id;panelapp_ge_id;sysndd,777,301012,MONDO:0019181,0,
HGNC:30172,STRADA,STE20 related adaptor alpha,both,"DEE, MCD",T1,ndd_with_epilepsy,8,g2p_dd;genes4epilepsy;orphadata_genes;panelapp_au_epilepsy;panelapp_au_id;panelapp_ge_epilepsy;panelapp_ge_id;sysndd,500533,608626,MONDO:0012611,0,
HGNC:11433,STX1A,syntaxin 1A,both,DEE,T1,ndd_with_epilepsy,8,g2p_dd;genes4epilepsy;orphadata_genes;panelapp_au_epilepsy;panelapp_au_id;panelapp_ge_id;sfari;sysndd,586;904,186590,MONDO:0008678;MONDO:0009061,0,
HGNC:18539,STX1B,syntaxin 1B,both,"GGE, Focal, DEE",T1,ndd_with_epilepsy,9,clingen;g2p_dd;genes4epilepsy;orphadata_genes;panelapp_au_epilepsy;panelapp_au_id;panelapp_ge_epilepsy;panelapp_ge_id;sysndd,36387,601485,MONDO:0018214,0,
HGNC:11444,STXBP1,syntaxin binding protein 1,both,DEE,T1,ndd_with_epilepsy,10,clingen;g2p_dd;genes4epilepsy;orphadata_genes;panelapp_au_epilepsy;panelapp_au_id;panelapp_ge_epilepsy;panelapp_ge_id;sfari;sysndd,495818;599373,602926,MONDO:0012812;MONDO:0044641,4,COMBINEDBrain; European STXBP1 Association; STXBP1 Foundation; STXBP1 registry (Citizen Health)
HGNC:11448,SUCLA2,succinate-CoA ligase ADP-forming subunit beta,both,DEE,T1,ndd_with_epilepsy,8,clingen;genes4epilepsy;orphadata_genes;panelapp_au_epilepsy;panelapp_au_id;panelapp_ge_epilepsy;panelapp_ge_id;sysndd,1933,603921,MONDO:0012791,0,
HGNC:11449,SUCLG1,succinate-CoA ligase GDP/ADP-forming subunit alpha,both,DEE,T1,ndd_with_epilepsy,9,clingen;g2p_dd;genes4epilepsy;orphadata_genes;panelapp_au_epilepsy;panelapp_au_id;panelapp_ge_epilepsy;panelapp_ge_id;sysndd,17,611224,MONDO:0009504,0,
HGNC:20376,SUMF1,sulfatase modifying factor 1,both,DEE,T1,ndd_with_epilepsy,8,clingen;g2p_dd;genes4epilepsy;orphadata_genes;panelapp_au_epilepsy;panelapp_au_id;panelapp_ge_id;sysndd,585,607939,MONDO:0010088,0,
HGNC:11460,SUOX,sulfite oxidase,both,DEE,T1,ndd_with_epilepsy,9,clingen;g2p_dd;genes4epilepsy;orphadata_genes;panelapp_au_epilepsy;panelapp_au_id;panelapp_ge_epilepsy;panelapp_ge_id;sysndd,99731,606887,MONDO:0010089,0,
HGNC:11474,SURF1,SURF1 cytochrome c oxidase assembly factor,both,DEE,T1,ndd_with_epilepsy,9,clingen;g2p_dd;genes4epilepsy;orphadata_genes;panelapp_au_epilepsy;panelapp_au_id;panelapp_ge_epilepsy;panelapp_ge_id;sysndd,391351,185620,MONDO:0014733,1,Cure Mito
HGNC:11494,SYN1,synapsin I,both,"Focal, DEE",T1,ndd_with_epilepsy,10,clingen;g2p_dd;genes4epilepsy;orphadata_genes;panelapp_au_epilepsy;panelapp_au_id;panelapp_ge_epilepsy;panelapp_ge_id;sfari;sysndd,85294,313440,MONDO:0010339,0,
HGNC:17089,SYNE1,spectrin repeat containing nuclear envelope protein 1,both,PME,T1,ndd_with_epilepsy,8,clingen;g2p_dd;genes4epilepsy;orphadata_genes;panelapp_au_epilepsy;panelapp_ge_id;sfari;sysndd,300605;319332;88644;98853,608441,MONDO:0012549;MONDO:0017593;MONDO:0017892;MONDO:0020336,0,
HGNC:11497,SYNGAP1,synaptic Ras GTPase activating protein 1,both,DEE,T1,ndd_with_epilepsy,10,clingen;g2p_dd;genes4epilepsy;orphadata_genes;panelapp_au_epilepsy;panelapp_au_id;panelapp_ge_epilepsy;panelapp_ge_id;sfari;sysndd,1942;442835;544254,603384,MONDO:0012960;MONDO:0014633;MONDO:0018614,7,Bridge the Gap - SYNGAP Education and Research Foundation; COMBINEDBrain; CURE SYNGAP1; SYNGAP1 Foundation; SYNGAP1 registry (Citizen Health); SynGAP Research Fund; SynGap Research Fund - SynGap
HGNC:11503,SYNJ1,synaptojanin 1,both,DEE,T1,ndd_with_epilepsy,9,clingen;genes4epilepsy;orphadata_genes;panelapp_au_epilepsy;panelapp_au_id;panelapp_ge_epilepsy;panelapp_ge_id;sfari;sysndd,2828;391411;442835,604297,MONDO:0017279;MONDO:0018321;MONDO:0018614,0,
HGNC:11509,SYT1,synaptotagmin 1,both,DEE,T1,ndd_with_epilepsy,7,g2p_dd;genes4epilepsy;orphadata_genes;panelapp_au_id;panelapp_ge_id;sfari;sysndd,522077,185605,MONDO:0033864,2,BAGOS Foundation; The Baker-Gordon Syndrome Foundation (SYT1)(NEW 2024)
HGNC:29040,SZT2,SZT2 subunit of KICSTOR complex,both,DEE,T1,ndd_with_epilepsy,9,clingen;g2p_dd;genes4epilepsy;orphadata_genes;panelapp_au_epilepsy;panelapp_au_id;panelapp_ge_epilepsy;panelapp_ge_id;sysndd,442835,615463,MONDO:0018614,1,SZT2 family network
HGNC:11534,TAF1C,"TATA-box binding protein associated factor, RNA polymerase I subunit C",both,DEE,T2,ndd_with_epilepsy,7,g2p_dd;genes4epilepsy;panelapp_au_epilepsy;panelapp_au_id;panelapp_ge_id;sfari;sysndd,,604905,,0,
HGNC:17300,TAF8,TATA-box binding protein associated factor 8,both,DEE,T1,ndd_with_epilepsy,7,g2p_dd;genes4epilepsy;panelapp_au_epilepsy;panelapp_au_id;panelapp_ge_epilepsy;panelapp_ge_id;sysndd,,609514,,0,
HGNC:30212,TANC2,"tetratricopeptide repeat, ankyrin repeat and coiled-coil containing 2",both,DEE,T1,ndd_with_epilepsy,10,clingen;g2p_dd;genes4epilepsy;orphadata_genes;panelapp_au_epilepsy;panelapp_au_id;panelapp_ge_epilepsy;panelapp_ge_id;sfari;sysndd,528084,615047,MONDO:0100038,2,TANC2 - Private Facebook group; TANC2 Facebook group
HGNC:25439,TANGO2,transport and golgi organization 2 homolog,both,DEE,T1,ndd_with_epilepsy,8,g2p_dd;genes4epilepsy;orphadata_genes;panelapp_au_epilepsy;panelapp_au_id;panelapp_ge_epilepsy;panelapp_ge_id;sysndd,480864,616830,MONDO:0018820,1,TANGO2 Research Foundation
HGNC:29259,TAOK1,TAO kinase 1,both,DEE,T1,ndd_with_epilepsy,9,clingen;g2p_dd;genes4epilepsy;orphadata_genes;panelapp_au_epilepsy;panelapp_au_id;panelapp_ge_id;sfari;sysndd,178469,610266,MONDO:0015802,1,TAOK1 Facebook group
HGNC:30740,TARS2,"threonyl-tRNA synthetase 2, mitochondrial",both,DEE,T1,ndd_with_epilepsy,9,clingen;g2p_dd;genes4epilepsy;orphadata_genes;panelapp_au_epilepsy;panelapp_au_id;panelapp_ge_epilepsy;panelapp_ge_id;sysndd,420733,612805,MONDO:0014398,1,United Mitochondrial Disease Foundation
HGNC:16133,TBC1D20,TBC1 domain family member 20,both,"DEE, MCD",T1,ndd_with_epilepsy,8,g2p_dd;genes4epilepsy;orphadata_genes;panelapp_au_epilepsy;panelapp_au_id;panelapp_ge_epilepsy;panelapp_ge_id;sysndd,2510,611663,MONDO:0016649,0,
HGNC:29203,TBC1D24,TBC1 domain family member 24,both,"Focal, DEE, PME",T1,ndd_with_epilepsy,9,clingen;g2p_dd;genes4epilepsy;orphadata_genes;panelapp_au_epilepsy;panelapp_au_id;panelapp_ge_epilepsy;panelapp_ge_id;sysndd,163727;293181;352587;352596;79500;86909;90635;90636,613577,MONDO:0009079;MONDO:0011970;MONDO:0017385;MONDO:0018125;MONDO:0018126;MONDO:0019587;MONDO:0019588;MONDO:0100566,1,TBC1D24 Foundation
HGNC:29183,TBC1D2B,TBC1 domain family member 2B,both,DEE,T1,ndd_with_epilepsy,7,g2p_dd;genes4epilepsy;panelapp_au_epilepsy;panelapp_au_id;panelapp_ge_epilepsy;panelapp_ge_id;sysndd,,619152,,0,
HGNC:21066,TBC1D7,TBC1 domain family member 7,both,"DEE, MCD",T1,ndd_with_epilepsy,6,genes4epilepsy;orphadata_genes;panelapp_au_epilepsy;panelapp_au_id;panelapp_ge_id;sysndd,2477,612655,MONDO:0017089,0,
HGNC:11581,TBCD,tubulin folding cofactor D,both,DEE,T1,ndd_with_epilepsy,9,clingen;g2p_dd;genes4epilepsy;orphadata_genes;panelapp_au_epilepsy;panelapp_au_id;panelapp_ge_epilepsy;panelapp_ge_id;sysndd,496641,604649,MONDO:0044646,2,TBCD Foundation; TBCD registry (Citizen Health)
HGNC:28261,TBCK,TBC1 domain containing kinase,both,DEE,T1,ndd_with_epilepsy,10,clingen;g2p_dd;genes4epilepsy;orphadata_genes;panelapp_au_epilepsy;panelapp_au_id;panelapp_ge_epilepsy;panelapp_ge_id;sfari;sysndd,488632,616899,MONDO:0014823,6,CureTBCK; Fundación TBCK; TBCK registry (Citizen Health); Tess Foundation; The TBCK Foundation; international family network
HGNC:29529,TBL1XR1,TBL1X/Y related 1,both,DEE,T1,ndd_with_epilepsy,10,clingen;g2p_dd;genes4epilepsy;orphadata_genes;panelapp_au_epilepsy;panelapp_au_id;panelapp_ge_epilepsy;panelapp_ge_id;sfari;sysndd,487825;520,608628,MONDO:0011213;MONDO:0012883,0,
HGNC:11616,TCEAL1,transcription elongation factor A like 1,both,DEE,T1,ndd_with_epilepsy,7,g2p_dd;genes4epilepsy;panelapp_au_epilepsy;panelapp_au_id;panelapp_ge_id;sfari;sysndd,,300237,,0,
HGNC:11634,TCF4,transcription factor 4,both,DEE,T1,ndd_with_epilepsy,10,clingen;g2p_dd;genes4epilepsy;orphadata_genes;panelapp_au_epilepsy;panelapp_au_id;panelapp_ge_epilepsy;panelapp_ge_id;sfari;sysndd,171;178469;2896;98974,602272,MONDO:0005321;MONDO:0012589;MONDO:0013433;MONDO:0015802,2,Pitt Hopkins Research Foundation; Pitt Hopkins UK
HGNC:11655,TCP1,t-complex 1,both,"DEE, MCD",T1,ndd_with_epilepsy,7,g2p_dd;genes4epilepsy;panelapp_au_epilepsy;panelapp_au_id;panelapp_ge_epilepsy;panelapp_ge_id;sysndd,,186980,,0,
HGNC:17768,TDP2,tyrosyl-DNA phosphodiesterase 2,both,DEE,T1,ndd_with_epilepsy,9,clingen;g2p_dd;genes4epilepsy;orphadata_genes;panelapp_au_epilepsy;panelapp_au_id;panelapp_ge_epilepsy;panelapp_ge_id;sysndd,404493,605764,MONDO:0014846,0,
HGNC:29099,TELO2,telomere maintenance 2,both,"DEE, MCD",T1,ndd_with_epilepsy,8,clingen;g2p_dd;genes4epilepsy;orphadata_genes;panelapp_au_id;panelapp_ge_epilepsy;panelapp_ge_id;sysndd,488642,611140,MONDO:0014848,0,
HGNC:28313,TET3,tet methylcytosine dioxygenase 3,both,DEE,T1,ndd_with_epilepsy,10,clingen;g2p_dd;genes4epilepsy;orphadata_genes;panelapp_au_epilepsy;panelapp_au_id;panelapp_ge_epilepsy;panelapp_ge_id;sfari;sysndd,684216,613555,MONDO:0032922,0,
HGNC:11752,TFE3,transcription factor binding to IGHM enhancer 3,both,DEE,T1,ndd_with_epilepsy,10,clingen;g2p_dd;genes4epilepsy;orphadata_genes;panelapp_au_epilepsy;panelapp_au_id;panelapp_ge_epilepsy;panelapp_ge_id;sfari;sysndd,157791;163699;319308;717846,314310,MONDO:0011655;MONDO:0015523;MONDO:0017886,0,
HGNC:11776,TGIF1,TGFB induced factor homeobox 1,both,"DEE, MCD",T1,ndd_with_epilepsy,8,g2p_dd;genes4epilepsy;orphadata_genes;panelapp_au_epilepsy;panelapp_au_id;panelapp_ge_epilepsy;panelapp_ge_id;sysndd,220386;280195;280200;93924;93925;93926,602630,MONDO:0017218;MONDO:0017219;MONDO:0019756;MONDO:0019757;MONDO:0019758;MONDO:0700419,0,
HGNC:26053,THG1L,tRNA-histidine guanylyltransferase 1 like,both,DEE,T1,ndd_with_epilepsy,6,clingen;g2p_dd;genes4epilepsy;panelapp_au_epilepsy;panelapp_au_id;sysndd,,618802,,1,THG1L Support Group
HGNC:19073,THOC2,THO complex subunit 2,both,DEE,T1,ndd_with_epilepsy,8,clingen;g2p_dd;genes4epilepsy;orphadata_genes;panelapp_au_epilepsy;panelapp_au_id;panelapp_ge_id;sysndd,457240,300395,MONDO:0010496,0,
HGNC:11805,TIAM1,TIAM Rac1 associated GEF 1,both,DEE,T1,ndd_with_epilepsy,7,genes4epilepsy;orphadata_genes;panelapp_au_epilepsy;panelapp_au_id;panelapp_ge_epilepsy;panelapp_ge_id;sysndd,528084,600687,MONDO:0100038,0,
HGNC:23656,TIMM50,translocase of inner mitochondrial membrane 50,both,DEE,T1,ndd_with_epilepsy,8,clingen;genes4epilepsy;orphadata_genes;panelapp_au_epilepsy;panelapp_au_id;panelapp_ge_epilepsy;panelapp_ge_id;sysndd,505216,607381,MONDO:0044724,0,
HGNC:1321,TIMMDC1,translocase of inner mitochondrial membrane domain containing 1,both,DEE,T1,ndd_with_epilepsy,4,clingen;genes4epilepsy;orphadata_genes;sysndd,2609,615534,MONDO:0100133,0,
HGNC:11831,TK2,thymidine kinase 2,both,DEE,T1,ndd_with_epilepsy,6,clingen;g2p_dd;genes4epilepsy;orphadata_genes;panelapp_au_epilepsy;panelapp_ge_id,254886;730740;730743;730746,188250,MONDO:0016810,0,
HGNC:11842,TLK2,tousled like kinase 2,both,DEE,T1,ndd_with_epilepsy,9,clingen;g2p_dd;genes4epilepsy;orphadata_genes;panelapp_au_epilepsy;panelapp_au_id;panelapp_ge_id;sfari;sysndd,720321,608439,,1,Simons Searchlight TLK2 Facebook community
HGNC:22407,TMEM106B,transmembrane protein 106B,both,"DEE, MCD",T1,ndd_with_epilepsy,9,clingen;g2p_dd;genes4epilepsy;orphadata_genes;panelapp_au_epilepsy;panelapp_au_id;panelapp_ge_epilepsy;panelapp_ge_id;sysndd,100069;100070;275864,613413,MONDO:0010857;MONDO:0015059;MONDO:0017160,0,
HGNC:28330,TMEM167A,transmembrane protein 167A,both,DEE,T1,ndd_with_epilepsy,5,genes4epilepsy;panelapp_au_epilepsy;panelapp_au_id;panelapp_ge_epilepsy;sysndd,,620000,,0,
HGNC:1310,TMEM184B,transmembrane protein 184B,both,DEE,T1,ndd_with_epilepsy,5,g2p_dd;genes4epilepsy;panelapp_au_epilepsy;panelapp_au_id;sysndd,,,,0,
HGNC:25363,TMEM222,transmembrane protein 222,both,DEE,T1,ndd_with_epilepsy,8,g2p_dd;genes4epilepsy;orphadata_genes;panelapp_au_epilepsy;panelapp_au_id;panelapp_ge_epilepsy;panelapp_ge_id;sysndd,528084,619469,MONDO:0100038,0,
HGNC:17735,TMEM63B,transmembrane protein 63B,both,DEE,T1,ndd_with_epilepsy,7,g2p_dd;genes4epilepsy;panelapp_au_epilepsy;panelapp_au_id;panelapp_ge_epilepsy;panelapp_ge_id;sysndd,,619952,,0,
HGNC:26050,TMEM70,transmembrane protein 70,both,DEE,T1,ndd_with_epilepsy,9,clingen;g2p_dd;genes4epilepsy;orphadata_genes;panelapp_au_epilepsy;panelapp_au_id;panelapp_ge_epilepsy;panelapp_ge_id;sysndd,1194,612418,MONDO:0013546,0,
HGNC:26899,TMTC3,transmembrane O-mannosyltransferase targeting cadherins 3,both,"DEE, MCD",T1,ndd_with_epilepsy,7,g2p_dd;genes4epilepsy;orphadata_genes;panelapp_au_epilepsy;panelapp_au_id;panelapp_ge_id;sysndd,352682;98892,617218,MONDO:0014077;MONDO:0020341,0,
HGNC:30739,TMX2,thioredoxin related transmembrane protein 2,both,"DEE, MCD",T1,ndd_with_epilepsy,7,g2p_dd;genes4epilepsy;panelapp_au_epilepsy;panelapp_au_id;panelapp_ge_epilepsy;panelapp_ge_id;sysndd,,616715,,0,
HGNC:19297,TNK2,tyrosine kinase non receptor 2,both,DEE,T2,ndd_with_epilepsy,6,clingen;genes4epilepsy;orphadata_genes;panelapp_au_epilepsy;panelapp_au_id;panelapp_ge_epilepsy,391316,606994,MONDO:0018314,0,
HGNC:19998,TNPO2,transportin 2,both,DEE,T1,ndd_with_epilepsy,7,g2p_dd;genes4epilepsy;panelapp_au_epilepsy;panelapp_au_id;panelapp_ge_epilepsy;panelapp_ge_id;sysndd,,603002,,0,
HGNC:17358,TPK1,thiamin pyrophosphokinase 1,both,DEE,T1,ndd_with_epilepsy,7,clingen;genes4epilepsy;orphadata_genes;panelapp_au_epilepsy;panelapp_au_id;panelapp_ge_id;sysndd,293955,606370,MONDO:0013761,0,
HGNC:2073,TPP1,tripeptidyl peptidase 1,both,PME,T1,ndd_with_epilepsy,9,clingen;g2p_dd;genes4epilepsy;orphadata_genes;panelapp_au_epilepsy;panelapp_au_id;panelapp_ge_epilepsy;panelapp_ge_id;sysndd,284324;699751;699761;699769,607998,MONDO:0012235;MONDO:0979343;MONDO:0979344;MONDO:0979345,4,BDSRA; Batten Disease Support & Research Association (BDSRA)(CLN1-CLN14); Beyond Batten; multiple country foundations
HGNC:10781,TRA2B,transformer 2 beta homolog,both,"DEE, MCD",T1,ndd_with_epilepsy,8,clingen;g2p_dd;genes4epilepsy;panelapp_au_epilepsy;panelapp_au_id;panelapp_ge_epilepsy;panelapp_ge_id;sysndd,,602719,,0,
HGNC:20456,TRAF7,TNF receptor associated factor 7,both,DEE,T1,ndd_with_epilepsy,10,clingen;g2p_dd;genes4epilepsy;orphadata_genes;panelapp_au_epilepsy;panelapp_au_id;panelapp_ge_epilepsy;panelapp_ge_id;sfari;sysndd,2495;592570,606692,MONDO:0016642;MONDO:0032572,0,
HGNC:29947,TRAK1,trafficking kinesin protein 1,both,DEE,T1,ndd_with_epilepsy,7,genes4epilepsy;orphadata_genes;panelapp_au_epilepsy;panelapp_au_id;panelapp_ge_epilepsy;panelapp_ge_id;sysndd,442835,608112,MONDO:0018614,0,
HGNC:11868,TRAPPC10,trafficking protein particle complex subunit 10,both,DEE,T1,ndd_with_epilepsy,7,g2p_dd;genes4epilepsy;orphadata_genes;panelapp_au_epilepsy;panelapp_au_id;panelapp_ge_id;sysndd,2512,602103,MONDO:0016660,0,
HGNC:25751,TRAPPC11,trafficking protein particle complex subunit 11,both,DEE,T1,ndd_with_epilepsy,7,clingen;g2p_dd;genes4epilepsy;orphadata_genes;panelapp_au_id;panelapp_ge_id;sysndd,369840;369847;869,614138,MONDO:0009279;MONDO:0014144;MONDO:0018243,0,
HGNC:24284,TRAPPC12,trafficking protein particle complex subunit 12,both,DEE,T1,ndd_with_epilepsy,8,g2p_dd;genes4epilepsy;orphadata_genes;panelapp_au_epilepsy;panelapp_au_id;panelapp_ge_epilepsy;panelapp_ge_id;sysndd,500144,614139,MONDO:0044696,0,
HGNC:19943,TRAPPC4,trafficking protein particle complex subunit 4,both,DEE,T1,ndd_with_epilepsy,9,clingen;g2p_dd;genes4epilepsy;orphadata_genes;panelapp_au_epilepsy;panelapp_au_id;panelapp_ge_epilepsy;panelapp_ge_id;sysndd,528084,610971,MONDO:0100038,0,
HGNC:23066,TRAPPC6B,trafficking protein particle complex subunit 6B,both,DEE,T1,ndd_with_epilepsy,9,clingen;g2p_dd;genes4epilepsy;panelapp_au_epilepsy;panelapp_au_id;panelapp_ge_epilepsy;panelapp_ge_id;sfari;sysndd,,610397,,0,
HGNC:17761,TREM2,triggering receptor expressed on myeloid cells 2,both,DEE,T2,ndd_with_epilepsy,4,genes4epilepsy;orphadata_genes;panelapp_au_epilepsy;panelapp_au_id,100069;100070;1020;275864;2770;803,605086,MONDO:0004976;MONDO:0009092;MONDO:0010857;MONDO:0015059;MONDO:0015140;MONDO:0017160,0,
HGNC:12269,TREX1,three prime repair exonuclease 1,both,DEE,T1,ndd_with_epilepsy,9,clingen;g2p_dd;genes4epilepsy;orphadata_genes;panelapp_au_epilepsy;panelapp_au_id;panelapp_ge_epilepsy;panelapp_ge_id;sysndd,247691;481662;51;536,606609,MONDO:0007915;MONDO:0008641;MONDO:0018827;MONDO:0018866,0,
HGNC:15579,TRIM8,tripartite motif containing 8,both,DEE,T1,ndd_with_epilepsy,10,clingen;g2p_dd;genes4epilepsy;orphadata_genes;panelapp_au_epilepsy;panelapp_au_id;panelapp_ge_epilepsy;panelapp_ge_id;sfari;sysndd,1934,606125,MONDO:0800491,0,
HGNC:12303,TRIO,trio Rho guanine nucleotide exchange factor,both,DEE,T1,ndd_with_epilepsy,9,clingen;g2p_dd;genes4epilepsy;orphadata_genes;panelapp_au_epilepsy;panelapp_au_id;panelapp_ge_id;sfari;sysndd,476126,601893,MONDO:0014892,3,Simons Searchlight TRIO Facebook community; TRIO Family Foundation; autism research overlap
HGNC:12306,TRIP12,thyroid hormone receptor interactor 12,both,DEE,T1,ndd_with_epilepsy,9,clingen;g2p_dd;genes4epilepsy;orphadata_genes;panelapp_au_epilepsy;panelapp_au_id;panelapp_ge_id;sfari;sysndd,528084,604506,MONDO:0100038,0,
HGNC:20286,TRIT1,tRNA isopentenyltransferase 1,both,DEE,T1,ndd_with_epilepsy,8,clingen;g2p_dd;genes4epilepsy;panelapp_au_epilepsy;panelapp_au_id;panelapp_ge_epilepsy;panelapp_ge_id;sysndd,,617840,,0,
HGNC:25980,TRMT1,tRNA methyltransferase 1,both,DEE,T1,ndd_with_epilepsy,8,clingen;g2p_dd;genes4epilepsy;orphadata_genes;panelapp_au_epilepsy;panelapp_au_id;panelapp_ge_id;sysndd,528084,611669,MONDO:0100038,0,
HGNC:28403,TRMT10A,tRNA methyltransferase 10A,both,DEE,T1,ndd_with_epilepsy,7,g2p_dd;genes4epilepsy;orphadata_genes;panelapp_au_epilepsy;panelapp_au_id;panelapp_ge_id;sysndd,391408,616013,MONDO:0018320,0,
HGNC:17992,TRPM3,transient receptor potential cation channel subfamily M member 3,both,DEE,T1,ndd_with_epilepsy,10,clingen;g2p_dd;genes4epilepsy;orphadata_genes;panelapp_au_epilepsy;panelapp_au_id;panelapp_ge_epilepsy;panelapp_ge_id;sfari;sysndd,178469,608961,MONDO:0015802,0,
HGNC:17995,TRPM6,transient receptor potential cation channel subfamily M member 6,both,DEE,T1,ndd_with_epilepsy,6,genes4epilepsy;orphadata_genes;panelapp_au_epilepsy;panelapp_ge_epilepsy;sfari;sysndd,30924,607009,MONDO:0011176,0,
HGNC:12347,TRRAP,transformation/transcription domain associated protein,both,DEE,T1,ndd_with_epilepsy,10,clingen;g2p_dd;genes4epilepsy;orphadata_genes;panelapp_au_epilepsy;panelapp_au_id;panelapp_ge_epilepsy;panelapp_ge_id;sfari;sysndd,90635,603015,MONDO:0019587,0,
HGNC:12362,TSC1,TSC complex subunit 1,both,"Focal, MCD",T1,ndd_with_epilepsy,9,g2p_dd;genes4epilepsy;orphadata_genes;panelapp_au_epilepsy;panelapp_au_id;panelapp_ge_epilepsy;panelapp_ge_id;sfari;sysndd,210159;269008;538;805,605284,MONDO:0001734;MONDO:0006277;MONDO:0016216;MONDO:0017102,7,TS Alliance; TSC Alliance (US); Tuberous Sclerosis Alliance; Tuberous Sclerosis Association (UK); Tuberous Sclerosis Australia; Tuberous Sclerosis Complex (TSC) Alliance; multi-country
HGNC:12363,TSC2,TSC complex subunit 2,both,"Focal, MCD",T1,ndd_with_epilepsy,9,g2p_dd;genes4epilepsy;orphadata_genes;panelapp_au_epilepsy;panelapp_au_id;panelapp_ge_epilepsy;panelapp_ge_id;sfari;sysndd,210159;269001;269008;538;805;88924,191092,MONDO:0001734;MONDO:0006277;MONDO:0010856;MONDO:0016216;MONDO:0017101;MONDO:0017102,4,TS Alliance; Tuberous Sclerosis Alliance; Tuberous Sclerosis Association (UK); Tuberous Sclerosis Complex (TSC) Alliance
HGNC:16791,TSEN15,tRNA splicing endonuclease subunit 15,both,"DEE, MCD",T1,ndd_with_epilepsy,8,g2p_dd;genes4epilepsy;orphadata_genes;panelapp_au_epilepsy;panelapp_au_id;panelapp_ge_epilepsy;panelapp_ge_id;sysndd,2524,608756,MONDO:0016759,0,
HGNC:28422,TSEN2,tRNA splicing endonuclease subunit 2,both,"DEE, MCD",T1,ndd_with_epilepsy,8,g2p_dd;genes4epilepsy;orphadata_genes;panelapp_au_epilepsy;panelapp_au_id;panelapp_ge_epilepsy;panelapp_ge_id;sysndd,2524,608753,MONDO:0016759,0,
HGNC:15506,TSEN34,tRNA splicing endonuclease subunit 34,both,"DEE, MCD",T2,ndd_with_epilepsy,8,g2p_dd;genes4epilepsy;orphadata_genes;panelapp_au_epilepsy;panelapp_au_id;panelapp_ge_epilepsy;panelapp_ge_id;sysndd,2524,608754,MONDO:0016759,0,
HGNC:27561,TSEN54,tRNA splicing endonuclease subunit 54,both,"DEE, MCD",T1,ndd_with_epilepsy,8,g2p_dd;genes4epilepsy;orphadata_genes;panelapp_au_epilepsy;panelapp_au_id;panelapp_ge_epilepsy;panelapp_ge_id;sysndd,166063;2524,608755,MONDO:0009166;MONDO:0016759,1,PCH-Familie e.V.  (TSEN54)
HGNC:12367,TSFM,"Ts translation elongation factor, mitochondrial",both,DEE,T1,ndd_with_epilepsy,8,clingen;genes4epilepsy;orphadata_genes;panelapp_au_epilepsy;panelapp_au_id;panelapp_ge_epilepsy;panelapp_ge_id;sysndd,168566,604723,MONDO:0012512,0,
HGNC:12382,TSPYL1,TSPY like 1,both,DEE,T2,ndd_with_epilepsy,4,genes4epilepsy;orphadata_genes;panelapp_au_epilepsy;sysndd,168593,604714,MONDO:0012124,0,
HGNC:19274,TTC5,tetratricopeptide repeat domain 5,both,DEE,T1,ndd_with_epilepsy,6,g2p_dd;genes4epilepsy;orphadata_genes;panelapp_au_id;panelapp_ge_id;sysndd,88616,619014,MONDO:0019502,0,
HGNC:20766,TUBA1A,tubulin alpha 1a,both,MCD,T1,ndd_with_epilepsy,9,clingen;g2p_dd;genes4epilepsy;orphadata_genes;panelapp_au_epilepsy;panelapp_au_id;panelapp_ge_epilepsy;panelapp_ge_id;sysndd,171680;45358;467166;994,602529,MONDO:0007614;MONDO:0012703;MONDO:0018763;MONDO:0100101,1,Lissencephaly Foundation Inc
HGNC:12410,TUBA8,tubulin alpha 8,both,"DEE, MCD",T2,ndd_with_epilepsy,9,clingen;g2p_dd;genes4epilepsy;orphadata_genes;panelapp_au_epilepsy;panelapp_au_id;panelapp_ge_epilepsy;panelapp_ge_id;sysndd,140957;250972,605742,MONDO:0013172;MONDO:0015372,0,
HGNC:20778,TUBB,tubulin beta class I,both,"DEE, MCD",T1,ndd_with_epilepsy,8,g2p_dd;genes4epilepsy;orphadata_genes;panelapp_au_epilepsy;panelapp_au_id;panelapp_ge_epilepsy;panelapp_ge_id;sysndd,2505,191130,MONDO:0007990,0,
HGNC:12412,TUBB2A,tubulin beta 2A class IIa,both,"DEE, MCD",T1,ndd_with_epilepsy,8,clingen;g2p_dd;genes4epilepsy;panelapp_au_epilepsy;panelapp_au_id;panelapp_ge_epilepsy;panelapp_ge_id;sysndd,,615101,,0,
HGNC:30829,TUBB2B,tubulin beta 2B class IIb,both,MCD,T1,ndd_with_epilepsy,9,clingen;g2p_dd;genes4epilepsy;orphadata_genes;panelapp_au_epilepsy;panelapp_au_id;panelapp_ge_epilepsy;panelapp_ge_id;sysndd,1766;300573;45358;467166,612850,MONDO:0007614;MONDO:0009133;MONDO:0012399;MONDO:0018763,0,
HGNC:20772,TUBB3,tubulin beta 3 class III,both,MCD,T1,ndd_with_epilepsy,9,clingen;g2p_dd;genes4epilepsy;orphadata_genes;panelapp_au_epilepsy;panelapp_au_id;panelapp_ge_epilepsy;panelapp_ge_id;sysndd,300570;45358;467166,602661,MONDO:0007614;MONDO:0013541;MONDO:0018763,1,TUBB3 Foundation
HGNC:20774,TUBB4A,tubulin beta 4A class IVa,both,MCD,T1,ndd_with_epilepsy,9,clingen;g2p_dd;genes4epilepsy;orphadata_genes;panelapp_au_epilepsy;panelapp_au_id;panelapp_ge_epilepsy;panelapp_ge_id;sysndd,139441;98805,602662,MONDO:0007493;MONDO:0012905,1,Foundation to Fight H-abc
HGNC:12417,TUBG1,tubulin gamma 1,both,"DEE, MCD",T1,ndd_with_epilepsy,9,clingen;g2p_dd;genes4epilepsy;orphadata_genes;panelapp_au_epilepsy;panelapp_au_id;panelapp_ge_epilepsy;panelapp_ge_id;sysndd,261183,191135,MONDO:0014294,0,
HGNC:18599,TUBGCP2,tubulin gamma complex component 2,both,"DEE, MCD",T1,ndd_with_epilepsy,7,g2p_dd;genes4epilepsy;panelapp_au_epilepsy;panelapp_au_id;panelapp_ge_epilepsy;panelapp_ge_id;sysndd,,617817,,0,
HGNC:18127,TUBGCP6,tubulin gamma complex component 6,both,DEE,T1,ndd_with_epilepsy,8,clingen;g2p_dd;genes4epilepsy;orphadata_genes;panelapp_au_epilepsy;panelapp_au_id;panelapp_ge_id;sysndd,2518,610053,MONDO:0009624,0,
HGNC:1160,TWNK,twinkle mtDNA helicase,both,DEE,T1,ndd_with_epilepsy,6,clingen;genes4epilepsy;orphadata_genes;panelapp_au_epilepsy;panelapp_au_id;sysndd,1186;254892;363534;642945;642976;70595,606075,MONDO:0008003;MONDO:0009300;MONDO:0010060;MONDO:0011835;MONDO:0013972;MONDO:0018197,0,
HGNC:23156,U2AF2,U2 small nuclear RNA auxiliary factor 2,both,DEE,T1,ndd_with_epilepsy,8,g2p_dd;genes4epilepsy;panelapp_au_epilepsy;panelapp_au_id;panelapp_ge_epilepsy;panelapp_ge_id;sfari;sysndd,,191318,,0,
HGNC:23230,UBA5,ubiquitin like modifier activating enzyme 5,both,DEE,T1,ndd_with_epilepsy,9,clingen;g2p_dd;genes4epilepsy;orphadata_genes;panelapp_au_epilepsy;panelapp_au_id;panelapp_ge_epilepsy;panelapp_ge_id;sysndd,442835,610552,MONDO:0018614,1,UBA5 Foundation
HGNC:29877,UBAP2L,ubiquitin associated protein 2 like,both,DEE,T1,ndd_with_epilepsy,8,g2p_dd;genes4epilepsy;panelapp_au_epilepsy;panelapp_au_id;panelapp_ge_epilepsy;panelapp_ge_id;sfari;sysndd,,616472,,0,
HGNC:12472,UBE2A,ubiquitin conjugating enzyme E2 A,both,DEE,T1,ndd_with_epilepsy,9,clingen;g2p_dd;genes4epilepsy;orphadata_genes;panelapp_au_epilepsy;panelapp_au_id;panelapp_ge_epilepsy;panelapp_ge_id;sysndd,163956,312180,MONDO:0010461,0,
HGNC:12496,UBE3A,ubiquitin protein ligase E3A,both,DEE,T1,ndd_with_epilepsy,10,clingen;g2p_dd;genes4epilepsy;orphadata_genes;panelapp_au_epilepsy;panelapp_au_id;panelapp_ge_epilepsy;panelapp_ge_id;sfari;sysndd,238446;411511;411515;98794;98795,601623,MONDO:0012081;MONDO:0018461;MONDO:0018462;MONDO:0020302;MONDO:0020303,7,Angelman Syndrome Alliance; Angelman Syndrome Foundation; Angelman Syndrome UK; Dup15q Alliance; Foundation for Angelman Syndrome Therapeutics; Foundation for Angelman Syndrome Therapeutics (FAST); Foundation for Angelman Syndrome Therapeutics (FAST) and the Angelman Syndrome Foundation (ASF)
HGNC:16806,UBR5,ubiquitin protein ligase E3 component n-recognin 5,both,DEE,T1,ndd_with_epilepsy,8,g2p_dd;genes4epilepsy;panelapp_au_epilepsy;panelapp_au_id;panelapp_ge_epilepsy;panelapp_ge_id;sfari;sysndd,,608413,,0,
HGNC:20344,UBR7,ubiquitin protein ligase E3 component n-recognin 7,both,DEE,T1,ndd_with_epilepsy,8,g2p_dd;genes4epilepsy;orphadata_genes;panelapp_au_epilepsy;panelapp_au_id;panelapp_ge_epilepsy;panelapp_ge_id;sysndd,528084,613816,MONDO:0100038,0,
HGNC:12511,UBTF,upstream binding transcription factor,both,DEE,T1,ndd_with_epilepsy,8,clingen;g2p_dd;genes4epilepsy;orphadata_genes;panelapp_au_epilepsy;panelapp_au_id;panelapp_ge_id;sysndd,500180,600673,MONDO:0044701,0,
HGNC:26941,UFC1,ubiquitin-fold modifier conjugating enzyme 1,both,DEE,T1,ndd_with_epilepsy,6,g2p_dd;genes4epilepsy;panelapp_au_id;panelapp_ge_epilepsy;panelapp_ge_id;sysndd,,610554,,0,
HGNC:20597,UFM1,ubiquitin fold modifier 1,both,"DEE, MCD",T1,ndd_with_epilepsy,9,clingen;g2p_dd;genes4epilepsy;orphadata_genes;panelapp_au_epilepsy;panelapp_au_id;panelapp_ge_epilepsy;panelapp_ge_id;sysndd,139441,610553,MONDO:0012905,0,
HGNC:25640,UFSP2,UFM1 specific peptidase 2,both,DEE,T1,ndd_with_epilepsy,8,g2p_dd;genes4epilepsy;orphadata_genes;panelapp_au_epilepsy;panelapp_au_id;panelapp_ge_epilepsy;panelapp_ge_id;sysndd,2114;442835,611482,MONDO:0007726;MONDO:0018614,0,
HGNC:12525,UGDH,UDP-glucose 6-dehydrogenase,both,DEE,T1,ndd_with_epilepsy,7,clingen;genes4epilepsy;panelapp_au_epilepsy;panelapp_au_id;panelapp_ge_epilepsy;panelapp_ge_id;sysndd,,603370,,4,Progetto Flavia; The UGDH Foundation; UGDH Foundation; UGDH Italia
HGNC:15663,UGGT1,UDP-glucose glycoprotein glucosyltransferase 1,both,"DEE, MCD",T1,ndd_with_epilepsy,8,g2p_dd;genes4epilepsy;panelapp_au_epilepsy;panelapp_au_id;panelapp_ge_epilepsy;panelapp_ge_id;sfari;sysndd,,605897,,0,
HGNC:12527,UGP2,UDP-glucose pyrophosphorylase 2,both,DEE,T1,ndd_with_epilepsy,7,g2p_dd;genes4epilepsy;panelapp_au_epilepsy;panelapp_au_id;panelapp_ge_epilepsy;panelapp_ge_id;sysndd,,191760,,0,
HGNC:12563,UMPS,uridine monophosphate synthetase,both,DEE,T1,ndd_with_epilepsy,7,g2p_dd;genes4epilepsy;orphadata_genes;panelapp_au_epilepsy;panelapp_au_id;panelapp_ge_id;sysndd,30,613891,MONDO:0009797,0,
HGNC:23150,UNC13A,unc-13 homolog A,both,DEE,T1,ndd_with_epilepsy,10,clingen;g2p_dd;genes4epilepsy;orphadata_genes;panelapp_au_epilepsy;panelapp_au_id;panelapp_ge_epilepsy;panelapp_ge_id;sfari;sysndd,716903;803,609894,MONDO:0004976,0,
HGNC:19966,UNC79,unc-79 subunit of NALCN channel complex,both,"GGE, DEE",T1,ndd_with_epilepsy,8,g2p_dd;genes4epilepsy;panelapp_au_epilepsy;panelapp_au_id;panelapp_ge_epilepsy;panelapp_ge_id;sfari;sysndd,,616884,,1,"Channeling Hope [NALCN Channel  and associated proteins (UNC79, UNC80, FAM155)]"
HGNC:26582,UNC80,unc-80 subunit of NALCN channel complex,both,DEE,T1,ndd_with_epilepsy,10,clingen;g2p_dd;genes4epilepsy;orphadata_genes;panelapp_au_epilepsy;panelapp_au_id;panelapp_ge_epilepsy;panelapp_ge_id;sfari;sysndd,700333,612636,MONDO:0014777,3,"Channeling Hope [NALCN Channel  and associated proteins (UNC79, UNC80, FAM155)]; Fundacion Libellas (Gene NALCN and UNC80); UNC80 Foundation"
HGNC:20439,UPF3B,UPF3B regulator of nonsense mediated mRNA decay,both,DEE,T1,ndd_with_epilepsy,8,clingen;g2p_dd;genes4epilepsy;orphadata_genes;panelapp_au_id;panelapp_ge_id;sfari;sysndd,776;777,300298,MONDO:0010655;MONDO:0019181,1,Simons Searchlight UPF3B Facebook community
HGNC:12616,USP18,ubiquitin specific peptidase 18,both,DEE,T1,ndd_with_epilepsy,7,g2p_dd;genes4epilepsy;orphadata_genes;panelapp_au_epilepsy;panelapp_au_id;panelapp_ge_epilepsy;panelapp_ge_id,481665,607057,MONDO:0018828,0,
HGNC:12632,USP9X,ubiquitin specific peptidase 9 X-linked,both,DEE,T1,ndd_with_epilepsy,8,clingen;g2p_dd;genes4epilepsy;orphadata_genes;panelapp_au_id;panelapp_ge_id;sfari;sysndd,480880;777,300072,MONDO:0018821;MONDO:0019181,0,
HGNC:12643,VAMP2,vesicle associated membrane protein 2,both,DEE,T1,ndd_with_epilepsy,8,g2p_dd;genes4epilepsy;panelapp_au_epilepsy;panelapp_au_id;panelapp_ge_epilepsy;panelapp_ge_id;sfari;sysndd,,185881,,1,Raging Raymond Foundation
HGNC:12651,VARS1,valyl-tRNA synthetase 1,both,DEE,T1,ndd_with_epilepsy,7,clingen;genes4epilepsy;panelapp_au_epilepsy;panelapp_au_id;panelapp_ge_epilepsy;panelapp_ge_id;sysndd,,192150,,1,CureARS
HGNC:21642,VARS2,"valyl-tRNA synthetase 2, mitochondrial",both,DEE,T1,ndd_with_epilepsy,7,clingen;genes4epilepsy;orphadata_genes;panelapp_au_epilepsy;panelapp_au_id;panelapp_ge_id;sysndd,420728,612802,MONDO:0014397,0,
HGNC:12698,VLDLR,very low density lipoprotein receptor,both,MCD,T1,ndd_with_epilepsy,9,clingen;g2p_dd;genes4epilepsy;orphadata_genes;panelapp_au_epilepsy;panelapp_au_id;panelapp_ge_epilepsy;panelapp_ge_id;sysndd,1766,192977,MONDO:0009133,0,
HGNC:14583,VPS11,VPS11 core subunit of CORVET and HOPS complexes,both,"DEE, MCD",T1,ndd_with_epilepsy,8,clingen;genes4epilepsy;orphadata_genes;panelapp_au_epilepsy;panelapp_au_id;panelapp_ge_epilepsy;panelapp_ge_id;sysndd,466934,608549,MONDO:0014732,0,
HGNC:23595,VPS13D,vacuolar protein sorting 13 homolog D,both,"DEE, MCD",T1,ndd_with_epilepsy,4,clingen;genes4epilepsy;orphadata_genes;sysndd,95434,608877,MONDO:0011811,0,
HGNC:20312,VPS36,vacuolar protein sorting 36 homolog,both,DEE,T2,ndd_with_epilepsy,4,genes4epilepsy;panelapp_ge_epilepsy;panelapp_ge_id;sysndd,,610903,,0,
HGNC:13488,VPS4A,vacuolar protein sorting 4 homolog A,both,DEE,T1,ndd_with_epilepsy,7,g2p_dd;genes4epilepsy;orphadata_genes;panelapp_au_epilepsy;panelapp_au_id;panelapp_ge_id;sysndd,603448,609982,MONDO:0035819,0,
HGNC:17327,WAC,WW domain containing adaptor with coiled-coil,both,DEE,T1,ndd_with_epilepsy,9,clingen;g2p_dd;genes4epilepsy;orphadata_genes;panelapp_au_epilepsy;panelapp_au_id;panelapp_ge_id;sfari;sysndd,284169;466950,615049,MONDO:0014741;MONDO:0017283,4,DESSH Foundation; DeSanto-Shinawi Society; The DESSH Foundation (WAC gene / DeSanto-Shinawi Syndrome); WAC Family Foundation
HGNC:12730,WARS2,"tryptophanyl tRNA synthetase 2, mitochondrial",both,DEE,T1,ndd_with_epilepsy,8,clingen;genes4epilepsy;orphadata_genes;panelapp_au_epilepsy;panelapp_au_id;panelapp_ge_epilepsy;panelapp_ge_id;sysndd,238455;572798,604733,MONDO:0013150;MONDO:0060578,1,United Mitochondrial Disease Foundation
HGNC:12732,WASF1,WASP family member 1,both,DEE,T1,ndd_with_epilepsy,9,g2p_dd;genes4epilepsy;orphadata_genes;panelapp_au_epilepsy;panelapp_au_id;panelapp_ge_epilepsy;panelapp_ge_id;sfari;sysndd,528084,605035,MONDO:0100038,0,
HGNC:29174,WASHC4,WASH complex subunit 4,both,DEE,T1,ndd_with_epilepsy,6,genes4epilepsy;orphadata_genes;panelapp_au_epilepsy;panelapp_au_id;panelapp_ge_id;sysndd,88616,615748,MONDO:0019502,0,
HGNC:20751,WDFY3,WD repeat and FYVE domain containing 3,both,DEE,T1,ndd_with_epilepsy,9,clingen;g2p_dd;genes4epilepsy;orphadata_genes;panelapp_au_epilepsy;panelapp_au_id;panelapp_ge_id;sfari;sysndd,528084,617485,MONDO:0100038,0,
HGNC:21208,WDR26,WD repeat domain 26,both,DEE,T1,ndd_with_epilepsy,9,clingen;g2p_dd;genes4epilepsy;orphadata_genes;panelapp_au_epilepsy;panelapp_au_id;panelapp_ge_id;sfari;sysndd,513456,617424,MONDO:0054636,0,
HGNC:31406,WDR37,WD repeat domain 37,both,DEE,T1,ndd_with_epilepsy,10,clingen;g2p_dd;genes4epilepsy;orphadata_genes;panelapp_au_epilepsy;panelapp_au_id;panelapp_ge_epilepsy;panelapp_ge_id;sfari;sysndd,684305,618586,MONDO:0032850,0,
HGNC:28912,WDR45,WD repeat domain 45,both,DEE,T1,ndd_with_epilepsy,9,clingen;g2p_dd;genes4epilepsy;orphadata_genes;panelapp_au_epilepsy;panelapp_au_id;panelapp_ge_epilepsy;panelapp_ge_id;sysndd,329284;697160,300526,MONDO:0010476;MONDO:0018097,4,BPAN Warriors; Don't Forget Me Foundation; Don't Forget Me Foundation (US); NBIA Disorders Association
HGNC:25072,WDR45B,WD repeat domain 45B,both,DEE,T1,ndd_with_epilepsy,8,g2p_dd;genes4epilepsy;orphadata_genes;panelapp_au_epilepsy;panelapp_au_id;panelapp_ge_epilepsy;panelapp_ge_id;sysndd,724148,609226,,0,
HGNC:12757,WDR5,WD repeat domain 5,both,DEE,T1,ndd_with_epilepsy,7,clingen;g2p_dd;genes4epilepsy;panelapp_au_id;panelapp_ge_id;sfari;sysndd,,609012,,0,
HGNC:24502,WDR62,WD repeat domain 62,both,MCD,T1,ndd_with_epilepsy,9,clingen;g2p_dd;genes4epilepsy;orphadata_genes;panelapp_au_epilepsy;panelapp_au_id;panelapp_ge_epilepsy;panelapp_ge_id;sysndd,2512,613583,MONDO:0016660,0,
HGNC:25928,WDR73,WD repeat domain 73,both,DEE,T1,ndd_with_epilepsy,8,g2p_dd;genes4epilepsy;orphadata_genes;panelapp_au_epilepsy;panelapp_au_id;panelapp_ge_epilepsy;panelapp_ge_id;sysndd,2065;83472,616144,MONDO:0009627;MONDO:0019374,0,
HGNC:29175,WDTC1,WD and tetratricopeptide repeats 1,both,DEE,T2,ndd_with_epilepsy,4,genes4epilepsy;panelapp_au_epilepsy;panelapp_au_id;sysndd,,619763,,0,
HGNC:14543,WNK3,WNK lysine deficient protein kinase 3,both,DEE,T1,ndd_with_epilepsy,8,g2p_dd;genes4epilepsy;panelapp_au_epilepsy;panelapp_au_id;panelapp_ge_epilepsy;panelapp_ge_id;sfari;sysndd,,300358,,0,
HGNC:12799,WWOX,WW domain containing oxidoreductase,both,"DEE, MCD",T1,ndd_with_epilepsy,10,clingen;g2p_dd;genes4epilepsy;orphadata_genes;panelapp_au_epilepsy;panelapp_au_id;panelapp_ge_epilepsy;panelapp_ge_id;sfari;sysndd,251510;284282;708171;99977,605131,MONDO:0005580;MONDO:0013687;MONDO:0016674,6,WWOX Foundation; WWOX Foundation AUS; WWOX Foundation EU; WWOX Foundation USA; WWOX registry (Citizen Health); family network
HGNC:12827,XPR1,xenotropic and polytropic retrovirus receptor 1,both,MCD,T2,ndd_with_epilepsy,4,genes4epilepsy;orphadata_genes;panelapp_au_epilepsy;sysndd,1980,605237,MONDO:0008947,0,
HGNC:25489,YEATS2,YEATS domain containing 2,both,PME,T2,ndd_with_epilepsy,4,genes4epilepsy;orphadata_genes;panelapp_au_epilepsy;sfari,86814,613373,MONDO:0019448,0,
HGNC:30511,YIF1B,"Yip1 interacting factor homolog B, membrane trafficking protein",both,DEE,T1,ndd_with_epilepsy,8,clingen;genes4epilepsy;orphadata_genes;panelapp_au_epilepsy;panelapp_au_id;panelapp_ge_epilepsy;panelapp_ge_id;sysndd,684240,619109,MONDO:0030878,0,
HGNC:24877,YIPF5,Yip1 domain family member 5,both,DEE,T1,ndd_with_epilepsy,5,genes4epilepsy;orphadata_genes;panelapp_au_epilepsy;panelapp_ge_epilepsy;panelapp_ge_id,306558,611483,MONDO:0031481,0,
HGNC:12851,YWHAE,tyrosine 3-monooxygenase/tryptophan 5-monooxygenase activation protein epsilon,both,"DEE, MCD",T2,ndd_with_epilepsy,7,g2p_dd;genes4epilepsy;orphadata_genes;panelapp_au_id;panelapp_ge_id;sfari;sysndd,213711;217385;261257;457246;531,605066,MONDO:0005006;MONDO:0006745;MONDO:0009532;MONDO:0013182;MONDO:0016839,0,
HGNC:12852,YWHAG,tyrosine 3-monooxygenase/tryptophan 5-monooxygenase activation protein gamma,both,DEE,T1,ndd_with_epilepsy,9,g2p_dd;genes4epilepsy;orphadata_genes;panelapp_au_epilepsy;panelapp_au_id;panelapp_ge_epilepsy;panelapp_ge_id;sfari;sysndd,442835,605356,MONDO:0018614,3,YWHAG Foundation; YWHAG Research Foundation; YWHAG registry (Citizen Health)
HGNC:13030,ZBTB18,zinc finger and BTB domain containing 18,both,"DEE, MCD",T1,ndd_with_epilepsy,10,clingen;g2p_dd;genes4epilepsy;orphadata_genes;panelapp_au_epilepsy;panelapp_au_id;panelapp_ge_epilepsy;panelapp_ge_id;sfari;sysndd,36367,608433,MONDO:0018205,0,
HGNC:24931,ZC4H2,zinc finger C4H2-type containing,both,DEE,T1,ndd_with_epilepsy,7,clingen;g2p_dd;genes4epilepsy;orphadata_genes;panelapp_au_id;panelapp_ge_id;sysndd,3454,300897,MONDO:0010758,0,
HGNC:18475,ZDHHC9,zDHHC palmitoyltransferase 9,both,DEE,T1,ndd_with_epilepsy,9,clingen;g2p_dd;genes4epilepsy;orphadata_genes;panelapp_au_epilepsy;panelapp_au_id;panelapp_ge_epilepsy;panelapp_ge_id;sysndd,776,300646,MONDO:0010655,0,
HGNC:14881,ZEB2,zinc finger E-box binding homeobox 2,both,DEE,T1,ndd_with_epilepsy,10,clingen;g2p_dd;genes4epilepsy;orphadata_genes;panelapp_au_epilepsy;panelapp_au_id;panelapp_ge_epilepsy;panelapp_ge_id;sfari;sysndd,261537;261552;626,605802,MONDO:0016855;MONDO:0016856;MONDO:0044792,4,Mowat-Wilson Syndrome Australia; Mowat-Wilson Syndrome Foundation; Mowat-Wilson Syndrome Foundation (US); multiple country networks
HGNC:12873,ZIC2,Zic family zinc finger 2,both,"DEE, MCD",T1,ndd_with_epilepsy,8,g2p_dd;genes4epilepsy;orphadata_genes;panelapp_au_epilepsy;panelapp_au_id;panelapp_ge_epilepsy;panelapp_ge_id;sysndd,220386;280195;280200;93924;93925;93926,603073,MONDO:0017218;MONDO:0017219;MONDO:0019756;MONDO:0019757;MONDO:0019758;MONDO:0700419,0,
HGNC:16493,ZMIZ1,zinc finger MIZ-type containing 1,both,DEE,T1,ndd_with_epilepsy,10,clingen;g2p_dd;genes4epilepsy;orphadata_genes;panelapp_au_epilepsy;panelapp_au_id;panelapp_ge_epilepsy;panelapp_ge_id;sfari;sysndd,528084,607159,MONDO:0100038,0,
HGNC:16966,ZMYND11,zinc finger MYND-type containing 11,both,"DEE, MCD",T1,ndd_with_epilepsy,9,clingen;g2p_dd;genes4epilepsy;orphadata_genes;panelapp_au_epilepsy;panelapp_au_id;panelapp_ge_id;sfari;sysndd,687424;694308,608668,MONDO:0014486;MONDO:0975904,0,
HGNC:9397,ZMYND8,zinc finger MYND-type containing 8,both,DEE,T1,ndd_with_epilepsy,8,clingen;g2p_dd;genes4epilepsy;panelapp_au_epilepsy;panelapp_au_id;panelapp_ge_id;sfari;sysndd,,615713,,0,
HGNC:12927,ZNF142,zinc finger protein 142,both,DEE,T1,ndd_with_epilepsy,8,g2p_dd;genes4epilepsy;orphadata_genes;panelapp_au_epilepsy;panelapp_au_id;panelapp_ge_epilepsy;panelapp_ge_id;sysndd,528084,604083,MONDO:0100038,0,
HGNC:12933,ZNF148,zinc finger protein 148,both,DEE,T1,ndd_with_epilepsy,6,g2p_dd;genes4epilepsy;orphadata_genes;panelapp_au_id;panelapp_ge_id;sysndd,708178,601897,,0,
HGNC:15807,ZNF335,zinc finger protein 335,both,DEE,T1,ndd_with_epilepsy,8,g2p_dd;genes4epilepsy;orphadata_genes;panelapp_au_epilepsy;panelapp_au_id;panelapp_ge_epilepsy;panelapp_ge_id;sysndd,329228,610827,MONDO:0014043,0,
HGNC:29415,ZNF526,zinc finger protein 526,both,DEE,T1,ndd_with_epilepsy,7,g2p_dd;genes4epilepsy;orphadata_genes;panelapp_au_epilepsy;panelapp_au_id;panelapp_ge_id;sysndd,528084,614387,MONDO:0100038,0,
HGNC:12309,ZNHIT3,zinc finger HIT-type containing 3,both,DEE,T1,ndd_with_epilepsy,5,genes4epilepsy;orphadata_genes;panelapp_au_epilepsy;panelapp_au_id;sysndd,2836,604500,MONDO:0009841,0,
HGNC:29316,ZSWIM6,zinc finger SWIM-type containing 6,both,DEE,T1,ndd_with_epilepsy,9,clingen;g2p_dd;genes4epilepsy;orphadata_genes;panelapp_au_epilepsy;panelapp_au_id;panelapp_ge_id;sfari;sysndd,1827,615951,MONDO:0011359,0,
HGNC:7137,AFDN,"afadin, adherens junction formation factor",epilepsy,MCD,T2,systemic_with_seizures,2,genes4epilepsy;panelapp_au_epilepsy,,159559,,0,
HGNC:451,AMACR,alpha-methylacyl-CoA racemase,epilepsy,DEE,T1,ndd_with_epilepsy,5,clingen;genes4epilepsy;orphadata_genes;panelapp_au_epilepsy;panelapp_ge_epilepsy,79095,604489,MONDO:0008967,0,
HGNC:674,ARHGAP4,Rho GTPase activating protein 4,epilepsy,Focal,T2,epilepsy_primary,1,genes4epilepsy,,300023,,0,
HGNC:21708,CCM2,CCM2 scaffold protein,epilepsy,MCD,T1,systemic_with_seizures,4,clingen;genes4epilepsy;orphadata_genes;panelapp_au_epilepsy,221061,607929,MONDO:0031037,2,Alliance to Cure Cavernous Malformation; Angioma Alliance
HGNC:20233,COQ6,"coenzyme Q6, monooxygenase",epilepsy,DEE,T1,ndd_with_epilepsy,5,clingen;genes4epilepsy;orphadata_genes;panelapp_au_epilepsy;panelapp_ge_epilepsy,280406;93921,614647,MONDO:0008075;MONDO:0013836,0,
HGNC:6158,ITGB4,integrin subunit beta 4,epilepsy,DEE,T2,ndd_with_epilepsy,3,genes4epilepsy;orphadata_genes;panelapp_au_epilepsy,1114;158684;251393;79402;79403,147557,MONDO:0007145;MONDO:0009183;MONDO:0012807;MONDO:0016673;MONDO:0019307,0,
HGNC:30550,MARCHF6,membrane associated ring-CH-type finger 6,epilepsy,PME,T2,epilepsy_primary,2,genes4epilepsy;orphadata_genes,86814,613297,MONDO:0019448,0,
HGNC:7458,MT-ND3,mitochondrially encoded NADH:ubiquinone oxidoreductase core subunit 3,epilepsy,DEE,T1,ndd_with_epilepsy,4,clingen;genes4epilepsy;orphadata_genes;panelapp_au_epilepsy,255210;2609;99718,516002,MONDO:0016814;MONDO:0020478;MONDO:0100133,0,
HGNC:8972,PIK3C2B,phosphatidylinositol-4-phosphate 3-kinase catalytic subunit type 2 beta,epilepsy,"Focal, MCD",T2,systemic_with_seizures,2,genes4epilepsy;panelapp_au_epilepsy,,602838,,0,
HGNC:9106,PLXNC1,plexin C1,epilepsy,MCD,T2,systemic_with_seizures,2,genes4epilepsy;panelapp_au_epilepsy,,604259,,0,
HGNC:9180,POLG2,"DNA polymerase gamma 2, accessory subunit",epilepsy,DEE,T2,ndd_with_epilepsy,4,genes4epilepsy;orphadata_genes;panelapp_au_epilepsy;panelapp_ge_epilepsy,254892,604983,MONDO:0008003,1,PolG Foundation
HGNC:9449,PRNP,prion protein (Kanno blood group),epilepsy,PME,T2,epilepsy_primary,2,genes4epilepsy;orphadata_genes,157941;280397;282166;356;397606;454745;466,176640,MONDO:0006825;MONDO:0007403;MONDO:0007656;MONDO:0010808;MONDO:0011299;MONDO:0017233;MONDO:0018339,0,
HGNC:31750,SAMD12,sterile alpha motif domain containing 12,epilepsy,PME,T2,epilepsy_primary,4,genes4epilepsy;orphadata_genes;panelapp_au_epilepsy;panelapp_ge_epilepsy,86814,618073,MONDO:0019448,0,
HGNC:8943,SERPINI1,serpin family I member 1,epilepsy,PME,T1,epilepsy_primary,5,clingen;genes4epilepsy;orphadata_genes;panelapp_au_epilepsy;panelapp_ge_epilepsy,530303,602445,MONDO:0035161,0,
HGNC:25807,SLC7A6OS,solute carrier family 7 member 6 opposite strand,epilepsy,PME,T2,epilepsy_primary,3,genes4epilepsy;panelapp_au_epilepsy;panelapp_ge_epilepsy,,619192,,0,
HGNC:18063,STARD7,StAR related lipid transfer domain containing 7,epilepsy,PME,T2,epilepsy_primary,3,genes4epilepsy;panelapp_au_epilepsy;panelapp_ge_epilepsy,,616712,,0,
HGNC:11596,TBX19,T-box transcription factor 19,epilepsy,DEE,T2,ndd_with_epilepsy,3,genes4epilepsy;orphadata_genes;panelapp_au_epilepsy,199296,604614,MONDO:0008720,0,
HGNC:11969,TNRC6A,trinucleotide repeat containing adaptor 6A,epilepsy,PME,T2,epilepsy_primary,3,genes4epilepsy;orphadata_genes;panelapp_au_epilepsy,86814,610739,MONDO:0019448,0,
HGNC:1908,VPS13A,vacuolar protein sorting 13 homolog A,epilepsy,Focal,T2,epilepsy_primary,3,genes4epilepsy;orphadata_genes;panelapp_au_epilepsy,2388,605978,MONDO:0008695,3,Advocacy for Neuroacanthocytosis Patients; Advocacy for Neuroacanthocytosis Patients (UK); Hereditary Disease Foundation overlap
HGNC:2172,CNTN2,contactin 2,epilepsy_other,,T1,ndd_with_epilepsy,4,clingen;orphadata_genes;panelapp_au_epilepsy;panelapp_ge_epilepsy,86814,190197,MONDO:0019448,0,
HGNC:2355,CRH,corticotropin releasing hormone,epilepsy_other,,T3,epilepsy_only_unclassified,4,clingen;orphadata_genes;panelapp_au_epilepsy;panelapp_ge_epilepsy,98784,122560,MONDO:0000030,0,
HGNC:2451,CSNK1A1,casein kinase 1 alpha 1,epilepsy_other,,T2,epilepsy_only_unclassified,1,panelapp_au_epilepsy,,600505,,0,
HGNC:16888,DHRS9,dehydrogenase/reductase 9,epilepsy_other,,T2,epilepsy_only_unclassified,1,panelapp_au_epilepsy,,612131,,0,
HGNC:29178,FOXJ3,forkhead box J3,epilepsy_other,,T2,epilepsy_only_unclassified,1,panelapp_au_epilepsy,,616035,,0,
HGNC:4080,GABRA6,gamma-aminobutyric acid type A receptor subunit alpha6,epilepsy_other,,T3,epilepsy_only_unclassified,1,panelapp_au_epilepsy,,137143,,0,
HGNC:4114,GAL,galanin and GMAP prepropeptide,epilepsy_other,,T3,epilepsy_only_unclassified,2,panelapp_au_epilepsy;panelapp_ge_epilepsy,,137035,,0,
HGNC:5382,IDH1,isocitrate dehydrogenase (NADP(+)) 1,epilepsy_other,,T3,epilepsy_only_unclassified,2,orphadata_genes;panelapp_au_epilepsy,163634;251576;251579;296;726004;86845;99646,147700,MONDO:0008145;MONDO:0013808;MONDO:0013941;MONDO:0016681;MONDO:0016682;MONDO:0019456,0,
HGNC:6230,KCNAB3,potassium voltage-gated channel subfamily A regulatory beta subunit 3,epilepsy_other,,T3,epilepsy_only_unclassified,1,panelapp_au_epilepsy,,604111,,0,
HGNC:18864,KCNH8,potassium voltage-gated channel subfamily H member 8,epilepsy_other,,T3,epilepsy_only_unclassified,1,panelapp_ge_epilepsy,,608260,,0,
HGNC:30083,KCNIP4,potassium voltage-gated channel interacting protein 4,epilepsy_other,,T3,epilepsy_only_unclassified,1,panelapp_au_epilepsy,,608182,,0,
HGNC:6264,KCNJ3,potassium inwardly rectifying channel subfamily J member 3,epilepsy_other,,T2,epilepsy_only_unclassified,2,orphadata_genes;panelapp_au_epilepsy,334,601534,MONDO:0018054,0,
HGNC:18302,MDN1,midasin AAA ATPase 1,epilepsy_other,,T3,epilepsy_only_unclassified,1,panelapp_au_epilepsy,,618200,,0,
HGNC:20619,MICAL1,"microtubule associated monooxygenase, calponin and LIM domain containing 1",epilepsy_other,,T2,epilepsy_only_unclassified,2,orphadata_genes;panelapp_au_epilepsy,101046,607129,MONDO:0010898,0,
HGNC:7223,MPST,mercaptopyruvate sulfurtransferase,epilepsy_other,,T3,epilepsy_only_unclassified,1,clingen,,602496,,0,
HGNC:7415,MT-ATP8,mitochondrially encoded ATP synthase membrane subunit 8,epilepsy_other,,T2,epilepsy_only_unclassified,3,clingen;orphadata_genes;panelapp_au_epilepsy,254913;397750;480,516070,MONDO:0010787;MONDO:0014471;MONDO:0018343,0,
HGNC:7427,MT-CYB,mitochondrially encoded cytochrome b,epilepsy_other,,T1,epilepsy_only_unclassified,3,clingen;orphadata_genes;panelapp_au_epilepsy,104;137675;1460,516020,MONDO:0010771;MONDO:0010788;MONDO:0015448,0,
HGNC:7477,MT-TC,mitochondrially encoded tRNA-Cys (UGU/C),epilepsy_other,,T2,epilepsy_only_unclassified,2,clingen;panelapp_au_epilepsy,,590020,,0,
HGNC:7486,MT-TG,mitochondrially encoded tRNA-Gly (GGN),epilepsy_other,,T2,epilepsy_only_unclassified,2,clingen;panelapp_au_epilepsy,,590035,,0,
HGNC:7487,MT-TH,mitochondrially encoded tRNA-His (CAU/C),epilepsy_other,,T1,epilepsy_only_unclassified,3,clingen;orphadata_genes;panelapp_au_epilepsy,550;551;90641,590040,MONDO:0010779;MONDO:0010789;MONDO:0010790,0,
HGNC:7499,MT-TT,mitochondrially encoded tRNA-Thr (ACN),epilepsy_other,,T2,epilepsy_only_unclassified,3,clingen;orphadata_genes;panelapp_au_epilepsy,254857,590090,MONDO:0010792,0,
HGNC:7502,MT-TY,mitochondrially encoded tRNA-Tyr (UAU/C),epilepsy_other,,T1,epilepsy_only_unclassified,2,clingen;panelapp_au_epilepsy,,590100,,0,
HGNC:10589,SCN2B,sodium voltage-gated channel beta subunit 2,epilepsy_other,,T3,epilepsy_only_unclassified,3,clingen;orphadata_genes;panelapp_ge_epilepsy,130;334,601327,MONDO:0015263;MONDO:0018054,0,
HGNC:14430,SLC13A3,solute carrier family 13 member 3,epilepsy_other,,T1,epilepsy_only_unclassified,2,panelapp_au_epilepsy;panelapp_ge_epilepsy,,606411,,0,
HGNC:32621,SNORA31,"small nucleolar RNA, H/ACA box 31",epilepsy_other,,T3,epilepsy_only_unclassified,1,clingen,,619378,,0,
HGNC:16698,SORCS2,sortilin related VPS10 domain containing receptor 2,epilepsy_other,,T3,epilepsy_only_unclassified,1,panelapp_au_epilepsy,,606284,,0,
HGNC:11364,STAT3,signal transducer and activator of transcription 3,epilepsy_other,,T1,epilepsy_only_unclassified,3,clingen;orphadata_genes;panelapp_au_epilepsy,2314;438159;512017;520;667662;86872;99885,102582,MONDO:0004234;MONDO:0007818;MONDO:0012883;MONDO:0014414;MONDO:0019469;MONDO:0100164;MONDO:0850112,0,
HGNC:16874,SV2B,synaptic vesicle glycoprotein 2B,epilepsy_other,,T3,epilepsy_only_unclassified,1,panelapp_au_epilepsy,,185861,,0,
HGNC:12335,TRPC3,transient receptor potential cation channel subfamily C member 3,epilepsy_other,,T3,epilepsy_only_unclassified,2,orphadata_genes;panelapp_au_epilepsy,458798,602345,MONDO:0014626,0,
HGNC:12437,TXNRD1,thioredoxin reductase 1,epilepsy_other,,T2,epilepsy_only_unclassified,1,panelapp_ge_epilepsy,,601112,,0,
HGNC:12566,UNC13B,unc-13 homolog B,epilepsy_other,,T3,epilepsy_only_unclassified,2,panelapp_au_epilepsy;panelapp_ge_epilepsy,,605836,,0,
HGNC:23336,A2ML1,alpha-2-macroglobulin like 1,ndd_only,,T3,ndd_no_documented_epilepsy,3,clingen;panelapp_ge_id;sysndd,,610627,,0,
HGNC:13666,AAAS,aladin WD repeat nucleoporin,ndd_only,,T1,ndd_no_documented_epilepsy,5,g2p_dd;orphadata_genes;panelapp_au_id;panelapp_ge_id;sysndd,869,605378,MONDO:0009279,0,
HGNC:21298,AACS,acetoacetyl-CoA synthetase,ndd_only,,T3,ndd_no_documented_epilepsy,1,sysndd,,614364,,0,
HGNC:17366,AASS,aminoadipate-semialdehyde synthase,ndd_only,,T1,ndd_with_epilepsy,7,clingen;g2p_dd;orphadata_genes;panelapp_au_id;panelapp_ge_epilepsy;panelapp_ge_id;sysndd,2203;3124,605113,MONDO:0009388;MONDO:0010005,0,
HGNC:30,ABCA10,ATP binding cassette subfamily A member 10,ndd_only,,T2,ndd_no_documented_epilepsy,1,sfari,,612508,,0,
HGNC:14638,ABCA13,ATP binding cassette subfamily A member 13,ndd_only,,T2,ndd_no_documented_epilepsy,2,sfari;sysndd,,607807,,0,
HGNC:35,ABCA5,ATP binding cassette subfamily A member 5,ndd_only,,T3,ndd_no_documented_epilepsy,2,orphadata_genes;sysndd,2026,612503,MONDO:0007610,0,
HGNC:37,ABCA7,ATP binding cassette subfamily A member 7,ndd_only,,T2,ndd_no_documented_epilepsy,1,sfari,,605414,,0,
HGNC:42,ABCB11,ATP binding cassette subfamily B member 11,ndd_only,,T1,ndd_no_documented_epilepsy,3,g2p_dd;orphadata_genes;panelapp_ge_id,69665;79304;99961,603201,MONDO:0011156;MONDO:0011559;MONDO:0100429,0,
HGNC:47,ABCB6,ATP binding cassette subfamily B member 6 (LAN blood group),ndd_only,,T2,ndd_no_documented_epilepsy,3,clingen;g2p_dd;orphadata_genes,241;90044;98938;98942;98943;98944;98945;98946;98947,605452,MONDO:0000170;MONDO:0000736;MONDO:0007351;MONDO:0007354;MONDO:0012204;MONDO:0020354;MONDO:0020355;MONDO:0020356;MONDO:0020357,0,
HGNC:48,ABCB7,ATP binding cassette subfamily B member 7,ndd_only,,T1,ndd_no_documented_epilepsy,5,clingen;g2p_dd;orphadata_genes;panelapp_au_id;panelapp_ge_id,2802,300135,MONDO:0010524,0,
HGNC:57,ABCC6,ATP binding cassette subfamily C member 6,ndd_only,,T1,ndd_no_documented_epilepsy,5,clingen;g2p_dd;orphadata_genes;panelapp_au_id;panelapp_ge_id,51608;758,603234,MONDO:0009925;MONDO:0018870,0,
HGNC:59,ABCC8,ATP binding cassette subfamily C member 8,ndd_only,,T1,ndd_no_documented_epilepsy,4,clingen;orphadata_genes;panelapp_ge_id;sysndd,276575;276598;552;79134;79643;99885;99886,600509,MONDO:0011073;MONDO:0017184;MONDO:0017187;MONDO:0018911;MONDO:0019207;MONDO:0019333;MONDO:0100164,0,
HGNC:61,ABCD1,ATP binding cassette subfamily D member 1,ndd_only,,T1,ndd_no_documented_epilepsy,6,clingen;g2p_dd;orphadata_genes;panelapp_au_id;panelapp_ge_id;sysndd,139396;139399;369942;388,300371,MONDO:0010247;MONDO:0015339;MONDO:0018247;MONDO:0018309,0,
HGNC:68,ABCD4,ATP binding cassette subfamily D member 4,ndd_only,,T1,ndd_no_documented_epilepsy,6,clingen;g2p_dd;orphadata_genes;panelapp_au_id;panelapp_ge_id;sysndd,369955,603214,MONDO:0013925,0,
HGNC:69,ABCE1,ATP binding cassette subfamily E member 1,ndd_only,,T2,ndd_no_documented_epilepsy,1,sfari,,601213,,0,
HGNC:13886,ABCG5,ATP binding cassette subfamily G member 5,ndd_only,,T1,ndd_no_documented_epilepsy,4,clingen;orphadata_genes;panelapp_au_id;panelapp_ge_id,2882;391665,605459,MONDO:0008863;MONDO:0018328,0,
HGNC:15868,ABHD12,"abhydrolase domain containing 12, lysophospholipase",ndd_only,,T1,ndd_no_documented_epilepsy,3,clingen;orphadata_genes;panelapp_ge_id,171848,613599,MONDO:0012984,0,
HGNC:21396,ABHD5,"abhydrolase domain containing 5, lysophosphatidic acid acyltransferase",ndd_only,,T1,ndd_no_documented_epilepsy,6,clingen;g2p_dd;orphadata_genes;panelapp_au_id;panelapp_ge_id;sysndd,98907,604780,MONDO:0010155,0,
HGNC:21398,ABHD6,"abhydrolase domain containing 6, acylglycerol lipase",ndd_only,,T3,ndd_no_documented_epilepsy,1,sysndd,,616966,,0,
HGNC:24011,ABI2,abl interactor 2,ndd_only,,T1,ndd_with_epilepsy,5,panelapp_au_epilepsy;panelapp_au_id;panelapp_ge_epilepsy;panelapp_ge_id;sysndd,,606442,,0,
HGNC:76,ABL1,"ABL proto-oncogene 1, non-receptor tyrosine kinase",ndd_only,,T1,ndd_no_documented_epilepsy,3,g2p_dd;orphadata_genes;sysndd,521;585909;643503;99861,189980,MONDO:0011996;MONDO:0020512;MONDO:0035940;MONDO:0060532,0,
HGNC:77,ABL2,"ABL proto-oncogene 2, non-receptor tyrosine kinase",ndd_only,,T3,ndd_no_documented_epilepsy,1,sfari,,164690,,0,
HGNC:84,ACACA,acetyl-CoA carboxylase alpha,ndd_only,,T2,ndd_no_documented_epilepsy,3,panelapp_au_id;panelapp_ge_id;sysndd,,200350,,0,
HGNC:85,ACACB,acetyl-CoA carboxylase beta,ndd_only,,T3,ndd_no_documented_epilepsy,1,sysndd,,601557,,0,
HGNC:21497,ACAD9,acyl-CoA dehydrogenase family member 9,ndd_only,,T1,ndd_no_documented_epilepsy,6,clingen;g2p_dd;orphadata_genes;panelapp_au_id;panelapp_ge_id;sysndd,99901,611103,MONDO:0012624,0,
HGNC:89,ACADM,acyl-CoA dehydrogenase medium chain,ndd_only,,T1,ndd_no_documented_epilepsy,5,clingen;g2p_dd;orphadata_genes;panelapp_au_id;panelapp_ge_id,42,607008,MONDO:0008721,0,
HGNC:90,ACADS,acyl-CoA dehydrogenase short chain,ndd_only,,T1,ndd_no_documented_epilepsy,6,clingen;g2p_dd;orphadata_genes;panelapp_au_id;panelapp_ge_id;sysndd,26792,606885,MONDO:0008722,0,
HGNC:91,ACADSB,acyl-CoA dehydrogenase short/branched chain,ndd_only,,T1,ndd_no_documented_epilepsy,5,clingen;orphadata_genes;panelapp_au_id;panelapp_ge_id;sysndd,79157,600301,MONDO:0012392,0,
HGNC:92,ACADVL,acyl-CoA dehydrogenase very long chain,ndd_only,,T1,ndd_no_documented_epilepsy,4,clingen;g2p_dd;orphadata_genes;panelapp_ge_id,26793,609575,MONDO:0008723,0,
HGNC:319,ACAN,aggrecan,ndd_only,,T1,ndd_no_documented_epilepsy,4,clingen;g2p_dd;orphadata_genes;panelapp_ge_id,171866;251262;435804;93283,155760,MONDO:0012019;MONDO:0013014;MONDO:0018566;MONDO:0100462,0,
HGNC:16469,ACAP2,"ArfGAP with coiled-coil, ankyrin repeat and PH domains 2",ndd_only,,T2,ndd_no_documented_epilepsy,1,sfari,,607766,,0,
HGNC:93,ACAT1,acetyl-CoA acetyltransferase 1,ndd_only,,T1,ndd_no_documented_epilepsy,6,clingen;g2p_dd;orphadata_genes;panelapp_au_id;panelapp_ge_id;sysndd,134,607809,MONDO:0008760,0,
HGNC:23338,ACBD5,acyl-CoA binding domain containing 5,ndd_only,,T1,ndd_no_documented_epilepsy,3,clingen;g2p_dd;sysndd,,616618,,0,
HGNC:2707,ACE,angiotensin I converting enzyme,ndd_only,,T1,ndd_no_documented_epilepsy,3,clingen;orphadata_genes;sfari,97369,106180,MONDO:0009970,0,
HGNC:13557,ACE2,angiotensin converting enzyme 2,ndd_only,,T3,ndd_no_documented_epilepsy,1,panelapp_ge_id,,300335,,0,
HGNC:16066,ACER3,alkaline ceramidase 3,ndd_only,,T1,ndd_no_documented_epilepsy,4,g2p_dd;orphadata_genes;panelapp_ge_id;sysndd,502444,617036,MONDO:0044718,0,
HGNC:108,ACHE,acetylcholinesterase (Yt blood group),ndd_only,,T2,ndd_no_documented_epilepsy,2,sfari;sysndd,,100740,,0,
HGNC:17066,ACIN1,apoptotic chromatin condensation inducer 1,ndd_only,,T3,ndd_no_documented_epilepsy,1,panelapp_ge_id,,604562,,0,
HGNC:118,ACO2,aconitase 2,ndd_only,,T1,ndd_no_documented_epilepsy,6,clingen;g2p_dd;orphadata_genes;panelapp_au_id;panelapp_ge_id;sysndd,313850;98676,100850,MONDO:0013802;MONDO:0014753,0,
HGNC:17152,ACOT9,acyl-CoA thioesterase 9,ndd_only,,T3,ndd_no_documented_epilepsy,1,panelapp_ge_id,,300862,,0,
HGNC:120,ACOX2,acyl-CoA oxidase 2,ndd_only,,T1,ndd_no_documented_epilepsy,4,clingen;panelapp_au_id;panelapp_ge_id;sysndd,,601641,,0,
HGNC:124,ACP5,"acid phosphatase 5, tartrate resistant",ndd_only,,T1,ndd_no_documented_epilepsy,4,g2p_dd;orphadata_genes;panelapp_ge_id;sysndd,1855,171640,MONDO:0011939,0,
HGNC:27288,ACSF3,acyl-CoA synthetase family member 3,ndd_only,,T1,ndd_no_documented_epilepsy,4,clingen;orphadata_genes;panelapp_ge_id;sysndd,289504,614245,MONDO:0013661,0,
HGNC:3571,ACSL4,acyl-CoA synthetase long chain family member 4,ndd_only,,T1,ndd_no_documented_epilepsy,6,clingen;g2p_dd;orphadata_genes;panelapp_au_id;panelapp_ge_id;sysndd,777;86818,300157,MONDO:0010263;MONDO:0019181,0,
HGNC:26060,ACSM5,acyl-CoA synthetase medium chain family member 5,ndd_only,,T3,ndd_no_documented_epilepsy,1,sysndd,,614361,,0,
HGNC:129,ACTA1,"actin alpha 1, skeletal muscle",ndd_only,,T1,ndd_no_documented_epilepsy,4,clingen;g2p_dd;orphadata_genes;panelapp_au_id,171430;171433;171436;171439;2020;447977;97240;97244;98904,102610,MONDO:0008070;MONDO:0009711;MONDO:0014800;MONDO:0015735;MONDO:0015736;MONDO:0015737;MONDO:0015738;MONDO:0019949;MONDO:0019951,0,
HGNC:130,ACTA2,"actin alpha 2, smooth muscle",ndd_only,,T1,ndd_no_documented_epilepsy,5,clingen;g2p_dd;orphadata_genes;panelapp_ge_id;sysndd,2573;404463;91387,102620,MONDO:0013452;MONDO:0016820;MONDO:0019625,0,
HGNC:143,ACTC1,actin alpha cardiac muscle 1,ndd_only,,T1,ndd_no_documented_epilepsy,4,clingen;g2p_dd;orphadata_genes;sysndd,154;54260;99103,102540,MONDO:0018901;MONDO:0020434;MONDO:0700335,0,
HGNC:24124,ACTL6A,actin like 6A,ndd_only,,T1,ndd_no_documented_epilepsy,6,clingen;g2p_dd;orphadata_genes;panelapp_au_id;panelapp_ge_id;sysndd,528084,604958,MONDO:0100038,0,
HGNC:166,ACTN4,actinin alpha 4,ndd_only,,T2,ndd_no_documented_epilepsy,2,orphadata_genes;sfari,656,604638,MONDO:0019006,0,
HGNC:171,ACVR1,activin A receptor type 1,ndd_only,,T1,ndd_no_documented_epilepsy,5,clingen;g2p_dd;orphadata_genes;panelapp_ge_id;sysndd,337,102576,MONDO:0007606,0,
HGNC:174,ACVR2B,activin A receptor type 2B,ndd_only,,T3,ndd_no_documented_epilepsy,1,g2p_dd,,602730,,0,
HGNC:24104,ACY3,aminoacylase 3,ndd_only,,T3,ndd_no_documented_epilepsy,1,sysndd,,614413,,0,
HGNC:186,ADA,adenosine deaminase,ndd_only,,T1,ndd_no_documented_epilepsy,5,clingen;g2p_dd;orphadata_genes;panelapp_ge_id;sfari,277;39041,608958,MONDO:0007064;MONDO:0011338,0,
HGNC:1839,ADA2,adenosine deaminase 2,ndd_only,,T1,ndd_no_documented_epilepsy,3,clingen;orphadata_genes;panelapp_au_id,124;404553;820,607575,MONDO:0008436;MONDO:0014306;MONDO:0015253,0,
HGNC:202,ADAM23,ADAM metallopeptidase domain 23,ndd_only,,T2,ndd_with_epilepsy,3,panelapp_au_epilepsy;panelapp_au_id;sysndd,,603710,,0,
HGNC:206,ADAM28,ADAM metallopeptidase domain 28,ndd_only,,T3,ndd_no_documented_epilepsy,1,sysndd,,606188,,0,
HGNC:15478,ADAM33,ADAM metallopeptidase domain 33,ndd_only,,T3,ndd_no_documented_epilepsy,1,sysndd,,607114,,0,
HGNC:13201,ADAMTS10,ADAM metallopeptidase with thrombospondin type 1 motif 10,ndd_only,,T2,ndd_no_documented_epilepsy,3,orphadata_genes;panelapp_au_id;panelapp_ge_id,3449,608990,MONDO:0018096,0,
HGNC:16305,ADAMTS15,ADAM metallopeptidase with thrombospondin type 1 motif 15,ndd_only,,T2,ndd_no_documented_epilepsy,1,g2p_dd,,607509,,0,
HGNC:17110,ADAMTS18,ADAM metallopeptidase with thrombospondin type 1 motif 18,ndd_only,,T1,ndd_no_documented_epilepsy,3,clingen;g2p_dd;orphadata_genes,369970,607512,MONDO:0014195,0,
HGNC:17111,ADAMTS19,ADAM metallopeptidase with thrombospondin type 1 motif 19,ndd_only,,T1,ndd_no_documented_epilepsy,2,clingen;g2p_dd,,607513,,0,
HGNC:222,ADAMTS6,ADAM metallopeptidase with thrombospondin type 1 motif 6,ndd_only,,T3,ndd_no_documented_epilepsy,1,sysndd,,605008,,0,
HGNC:13202,ADAMTS9,ADAM metallopeptidase with thrombospondin type 1 motif 9,ndd_only,,T1,ndd_no_documented_epilepsy,4,clingen;g2p_dd;orphadata_genes;sysndd,93592,605421,MONDO:0009728,0,
HGNC:14631,ADAMTSL2,ADAMTS like 2,ndd_only,,T1,ndd_no_documented_epilepsy,3,g2p_dd;orphadata_genes;panelapp_au_id,1901;2623,612277,MONDO:0000127;MONDO:0009161,0,
HGNC:232,ADCY1,adenylate cyclase 1,ndd_only,,T3,ndd_no_documented_epilepsy,3,clingen;orphadata_genes;sfari,90636,103072,MONDO:0019588,0,
HGNC:234,ADCY3,adenylate cyclase 3,ndd_only,,T2,ndd_no_documented_epilepsy,1,sfari,,600291,,0,
HGNC:243,ADD1,adducin 1,ndd_only,,T2,ndd_with_epilepsy,4,panelapp_au_id;panelapp_ge_epilepsy;panelapp_ge_id;sysndd,,102680,,0,
HGNC:245,ADD3,adducin 3,ndd_only,,T1,ndd_no_documented_epilepsy,5,clingen;orphadata_genes;panelapp_au_id;panelapp_ge_id;sysndd,210141,601568,MONDO:0016215,0,
HGNC:943,ADGRB1,adhesion G protein-coupled receptor B1,ndd_only,,T3,ndd_no_documented_epilepsy,1,sfari,,602682,,0,
HGNC:945,ADGRB3,adhesion G protein-coupled receptor B3,ndd_only,,T3,ndd_no_documented_epilepsy,2,panelapp_au_id;sysndd,,602684,,0,
HGNC:4516,ADGRG2,adhesion G protein-coupled receptor G2,ndd_only,,T3,ndd_no_documented_epilepsy,2,orphadata_genes;sysndd,48,300572,MONDO:0018801,0,
HGNC:18992,ADGRG4,adhesion G protein-coupled receptor G4,ndd_only,,T3,ndd_no_documented_epilepsy,1,panelapp_ge_id,,301085,,0,
HGNC:13841,ADGRG6,adhesion G protein-coupled receptor G6,ndd_only,,T1,ndd_no_documented_epilepsy,4,g2p_dd;panelapp_au_id;panelapp_ge_id;sysndd,,612243,,0,
HGNC:18582,ADGRL2,adhesion G protein-coupled receptor L2,ndd_only,,T3,ndd_no_documented_epilepsy,1,sysndd,,607018,,0,
HGNC:17416,ADGRV1,adhesion G protein-coupled receptor V1,ndd_only,,T1,ndd_with_epilepsy,5,clingen;orphadata_genes;panelapp_au_epilepsy;panelapp_ge_epilepsy;panelapp_ge_id,231178;36387,602851,MONDO:0016484;MONDO:0018214,0,
HGNC:24040,ADIPOR1,adiponectin receptor 1,ndd_only,,T3,ndd_no_documented_epilepsy,1,sysndd,,607945,,0,
HGNC:257,ADK,adenosine kinase,ndd_only,,T1,ndd_no_documented_epilepsy,7,clingen;g2p_dd;orphadata_genes;panelapp_au_id;panelapp_ge_id;sfari;sysndd,289290,102750,MONDO:0100255,0,
HGNC:263,ADORA2A,adenosine A2a receptor,ndd_only,,T2,ndd_no_documented_epilepsy,2,orphadata_genes;sfari,363549,102776,MONDO:0018198,0,
HGNC:268,ADORA3,adenosine A3 receptor,ndd_only,,T2,ndd_no_documented_epilepsy,1,sfari,,600445,,0,
HGNC:282,ADRA2B,adrenoceptor alpha 2B,ndd_only,,T3,ndd_with_epilepsy,8,clingen;g2p_dd;orphadata_genes;panelapp_au_epilepsy;panelapp_au_id;panelapp_ge_epilepsy;panelapp_ge_id;sysndd,86814,104260,MONDO:0019448,0,
HGNC:286,ADRB2,adrenoceptor beta 2,ndd_only,,T2,ndd_no_documented_epilepsy,1,sfari,,109690,,0,
HGNC:292,ADSS2,adenylosuccinate synthase 2,ndd_only,,T2,ndd_no_documented_epilepsy,1,sfari,,103060,,0,
HGNC:3776,AFF2,ALF transcription elongation factor 2,ndd_only,,T1,ndd_no_documented_epilepsy,7,clingen;g2p_dd;orphadata_genes;panelapp_au_id;panelapp_ge_id;sfari;sysndd,100973,300806,MONDO:0010659,0,
HGNC:17869,AFF4,ALF transcription elongation factor 4,ndd_only,,T1,ndd_no_documented_epilepsy,5,g2p_dd;orphadata_genes;panelapp_au_id;panelapp_ge_id;sysndd,444077,604417,MONDO:0014609,0,
HGNC:317,AFP,alpha fetoprotein,ndd_only,,T3,ndd_no_documented_epilepsy,2,orphadata_genes;panelapp_ge_id,168612;168615,104150,MONDO:0014424;MONDO:0014425,0,
HGNC:16922,AGAP1,"ArfGAP with GTPase domain, ankyrin repeat and PH domain 1",ndd_only,,T1,ndd_no_documented_epilepsy,3,panelapp_ge_id;sfari;sysndd,,608651,,0,
HGNC:16921,AGAP2,"ArfGAP with GTPase domain, ankyrin repeat and PH domain 2",ndd_only,,T2,ndd_no_documented_epilepsy,2,sfari;sysndd,,605476,,0,
HGNC:23467,AGAP5,"ArfGAP with GTPase domain, ankyrin repeat and PH domain 5",ndd_only,,T3,ndd_no_documented_epilepsy,1,sfari,,621156,,0,
HGNC:26296,AGBL2,AGBL carboxypeptidase 2,ndd_only,,T3,ndd_no_documented_epilepsy,1,sysndd,,617345,,0,
HGNC:27981,AGBL3,AGBL carboxypeptidase 3,ndd_only,,T3,ndd_no_documented_epilepsy,1,sysndd,,617346,,0,
HGNC:25892,AGBL4,AGBL carboxypeptidase 4,ndd_only,,T2,ndd_no_documented_epilepsy,1,sfari,,616476,,0,
HGNC:24684,AGGF1,angiogenic factor with G-patch and FHA domains 1,ndd_only,,T3,ndd_no_documented_epilepsy,2,orphadata_genes;panelapp_au_id,90308,608464,MONDO:0007864,0,
HGNC:21869,AGK,acylglycerol kinase,ndd_only,,T1,ndd_no_documented_epilepsy,6,clingen;g2p_dd;orphadata_genes;panelapp_au_id;panelapp_ge_id;sysndd,1369;98994,610345,MONDO:0008922;MONDO:0021548,0,
HGNC:321,AGL,"amylo-alpha-1,6-glucosidase and 4-alpha-glucanotransferase",ndd_only,,T1,ndd_no_documented_epilepsy,5,clingen;g2p_dd;orphadata_genes;panelapp_au_id;panelapp_ge_id,366,610860,MONDO:0009291,0,
HGNC:3263,AGO2,argonaute RISC catalytic component 2,ndd_only,,T1,ndd_no_documented_epilepsy,6,clingen;orphadata_genes;panelapp_au_id;panelapp_ge_id;sfari;sysndd,528084,606229,MONDO:0100038,0,
HGNC:18421,AGO3,argonaute RISC catalytic component 3,ndd_only,,T2,ndd_with_epilepsy,4,panelapp_au_epilepsy;panelapp_au_id;sfari;sysndd,,607355,,0,
HGNC:18424,AGO4,argonaute RISC component 4,ndd_only,,T2,ndd_no_documented_epilepsy,2,sfari;sysndd,,607356,,0,
HGNC:325,AGPAT2,1-acylglycerol-3-phosphate O-acyltransferase 2,ndd_only,,T1,ndd_no_documented_epilepsy,4,clingen;orphadata_genes;panelapp_ge_id;sysndd,696189,603100,MONDO:0012071,0,
HGNC:326,AGPAT3,1-acylglycerol-3-phosphate O-acyltransferase 3,ndd_only,,T2,ndd_no_documented_epilepsy,4,g2p_dd;panelapp_au_id;panelapp_ge_id;sysndd,,614794,,0,
HGNC:327,AGPS,alkylglycerone phosphate synthase,ndd_only,,T1,ndd_no_documented_epilepsy,6,clingen;g2p_dd;orphadata_genes;panelapp_au_id;panelapp_ge_id;sysndd,309803,603051,MONDO:0010823,0,
HGNC:333,AGT,angiotensinogen,ndd_only,,T3,ndd_no_documented_epilepsy,3,orphadata_genes;panelapp_au_id;panelapp_ge_id,97369,106150,MONDO:0009970,0,
HGNC:17258,AGTPBP1,ATP/GTP binding carboxypeptidase 1,ndd_only,,T1,ndd_no_documented_epilepsy,6,clingen;g2p_dd;orphadata_genes;panelapp_au_id;panelapp_ge_id;sysndd,2254,606830,MONDO:0016396,0,
HGNC:338,AGTR2,angiotensin II receptor type 2,ndd_only,,T2,ndd_no_documented_epilepsy,6,clingen;orphadata_genes;panelapp_au_id;panelapp_ge_id;sfari;sysndd,777,300034,MONDO:0019181,0,
HGNC:341,AGXT,alanine--glyoxylate aminotransferase,ndd_only,,T1,ndd_no_documented_epilepsy,4,clingen;g2p_dd;orphadata_genes;panelapp_ge_id,93598,604285,MONDO:0009823,0,
HGNC:343,AHCY,adenosylhomocysteinase,ndd_only,,T1,ndd_no_documented_epilepsy,5,clingen;orphadata_genes;panelapp_au_id;panelapp_ge_id;sysndd,88618,180960,MONDO:0013404,0,
HGNC:21575,AHI1,Abelson helper integration site 1,ndd_only,,T1,ndd_no_documented_epilepsy,7,clingen;g2p_dd;orphadata_genes;panelapp_au_id;panelapp_ge_id;sfari;sysndd,220493;475;791,608894,MONDO:0016364;MONDO:0018772;MONDO:0019200,0,
HGNC:347,AHNAK,AHNAK nucleoprotein,ndd_only,,T2,ndd_no_documented_epilepsy,2,sfari;sysndd,,103390,,0,
HGNC:349,AHSG,alpha 2-HS glycoprotein,ndd_only,,T3,ndd_no_documented_epilepsy,3,orphadata_genes;panelapp_au_id;sysndd,2850,138680,MONDO:0008756,0,
HGNC:8768,AIFM1,apoptosis inducing factor mitochondria associated 1,ndd_only,,T1,ndd_no_documented_epilepsy,6,clingen;g2p_dd;orphadata_genes;panelapp_au_id;panelapp_ge_id;sysndd,101078;139583;238329;83629,300169,MONDO:0010275;MONDO:0010378;MONDO:0010437;MONDO:0010689,0,
HGNC:20609,AIMP2,aminoacyl tRNA synthetase complex interacting multifunctional protein 2,ndd_only,,T1,ndd_with_epilepsy,4,clingen;panelapp_ge_epilepsy;panelapp_ge_id;sysndd,,600859,,0,
HGNC:359,AIPL1,AIP like 1 HSP90 co-chaperone,ndd_only,,T1,ndd_no_documented_epilepsy,4,clingen;g2p_dd;orphadata_genes;panelapp_ge_id,1872;65,604392,MONDO:0015993;MONDO:0018998,0,
HGNC:360,AIRE,autoimmune regulator,ndd_only,,T1,ndd_no_documented_epilepsy,4,clingen;g2p_dd;orphadata_genes;panelapp_ge_id,189466;3453,607358,MONDO:0009411;MONDO:0016000,0,
HGNC:26039,AIRIM,AFG2 interacting ribosome maturation factor,ndd_only,,T1,ndd_with_epilepsy,3,panelapp_au_epilepsy;panelapp_au_id;sysndd,,614799,,0,
HGNC:30801,AJAP1,adherens junctions associated protein 1,ndd_only,,T1,ndd_with_epilepsy,4,panelapp_au_epilepsy;panelapp_au_id;panelapp_ge_epilepsy;sysndd,,610972,,0,
HGNC:361,AK1,adenylate kinase 1,ndd_only,,T1,ndd_no_documented_epilepsy,3,orphadata_genes;panelapp_ge_id;sysndd,86817,103000,MONDO:0012967,0,
HGNC:362,AK2,adenylate kinase 2,ndd_only,,T1,ndd_no_documented_epilepsy,4,clingen;g2p_dd;orphadata_genes;panelapp_ge_id,33355,103020,MONDO:0009973,0,
HGNC:18783,AKAP17A,A-kinase anchoring protein 17A,ndd_only,,T3,ndd_no_documented_epilepsy,1,panelapp_ge_id,,"""312095|465000""",,0,
HGNC:374,AKAP4,A-kinase anchoring protein 4,ndd_only,,T3,ndd_no_documented_epilepsy,2,orphadata_genes;panelapp_ge_id,276234,300185,MONDO:0017173,0,
HGNC:376,AKAP6,A-kinase anchoring protein 6,ndd_only,,T2,ndd_no_documented_epilepsy,3,panelapp_au_id;panelapp_ge_id;sysndd,,604691,,0,
HGNC:379,AKAP9,A-kinase anchoring protein 9,ndd_only,,T2,ndd_no_documented_epilepsy,3,clingen;orphadata_genes;sfari,130,604001,MONDO:0015263,0,
HGNC:385,AKR1C2,aldo-keto reductase family 1 member C2,ndd_only,,T3,ndd_no_documented_epilepsy,3,orphadata_genes;panelapp_au_id;panelapp_ge_id,443087,600450,MONDO:0013664,0,
HGNC:388,AKR1D1,aldo-keto reductase family 1 member D1,ndd_only,,T1,ndd_no_documented_epilepsy,4,clingen;g2p_dd;orphadata_genes;panelapp_ge_id,79303,604741,MONDO:0009339,0,
HGNC:392,AKT2,AKT serine/threonine kinase 2,ndd_only,,T1,ndd_no_documented_epilepsy,3,clingen;g2p_dd;orphadata_genes,293964;79085,164731,MONDO:0009416;MONDO:0019192,0,
HGNC:395,ALAD,aminolevulinate dehydratase,ndd_only,,T2,ndd_no_documented_epilepsy,4,clingen;g2p_dd;orphadata_genes;panelapp_ge_id,100924,125270,MONDO:0013000,0,
HGNC:9722,ALDH18A1,aldehyde dehydrogenase 18 family member A1,ndd_only,,T1,ndd_no_documented_epilepsy,6,clingen;g2p_dd;orphadata_genes;panelapp_au_id;panelapp_ge_id;sysndd,35664;447753;447757;447760;90348,138250,MONDO:0009053;MONDO:0011006;MONDO:0014702;MONDO:0018644;MONDO:0019571,0,
HGNC:15472,ALDH1A2,aldehyde dehydrogenase 1 family member A2,ndd_only,,T1,ndd_no_documented_epilepsy,2,g2p_dd;sysndd,,603687,,0,
HGNC:409,ALDH1A3,aldehyde dehydrogenase 1 family member A3,ndd_only,,T1,ndd_no_documented_epilepsy,5,g2p_dd;orphadata_genes;panelapp_ge_id;sfari;sysndd,35612;98938,600463,MONDO:0000170;MONDO:0005514,0,
HGNC:3978,ALDH1L1,aldehyde dehydrogenase 1 family member L1,ndd_only,,T3,ndd_no_documented_epilepsy,1,sfari,,600249,,0,
HGNC:26777,ALDH1L2,aldehyde dehydrogenase 1 family member L2,ndd_only,,T3,ndd_no_documented_epilepsy,1,sysndd,,613584,,0,
HGNC:406,ALDH4A1,aldehyde dehydrogenase 4 family member A1,ndd_only,,T1,ndd_with_epilepsy,7,clingen;g2p_dd;orphadata_genes;panelapp_au_epilepsy;panelapp_au_id;panelapp_ge_id;sysndd,79101,606811,MONDO:0009401,0,
HGNC:7179,ALDH6A1,aldehyde dehydrogenase 6 family member A1,ndd_only,,T3,ndd_no_documented_epilepsy,3,clingen;orphadata_genes;sysndd,289307,603178,MONDO:0013579,0,
HGNC:414,ALDOA,"aldolase, fructose-bisphosphate A",ndd_only,,T1,ndd_no_documented_epilepsy,5,g2p_dd;orphadata_genes;panelapp_au_id;panelapp_ge_id;sysndd,57,103850,MONDO:0012747,0,
HGNC:417,ALDOB,"aldolase, fructose-bisphosphate B",ndd_only,,T1,ndd_no_documented_epilepsy,4,clingen;orphadata_genes;panelapp_au_id;panelapp_ge_id,469,612724,MONDO:0009249,0,
HGNC:23162,ALG10,"ALG10 alpha-1,2-glucosyltransferase",ndd_only,,T3,ndd_with_epilepsy,3,clingen;panelapp_au_epilepsy;sysndd,,618355,,0,
HGNC:428,ALMS1,ALMS1 centrosome and basal body associated protein,ndd_only,,T1,ndd_no_documented_epilepsy,6,clingen;g2p_dd;orphadata_genes;panelapp_au_id;panelapp_ge_id;sysndd,364055;64;65,606844,MONDO:0008763;MONDO:0009549;MONDO:0018998,0,
HGNC:20917,ALPK1,alpha kinase 1,ndd_only,,T1,ndd_no_documented_epilepsy,3,clingen;orphadata_genes;sysndd,313800,607347,MONDO:0013999,0,
HGNC:443,ALS2,alsin Rho guanine nucleotide exchange factor ALS2,ndd_only,,T1,ndd_no_documented_epilepsy,6,clingen;g2p_dd;orphadata_genes;panelapp_au_id;panelapp_ge_id;sysndd,247604;293168;300605,606352,MONDO:0011663;MONDO:0011797;MONDO:0017593,0,
HGNC:1494,ALX1,ALX homeobox 1,ndd_only,,T1,ndd_no_documented_epilepsy,5,clingen;g2p_dd;orphadata_genes;panelapp_au_id;panelapp_ge_id,306542,601527,MONDO:0013271,0,
HGNC:449,ALX3,ALX homeobox 3,ndd_only,,T1,ndd_no_documented_epilepsy,5,clingen;g2p_dd;orphadata_genes;panelapp_au_id;panelapp_ge_id,391474,606014,MONDO:0007636,0,
HGNC:450,ALX4,ALX homeobox 4,ndd_only,,T1,ndd_with_epilepsy,7,clingen;g2p_dd;orphadata_genes;panelapp_au_epilepsy;panelapp_au_id;panelapp_ge_id;sysndd,228390;35093;52022;60015,605420,MONDO:0011022;MONDO:0013268;MONDO:0018112;MONDO:0018953,0,
HGNC:25990,AMBRA1,autophagy and beclin 1 regulator 1,ndd_only,,T3,ndd_no_documented_epilepsy,1,sysndd,,611359,,0,
HGNC:26837,AMER1,APC membrane recruitment protein 1,ndd_only,,T1,ndd_no_documented_epilepsy,6,clingen;g2p_dd;orphadata_genes;panelapp_au_id;panelapp_ge_id;sysndd,2780,300647,MONDO:0010310,0,
HGNC:26360,AMER2,APC membrane recruitment protein 2,ndd_only,,T3,ndd_no_documented_epilepsy,1,sysndd,,614659,,0,
HGNC:463,AMFR,autocrine motility factor receptor,ndd_only,,T1,ndd_no_documented_epilepsy,2,g2p_dd;sysndd,,603243,,0,
HGNC:465,AMHR2,anti-Mullerian hormone receptor type 2,ndd_only,,T3,ndd_no_documented_epilepsy,2,orphadata_genes;sysndd,2856,600956,MONDO:0009857,0,
HGNC:467,AMMECR1,AMMECR nuclear protein 1,ndd_only,,T3,ndd_no_documented_epilepsy,2,orphadata_genes;sysndd,688581;86818,300195,MONDO:0010263;MONDO:0010516,0,
HGNC:17811,AMOTL1,angiomotin like 1,ndd_only,,T2,ndd_no_documented_epilepsy,3,g2p_dd;orphadata_genes;panelapp_au_id,660021,614657,MONDO:0971064,0,
HGNC:468,AMPD1,adenosine monophosphate deaminase 1,ndd_only,,T2,ndd_no_documented_epilepsy,2,orphadata_genes;sfari,45,102770,MONDO:0013028,0,
HGNC:28041,AMZ2,archaelysin family metallopeptidase 2,ndd_only,,T3,ndd_no_documented_epilepsy,1,sysndd,,615169,,0,
HGNC:19988,ANAPC1,anaphase promoting complex subunit 1,ndd_only,,T1,ndd_no_documented_epilepsy,4,clingen;g2p_dd;orphadata_genes;sysndd,221008,608473,MONDO:0016368,0,
HGNC:19989,ANAPC2,anaphase promoting complex subunit 2,ndd_only,,T3,ndd_no_documented_epilepsy,1,sysndd,,606946,,0,
HGNC:17380,ANAPC7,anaphase promoting complex subunit 7,ndd_only,,T2,ndd_no_documented_epilepsy,1,panelapp_au_id,,606949,,0,
HGNC:485,ANGPT2,angiopoietin 2,ndd_only,,T3,ndd_no_documented_epilepsy,2,g2p_dd;orphadata_genes,363999,601922,MONDO:0009369,0,
HGNC:24714,ANKHD1,ankyrin repeat and KH domain containing 1,ndd_only,,T3,ndd_no_documented_epilepsy,1,sysndd,,610500,,0,
HGNC:29101,ANKLE2,ankyrin repeat and LEM domain containing 2,ndd_only,,T3,ndd_no_documented_epilepsy,2,orphadata_genes;sysndd,2512,616062,MONDO:0016660,0,
HGNC:29135,ANKRD12,ankyrin repeat domain 12,ndd_only,,T3,ndd_no_documented_epilepsy,1,sysndd,,610616,,0,
HGNC:29186,ANKRD26,ankyrin repeat domain 26,ndd_only,,T1,ndd_no_documented_epilepsy,3,clingen;g2p_dd;orphadata_genes,168629,610855,MONDO:0015679,0,
HGNC:26853,ANKRD31,ankyrin repeat domain 31,ndd_only,,T3,ndd_no_documented_epilepsy,1,panelapp_au_id,,618423,,0,
HGNC:24600,ANKS1B,ankyrin repeat and sterile alpha motif domain containing 1B,ndd_only,,T1,ndd_no_documented_epilepsy,4,panelapp_au_id;panelapp_ge_id;sfari;sysndd,,607815,,0,
HGNC:21625,ANO1,anoctamin 1,ndd_only,,T3,ndd_no_documented_epilepsy,3,g2p_dd;orphadata_genes;sysndd,2573,610108,MONDO:0016820,0,
HGNC:25519,ANO10,anoctamin 10,ndd_only,,T1,ndd_no_documented_epilepsy,4,clingen;orphadata_genes;panelapp_ge_id;sysndd,284289,613726,MONDO:0013392,0,
HGNC:14004,ANO3,anoctamin 3,ndd_only,,T1,ndd_no_documented_epilepsy,4,g2p_dd;orphadata_genes;panelapp_ge_id;sysndd,420485,610110,MONDO:0014019,0,
HGNC:27337,ANO5,anoctamin 5,ndd_only,,T1,ndd_no_documented_epilepsy,5,clingen;g2p_dd;orphadata_genes;panelapp_ge_id;sysndd,206549;206599;399096;53697;689021,608662,MONDO:0008151;MONDO:0012652;MONDO:0013222;MONDO:0016103;MONDO:0975918,0,
HGNC:13233,ANP32A,acidic nuclear phosphoprotein 32 family member A,ndd_only,,T2,ndd_no_documented_epilepsy,2,sfari;sysndd,,600832,,0,
HGNC:21014,ANTXR1,ANTXR cell adhesion molecule 1,ndd_only,,T1,ndd_no_documented_epilepsy,4,clingen;g2p_dd;orphadata_genes;panelapp_ge_id,2067,606410,MONDO:0009263,0,
HGNC:533,ANXA1,annexin A1,ndd_only,,T2,ndd_no_documented_epilepsy,1,sfari,,151690,,0,
HGNC:554,AP1B1,adaptor related protein complex 1 subunit beta 1,ndd_only,,T1,ndd_no_documented_epilepsy,6,clingen;g2p_dd;orphadata_genes;panelapp_au_id;panelapp_ge_id;sysndd,171851,600157,MONDO:0012251,0,
HGNC:556,AP1G2,adaptor related protein complex 1 subunit gamma 2,ndd_only,,T3,ndd_no_documented_epilepsy,1,sysndd,,603534,,0,
HGNC:559,AP1S1,adaptor related protein complex 1 subunit sigma 1,ndd_only,,T1,ndd_no_documented_epilepsy,5,clingen;orphadata_genes;panelapp_au_id;panelapp_ge_id;sysndd,171851,603531,MONDO:0012251,0,
HGNC:560,AP1S2,adaptor related protein complex 1 subunit sigma 2,ndd_only,,T1,ndd_no_documented_epilepsy,7,clingen;g2p_dd;orphadata_genes;panelapp_au_id;panelapp_ge_id;sfari;sysndd,1568;85329;85335,300629,MONDO:0010574;MONDO:0019428,0,
HGNC:562,AP2A2,adaptor related protein complex 2 subunit alpha 2,ndd_only,,T3,ndd_no_documented_epilepsy,1,sysndd,,607242,,0,
HGNC:565,AP2S1,adaptor related protein complex 2 subunit sigma 1,ndd_only,,T1,ndd_with_epilepsy,7,g2p_dd;orphadata_genes;panelapp_au_epilepsy;panelapp_au_id;panelapp_ge_id;sfari;sysndd,101050,602242,MONDO:0010926,0,
HGNC:566,AP3B1,adaptor related protein complex 3 subunit beta 1,ndd_only,,T1,ndd_no_documented_epilepsy,5,clingen;orphadata_genes;panelapp_au_id;panelapp_ge_id;sysndd,664500,603401,MONDO:0011997,0,
HGNC:571,AP3S2,adaptor related protein complex 3 subunit sigma 2,ndd_only,,T3,ndd_no_documented_epilepsy,1,sysndd,,602416,,0,
HGNC:573,AP4E1,adaptor related protein complex 4 subunit epsilon 1,ndd_only,,T1,ndd_no_documented_epilepsy,6,clingen;g2p_dd;orphadata_genes;panelapp_au_id;panelapp_ge_id;sysndd,280763,607244,MONDO:0100176,0,
HGNC:575,AP4S1,adaptor related protein complex 4 subunit sigma 1,ndd_only,,T1,ndd_no_documented_epilepsy,6,clingen;g2p_dd;orphadata_genes;panelapp_au_id;panelapp_ge_id;sysndd,280763,607243,MONDO:0100176,0,
HGNC:22197,AP5Z1,adaptor related protein complex 5 subunit zeta 1,ndd_only,,T1,ndd_no_documented_epilepsy,3,clingen;orphadata_genes;panelapp_ge_id,306511,613653,MONDO:0013342,0,
HGNC:579,APBA2,amyloid beta precursor protein binding family A member 2,ndd_only,,T2,ndd_no_documented_epilepsy,2,sfari;sysndd,,602712,,0,
HGNC:581,APBB1,amyloid beta precursor protein binding family B member 1,ndd_only,,T2,ndd_no_documented_epilepsy,1,sfari,,602709,,0,
HGNC:29509,APH1A,aph-1A gamma-secretase subunit,ndd_only,,T2,ndd_no_documented_epilepsy,1,sfari,,607629,,0,
HGNC:28727,APOO,apolipoprotein O,ndd_only,,T3,ndd_no_documented_epilepsy,1,sysndd,,300753,,0,
HGNC:620,APP,amyloid beta precursor protein,ndd_only,,T1,ndd_no_documented_epilepsy,3,clingen;orphadata_genes;sysndd,100006;1020;324703;324708;324713;324718;324723,104760,MONDO:0015033;MONDO:0015140;MONDO:0017945;MONDO:0017946;MONDO:0017947;MONDO:0017948;MONDO:0017949,0,
HGNC:18242,APPL2,"adaptor protein, phosphotyrosine interacting with PH domain and leucine zipper 2",ndd_only,,T3,ndd_no_documented_epilepsy,1,sysndd,,606231,,0,
HGNC:15984,APTX,aprataxin,ndd_only,,T1,ndd_no_documented_epilepsy,5,g2p_dd;orphadata_genes;panelapp_au_id;panelapp_ge_id;sysndd,1168,606350,MONDO:0008842,0,
HGNC:16029,AQP10,aquaporin 10,ndd_only,,T3,ndd_no_documented_epilepsy,1,sysndd,,606578,,0,
HGNC:637,AQP4,aquaporin 4,ndd_only,,T2,ndd_with_epilepsy,4,orphadata_genes;panelapp_au_epilepsy;panelapp_au_id;sysndd,2478,600308,MONDO:0011391,0,
HGNC:640,AQP7,aquaporin 7,ndd_only,,T3,ndd_no_documented_epilepsy,1,panelapp_ge_id,,602974,,0,
HGNC:644,AR,androgen receptor,ndd_only,,T1,ndd_no_documented_epilepsy,6,clingen;g2p_dd;orphadata_genes;panelapp_au_id;panelapp_ge_id;sfari,481;90797;95706;99429,313700,MONDO:0010720;MONDO:0010735;MONDO:0019848;MONDO:0021023,0,
HGNC:649,ARCN1,archain 1 coat protein complex I subunit delta,ndd_only,,T1,ndd_no_documented_epilepsy,5,g2p_dd;orphadata_genes;panelapp_au_id;panelapp_ge_id;sysndd,659702,600820,MONDO:0014948,0,
HGNC:20363,AREL1,apoptosis resistant E3 ubiquitin protein ligase 1,ndd_only,,T3,ndd_no_documented_epilepsy,1,sysndd,,615380,,0,
HGNC:21213,ARFGEF3,ARFGEF family member 3,ndd_only,,T3,ndd_no_documented_epilepsy,1,sysndd,,617411,,0,
HGNC:15782,ARHGAP11B,Rho GTPase activating protein 11B,ndd_only,,T2,ndd_no_documented_epilepsy,1,sfari,,616310,,0,
HGNC:21030,ARHGAP15,Rho GTPase activating protein 15,ndd_only,,T3,ndd_no_documented_epilepsy,1,sysndd,,610578,,0,
HGNC:23725,ARHGAP21,Rho GTPase activating protein 21,ndd_only,,T3,ndd_no_documented_epilepsy,1,sysndd,,609870,,0,
HGNC:27414,ARHGAP30,Rho GTPase activating protein 30,ndd_only,,T3,ndd_no_documented_epilepsy,1,sfari,,614264,,0,
HGNC:29216,ARHGAP31,Rho GTPase activating protein 31,ndd_only,,T1,ndd_no_documented_epilepsy,5,g2p_dd;orphadata_genes;panelapp_au_id;panelapp_ge_id;sysndd,974,610911,MONDO:0007034,0,
HGNC:17399,ARHGAP32,Rho GTPase activating protein 32,ndd_only,,T1,ndd_no_documented_epilepsy,2,sfari;sysndd,,608541,,0,
HGNC:23085,ARHGAP33,Rho GTPase activating protein 33,ndd_only,,T3,ndd_no_documented_epilepsy,1,sysndd,,614902,,0,
HGNC:4591,ARHGAP35,Rho GTPase activating protein 35,ndd_only,,T1,ndd_no_documented_epilepsy,4,g2p_dd;panelapp_au_id;panelapp_ge_id;sysndd,,605277,,0,
HGNC:26388,ARHGAP36,Rho GTPase activating protein 36,ndd_only,,T3,ndd_no_documented_epilepsy,1,panelapp_ge_id,,300937,,0,
HGNC:675,ARHGAP5,Rho GTPase activating protein 5,ndd_only,,T2,ndd_no_documented_epilepsy,1,sfari,,602680,,0,
HGNC:676,ARHGAP6,Rho GTPase activating protein 6,ndd_only,,T3,ndd_no_documented_epilepsy,1,panelapp_ge_id,,300118,,0,
HGNC:14103,ARHGEF10,Rho guanine nucleotide exchange factor 10,ndd_only,,T2,ndd_no_documented_epilepsy,3,clingen;orphadata_genes;sfari,140481,608136,MONDO:0011998,0,
HGNC:682,ARHGEF2,Rho/Rac guanine nucleotide exchange factor 2,ndd_only,,T3,ndd_no_documented_epilepsy,4,panelapp_au_id;panelapp_ge_id;sfari;sysndd,,607560,,0,
HGNC:684,ARHGEF4,Rho guanine nucleotide exchange factor 4,ndd_only,,T3,ndd_no_documented_epilepsy,1,panelapp_ge_id,,605216,,0,
HGNC:25516,ARHGEF40,Rho guanine nucleotide exchange factor 40,ndd_only,,T2,ndd_no_documented_epilepsy,3,panelapp_au_id;panelapp_ge_id;sysndd,,610018,,0,
HGNC:685,ARHGEF6,Rac/Cdc42 guanine nucleotide exchange factor 6,ndd_only,,T3,ndd_no_documented_epilepsy,6,clingen;g2p_dd;orphadata_genes;panelapp_au_id;panelapp_ge_id;sysndd,777,300267,MONDO:0019181,0,
HGNC:18037,ARID2,AT-rich interaction domain 2,ndd_only,,T1,ndd_no_documented_epilepsy,7,clingen;g2p_dd;orphadata_genes;panelapp_au_id;panelapp_ge_id;sfari;sysndd,1465,609539,MONDO:0015452,0,
HGNC:3031,ARID3A,AT-rich interaction domain 3A,ndd_only,,T3,ndd_no_documented_epilepsy,1,panelapp_au_id,,603265,,0,
HGNC:689,ARIH1,ariadne RBR E3 ubiquitin protein ligase 1,ndd_only,,T3,ndd_no_documented_epilepsy,2,panelapp_ge_id;sysndd,,605624,,0,
HGNC:25419,ARL13B,ARF like GTPase 13B,ndd_only,,T1,ndd_no_documented_epilepsy,5,clingen;orphadata_genes;panelapp_au_id;panelapp_ge_id;sysndd,475,608922,MONDO:0018772,0,
HGNC:26798,ARL14EP,ARF like GTPase 14 effector protein,ndd_only,,T2,ndd_no_documented_epilepsy,3,g2p_dd;panelapp_ge_id;sysndd,,612295,,0,
HGNC:694,ARL3,ARF like GTPase 3,ndd_only,,T1,ndd_no_documented_epilepsy,3,g2p_dd;orphadata_genes;sysndd,475;791,604695,MONDO:0018772;MONDO:0019200,0,
HGNC:13210,ARL6,ARF like GTPase 6,ndd_only,,T1,ndd_no_documented_epilepsy,6,clingen;g2p_dd;orphadata_genes;panelapp_au_id;panelapp_ge_id;sysndd,110;791,608845,MONDO:0015229;MONDO:0019200,0,
HGNC:697,ARL6IP1,ARL6 interacting reticulophagy regulator 1,ndd_only,,T1,ndd_no_documented_epilepsy,3,clingen;orphadata_genes;sysndd,401780,607669,MONDO:0014304,0,
HGNC:24999,ARMC8,armadillo repeat containing 8,ndd_only,,T3,ndd_no_documented_epilepsy,1,sysndd,,618521,,0,
HGNC:20730,ARMC9,armadillo repeat containing 9,ndd_only,,T1,ndd_no_documented_epilepsy,6,clingen;g2p_dd;orphadata_genes;panelapp_au_id;panelapp_ge_id;sysndd,475,617612,MONDO:0018772,0,
HGNC:16876,ARNT2,aryl hydrocarbon receptor nuclear translocator 2,ndd_only,,T2,ndd_no_documented_epilepsy,4,g2p_dd;orphadata_genes;panelapp_au_id;sfari,3157,606036,MONDO:0008428,0,
HGNC:707,ARPC4,actin related protein 2/3 complex subunit 4,ndd_only,,T1,ndd_no_documented_epilepsy,4,g2p_dd;orphadata_genes;panelapp_au_id;sysndd,662762,604226,MONDO:0859324,0,
HGNC:714,ARSB,arylsulfatase B,ndd_only,,T1,ndd_no_documented_epilepsy,5,clingen;g2p_dd;orphadata_genes;panelapp_au_id;panelapp_ge_id,276212;276223,611542,MONDO:0017171;MONDO:0017172,0,
HGNC:721,ARSF,arylsulfatase F,ndd_only,,T3,ndd_no_documented_epilepsy,1,panelapp_ge_id,,300003,,0,
HGNC:719,ARSL,arylsulfatase L,ndd_only,,T1,ndd_no_documented_epilepsy,6,clingen;g2p_dd;orphadata_genes;panelapp_au_id;panelapp_ge_id;sysndd,79345,300180,MONDO:0010555,0,
HGNC:18860,ASAH2,N-acylsphingosine amidohydrolase 2,ndd_only,,T3,ndd_no_documented_epilepsy,2,panelapp_au_id;sysndd,,611202,,0,
HGNC:2721,ASAP2,"ArfGAP with SH3 domain, ankyrin repeat and PH domain 2",ndd_only,,T2,ndd_no_documented_epilepsy,2,panelapp_au_id;sfari,,603817,,0,
HGNC:17186,ASB11,ankyrin repeat and SOCS box containing 11,ndd_only,,T3,ndd_no_documented_epilepsy,1,sfari,,300626,,0,
HGNC:19763,ASB12,ankyrin repeat and SOCS box containing 12,ndd_only,,T3,ndd_no_documented_epilepsy,1,panelapp_ge_id,,300891,,0,
HGNC:19766,ASB14,ankyrin repeat and SOCS box containing 14,ndd_only,,T2,ndd_no_documented_epilepsy,1,sfari,,,,0,
HGNC:17184,ASB9,ankyrin repeat and SOCS box containing 9,ndd_only,,T3,ndd_no_documented_epilepsy,1,sfari,,300890,,0,
HGNC:24268,ASCC1,activating signal cointegrator 1 complex subunit 1,ndd_only,,T1,ndd_no_documented_epilepsy,3,g2p_dd;orphadata_genes;sysndd,486811,614215,MONDO:0000209,0,
HGNC:18697,ASCC3,activating signal cointegrator 1 complex subunit 3,ndd_only,,T1,ndd_no_documented_epilepsy,4,g2p_dd;panelapp_au_id;panelapp_ge_id;sysndd,,614217,,0,
HGNC:738,ASCL1,achaete-scute family bHLH transcription factor 1,ndd_only,,T3,ndd_no_documented_epilepsy,4,g2p_dd;orphadata_genes;panelapp_ge_id;sysndd,99803,100790,MONDO:0020493,0,
HGNC:744,ASH2L,"ASH2 like, histone lysine methyltransferase complex subunit",ndd_only,,T3,ndd_no_documented_epilepsy,1,sysndd,,604782,,0,
HGNC:746,ASL,argininosuccinate lyase,ndd_only,,T1,ndd_with_epilepsy,7,clingen;g2p_dd;orphadata_genes;panelapp_au_id;panelapp_ge_epilepsy;panelapp_ge_id;sysndd,23,608310,MONDO:0008815,0,
HGNC:750,ASMT,acetylserotonin O-methyltransferase,ndd_only,,T2,ndd_no_documented_epilepsy,3,panelapp_au_id;panelapp_ge_id;sfari,,"""300015|402500""",,0,
HGNC:751,ASMTL,acetylserotonin O-methyltransferase like,ndd_only,,T3,ndd_no_documented_epilepsy,1,panelapp_ge_id,,"""300162|400011""",,0,
HGNC:757,ASPH,aspartate beta-hydroxylase,ndd_only,,T1,ndd_no_documented_epilepsy,3,g2p_dd;orphadata_genes;panelapp_ge_id,412022,600582,MONDO:0011106,0,
HGNC:26742,ASPNAT,aspartate N-acetyltransferase,ndd_only,,T3,ndd_with_epilepsy,3,clingen;panelapp_au_epilepsy;panelapp_au_id,,610647,,0,
HGNC:758,ASS1,argininosuccinate synthase 1,ndd_only,,T1,ndd_no_documented_epilepsy,6,clingen;g2p_dd;orphadata_genes;panelapp_au_id;panelapp_ge_id;sysndd,247546;247573,603470,MONDO:0016600;MONDO:0016601,0,
HGNC:17021,ASTN2,astrotactin 2,ndd_only,,T2,ndd_no_documented_epilepsy,3,panelapp_au_id;sfari;sysndd,,612856,,0,
HGNC:18318,ASXL1,ASXL transcriptional regulator 1,ndd_only,,T1,ndd_no_documented_epilepsy,6,clingen;g2p_dd;orphadata_genes;panelapp_au_id;panelapp_ge_id;sysndd,86845;97297;98823;98849;98850,612990,MONDO:0011510;MONDO:0019456;MONDO:0020311;MONDO:0020332;MONDO:0020333,1,"ASXL Rare Research Endowment Foundation (Bohring-Opitz Syndrome, Shashi-Pena Syndrome, Bainbridge-Ropers Syndrome)"
HGNC:29230,ATAD2B,ATPase family AAA domain containing 2B,ndd_only,,T2,ndd_no_documented_epilepsy,3,panelapp_au_id;panelapp_ge_id;sysndd,,615347,,0,
HGNC:25567,ATAD3A,ATPase family AAA domain containing 3A,ndd_only,,T1,ndd_no_documented_epilepsy,5,g2p_dd;orphadata_genes;panelapp_au_id;panelapp_ge_id;sysndd,496790;615983;615986;656279,612316,MONDO:0014958;MONDO:0032933;MONDO:0036217;MONDO:0036218,0,
HGNC:779,ATCAY,ATCAY kinesin light chain interacting caytaxin,ndd_only,,T3,ndd_no_documented_epilepsy,3,orphadata_genes;panelapp_ge_id;sysndd,94122,608179,MONDO:0011025,0,
HGNC:20092,ATF7IP,activating transcription factor 7 interacting protein,ndd_only,,T3,ndd_no_documented_epilepsy,1,sysndd,,613644,,0,
HGNC:588,ATG12,autophagy related 12,ndd_only,,T1,ndd_with_epilepsy,5,g2p_dd;panelapp_au_epilepsy;panelapp_au_id;panelapp_ge_id;sysndd,,609608,,0,
HGNC:29028,ATG2A,autophagy related 2A,ndd_only,,T3,ndd_with_epilepsy,2,panelapp_au_epilepsy;sysndd,,616225,,0,
HGNC:20789,ATG4D,autophagy related 4D cysteine peptidase,ndd_only,,T2,ndd_no_documented_epilepsy,4,g2p_dd;panelapp_au_id;panelapp_ge_id;sysndd,,611340,,0,
HGNC:589,ATG5,autophagy related 5,ndd_only,,T3,ndd_no_documented_epilepsy,2,clingen;sysndd,,604261,,0,
HGNC:16935,ATG7,autophagy related 7,ndd_only,,T1,ndd_no_documented_epilepsy,5,clingen;g2p_dd;panelapp_au_id;panelapp_ge_id;sysndd,,608760,,0,
HGNC:794,ATIC,5-aminoimidazole-4-carboxamide ribonucleotide formyltransferase/IMP cyclohydrolase,ndd_only,,T1,ndd_no_documented_epilepsy,5,g2p_dd;orphadata_genes;panelapp_au_id;panelapp_ge_id;sysndd,250977,601731,MONDO:0012099,0,
HGNC:11231,ATL1,atlastin GTPase 1,ndd_only,,T1,ndd_no_documented_epilepsy,6,clingen;g2p_dd;orphadata_genes;panelapp_au_id;panelapp_ge_id;sysndd,100984;36386,606439,MONDO:0008437;MONDO:0018213,0,
HGNC:795,ATM,ATM serine/threonine kinase,ndd_only,,T1,ndd_no_documented_epilepsy,6,clingen;g2p_dd;orphadata_genes;panelapp_au_id;panelapp_ge_id;sysndd,100;145;370109;440437;52416;67038,607585,MONDO:0003582;MONDO:0004948;MONDO:0008840;MONDO:0018266;MONDO:0018604;MONDO:0018876,0,
HGNC:797,ATOH1,atonal bHLH transcription factor 1,ndd_only,,T2,ndd_no_documented_epilepsy,3,orphadata_genes;panelapp_ge_id;sysndd,728662,601461,,0,
HGNC:13907,ATOH7,atonal bHLH transcription factor 7,ndd_only,,T1,ndd_no_documented_epilepsy,2,g2p_dd;orphadata_genes,289499;91495,609875,MONDO:0010015;MONDO:0019631,0,
HGNC:13542,ATP10A,ATPase phospholipid transporting 10A (putative),ndd_only,,T2,ndd_no_documented_epilepsy,3,orphadata_genes;panelapp_au_id;sfari,411515,605855,MONDO:0018462,0,
HGNC:13549,ATP10D,ATPase phospholipid transporting 10D (putative),ndd_only,,T3,ndd_no_documented_epilepsy,1,sysndd,,619815,,0,
HGNC:13552,ATP11A,ATPase phospholipid transporting 11A,ndd_only,,T2,ndd_with_epilepsy,6,clingen;orphadata_genes;panelapp_au_epilepsy;panelapp_au_id;panelapp_ge_id;sysndd,2032;90635,605868,MONDO:0019587;MONDO:0800504,0,
HGNC:24215,ATP13A1,ATPase 13A1,ndd_only,,T3,ndd_no_documented_epilepsy,1,sysndd,,619118,,0,
HGNC:804,ATP1B1,ATPase Na+/K+ transporting subunit beta 1,ndd_only,,T3,ndd_no_documented_epilepsy,1,sysndd,,182330,,0,
HGNC:811,ATP2A1,ATPase sarcoplasmic/endoplasmic reticulum Ca2+ transporting 1,ndd_only,,T3,ndd_no_documented_epilepsy,2,orphadata_genes;sysndd,53347,108730,MONDO:0010977,0,
HGNC:812,ATP2A2,ATPase sarcoplasmic/endoplasmic reticulum Ca2+ transporting 2,ndd_only,,T1,ndd_with_epilepsy,5,clingen;orphadata_genes;panelapp_au_id;panelapp_ge_id;sysndd,218;79151,108740,MONDO:0007048;MONDO:0007417,0,
HGNC:816,ATP2B3,ATPase plasma membrane Ca2+ transporting 3,ndd_only,,T2,ndd_no_documented_epilepsy,4,orphadata_genes;panelapp_au_id;panelapp_ge_id;sysndd,314978,300014,MONDO:0010404,0,
HGNC:29103,ATP2C2,ATPase secretory pathway Ca2+ transporting 2,ndd_only,,T3,ndd_no_documented_epilepsy,3,panelapp_au_id;panelapp_ge_id;sysndd,,613082,,0,
HGNC:837,ATP5F1D,ATP synthase F1 subunit delta,ndd_only,,T1,ndd_no_documented_epilepsy,4,clingen;g2p_dd;orphadata_genes;sysndd,254913,603150,MONDO:0014471,0,
HGNC:30889,ATP5MK,ATP synthase membrane subunit k,ndd_only,,T2,ndd_no_documented_epilepsy,4,clingen;orphadata_genes;panelapp_au_id;sysndd,254913,615204,MONDO:0014471,0,
HGNC:868,ATP6AP1,ATPase H+ transporting accessory protein 1,ndd_only,,T1,ndd_no_documented_epilepsy,4,clingen;orphadata_genes;panelapp_au_id;panelapp_ge_id,692790,300197,MONDO:0010504,0,
HGNC:853,ATP6V1B1,ATPase H+ transporting V1 subunit B1,ndd_only,,T1,ndd_no_documented_epilepsy,4,clingen;g2p_dd;orphadata_genes;panelapp_ge_id,402041,192132,MONDO:0018440,0,
HGNC:856,ATP6V1C1,ATPase H+ transporting V1 subunit C1,ndd_only,,T3,ndd_no_documented_epilepsy,2,panelapp_au_id;sysndd,,603097,,0,
HGNC:857,ATP6V1E1,ATPase H+ transporting V1 subunit E1,ndd_only,,T1,ndd_no_documented_epilepsy,3,clingen;g2p_dd;orphadata_genes,357074,108746,MONDO:0009054,0,
HGNC:870,ATP7B,ATPase copper transporting beta,ndd_only,,T1,ndd_no_documented_epilepsy,3,clingen;orphadata_genes;panelapp_ge_id,905,606882,MONDO:0010200,0,
HGNC:13533,ATP8A2,ATPase phospholipid transporting 8A2,ndd_only,,T1,ndd_no_documented_epilepsy,6,clingen;g2p_dd;orphadata_genes;panelapp_au_id;panelapp_ge_id;sysndd,1766,605870,MONDO:0009133,0,
HGNC:3706,ATP8B1,ATPase phospholipid transporting 8B1,ndd_only,,T1,ndd_no_documented_epilepsy,3,g2p_dd;orphadata_genes;panelapp_ge_id,69665;79306;99960,602397,MONDO:0008892;MONDO:0009469;MONDO:0100429,0,
HGNC:13534,ATP8B2,ATPase phospholipid transporting 8B2,ndd_only,,T2,ndd_no_documented_epilepsy,1,panelapp_au_id,,605867,,0,
HGNC:13540,ATP9A,ATPase phospholipid transporting 9A,ndd_only,,T1,ndd_with_epilepsy,7,g2p_dd;orphadata_genes;panelapp_au_epilepsy;panelapp_au_id;panelapp_ge_id;sfari;sysndd,528084,609126,MONDO:0100038,0,
HGNC:18802,ATPAF2,ATP synthase mitochondrial F1 complex assembly factor 2,ndd_only,,T3,ndd_no_documented_epilepsy,3,clingen;orphadata_genes;sysndd,254913,608918,MONDO:0014471,0,
HGNC:882,ATR,ATR checkpoint kinase,ndd_only,,T1,ndd_no_documented_epilepsy,5,g2p_dd;orphadata_genes;panelapp_au_id;panelapp_ge_id;sysndd,313846;808,601215,MONDO:0013806;MONDO:0019342,0,
HGNC:885,ATRN,attractin,ndd_only,,T3,ndd_no_documented_epilepsy,1,sysndd,,603130,,0,
HGNC:10548,ATXN1,ataxin 1,ndd_only,,T3,ndd_no_documented_epilepsy,2,orphadata_genes;panelapp_ge_id,98755,601556,MONDO:0008119,0,
HGNC:10549,ATXN10,ataxin 10,ndd_only,,T3,ndd_no_documented_epilepsy,3,orphadata_genes;panelapp_au_id;panelapp_ge_id,98761,611150,MONDO:0011330,0,
HGNC:10555,ATXN2,ataxin 2,ndd_only,,T1,ndd_no_documented_epilepsy,4,clingen;orphadata_genes;panelapp_ge_id;sfari,803;98756,601517,MONDO:0004976;MONDO:0008458,0,
HGNC:31326,ATXN2L,ataxin 2 like,ndd_only,,T2,ndd_no_documented_epilepsy,3,panelapp_au_id;panelapp_ge_id;sysndd,,607931,,0,
HGNC:7106,ATXN3,ataxin 3,ndd_only,,T3,ndd_no_documented_epilepsy,2,orphadata_genes;panelapp_ge_id,276238;276241;276244,607047,MONDO:0017174;MONDO:0017175;MONDO:0017176,0,
HGNC:24173,ATXN3L,ataxin 3 like,ndd_only,,T3,ndd_no_documented_epilepsy,1,panelapp_ge_id,,300920,,0,
HGNC:10560,ATXN7,ataxin 7,ndd_only,,T3,ndd_no_documented_epilepsy,2,orphadata_genes;panelapp_ge_id,94147,607640,MONDO:0016163,0,
HGNC:25416,ATXN7L3,ataxin 7 like 3,ndd_only,,T1,ndd_no_documented_epilepsy,4,g2p_dd;panelapp_au_id;panelapp_ge_id;sysndd,,619010,,0,
HGNC:890,AUH,AU RNA binding methylglutaconyl-CoA hydratase,ndd_only,,T1,ndd_no_documented_epilepsy,6,clingen;g2p_dd;orphadata_genes;panelapp_au_id;panelapp_ge_id;sysndd,67046,600529,MONDO:0009610,0,
HGNC:894,AVP,arginine vasopressin,ndd_only,,T3,ndd_no_documented_epilepsy,3,orphadata_genes;panelapp_au_id;panelapp_ge_id,30925,192340,MONDO:0007450,0,
HGNC:895,AVPR1A,arginine vasopressin receptor 1A,ndd_only,,T2,ndd_no_documented_epilepsy,3,clingen;panelapp_au_id;sfari,,600821,,0,
HGNC:896,AVPR1B,arginine vasopressin receptor 1B,ndd_only,,T2,ndd_no_documented_epilepsy,1,sfari,,600264,,0,
HGNC:897,AVPR2,arginine vasopressin receptor 2,ndd_only,,T3,ndd_no_documented_epilepsy,4,orphadata_genes;panelapp_au_id;panelapp_ge_id;sysndd,223;93606,300538,MONDO:0010356;MONDO:0016383,0,
HGNC:23251,AWAT2,acyl-CoA wax alcohol acyltransferase 2,ndd_only,,T3,ndd_no_documented_epilepsy,1,panelapp_ge_id,,300925,,0,
HGNC:903,AXIN1,axin 1,ndd_only,,T2,ndd_no_documented_epilepsy,4,g2p_dd;orphadata_genes;panelapp_au_id;sysndd,210159,603816,MONDO:0016216,0,
HGNC:910,AZGP1,"alpha-2-glycoprotein 1, zinc-binding",ndd_only,,T2,ndd_no_documented_epilepsy,1,sfari,,194460,,0,
HGNC:17978,B3GALT6,"beta-1,3-galactosyltransferase 6",ndd_only,,T1,ndd_no_documented_epilepsy,6,clingen;g2p_dd;orphadata_genes;panelapp_au_id;panelapp_ge_id;sysndd,536467;642099,615291,MONDO:0010075;MONDO:0014139,0,
HGNC:923,B3GAT3,"beta-1,3-glucuronyltransferase 3",ndd_only,,T1,ndd_no_documented_epilepsy,4,g2p_dd;orphadata_genes;panelapp_au_id;sysndd,284139,606374,MONDO:0009511,0,
HGNC:20207,B3GLCT,beta 3-glucosyltransferase,ndd_only,,T1,ndd_no_documented_epilepsy,5,clingen;orphadata_genes;panelapp_au_id;panelapp_ge_id;sysndd,709,610308,MONDO:0009856,0,
HGNC:4117,B4GALNT1,"beta-1,4-N-acetyl-galactosaminyltransferase 1",ndd_only,,T1,ndd_no_documented_epilepsy,5,clingen;orphadata_genes;panelapp_au_id;panelapp_ge_id;sysndd,101006,601873,MONDO:0012213,0,
HGNC:924,B4GALT1,"beta-1,4-galactosyltransferase 1",ndd_only,,T1,ndd_no_documented_epilepsy,6,clingen;g2p_dd;orphadata_genes;panelapp_au_id;panelapp_ge_id;sysndd,79332,137060,MONDO:0011772,0,
HGNC:930,B4GALT7,"beta-1,4-galactosyltransferase 7",ndd_only,,T1,ndd_no_documented_epilepsy,6,clingen;g2p_dd;orphadata_genes;panelapp_au_id;panelapp_ge_id;sysndd,75496,604327,MONDO:0007526,0,
HGNC:24123,B9D1,B9 domain containing 1,ndd_only,,T1,ndd_no_documented_epilepsy,6,clingen;g2p_dd;orphadata_genes;panelapp_au_id;panelapp_ge_id;sysndd,475;564,614144,MONDO:0018772;MONDO:0018921,0,
HGNC:28636,B9D2,B9 domain containing 2,ndd_only,,T1,ndd_no_documented_epilepsy,5,clingen;orphadata_genes;panelapp_au_id;panelapp_ge_id;sysndd,475;564,611951,MONDO:0018772;MONDO:0018921,0,
HGNC:933,BACE1,beta-secretase 1,ndd_only,,T3,ndd_no_documented_epilepsy,1,sfari,,604252,,0,
HGNC:21649,BAIAP2L1,BAR/IMD domain containing adaptor protein 2 like 1,ndd_only,,T3,ndd_no_documented_epilepsy,1,sfari,,611877,,0,
HGNC:17397,BANF1,barrier to autointegration nuclear assembly factor 1,ndd_only,,T2,ndd_no_documented_epilepsy,4,clingen;g2p_dd;orphadata_genes;panelapp_au_id,280576,603811,MONDO:0013523,0,
HGNC:960,BAZ1A,bromodomain adjacent to zinc finger domain 1A,ndd_only,,T3,ndd_no_documented_epilepsy,1,sysndd,,605680,,0,
HGNC:961,BAZ1B,bromodomain adjacent to zinc finger domain 1B,ndd_only,,T3,ndd_no_documented_epilepsy,2,orphadata_genes;sysndd,904,605681,MONDO:0008678,0,
HGNC:28093,BBIP1,BBSome interacting protein 1,ndd_only,,T1,ndd_no_documented_epilepsy,4,clingen;orphadata_genes;panelapp_au_id;sysndd,110,613605,MONDO:0015229,0,
HGNC:964,BBOX1,gamma-butyrobetaine hydroxylase 1,ndd_only,,T2,ndd_no_documented_epilepsy,2,panelapp_au_id;sysndd,,603312,,0,
HGNC:966,BBS1,Bardet-Biedl syndrome 1,ndd_only,,T1,ndd_no_documented_epilepsy,6,clingen;g2p_dd;orphadata_genes;panelapp_au_id;panelapp_ge_id;sysndd,110;791,209901,MONDO:0015229;MONDO:0019200,0,
HGNC:26291,BBS10,Bardet-Biedl syndrome 10,ndd_only,,T1,ndd_no_documented_epilepsy,6,clingen;g2p_dd;orphadata_genes;panelapp_au_id;panelapp_ge_id;sysndd,110,610148,MONDO:0015229,0,
HGNC:26648,BBS12,Bardet-Biedl syndrome 12,ndd_only,,T1,ndd_no_documented_epilepsy,6,clingen;g2p_dd;orphadata_genes;panelapp_au_id;panelapp_ge_id;sysndd,110,610683,MONDO:0015229,0,
HGNC:967,BBS2,Bardet-Biedl syndrome 2,ndd_only,,T1,ndd_no_documented_epilepsy,6,clingen;g2p_dd;orphadata_genes;panelapp_au_id;panelapp_ge_id;sysndd,110;791,606151,MONDO:0015229;MONDO:0019200,0,
HGNC:969,BBS4,Bardet-Biedl syndrome 4,ndd_only,,T1,ndd_no_documented_epilepsy,7,clingen;g2p_dd;orphadata_genes;panelapp_au_id;panelapp_ge_id;sfari;sysndd,110,600374,MONDO:0015229,0,
HGNC:970,BBS5,Bardet-Biedl syndrome 5,ndd_only,,T1,ndd_no_documented_epilepsy,6,clingen;g2p_dd;orphadata_genes;panelapp_au_id;panelapp_ge_id;sysndd,110,603650,MONDO:0015229,0,
HGNC:18758,BBS7,Bardet-Biedl syndrome 7,ndd_only,,T1,ndd_no_documented_epilepsy,6,clingen;g2p_dd;orphadata_genes;panelapp_au_id;panelapp_ge_id;sysndd,110,607590,MONDO:0015229,0,
HGNC:30000,BBS9,Bardet-Biedl syndrome 9,ndd_only,,T1,ndd_no_documented_epilepsy,6,clingen;g2p_dd;orphadata_genes;panelapp_au_id;panelapp_ge_id;sysndd,110,607968,MONDO:0015229,0,
HGNC:16695,BCAP31,B cell receptor associated protein 31,ndd_only,,T1,ndd_no_documented_epilepsy,6,clingen;g2p_dd;orphadata_genes;panelapp_au_id;panelapp_ge_id;sysndd,369939;369942,300398,MONDO:0010334;MONDO:0018247,0,
HGNC:974,BCAS1,brain enriched myelin associated protein 1,ndd_only,,T2,ndd_no_documented_epilepsy,1,sfari,,602968,,0,
HGNC:976,BCAT1,branched chain amino acid transaminase 1,ndd_only,,T3,ndd_no_documented_epilepsy,2,panelapp_au_id;sysndd,,113520,,0,
HGNC:977,BCAT2,branched chain amino acid transaminase 2,ndd_only,,T1,ndd_no_documented_epilepsy,2,clingen;sysndd,,113530,,0,
HGNC:983,BCHE,butyrylcholinesterase,ndd_only,,T3,ndd_no_documented_epilepsy,2,orphadata_genes;sysndd,132,177400,MONDO:0015270,0,
HGNC:13222,BCL11B,BCL11 transcription factor B,ndd_only,,T1,ndd_no_documented_epilepsy,7,clingen;g2p_dd;orphadata_genes;panelapp_au_id;panelapp_ge_id;sfari;sysndd,662829,606558,MONDO:0060763,0,
HGNC:20893,BCOR,BCL6 corepressor,ndd_only,,T1,ndd_no_documented_epilepsy,6,clingen;g2p_dd;orphadata_genes;panelapp_au_id;panelapp_ge_id;sysndd,2712;457246;520;568,300485,MONDO:0005006;MONDO:0010261;MONDO:0012883;MONDO:0018924,0,
HGNC:25657,BCORL1,BCL6 corepressor like 1,ndd_only,,T1,ndd_with_epilepsy,8,clingen;g2p_dd;orphadata_genes;panelapp_au_id;panelapp_ge_epilepsy;panelapp_ge_id;sfari;sysndd,528084,300688,MONDO:0100038,0,
HGNC:1027,BDH1,3-hydroxybutyrate dehydrogenase 1,ndd_only,,T3,ndd_no_documented_epilepsy,1,sysndd,,603063,,0,
HGNC:1033,BDNF,brain derived neurotrophic factor,ndd_only,,T3,ndd_no_documented_epilepsy,3,orphadata_genes;panelapp_au_id;sysndd,661;893,113505,MONDO:0008681;MONDO:0800026,0,
HGNC:13652,BDP1,BDP1 general transcription factor IIIB subunit,ndd_only,,T3,ndd_no_documented_epilepsy,3,clingen;orphadata_genes;panelapp_ge_id,90636,607012,MONDO:0019588,0,
HGNC:24160,BEAN1,brain expressed associated with NEDD4 1,ndd_only,,T3,ndd_no_documented_epilepsy,2,orphadata_genes;panelapp_ge_id,217012,612051,MONDO:0007296,0,
HGNC:14562,BET1,Bet1 golgi vesicular membrane trafficking protein,ndd_only,,T3,ndd_with_epilepsy,3,panelapp_au_epilepsy;panelapp_ge_epilepsy;sysndd,,605456,,0,
HGNC:1041,BFSP2,beaded filament structural protein 2,ndd_only,,T1,ndd_no_documented_epilepsy,3,g2p_dd;orphadata_genes;panelapp_ge_id,441452;98984;98985,603212,MONDO:0011430;MONDO:0018611;MONDO:0020372,0,
HGNC:1044,BGN,biglycan,ndd_only,,T1,ndd_no_documented_epilepsy,4,clingen;g2p_dd;orphadata_genes;panelapp_ge_id,622925;93349,301870,MONDO:0010248;MONDO:0850095,0,
HGNC:35126,BHLHA9,basic helix-loop-helix family member a9,ndd_only,,T1,ndd_no_documented_epilepsy,3,g2p_dd;orphadata_genes;panelapp_ge_id,157801;1986;3329,615416,MONDO:0009222;MONDO:0012271;MONDO:0018050,0,
HGNC:11963,BHLHE22,basic helix-loop-helix family member e22,ndd_only,,T1,ndd_no_documented_epilepsy,3,panelapp_au_id;panelapp_ge_id;sysndd,,613483,,0,
HGNC:28095,BICDL1,BICD family like cargo adaptor 1,ndd_only,,T2,ndd_no_documented_epilepsy,1,sfari,,617002,,0,
HGNC:4332,BICRA,BRD4 interacting chromatin remodeling complex associated protein,ndd_only,,T1,ndd_no_documented_epilepsy,6,clingen;g2p_dd;panelapp_au_id;panelapp_ge_id;sfari;sysndd,,605690,,0,
HGNC:1052,BIN1,bridging integrator 1,ndd_only,,T1,ndd_no_documented_epilepsy,5,clingen;g2p_dd;orphadata_genes;panelapp_au_id;panelapp_ge_id,169186;169189,601248,MONDO:0008048;MONDO:0015705,0,
HGNC:13516,BIRC6,baculoviral IAP repeat containing 6,ndd_only,,T2,ndd_no_documented_epilepsy,1,sfari,,605638,,0,
HGNC:1058,BLM,BLM RecQ like helicase,ndd_only,,T1,ndd_no_documented_epilepsy,6,clingen;g2p_dd;orphadata_genes;panelapp_au_id;panelapp_ge_id;sysndd,125,604610,MONDO:0008876,0,
HGNC:4200,BLOC1S1,biogenesis of lysosomal organelles complex 1 subunit 1,ndd_only,,T1,ndd_with_epilepsy,6,clingen;panelapp_au_epilepsy;panelapp_au_id;panelapp_ge_epilepsy;panelapp_ge_id;sysndd,,601444,,0,
HGNC:8549,BLOC1S6,biogenesis of lysosomal organelles complex 1 subunit 6,ndd_only,,T1,ndd_no_documented_epilepsy,3,clingen;g2p_dd;orphadata_genes,231531,604310,MONDO:0013559,0,
HGNC:1068,BMP15,bone morphogenetic protein 15,ndd_only,,T3,ndd_no_documented_epilepsy,2,orphadata_genes;panelapp_ge_id,243;398987,300247,MONDO:0009299;MONDO:0018369,0,
HGNC:1069,BMP2,bone morphogenetic protein 2,ndd_only,,T1,ndd_no_documented_epilepsy,3,g2p_dd;orphadata_genes;sysndd,261295;93396,112261,MONDO:0007216;MONDO:0016841,0,
HGNC:1071,BMP4,bone morphogenetic protein 4,ndd_only,,T1,ndd_no_documented_epilepsy,6,clingen;g2p_dd;orphadata_genes;panelapp_au_id;panelapp_ge_id;sysndd,139471;199306;90654;93100,112262,MONDO:0011493;MONDO:0011936;MONDO:0016044;MONDO:0019636,0,
HGNC:24154,BMPER,BMP binding endothelial regulator,ndd_only,,T1,ndd_no_documented_epilepsy,5,g2p_dd;orphadata_genes;panelapp_au_id;panelapp_ge_id;sysndd,66637,608699,MONDO:0011946,0,
HGNC:1077,BMPR1B,bone morphogenetic protein receptor type 1B,ndd_only,,T1,ndd_no_documented_epilepsy,4,clingen;g2p_dd;orphadata_genes;panelapp_ge_id,2098;2639;93384;93388;93396,603248,MONDO:0007215;MONDO:0007216;MONDO:0007221;MONDO:0008703;MONDO:0009231,0,
HGNC:30988,BNC2,basonuclin zinc finger protein 2,ndd_only,,T1,ndd_no_documented_epilepsy,2,g2p_dd;orphadata_genes,93110,608669,MONDO:0019640,0,
HGNC:25114,BOD1,biorientation of chromosomes in cell division 1,ndd_only,,T2,ndd_no_documented_epilepsy,1,sysndd,,616745,,0,
HGNC:37247,BORCS8,BLOC-1 related complex subunit 8,ndd_only,,T1,ndd_with_epilepsy,5,g2p_dd;panelapp_au_id;panelapp_ge_epilepsy;panelapp_ge_id;sysndd,,616601,,0,
HGNC:16504,BPIFB6,BPI fold containing family B member 6,ndd_only,,T3,ndd_no_documented_epilepsy,2,panelapp_ge_id;sysndd,,614110,,0,
HGNC:26019,BPNT2,"3'(2'), 5'-bisphosphate nucleotidase 2",ndd_only,,T1,ndd_no_documented_epilepsy,4,clingen;g2p_dd;orphadata_genes;panelapp_ge_id,280586,614010,MONDO:0013561,0,
HGNC:1100,BRCA1,BRCA1 DNA repair associated,ndd_only,,T1,ndd_no_documented_epilepsy,5,clingen;g2p_dd;orphadata_genes;panelapp_ge_id;sysndd,1333;145;168829;667662;694963;70567;84,113705,MONDO:0003582;MONDO:0006804;MONDO:0015278;MONDO:0015686;MONDO:0019087;MONDO:0019391;MONDO:0850112,0,
HGNC:1101,BRCA2,BRCA2 DNA repair associated,ndd_only,,T1,ndd_no_documented_epilepsy,5,clingen;g2p_dd;orphadata_genes;panelapp_ge_id;sfari,1333;145;178;319462;440437;654;667662;694963;70567;84,600185,MONDO:0003582;MONDO:0006804;MONDO:0008978;MONDO:0011584;MONDO:0015278;MONDO:0018604;MONDO:0019004;MONDO:0019087;MONDO:0019391;MONDO:0850112,0,
HGNC:1104,BRD3,bromodomain containing 3,ndd_only,,T3,ndd_no_documented_epilepsy,1,sysndd,,601541,,0,
HGNC:13575,BRD4,bromodomain containing 4,ndd_only,,T1,ndd_no_documented_epilepsy,7,clingen;g2p_dd;orphadata_genes;panelapp_au_id;panelapp_ge_id;sfari;sysndd,199;443167,608749,MONDO:0005563;MONDO:0016033,0,
HGNC:11551,BRF1,BRF1 general transcription factor IIIB subunit,ndd_only,,T1,ndd_no_documented_epilepsy,5,g2p_dd;orphadata_genes;panelapp_au_id;panelapp_ge_id;sysndd,444072,604902,MONDO:0014529,0,
HGNC:17298,BRF2,BRF2 general transcription factor IIIB subunit,ndd_only,,T2,ndd_no_documented_epilepsy,3,panelapp_au_id;panelapp_ge_id;sysndd,,607013,,0,
HGNC:22393,BRINP3,BMP/retinoic acid inducible neural specific 3,ndd_only,,T3,ndd_no_documented_epilepsy,1,sfari,,618390,,0,
HGNC:20473,BRIP1,BRCA1 interacting DNA helicase 1,ndd_only,,T1,ndd_no_documented_epilepsy,5,clingen;g2p_dd;orphadata_genes;panelapp_au_id;panelapp_ge_id,145;84,605882,MONDO:0003582;MONDO:0019391,0,
HGNC:14255,BRPF1,bromodomain and PHD finger containing 1,ndd_only,,T1,ndd_no_documented_epilepsy,6,clingen;g2p_dd;orphadata_genes;panelapp_au_id;panelapp_ge_id;sysndd,1620;698090,602410,MONDO:0013424;MONDO:0015022,0,
HGNC:18994,BRSK1,BR serine/threonine kinase 1,ndd_only,,T1,ndd_with_epilepsy,5,panelapp_au_epilepsy;panelapp_au_id;panelapp_ge_epilepsy;panelapp_ge_id;sysndd,,609235,,0,
HGNC:11405,BRSK2,BR serine/threonine kinase 2,ndd_only,,T1,ndd_no_documented_epilepsy,7,clingen;g2p_dd;orphadata_genes;panelapp_au_id;panelapp_ge_id;sfari;sysndd,178469,609236,MONDO:0015802,0,
HGNC:12760,BRWD1,bromodomain and WD repeat domain containing 1,ndd_only,,T3,ndd_no_documented_epilepsy,3,clingen;orphadata_genes;sysndd,244,617824,MONDO:0016575,0,
HGNC:17342,BRWD3,bromodomain and WD repeat domain containing 3,ndd_only,,T1,ndd_no_documented_epilepsy,7,clingen;g2p_dd;orphadata_genes;panelapp_au_id;panelapp_ge_id;sfari;sysndd,528084,300553,MONDO:0100038,0,
HGNC:16512,BSND,barttin CLCNK type accessory subunit beta,ndd_only,,T1,ndd_no_documented_epilepsy,5,clingen;g2p_dd;orphadata_genes;panelapp_au_id;panelapp_ge_id,89938;90636,606412,MONDO:0019524;MONDO:0019588,0,
HGNC:1118,BST1,bone marrow stromal cell antigen 1,ndd_only,,T2,ndd_no_documented_epilepsy,1,sfari,,600387,,0,
HGNC:17307,BTAF1,B-TFIID TATA-box binding protein associated factor 1,ndd_only,,T2,ndd_no_documented_epilepsy,1,sfari,,605191,,0,
HGNC:1125,BTF3,basic transcription factor 3,ndd_only,,T3,ndd_no_documented_epilepsy,1,sysndd,,602542,,0,
HGNC:1133,BTK,Bruton tyrosine kinase,ndd_only,,T1,ndd_no_documented_epilepsy,3,clingen;orphadata_genes;panelapp_ge_id,47;632,300300,MONDO:0010421;MONDO:0018967,0,
HGNC:1135,BTN1A1,butyrophilin subfamily 1 member A1,ndd_only,,T3,ndd_no_documented_epilepsy,1,sysndd,,601610,,0,
HGNC:1137,BTN2A2,butyrophilin subfamily 2 member A2,ndd_only,,T3,ndd_no_documented_epilepsy,1,sysndd,,613591,,0,
HGNC:1139,BTN3A2,butyrophilin subfamily 3 member A2,ndd_only,,T3,ndd_no_documented_epilepsy,1,sysndd,,613594,,0,
HGNC:1144,BTRC,beta-transducin repeat containing E3 ubiquitin protein ligase,ndd_only,,T2,ndd_no_documented_epilepsy,2,orphadata_genes;sfari,2440,603482,MONDO:0016576,0,
HGNC:1148,BUB1,BUB1 mitotic checkpoint serine/threonine kinase,ndd_only,,T2,ndd_no_documented_epilepsy,6,clingen;g2p_dd;orphadata_genes;panelapp_au_id;panelapp_ge_id;sysndd,1052,602452,MONDO:0000141,0,
HGNC:1149,BUB1B,BUB1 mitotic checkpoint serine/threonine kinase B,ndd_only,,T1,ndd_no_documented_epilepsy,6,clingen;g2p_dd;orphadata_genes;panelapp_au_id;panelapp_ge_id;sysndd,1052,602860,MONDO:0000141,0,
HGNC:28199,BUD13,BUD13 spliceosome associated protein,ndd_only,,T1,ndd_no_documented_epilepsy,1,sysndd,,620691,,0,
HGNC:34489,C15orf62,chromosome 15 open reading frame 62,ndd_only,,T2,ndd_no_documented_epilepsy,1,sfari,,,,0,
HGNC:34455,C16orf90,chromosome 16 open reading frame 90,ndd_only,,T3,ndd_no_documented_epilepsy,1,sysndd,,,,0,
HGNC:31690,C18orf32,chromosome 18 open reading frame 32,ndd_only,,T3,ndd_no_documented_epilepsy,2,panelapp_au_id;sysndd,,619979,,0,
HGNC:1241,C1QA,complement C1q A chain,ndd_only,,T1,ndd_no_documented_epilepsy,3,clingen;orphadata_genes;panelapp_ge_id,169147;300345,120550,MONDO:0013743;MONDO:0015699,0,
HGNC:1243,C1QBP,complement C1q binding protein,ndd_only,,T1,ndd_no_documented_epilepsy,3,clingen;g2p_dd;sysndd,,601269,,0,
HGNC:1245,C1QC,complement C1q C chain,ndd_only,,T3,ndd_no_documented_epilepsy,2,orphadata_genes;panelapp_ge_id,169147,120575,MONDO:0015699,0,
HGNC:26931,C22orf31,chromosome 22 open reading frame 31,ndd_only,,T3,ndd_no_documented_epilepsy,1,sysndd,,,,0,
HGNC:24564,C2CD3,C2 domain containing 3 centriole elongation regulator,ndd_only,,T1,ndd_no_documented_epilepsy,6,clingen;g2p_dd;orphadata_genes;panelapp_au_id;panelapp_ge_id;sysndd,434179,615944,MONDO:0014413,0,
HGNC:26056,C2orf42,chromosome 2 open reading frame 42,ndd_only,,T3,ndd_no_documented_epilepsy,1,sysndd,,,,0,
HGNC:1324,C4B,complement C4B (Chido/Rodgers blood group),ndd_only,,T2,ndd_no_documented_epilepsy,2,orphadata_genes;sfari,169147;536,120820,MONDO:0007915;MONDO:0015699,0,
HGNC:28337,C9orf72,C9orf72-SMCR8 complex subunit,ndd_only,,T1,ndd_no_documented_epilepsy,4,clingen;orphadata_genes;panelapp_ge_id;sysndd,100069;100070;275864;275872;401901;803,614260,MONDO:0004976;MONDO:0010857;MONDO:0015059;MONDO:0017160;MONDO:0017161;MONDO:0018425,0,
HGNC:1373,CA2,carbonic anhydrase 2,ndd_only,,T1,ndd_no_documented_epilepsy,6,clingen;g2p_dd;orphadata_genes;panelapp_au_id;panelapp_ge_id;sysndd,2785,611492,MONDO:0009818,0,
HGNC:1377,CA5A,carbonic anhydrase 5A,ndd_only,,T1,ndd_with_epilepsy,6,clingen;g2p_dd;orphadata_genes;panelapp_au_id;panelapp_ge_id;sysndd,401948,114761,MONDO:0014332,0,
HGNC:1380,CA6,carbonic anhydrase 6,ndd_only,,T2,ndd_no_documented_epilepsy,1,sfari,,114780,,0,
HGNC:1382,CA8,carbonic anhydrase 8 (inactive),ndd_only,,T1,ndd_no_documented_epilepsy,6,clingen;g2p_dd;orphadata_genes;panelapp_au_id;panelapp_ge_id;sysndd,1766,114815,MONDO:0009133,0,
HGNC:20834,CABP7,calcium binding protein 7,ndd_only,,T3,ndd_no_documented_epilepsy,1,sysndd,,618759,,0,
HGNC:29314,CACHD1,cache domain containing 1,ndd_only,,T2,ndd_no_documented_epilepsy,2,panelapp_au_id;sysndd,,620144,,0,
HGNC:1393,CACNA1F,calcium voltage-gated channel subunit alpha1 F,ndd_only,,T1,ndd_no_documented_epilepsy,4,clingen;orphadata_genes;panelapp_ge_id;sfari,178333;1872;714070,300110,MONDO:0010371;MONDO:0015993,0,
HGNC:1395,CACNA1H,calcium voltage-gated channel subunit alpha1 H,ndd_only,,T1,ndd_with_epilepsy,6,g2p_dd;orphadata_genes;panelapp_ge_epilepsy;panelapp_ge_id;sfari;sysndd,642671;64280,607904,MONDO:0010826;MONDO:0014875,1,CACNA1H Alliance
HGNC:1397,CACNA1S,calcium voltage-gated channel subunit alpha1 S,ndd_only,,T2,ndd_no_documented_epilepsy,3,clingen;orphadata_genes;panelapp_ge_id,397755;423;681;79102,114208,MONDO:0008223;MONDO:0018344;MONDO:0018493;MONDO:0019201,0,
HGNC:15460,CACNA2D3,calcium voltage-gated channel auxiliary subunit alpha2delta 3,ndd_only,,T2,ndd_no_documented_epilepsy,3,panelapp_ge_id;sfari;sysndd,,606399,,0,
HGNC:1401,CACNB1,calcium voltage-gated channel auxiliary subunit beta 1,ndd_only,,T3,ndd_no_documented_epilepsy,1,sfari,,114207,,0,
HGNC:1402,CACNB2,calcium voltage-gated channel auxiliary subunit beta 2,ndd_only,,T2,ndd_no_documented_epilepsy,4,clingen;orphadata_genes;sfari;sysndd,130,600003,MONDO:0015263,0,
HGNC:1404,CACNB4,calcium voltage-gated channel auxiliary subunit beta 4,ndd_only,,T2,ndd_with_epilepsy,8,clingen;g2p_dd;orphadata_genes;panelapp_au_epilepsy;panelapp_au_id;panelapp_ge_epilepsy;panelapp_ge_id;sysndd,211067;307,601949,MONDO:0009696;MONDO:0013464,0,
HGNC:1406,CACNG2,calcium voltage-gated channel auxiliary subunit gamma 2,ndd_only,,T2,ndd_no_documented_epilepsy,6,clingen;orphadata_genes;panelapp_au_id;panelapp_ge_id;sfari;sysndd,178469,602911,MONDO:0015802,0,
HGNC:13626,CACNG7,calcium voltage-gated channel auxiliary subunit gamma 7,ndd_only,,T3,ndd_no_documented_epilepsy,1,sysndd,,606899,,0,
HGNC:5951,CADM1,cell adhesion molecule 1,ndd_only,,T2,ndd_no_documented_epilepsy,1,sfari,,605686,,0,
HGNC:29849,CADM2,cell adhesion molecule 2,ndd_only,,T2,ndd_no_documented_epilepsy,1,sfari,,609938,,0,
HGNC:1426,CADPS,calcium dependent secretion activator,ndd_only,,T2,ndd_no_documented_epilepsy,2,sfari;sysndd,,604667,,0,
HGNC:16018,CADPS2,calcium dependent secretion activator 2,ndd_only,,T2,ndd_no_documented_epilepsy,2,sfari;sysndd,,609978,,0,
HGNC:19341,CAMK1D,calcium/calmodulin dependent protein kinase ID,ndd_only,,T3,ndd_no_documented_epilepsy,1,sysndd,,607957,,0,
HGNC:1462,CAMK2D,calcium/calmodulin dependent protein kinase II delta,ndd_only,,T1,ndd_with_epilepsy,8,clingen;g2p_dd;panelapp_au_epilepsy;panelapp_au_id;panelapp_ge_epilepsy;panelapp_ge_id;sfari;sysndd,,607708,,0,
HGNC:1463,CAMK2G,calcium/calmodulin dependent protein kinase II gamma,ndd_only,,T1,ndd_with_epilepsy,6,clingen;g2p_dd;panelapp_au_id;panelapp_ge_epilepsy;panelapp_ge_id;sysndd,,602123,,0,
HGNC:1464,CAMK4,calcium/calmodulin dependent protein kinase IV,ndd_only,,T1,ndd_no_documented_epilepsy,4,panelapp_au_id;panelapp_ge_id;sfari;sysndd,,114080,,0,
HGNC:1471,CAMLG,calcium modulating ligand,ndd_only,,T3,ndd_with_epilepsy,4,clingen;panelapp_au_epilepsy;panelapp_ge_epilepsy;sysndd,,601118,,0,
HGNC:18807,CAMTA2,calmodulin binding transcription activator 2,ndd_only,,T2,ndd_no_documented_epilepsy,1,sfari,,611508,,0,
HGNC:19721,CANT1,calcium activated nucleotidase 1,ndd_only,,T1,ndd_no_documented_epilepsy,5,clingen;g2p_dd;orphadata_genes;panelapp_au_id;panelapp_ge_id,1425;647676,613165,MONDO:0015426;MONDO:0054680,0,
HGNC:20040,CAP1,cyclase associated actin cytoskeleton regulatory protein 1,ndd_only,,T3,ndd_no_documented_epilepsy,1,panelapp_ge_id,,617801,,0,
HGNC:1474,CAPG,"capping actin protein, gelsolin like",ndd_only,,T3,ndd_no_documented_epilepsy,1,sysndd,,153615,,0,
HGNC:1477,CAPN10,calpain 10,ndd_only,,T1,ndd_no_documented_epilepsy,3,g2p_dd;panelapp_ge_id;sysndd,,605286,,0,
HGNC:13249,CAPN12,calpain 12,ndd_only,,T2,ndd_no_documented_epilepsy,2,sfari;sysndd,,608839,,0,
HGNC:11182,CAPN15,calpain 15,ndd_only,,T1,ndd_no_documented_epilepsy,5,g2p_dd;orphadata_genes;panelapp_au_id;panelapp_ge_id;sysndd,611201,603267,MONDO:0036189,0,
HGNC:1480,CAPN3,calpain 3,ndd_only,,T1,ndd_no_documented_epilepsy,3,clingen;orphadata_genes;sysndd,267;565909,114240,MONDO:0009675;MONDO:0029133,0,
HGNC:1486,CAPN9,calpain 9,ndd_only,,T3,ndd_no_documented_epilepsy,1,sysndd,,606401,,0,
HGNC:1487,CAPS,calcyphosine,ndd_only,,T3,ndd_no_documented_epilepsy,1,sysndd,,114212,,0,
HGNC:16471,CAPS2,calcyphosine 2,ndd_only,,T3,ndd_no_documented_epilepsy,1,sysndd,,607724,,0,
HGNC:16393,CARD11,caspase recruitment domain family member 11,ndd_only,,T1,ndd_no_documented_epilepsy,3,clingen;orphadata_genes;sfari,300324;357237;464336;619972,607210,MONDO:0011672;MONDO:0014081;MONDO:0014645;MONDO:0850070,0,
HGNC:23435,CARNMT1,carnosine N-methyltransferase 1,ndd_only,,T3,ndd_no_documented_epilepsy,1,sysndd,,616552,,0,
HGNC:1493,CARS1,cysteinyl-tRNA synthetase 1,ndd_only,,T1,ndd_no_documented_epilepsy,5,g2p_dd;orphadata_genes;panelapp_au_id;panelapp_ge_id;sysndd,178342;33364,123859,MONDO:0015798;MONDO:0018053,1,CureARS
HGNC:20879,CASKIN1,CASK interacting protein 1,ndd_only,,T2,ndd_no_documented_epilepsy,1,sfari,,612184,,0,
HGNC:1514,CASR,calcium sensing receptor,ndd_only,,T1,ndd_with_epilepsy,5,clingen;orphadata_genes;panelapp_au_epilepsy;panelapp_ge_epilepsy;panelapp_ge_id,417;428;676;93372,601199,MONDO:0007791;MONDO:0008185;MONDO:0009397;MONDO:0018543,0,
HGNC:26002,CASZ1,castor zinc finger 1,ndd_only,,T2,ndd_no_documented_epilepsy,4,clingen;orphadata_genes;sfari;sysndd,1606,609895,MONDO:0011929,0,
HGNC:1516,CAT,catalase,ndd_only,,T2,ndd_no_documented_epilepsy,3,clingen;orphadata_genes;sfari,926,115500,MONDO:0013571,0,
HGNC:1527,CAV1,caveolin 1,ndd_only,,T1,ndd_no_documented_epilepsy,3,clingen;g2p_dd;orphadata_genes,220393;220402;275777;696206,601047,MONDO:0012923;MONDO:0016356;MONDO:0016358;MONDO:0017148,0,
HGNC:1539,CBFB,core-binding factor subunit beta,ndd_only,,T1,ndd_no_documented_epilepsy,3,clingen;g2p_dd;orphadata_genes,98829,121360,MONDO:0020316,0,
HGNC:1541,CBL,Cbl proto-oncogene,ndd_only,,T1,ndd_with_epilepsy,7,clingen;g2p_dd;orphadata_genes;panelapp_au_id;panelapp_ge_epilepsy;panelapp_ge_id;sysndd,363972;648;86834;98850,165360,MONDO:0011908;MONDO:0013308;MONDO:0018997;MONDO:0020333,1,RASopathies Network
HGNC:1550,CBS,cystathionine beta-synthase,ndd_only,,T1,ndd_no_documented_epilepsy,6,clingen;g2p_dd;orphadata_genes;panelapp_au_id;panelapp_ge_id;sysndd,394,613381,MONDO:0009352,0,
HGNC:1551,CBX1,chromobox 1,ndd_only,,T2,ndd_no_documented_epilepsy,4,g2p_dd;panelapp_au_id;sfari;sysndd,,604511,,0,
HGNC:1554,CBX4,chromobox 4,ndd_only,,T3,ndd_no_documented_epilepsy,2,sfari;sysndd,,603079,,0,
HGNC:1307,CBY1,"chibby 1, beta catenin antagonist",ndd_only,,T1,ndd_no_documented_epilepsy,3,orphadata_genes;panelapp_au_id;sysndd,475,607757,MONDO:0018772,0,
HGNC:30237,CC2D1A,coiled-coil and C2 domain containing 1A,ndd_only,,T1,ndd_no_documented_epilepsy,7,clingen;g2p_dd;orphadata_genes;panelapp_au_id;panelapp_ge_id;sfari;sysndd,88616,610055,MONDO:0019502,0,
HGNC:23360,CCAR2,cell cycle and apoptosis regulator 2,ndd_only,,T3,ndd_no_documented_epilepsy,1,sysndd,,607359,,0,
HGNC:29426,CCBE1,collagen and calcium binding EGF domains 1,ndd_only,,T1,ndd_no_documented_epilepsy,5,g2p_dd;orphadata_genes;panelapp_au_id;panelapp_ge_id;sysndd,2136,612753,MONDO:0016256,0,
HGNC:25405,CCDC149,coiled-coil domain containing 149,ndd_only,,T3,ndd_no_documented_epilepsy,1,panelapp_au_id,,,,0,
HGNC:28033,CCDC174,coiled-coil domain containing 174,ndd_only,,T1,ndd_no_documented_epilepsy,4,orphadata_genes;panelapp_au_id;panelapp_ge_id;sysndd,467176,616735,MONDO:0014784,0,
HGNC:28295,CCDC32,coiled-coil domain containing 32,ndd_only,,T1,ndd_no_documented_epilepsy,5,clingen;g2p_dd;orphadata_genes;panelapp_ge_id;sysndd,528084,618941,MONDO:0100038,0,
HGNC:25244,CCDC39,coiled-coil domain 39 molecular ruler complex subunit,ndd_only,,T1,ndd_no_documented_epilepsy,4,clingen;g2p_dd;orphadata_genes;panelapp_ge_id,244,613798,MONDO:0016575,0,
HGNC:26090,CCDC40,coiled-coil domain 40 molecular ruler complex subunit,ndd_only,,T1,ndd_no_documented_epilepsy,4,clingen;g2p_dd;orphadata_genes;panelapp_ge_id,244,613799,MONDO:0016575,0,
HGNC:24856,CCDC47,coiled-coil domain containing 47,ndd_only,,T1,ndd_no_documented_epilepsy,4,g2p_dd;panelapp_au_id;panelapp_ge_id;sysndd,,618260,,0,
HGNC:14153,CCDC78,coiled-coil domain containing 78,ndd_only,,T2,ndd_no_documented_epilepsy,6,clingen;g2p_dd;orphadata_genes;panelapp_au_id;panelapp_ge_id;sysndd,319160,614666,MONDO:0013890,0,
HGNC:25367,CCDC8,coiled-coil domain containing 8 subunit of 3M complex,ndd_only,,T1,ndd_no_documented_epilepsy,4,g2p_dd;orphadata_genes;panelapp_au_id;panelapp_ge_id,2616,614145,MONDO:0007477,0,
HGNC:26282,CCDC82,coiled-coil domain containing 82,ndd_only,,T1,ndd_no_documented_epilepsy,3,panelapp_au_id;panelapp_ge_id;sysndd,,619870,,0,
HGNC:24855,CCDC91,coiled-coil domain containing 91,ndd_only,,T2,ndd_no_documented_epilepsy,2,orphadata_genes;sfari,38,617366,MONDO:0007047,0,
HGNC:25611,CCDC93,CCC complex scaffolding subunit CCDC93,ndd_only,,T3,ndd_no_documented_epilepsy,1,panelapp_au_id,,620553,,0,
HGNC:33488,CCDC9B,coiled-coil domain containing 9B,ndd_only,,T3,ndd_no_documented_epilepsy,1,sysndd,,,,0,
HGNC:1568,CCIN,calicin,ndd_only,,T2,ndd_no_documented_epilepsy,1,sfari,,603960,,0,
HGNC:2500,CCN2,cellular communication network factor 2,ndd_only,,T3,ndd_no_documented_epilepsy,2,orphadata_genes;panelapp_ge_id,220393;220402,121009,MONDO:0016356;MONDO:0016358,0,
HGNC:1578,CCNA2,cyclin A2,ndd_only,,T3,ndd_no_documented_epilepsy,3,g2p_dd;panelapp_ge_id;sysndd,,123835,,0,
HGNC:18709,CCNB3,cyclin B3,ndd_only,,T3,ndd_no_documented_epilepsy,1,panelapp_ge_id,,300456,,0,
HGNC:1592,CCNG1,cyclin G1,ndd_only,,T2,ndd_no_documented_epilepsy,1,sfari,,601578,,0,
HGNC:1594,CCNH,cyclin H,ndd_only,,T3,ndd_no_documented_epilepsy,1,sysndd,,601953,,0,
HGNC:1596,CCNK,cyclin K,ndd_only,,T2,ndd_no_documented_epilepsy,6,g2p_dd;orphadata_genes;panelapp_au_id;panelapp_ge_id;sfari;sysndd,600668,603544,MONDO:0035775,0,
HGNC:20570,CCNL2,cyclin L2,ndd_only,,T3,ndd_no_documented_epilepsy,1,sysndd,,613482,,0,
HGNC:18576,CCNO,cyclin O,ndd_only,,T1,ndd_no_documented_epilepsy,4,clingen;g2p_dd;orphadata_genes;panelapp_ge_id,244,607752,MONDO:0016575,0,
HGNC:28434,CCNQ,cyclin Q,ndd_only,,T1,ndd_no_documented_epilepsy,4,clingen;g2p_dd;orphadata_genes;panelapp_ge_id,140952,300708,MONDO:0010408,0,
HGNC:1600,CCNT2,cyclin T2,ndd_only,,T3,ndd_no_documented_epilepsy,1,sysndd,,603862,,0,
HGNC:29349,CCSER1,coiled-coil serine rich protein 1,ndd_only,,T2,ndd_no_documented_epilepsy,1,sfari,,618934,,0,
HGNC:1617,CCT4,chaperonin containing TCP1 subunit 4,ndd_only,,T2,ndd_no_documented_epilepsy,3,g2p_dd;sfari;sysndd,,605142,,0,
HGNC:1618,CCT5,chaperonin containing TCP1 subunit 5,ndd_only,,T3,ndd_no_documented_epilepsy,4,g2p_dd;orphadata_genes;panelapp_ge_id;sysndd,139578,610150,MONDO:0009748,0,
HGNC:1622,CCT7,chaperonin containing TCP1 subunit 7,ndd_only,,T3,ndd_no_documented_epilepsy,3,g2p_dd;panelapp_ge_id;sysndd,,605140,,0,
HGNC:1630,CD151,CD151 molecule (Raph blood group),ndd_only,,T1,ndd_no_documented_epilepsy,2,g2p_dd;orphadata_genes,300333,602243,MONDO:0012190,0,
HGNC:30375,CD163L1,CD163 molecule like 1,ndd_only,,T3,ndd_no_documented_epilepsy,1,sysndd,,606079,,0,
HGNC:19137,CD276,CD276 molecule,ndd_only,,T2,ndd_no_documented_epilepsy,1,sfari,,605715,,0,
HGNC:1667,CD38,CD38 molecule,ndd_only,,T2,ndd_no_documented_epilepsy,1,sfari,,107270,,0,
HGNC:16892,CD96,CD96 molecule,ndd_only,,T2,ndd_no_documented_epilepsy,6,clingen;g2p_dd;orphadata_genes;panelapp_au_id;panelapp_ge_id;sysndd,1308,606037,MONDO:0008893,0,
HGNC:7082,CD99,CD99 molecule (Xg blood group),ndd_only,,T3,ndd_no_documented_epilepsy,1,panelapp_ge_id,,"""313470|450000""",,0,
HGNC:18237,CD99L2,CD99 molecule like 2,ndd_only,,T2,ndd_no_documented_epilepsy,1,sfari,,300846,,0,
HGNC:17350,CDC40,cell division cycle 40,ndd_only,,T3,ndd_no_documented_epilepsy,3,g2p_dd;panelapp_ge_id;sysndd,,605585,,0,
HGNC:1736,CDC42,cell division cycle 42,ndd_only,,T1,ndd_no_documented_epilepsy,6,clingen;g2p_dd;orphadata_genes;panelapp_au_id;panelapp_ge_id;sysndd,487796;619363,116952,MONDO:0014757;MONDO:0850065,0,
HGNC:1737,CDC42BPA,CDC42 binding protein kinase alpha,ndd_only,,T3,ndd_no_documented_epilepsy,1,sfari,,603412,,0,
HGNC:1739,CDC45,cell division cycle 45,ndd_only,,T1,ndd_no_documented_epilepsy,5,clingen;g2p_dd;orphadata_genes;panelapp_ge_id;sysndd,2554,603465,MONDO:0016817,0,
HGNC:1744,CDC6,cell division cycle 6,ndd_only,,T1,ndd_no_documented_epilepsy,6,clingen;g2p_dd;orphadata_genes;panelapp_au_id;panelapp_ge_id;sysndd,2554,602627,MONDO:0016817,0,
HGNC:1748,CDH1,cadherin 1,ndd_only,,T1,ndd_no_documented_epilepsy,3,clingen;g2p_dd;orphadata_genes,199306;1997;26106,192090,MONDO:0007339;MONDO:0007648;MONDO:0016044,0,
HGNC:1749,CDH10,cadherin 10,ndd_only,,T2,ndd_no_documented_epilepsy,1,sfari,,604555,,0,
HGNC:1750,CDH11,cadherin 11,ndd_only,,T1,ndd_no_documented_epilepsy,7,clingen;g2p_dd;orphadata_genes;panelapp_au_id;panelapp_ge_id;sfari;sysndd,1299,600023,MONDO:0008885,0,
HGNC:1753,CDH13,cadherin 13,ndd_only,,T2,ndd_no_documented_epilepsy,1,sfari,,601364,,0,
HGNC:1754,CDH15,cadherin 15,ndd_only,,T3,ndd_no_documented_epilepsy,6,clingen;g2p_dd;orphadata_genes;panelapp_au_id;panelapp_ge_id;sysndd,178469,114019,MONDO:0015802,0,
HGNC:1759,CDH2,cadherin 2,ndd_only,,T1,ndd_no_documented_epilepsy,7,clingen;g2p_dd;orphadata_genes;panelapp_au_id;panelapp_ge_id;sfari;sysndd,293910,114020,MONDO:0017403,0,
HGNC:13251,CDH22,cadherin 22,ndd_only,,T2,ndd_no_documented_epilepsy,1,sfari,,609920,,0,
HGNC:13733,CDH23,cadherin related 23,ndd_only,,T1,ndd_no_documented_epilepsy,4,clingen;g2p_dd;orphadata_genes;panelapp_ge_id,231169;2965;314777;90636;91347;96253,605516,MONDO:0009050;MONDO:0010168;MONDO:0010911;MONDO:0017824;MONDO:0019588;MONDO:0019611,0,
HGNC:1762,CDH3,cadherin 3,ndd_only,,T1,ndd_no_documented_epilepsy,4,clingen;g2p_dd;orphadata_genes;panelapp_ge_id,1573;1897,114021,MONDO:0009155;MONDO:0011107,0,
HGNC:1763,CDH4,cadherin 4,ndd_only,,T3,ndd_no_documented_epilepsy,1,sysndd,,603006,,0,
HGNC:1767,CDH8,cadherin 8,ndd_only,,T2,ndd_no_documented_epilepsy,1,sfari,,603008,,0,
HGNC:1768,CDH9,cadherin 9,ndd_only,,T2,ndd_no_documented_epilepsy,1,sfari,,609974,,0,
HGNC:1770,CDK10,cyclin dependent kinase 10,ndd_only,,T1,ndd_no_documented_epilepsy,5,g2p_dd;orphadata_genes;panelapp_au_id;panelapp_ge_id;sysndd,720326,603464,,0,
HGNC:8749,CDK16,cyclin dependent kinase 16,ndd_only,,T1,ndd_no_documented_epilepsy,6,clingen;g2p_dd;panelapp_au_id;panelapp_ge_id;sfari;sysndd,,311550,,0,
HGNC:21420,CDK20,cyclin dependent kinase 20,ndd_only,,T2,ndd_no_documented_epilepsy,2,g2p_dd;panelapp_ge_id,,610076,,0,
HGNC:1773,CDK4,cyclin dependent kinase 4,ndd_only,,T1,ndd_no_documented_epilepsy,4,clingen;orphadata_genes;panelapp_au_id;sysndd,618;99970;99971,123829,MONDO:0005103;MONDO:0018961;MONDO:0020563,0,
HGNC:1775,CDK5R1,cyclin dependent kinase 5 regulatory subunit 1,ndd_only,,T3,ndd_no_documented_epilepsy,3,panelapp_au_id;panelapp_ge_id;sysndd,,603460,,0,
HGNC:18673,CDK5RAP3,CDK5 regulatory subunit associated protein 3,ndd_only,,T3,ndd_no_documented_epilepsy,1,sysndd,,608202,,0,
HGNC:1777,CDK6,cyclin dependent kinase 6,ndd_only,,T2,ndd_no_documented_epilepsy,3,orphadata_genes;panelapp_au_id;sysndd,2512,603368,MONDO:0016660,0,
HGNC:1779,CDK8,cyclin dependent kinase 8,ndd_only,,T1,ndd_no_documented_epilepsy,6,g2p_dd;orphadata_genes;panelapp_au_id;panelapp_ge_id;sfari;sysndd,528084,603184,MONDO:0100038,0,
HGNC:1780,CDK9,cyclin dependent kinase 9,ndd_only,,T1,ndd_no_documented_epilepsy,3,panelapp_au_id;panelapp_ge_id;sysndd,,603251,,0,
HGNC:1781,CDKL1,cyclin dependent kinase like 1,ndd_only,,T3,ndd_no_documented_epilepsy,3,g2p_dd;panelapp_au_id;sysndd,,603441,,0,
HGNC:1786,CDKN1C,cyclin dependent kinase inhibitor 1C,ndd_only,,T1,ndd_no_documented_epilepsy,5,clingen;g2p_dd;orphadata_genes;panelapp_au_id;panelapp_ge_id,231120;397590;436144;85173,600856,MONDO:0013873;MONDO:0016476;MONDO:0018336;MONDO:0018573,0,
HGNC:24325,CDKN2AIP,CDKN2A interacting protein,ndd_only,,T3,ndd_no_documented_epilepsy,1,sysndd,,615914,,0,
HGNC:1795,CDO1,cysteine dioxygenase type 1,ndd_only,,T2,ndd_no_documented_epilepsy,3,g2p_dd;panelapp_au_id;sysndd,,603943,,0,
HGNC:17104,CDON,"cell adhesion associated, oncogene regulated",ndd_only,,T1,ndd_no_documented_epilepsy,6,g2p_dd;orphadata_genes;panelapp_au_id;panelapp_ge_id;sfari;sysndd,220386;280195;280200;93924;93925;93926;95496,608707,MONDO:0017218;MONDO:0017219;MONDO:0019756;MONDO:0019757;MONDO:0019758;MONDO:0019828;MONDO:0700419,0,
HGNC:24576,CDT1,chromatin licensing and DNA replication factor 1,ndd_only,,T1,ndd_no_documented_epilepsy,5,clingen;g2p_dd;orphadata_genes;panelapp_au_id;panelapp_ge_id,2554,605525,MONDO:0016817,0,
HGNC:1840,CECR2,CECR2 histone acetyl-lysine reader,ndd_only,,T1,ndd_with_epilepsy,4,panelapp_au_epilepsy;panelapp_au_id;sfari;sysndd,,607576,,0,
HGNC:14059,CELF6,CUGBP Elav-like family member 6,ndd_only,,T2,ndd_no_documented_epilepsy,1,sfari,,612681,,0,
HGNC:3231,CELSR2,cadherin EGF LAG seven-pass G-type receptor 2,ndd_only,,T3,ndd_no_documented_epilepsy,1,sysndd,,604265,,0,
HGNC:3230,CELSR3,cadherin EGF LAG seven-pass G-type receptor 3,ndd_only,,T2,ndd_with_epilepsy,4,g2p_dd;panelapp_au_id;panelapp_ge_epilepsy;panelapp_ge_id,,604264,,0,
HGNC:30460,CENATAC,centrosomal AT-AC splicing factor,ndd_only,,T2,ndd_no_documented_epilepsy,1,panelapp_au_id,,620142,,0,
HGNC:1856,CENPE,centromere protein E,ndd_only,,T1,ndd_no_documented_epilepsy,3,clingen;orphadata_genes;sysndd,2512;808,117143,MONDO:0016660;MONDO:0019342,0,
HGNC:24866,CEP104,centrosomal protein 104,ndd_only,,T1,ndd_no_documented_epilepsy,6,clingen;g2p_dd;orphadata_genes;panelapp_au_id;panelapp_ge_id;sysndd,475;88616,616690,MONDO:0018772;MONDO:0019502,0,
HGNC:26690,CEP120,centrosomal protein 120,ndd_only,,T1,ndd_no_documented_epilepsy,5,clingen;orphadata_genes;panelapp_au_id;panelapp_ge_id;sysndd,220493;474;475,613446,MONDO:0016364;MONDO:0018770;MONDO:0018772,0,
HGNC:29511,CEP131,centrosomal protein 131,ndd_only,,T3,ndd_no_documented_epilepsy,1,sysndd,,613479,,0,
HGNC:29086,CEP135,centrosomal protein 135,ndd_only,,T1,ndd_no_documented_epilepsy,6,g2p_dd;orphadata_genes;panelapp_au_id;panelapp_ge_id;sfari;sysndd,2512,611423,MONDO:0016660,0,
HGNC:29298,CEP152,centrosomal protein 152,ndd_only,,T1,ndd_no_documented_epilepsy,6,clingen;g2p_dd;orphadata_genes;panelapp_au_id;panelapp_ge_id;sysndd,2512;808,613529,MONDO:0016660;MONDO:0019342,0,
HGNC:29182,CEP164,centrosomal protein 164,ndd_only,,T1,ndd_no_documented_epilepsy,3,clingen;orphadata_genes;panelapp_au_id,3156,614848,MONDO:0017842,0,
HGNC:28209,CEP19,centrosomal protein 19,ndd_only,,T1,ndd_no_documented_epilepsy,2,orphadata_genes;sysndd,110;397615,615586,MONDO:0014309;MONDO:0015229,0,
HGNC:29021,CEP290,centrosomal protein 290,ndd_only,,T1,ndd_no_documented_epilepsy,7,clingen;g2p_dd;orphadata_genes;panelapp_au_id;panelapp_ge_id;sfari;sysndd,110;2318;3156;564;65,610142,MONDO:0009480;MONDO:0015229;MONDO:0017842;MONDO:0018921;MONDO:0018998,0,
HGNC:29366,CEP295,centrosomal protein 295,ndd_only,,T2,ndd_no_documented_epilepsy,3,orphadata_genes;panelapp_au_id;panelapp_ge_id,808,617728,MONDO:0019342,0,
HGNC:12370,CEP41,centrosomal protein 41,ndd_only,,T1,ndd_no_documented_epilepsy,7,clingen;g2p_dd;orphadata_genes;panelapp_au_id;panelapp_ge_id;sfari;sysndd,220493;475,610523,MONDO:0016364;MONDO:0018772,0,
HGNC:1161,CEP55,centrosomal protein 55,ndd_only,,T1,ndd_no_documented_epilepsy,4,orphadata_genes;panelapp_au_id;panelapp_ge_id;sysndd,500135,610000,MONDO:0009359,0,
HGNC:30794,CEP57,centrosomal protein 57,ndd_only,,T1,ndd_no_documented_epilepsy,6,clingen;g2p_dd;orphadata_genes;panelapp_au_id;panelapp_ge_id;sysndd,1052,607951,MONDO:0000141,0,
HGNC:25815,CEP63,centrosomal protein 63,ndd_only,,T1,ndd_no_documented_epilepsy,5,g2p_dd;orphadata_genes;panelapp_au_id;panelapp_ge_id;sysndd,808,614724,MONDO:0019342,0,
HGNC:25727,CEP76,centrosomal protein 76,ndd_only,,T1,ndd_no_documented_epilepsy,2,panelapp_au_id;sysndd,,620791,,0,
HGNC:17966,CEP83,centrosomal protein 83,ndd_only,,T1,ndd_no_documented_epilepsy,5,g2p_dd;orphadata_genes;panelapp_au_id;panelapp_ge_id;sysndd,93591,615847,MONDO:0011190,0,
HGNC:25309,CEP85,centrosomal protein 85,ndd_only,,T3,ndd_no_documented_epilepsy,1,sysndd,,618898,,0,
HGNC:25907,CEP89,centrosomal protein 89,ndd_only,,T2,ndd_no_documented_epilepsy,3,clingen;panelapp_au_id;sysndd,,615470,,0,
HGNC:26244,CEP97,centrosomal protein 97,ndd_only,,T3,ndd_no_documented_epilepsy,1,sysndd,,615864,,0,
HGNC:34347,CFAP144,cilia and flagella associated protein 144,ndd_only,,T3,ndd_no_documented_epilepsy,1,sysndd,,621114,,0,
HGNC:1301,CFAP298,cilia and flagella associated protein 298,ndd_only,,T1,ndd_no_documented_epilepsy,3,clingen;g2p_dd;orphadata_genes,244,615494,MONDO:0016575,0,
HGNC:28188,CFAP300,cilia and flagella associated protein 300,ndd_only,,T1,ndd_no_documented_epilepsy,3,clingen;g2p_dd;orphadata_genes,244,618058,MONDO:0016575,0,
HGNC:1260,CFAP410,cilia and flagella associated protein 410,ndd_only,,T1,ndd_no_documented_epilepsy,3,clingen;g2p_dd;orphadata_genes,1872;653709;803,603191,MONDO:0004976;MONDO:0015993;MONDO:0060507,0,
HGNC:27232,CFAP418,cilia and flagella associated protein 418,ndd_only,,T1,ndd_no_documented_epilepsy,6,clingen;g2p_dd;orphadata_genes;panelapp_au_id;panelapp_ge_id;sysndd,110;1872;791,614477,MONDO:0015229;MONDO:0015993;MONDO:0019200,0,
HGNC:25631,CFAP44,cilia and flagella associated protein 44,ndd_only,,T3,ndd_no_documented_epilepsy,2,orphadata_genes;sysndd,276234,617559,MONDO:0017173,0,
HGNC:26708,CFAP47,cilia and flagella associated protein 47,ndd_only,,T3,ndd_no_documented_epilepsy,3,clingen;orphadata_genes;panelapp_ge_id,137893,301057,MONDO:0009461,0,
HGNC:18292,CFC1,"cryptic, EGF-CFC family member 1",ndd_only,,T1,ndd_no_documented_epilepsy,2,g2p_dd;orphadata_genes,216718;216729;244283;99042,605194,MONDO:0016302;MONDO:0016303;MONDO:0016577;MONDO:0020385,0,
HGNC:4883,CFH,complement factor H,ndd_only,,T1,ndd_no_documented_epilepsy,3,clingen;orphadata_genes;panelapp_au_id,200421;244242;244275;329931;544472;75376;93571,134370,MONDO:0007471;MONDO:0008585;MONDO:0012350;MONDO:0013892;MONDO:0019736;MONDO:0035290,0,
HGNC:4888,CFHR1,complement factor H related 1,ndd_only,,T3,ndd_no_documented_epilepsy,2,orphadata_genes;panelapp_au_id,329931;93571,134371,MONDO:0013892;MONDO:0019736,0,
HGNC:16980,CFHR3,complement factor H related 3,ndd_only,,T3,ndd_no_documented_epilepsy,2,orphadata_genes;panelapp_au_id,329931,605336,MONDO:0013892,0,
HGNC:1875,CFL2,cofilin 2,ndd_only,,T1,ndd_no_documented_epilepsy,3,clingen;g2p_dd;orphadata_genes,171436,601443,MONDO:0015737,0,
HGNC:8864,CFP,complement factor properdin,ndd_only,,T3,ndd_no_documented_epilepsy,2,orphadata_genes;panelapp_ge_id,2966,300383,MONDO:0010713,0,
HGNC:25931,CGNL1,cingulin like 1,ndd_only,,T2,ndd_no_documented_epilepsy,1,sfari,,607856,,0,
HGNC:1911,CHAF1B,chromatin assembly factor 1 subunit B,ndd_only,,T3,ndd_no_documented_epilepsy,1,sysndd,,601245,,0,
HGNC:20311,CHAMP1,chromosome alignment maintaining phosphoprotein 1,ndd_only,,T1,ndd_no_documented_epilepsy,7,clingen;g2p_dd;orphadata_genes;panelapp_au_id;panelapp_ge_id;sfari;sysndd,692193,616327,MONDO:0014699,2,CHAMP1 Research Foundation; COMBINEDBrain
HGNC:48626,CHASERR,CHD2 adjacent suppressive regulatory RNA,ndd_only,,T1,ndd_no_documented_epilepsy,3,panelapp_au_id;panelapp_ge_id;sysndd,,620993,,0,
HGNC:26467,CHCHD4,coiled-coil-helix-coiled-coil-helix domain containing 4,ndd_only,,T3,ndd_no_documented_epilepsy,1,sysndd,,611077,,0,
HGNC:1916,CHD1L,chromodomain helicase DNA binding protein 1 like,ndd_only,,T3,ndd_no_documented_epilepsy,2,clingen;sysndd,,613039,,0,
HGNC:19057,CHD6,chromodomain helicase DNA binding protein 6,ndd_only,,T3,ndd_no_documented_epilepsy,2,orphadata_genes;sysndd,2108,616114,MONDO:0009318,0,
HGNC:20626,CHD7,chromodomain helicase DNA binding protein 7,ndd_only,,T1,ndd_no_documented_epilepsy,7,clingen;g2p_dd;orphadata_genes;panelapp_au_id;panelapp_ge_id;sfari;sysndd,138;39041;432;478,608892,MONDO:0008965;MONDO:0011338;MONDO:0018555;MONDO:0018800,0,
HGNC:20153,CHD8,chromodomain helicase DNA binding protein 8,ndd_only,,T1,ndd_no_documented_epilepsy,7,clingen;g2p_dd;orphadata_genes;panelapp_au_id;panelapp_ge_id;sfari;sysndd,261229;642675,610528,MONDO:0014017;MONDO:0016835,0,
HGNC:25701,CHD9,chromodomain helicase DNA binding protein 9,ndd_only,,T3,ndd_no_documented_epilepsy,3,panelapp_au_id;sfari;sysndd,,616936,,0,
HGNC:1938,CHKB,choline kinase beta,ndd_only,,T1,ndd_no_documented_epilepsy,5,orphadata_genes;panelapp_au_id;panelapp_ge_id;sfari;sysndd,280671;521305,612395,MONDO:0010923;MONDO:0011246,0,
HGNC:1939,CHL1,cell adhesion molecule L1 like,ndd_only,,T2,ndd_no_documented_epilepsy,2,panelapp_ge_id;sysndd,,607416,,0,
HGNC:1940,CHM,CHM Rab escort protein,ndd_only,,T1,ndd_no_documented_epilepsy,5,clingen;g2p_dd;orphadata_genes;panelapp_ge_id;sfari,180,300390,MONDO:0010557,0,
HGNC:8740,CHMP1A,charged multivesicular body protein 1A,ndd_only,,T1,ndd_no_documented_epilepsy,6,g2p_dd;orphadata_genes;panelapp_au_id;panelapp_ge_id;sfari;sysndd,324569,164010,MONDO:0013990,0,
HGNC:30216,CHMP2A,charged multivesicular body protein 2A,ndd_only,,T3,ndd_no_documented_epilepsy,1,sysndd,,610893,,0,
HGNC:29865,CHMP3,charged multivesicular body protein 3,ndd_only,,T2,ndd_with_epilepsy,3,panelapp_au_id;panelapp_ge_epilepsy;panelapp_ge_id,,610052,,0,
HGNC:17433,CHP1,calcineurin like EF-hand protein 1,ndd_only,,T3,ndd_no_documented_epilepsy,1,sysndd,,606988,,0,
HGNC:29861,CHRDL1,chordin like 1,ndd_only,,T1,ndd_no_documented_epilepsy,3,g2p_dd;orphadata_genes;panelapp_ge_id,91489,300350,MONDO:0010649,0,
HGNC:1950,CHRM1,cholinergic receptor muscarinic 1,ndd_only,,T2,ndd_with_epilepsy,6,g2p_dd;panelapp_au_epilepsy;panelapp_au_id;panelapp_ge_epilepsy;panelapp_ge_id;sysndd,,118510,,0,
HGNC:1952,CHRM3,cholinergic receptor muscarinic 3,ndd_only,,T2,ndd_no_documented_epilepsy,3,orphadata_genes;sfari;sysndd,2970,118494,MONDO:0007032,0,
HGNC:1955,CHRNA1,cholinergic receptor nicotinic alpha 1 subunit,ndd_only,,T1,ndd_no_documented_epilepsy,3,clingen;g2p_dd;orphadata_genes,33108;716758;716765;716816,100690,MONDO:0009668,0,
HGNC:1957,CHRNA3,cholinergic receptor nicotinic alpha 3 subunit,ndd_only,,T1,ndd_no_documented_epilepsy,1,g2p_dd,,118503,,0,
HGNC:1960,CHRNA7,cholinergic receptor nicotinic alpha 7 subunit,ndd_only,,T2,ndd_with_epilepsy,5,clingen;orphadata_genes;panelapp_au_epilepsy;sfari;sysndd,199318,118511,MONDO:0012774,0,
HGNC:1961,CHRNB1,cholinergic receptor nicotinic beta 1 subunit,ndd_only,,T1,ndd_no_documented_epilepsy,3,clingen;g2p_dd;orphadata_genes,716758;716765;716816,100710,,0,
HGNC:1963,CHRNB3,cholinergic receptor nicotinic beta 3 subunit,ndd_only,,T2,ndd_no_documented_epilepsy,1,sfari,,118508,,0,
HGNC:1967,CHRNG,cholinergic receptor nicotinic gamma subunit,ndd_only,,T1,ndd_no_documented_epilepsy,4,clingen;g2p_dd;orphadata_genes;panelapp_ge_id,2990;33108,100730,MONDO:0009668;MONDO:0009926,0,
HGNC:24464,CHST14,carbohydrate sulfotransferase 14,ndd_only,,T1,ndd_no_documented_epilepsy,5,clingen;g2p_dd;orphadata_genes;panelapp_au_id;panelapp_ge_id,2953,608429,MONDO:0011142,0,
HGNC:1970,CHST2,carbohydrate sulfotransferase 2,ndd_only,,T3,ndd_no_documented_epilepsy,1,sfari,,603798,,0,
HGNC:1971,CHST3,carbohydrate sulfotransferase 3,ndd_only,,T1,ndd_no_documented_epilepsy,4,clingen;g2p_dd;orphadata_genes;panelapp_ge_id,263463,603799,MONDO:0007738,0,
HGNC:1973,CHST5,carbohydrate sulfotransferase 5,ndd_only,,T3,ndd_no_documented_epilepsy,1,sysndd,,604817,,0,
HGNC:17198,CHSY1,chondroitin sulfate synthase 1,ndd_only,,T1,ndd_no_documented_epilepsy,5,clingen;g2p_dd;orphadata_genes;panelapp_ge_id;sysndd,363417,608183,MONDO:0011533,0,
HGNC:18435,CHTF18,chromosome transmission fidelity factor 18,ndd_only,,T2,ndd_no_documented_epilepsy,2,panelapp_au_id;sysndd,,613201,,0,
HGNC:1974,CHUK,component of inhibitor of nuclear factor kappa B kinase complex,ndd_only,,T1,ndd_no_documented_epilepsy,4,clingen;g2p_dd;orphadata_genes;panelapp_ge_id,465824;697403,600664,MONDO:0013334;MONDO:0979315,0,
HGNC:14280,CIAO1,cytosolic iron-sulfur assembly component 1,ndd_only,,T2,ndd_no_documented_epilepsy,4,g2p_dd;orphadata_genes;panelapp_ge_id;sysndd,727296,604333,,0,
HGNC:24579,CIB2,calcium and integrin binding family member 2,ndd_only,,T1,ndd_no_documented_epilepsy,5,clingen;g2p_dd;orphadata_genes;panelapp_ge_id;sfari,90636,605564,MONDO:0019588,0,
HGNC:23789,CINP,cyclin dependent kinase 2 interacting protein,ndd_only,,T3,ndd_no_documented_epilepsy,1,sysndd,,613362,,0,
HGNC:29302,CIP2A,cellular inhibitor of PP2A,ndd_only,,T3,ndd_no_documented_epilepsy,1,sysndd,,610643,,0,
HGNC:24212,CISD2,CDGSH iron sulfur domain 2,ndd_only,,T1,ndd_no_documented_epilepsy,5,clingen;g2p_dd;orphadata_genes;panelapp_au_id;panelapp_ge_id,3463,611507,MONDO:0018105,0,
HGNC:1985,CIT,citron rho-interacting serine/threonine kinase,ndd_only,,T1,ndd_no_documented_epilepsy,5,g2p_dd;orphadata_genes;panelapp_au_id;panelapp_ge_id;sysndd,2512,605629,MONDO:0016660,0,
HGNC:26877,CKAP2L,cytoskeleton associated protein 2L,ndd_only,,T1,ndd_no_documented_epilepsy,5,g2p_dd;orphadata_genes;panelapp_au_id;panelapp_ge_id;sysndd,3255,616174,MONDO:0010092,0,
HGNC:28959,CKAP5,cytoskeleton associated protein 5,ndd_only,,T3,ndd_no_documented_epilepsy,1,sysndd,,611142,,0,
HGNC:17088,CLASP1,cytoplasmic linker associated protein 1,ndd_only,,T2,ndd_with_epilepsy,4,panelapp_au_epilepsy;panelapp_au_id;sfari;sysndd,,605852,,0,
HGNC:2020,CLCN2,chloride voltage-gated channel 2,ndd_only,,T1,ndd_with_epilepsy,7,clingen;orphadata_genes;panelapp_au_epilepsy;panelapp_au_id;panelapp_ge_epilepsy;panelapp_ge_id;sysndd,307;363540;404,600570,MONDO:0009696;MONDO:0011576;MONDO:0014292,0,
HGNC:2023,CLCN5,Cl-/H+ antiporter 5,ndd_only,,T1,ndd_no_documented_epilepsy,3,clingen;orphadata_genes;panelapp_ge_id,93622,300008,MONDO:0010225,0,
HGNC:2025,CLCN7,Cl-/H+ antiporter 7,ndd_only,,T1,ndd_no_documented_epilepsy,6,clingen;g2p_dd;orphadata_genes;panelapp_au_id;panelapp_ge_id;sysndd,210110;53;667,602727,MONDO:0008156;MONDO:0012679;MONDO:0019026,0,
HGNC:2026,CLCNKA,chloride voltage-gated channel Ka,ndd_only,,T3,ndd_no_documented_epilepsy,4,g2p_dd;orphadata_genes;panelapp_au_id;panelapp_ge_id,89938,602024,MONDO:0019524,0,
HGNC:2027,CLCNKB,chloride voltage-gated channel Kb,ndd_only,,T1,ndd_no_documented_epilepsy,4,g2p_dd;orphadata_genes;panelapp_au_id;panelapp_ge_id,358;89938;93605,602023,MONDO:0009904;MONDO:0011822;MONDO:0019524,0,
HGNC:8514,CLDN11,claudin 11,ndd_only,,T1,ndd_no_documented_epilepsy,3,clingen;panelapp_ge_id;sysndd,,601326,,0,
HGNC:2040,CLDN19,claudin 19,ndd_only,,T1,ndd_no_documented_epilepsy,3,g2p_dd;orphadata_genes;panelapp_ge_id,2196,610036,MONDO:0009548,0,
HGNC:2044,CLDN22,claudin 22,ndd_only,,T3,ndd_no_documented_epilepsy,1,sysndd,,620566,,0,
HGNC:1322,CLDND1,claudin domain containing 1,ndd_only,,T3,ndd_no_documented_epilepsy,1,g2p_dd,,619677,,0,
HGNC:29013,CLEC16A,C-type lectin domain containing 16A,ndd_only,,T2,ndd_no_documented_epilepsy,2,panelapp_ge_id;sysndd,,611303,,0,
HGNC:26453,CLHC1,clathrin heavy chain linker domain containing 1,ndd_only,,T3,ndd_no_documented_epilepsy,1,sysndd,,,,0,
HGNC:2063,CLIC2,CLIC family member 2,ndd_only,,T3,ndd_no_documented_epilepsy,6,clingen;g2p_dd;orphadata_genes;panelapp_au_id;panelapp_ge_id;sysndd,324410,300138,MONDO:0010473,0,
HGNC:10461,CLIP1,CAP-Gly domain containing linker protein 1,ndd_only,,T3,ndd_no_documented_epilepsy,2,orphadata_genes;sysndd,88616,179838,MONDO:0019502,0,
HGNC:2586,CLIP2,CAP-Gly domain containing linker protein 2,ndd_only,,T3,ndd_no_documented_epilepsy,3,orphadata_genes;panelapp_au_id;sfari,904,603432,MONDO:0008678,0,
HGNC:19972,CLMN,calmin,ndd_only,,T3,ndd_no_documented_epilepsy,1,sysndd,,611121,,0,
HGNC:24039,CLMP,CXADR like cell adhesion molecule,ndd_only,,T1,ndd_no_documented_epilepsy,2,g2p_dd;orphadata_genes,2301,611693,MONDO:0014097,0,
HGNC:16999,CLP1,cleavage factor polyribonucleotide kinase subunit 1,ndd_only,,T1,ndd_no_documented_epilepsy,5,g2p_dd;orphadata_genes;panelapp_au_id;panelapp_ge_id;sysndd,411493,608757,MONDO:0014349,0,
HGNC:2084,CLPP,caseinolytic mitochondrial matrix peptidase proteolytic subunit,ndd_only,,T1,ndd_no_documented_epilepsy,6,clingen;g2p_dd;orphadata_genes;panelapp_au_id;panelapp_ge_id;sysndd,642945;642976,601119,MONDO:0009300;MONDO:0013972,0,
HGNC:2087,CLPTM1,CLPTM1 regulator of GABA type A receptor forward trafficking,ndd_only,,T3,ndd_no_documented_epilepsy,1,sysndd,,604783,,0,
HGNC:17448,CLSTN2,calsyntenin 2,ndd_only,,T3,ndd_no_documented_epilepsy,1,sysndd,,611323,,0,
HGNC:2093,CLTCL1,clathrin heavy chain like 1,ndd_only,,T2,ndd_no_documented_epilepsy,3,orphadata_genes;sfari;sysndd,453510,601273,MONDO:0018682,0,
HGNC:29437,CLTRN,"collectrin, amino acid transport regulator",ndd_only,,T3,ndd_no_documented_epilepsy,2,orphadata_genes;sysndd,2116,300631,MONDO:0009324,0,
HGNC:18290,CMAS,cytidine monophosphate N-acetylneuraminic acid synthetase,ndd_only,,T3,ndd_no_documented_epilepsy,2,panelapp_au_id;sysndd,,603316,,0,
HGNC:35428,CMC4,C-X9-C motif containing 4,ndd_only,,T3,ndd_no_documented_epilepsy,1,panelapp_ge_id,,301088,,0,
HGNC:24319,CMIP,c-Maf inducing protein,ndd_only,,T1,ndd_with_epilepsy,4,panelapp_au_epilepsy;panelapp_au_id;panelapp_ge_id;sfari,,610112,,0,
HGNC:27015,CMPK2,cytidine/uridine monophosphate kinase 2,ndd_only,,T2,ndd_no_documented_epilepsy,2,orphadata_genes;sfari,1980,611787,MONDO:0008947,0,
HGNC:2153,CNGB3,cyclic nucleotide gated channel subunit beta 3,ndd_only,,T1,ndd_no_documented_epilepsy,3,clingen;orphadata_genes;sfari,1871;49382;827,605080,MONDO:0000455;MONDO:0018852;MONDO:0019353,0,
HGNC:19700,CNKSR1,connector enhancer of kinase suppressor of Ras 1,ndd_only,,T1,ndd_no_documented_epilepsy,4,g2p_dd;panelapp_au_id;panelapp_ge_id;sysndd,,603272,,0,
HGNC:7877,CNOT1,CCR4-NOT transcription complex subunit 1,ndd_only,,T1,ndd_no_documented_epilepsy,7,clingen;g2p_dd;orphadata_genes;panelapp_au_id;panelapp_ge_id;sfari;sysndd,528084;556955,604917,MONDO:0034142;MONDO:0100038,0,
HGNC:7878,CNOT2,CCR4-NOT transcription complex subunit 2,ndd_only,,T1,ndd_no_documented_epilepsy,5,g2p_dd;orphadata_genes;panelapp_au_id;panelapp_ge_id;sysndd,289513;697764,604909,MONDO:0017334;MONDO:0032832,0,
HGNC:7880,CNOT4,CCR4-NOT transcription complex subunit 4,ndd_only,,T3,ndd_no_documented_epilepsy,1,sysndd,,604911,,0,
HGNC:2158,CNP,"2',3'-cyclic nucleotide 3' phosphodiesterase",ndd_only,,T2,ndd_no_documented_epilepsy,2,panelapp_au_id;sysndd,,123830,,0,
HGNC:2159,CNR1,cannabinoid receptor 1,ndd_only,,T2,ndd_no_documented_epilepsy,1,sfari,,114610,,0,
HGNC:2173,CNTN3,contactin 3,ndd_only,,T2,ndd_no_documented_epilepsy,4,panelapp_au_id;panelapp_ge_id;sfari;sysndd,,601325,,0,
HGNC:2174,CNTN4,contactin 4,ndd_only,,T2,ndd_no_documented_epilepsy,5,clingen;panelapp_au_id;panelapp_ge_id;sfari;sysndd,,607280,,0,
HGNC:2175,CNTN5,contactin 5,ndd_only,,T2,ndd_no_documented_epilepsy,2,sfari;sysndd,,607219,,0,
HGNC:2176,CNTN6,contactin 6,ndd_only,,T2,ndd_no_documented_epilepsy,3,clingen;panelapp_au_id;sfari,,607220,,0,
HGNC:13834,CNTNAP3,contactin associated protein family member 3,ndd_only,,T2,ndd_no_documented_epilepsy,1,sfari,,610517,,0,
HGNC:18747,CNTNAP4,contactin associated protein family member 4,ndd_only,,T2,ndd_no_documented_epilepsy,2,sfari;sysndd,,610518,,0,
HGNC:18748,CNTNAP5,contactin associated protein family member 5,ndd_only,,T2,ndd_no_documented_epilepsy,3,clingen;panelapp_au_id;sfari,,610519,,0,
HGNC:29616,CNTROB,"centrobin, centriole duplication and spindle assembly protein",ndd_only,,T3,ndd_no_documented_epilepsy,1,sysndd,,611425,,0,
HGNC:24990,COA3,cytochrome c oxidase assembly factor 3,ndd_only,,T3,ndd_no_documented_epilepsy,5,clingen;orphadata_genes;panelapp_au_id;panelapp_ge_id;sysndd,254905,614775,MONDO:0033885,0,
HGNC:33848,COA5,cytochrome c oxidase assembly factor 5,ndd_only,,T3,ndd_no_documented_epilepsy,4,clingen;g2p_dd;orphadata_genes;panelapp_ge_id,1561,613920,MONDO:0015487,0,
HGNC:18025,COA6,cytochrome c oxidase assembly factor 6,ndd_only,,T1,ndd_no_documented_epilepsy,3,clingen;orphadata_genes;sysndd,1561,614772,MONDO:0015487,0,
HGNC:25716,COA7,cytochrome c oxidase assembly factor 7,ndd_only,,T1,ndd_no_documented_epilepsy,2,clingen;sysndd,,615623,,0,
HGNC:20492,COA8,cytochrome c oxidase assembly factor 8,ndd_only,,T1,ndd_no_documented_epilepsy,6,clingen;g2p_dd;orphadata_genes;panelapp_au_id;panelapp_ge_id;sysndd,436271,616003,MONDO:0018576,0,
HGNC:29932,COASY,Coenzyme A synthase,ndd_only,,T1,ndd_no_documented_epilepsy,5,g2p_dd;orphadata_genes;panelapp_au_id;panelapp_ge_id;sysndd,397725;611256,609855,MONDO:0014290;MONDO:0032643,0,
HGNC:6545,COG1,component of oligomeric golgi complex 1,ndd_only,,T1,ndd_no_documented_epilepsy,6,clingen;g2p_dd;orphadata_genes;panelapp_au_id;panelapp_ge_id;sysndd,263508,606973,MONDO:0012637,0,
HGNC:18619,COG3,component of oligomeric golgi complex 3,ndd_only,,T2,ndd_with_epilepsy,5,clingen;panelapp_au_epilepsy;panelapp_au_id;panelapp_ge_epilepsy;panelapp_ge_id,,606975,,0,
HGNC:14857,COG5,component of oligomeric golgi complex 5,ndd_only,,T1,ndd_no_documented_epilepsy,6,clingen;g2p_dd;orphadata_genes;panelapp_au_id;panelapp_ge_id;sysndd,263487,606821,MONDO:0013325,0,
HGNC:2185,COL10A1,collagen type X alpha 1 chain,ndd_only,,T1,ndd_no_documented_epilepsy,4,clingen;g2p_dd;orphadata_genes;panelapp_ge_id,174,120110,MONDO:0007983,0,
HGNC:2186,COL11A1,collagen type XI alpha 1 chain,ndd_only,,T1,ndd_no_documented_epilepsy,4,clingen;g2p_dd;orphadata_genes;panelapp_ge_id,2021;440354;560;90635;90654,120280,MONDO:0007949;MONDO:0011493;MONDO:0016068;MONDO:0018601;MONDO:0019587,0,
HGNC:2187,COL11A2,collagen type XI alpha 2 chain,ndd_only,,T1,ndd_no_documented_epilepsy,4,clingen;g2p_dd;orphadata_genes;panelapp_ge_id,1427;166100;2021;90635;90636,120290,MONDO:0008490;MONDO:0008975;MONDO:0016068;MONDO:0019587;MONDO:0019588,0,
HGNC:2188,COL12A1,collagen type XII alpha 1 chain,ndd_only,,T3,ndd_no_documented_epilepsy,2,orphadata_genes;sfari,536516;610;75840,120320,MONDO:0000355;MONDO:0008029;MONDO:0034022,0,
HGNC:2190,COL13A1,collagen type XIII alpha 1 chain,ndd_only,,T1,ndd_no_documented_epilepsy,2,g2p_dd;orphadata_genes,98915,120350,MONDO:0011281,0,
HGNC:2197,COL1A1,collagen type I alpha 1 chain,ndd_only,,T1,ndd_no_documented_epilepsy,4,clingen;g2p_dd;orphadata_genes;panelapp_ge_id,1310;1899;216796;216804;216812;216820;230857;287;31112;314029,120150,MONDO:0007244;MONDO:0007522;MONDO:0007525;MONDO:0008146;MONDO:0008147;MONDO:0008148;MONDO:0009804;MONDO:0011934;MONDO:0016470;MONDO:0017791,0,
HGNC:2198,COL1A2,collagen type I alpha 2 chain,ndd_only,,T1,ndd_no_documented_epilepsy,4,clingen;orphadata_genes;panelapp_au_id;panelapp_ge_id,1899;216796;216804;216812;216820;230851;230857;314029,120160,MONDO:0007525;MONDO:0008146;MONDO:0008147;MONDO:0008148;MONDO:0009159;MONDO:0009804;MONDO:0016470;MONDO:0017791,0,
HGNC:18603,COL25A1,collagen type XXV alpha 1 chain,ndd_only,,T1,ndd_no_documented_epilepsy,3,g2p_dd;orphadata_genes;panelapp_ge_id,1143;45358;91411,610004,MONDO:0007614;MONDO:0008340;MONDO:0008823,0,
HGNC:22986,COL27A1,collagen type XXVII alpha 1 chain,ndd_only,,T1,ndd_no_documented_epilepsy,3,g2p_dd;orphadata_genes;sysndd,438117,608461,MONDO:0014061,0,
HGNC:22442,COL28A1,collagen type XXVIII alpha 1 chain,ndd_only,,T2,ndd_no_documented_epilepsy,1,sfari,,609996,,0,
HGNC:2200,COL2A1,collagen type II alpha 1 chain,ndd_only,,T1,ndd_no_documented_epilepsy,4,clingen;g2p_dd;orphadata_genes;panelapp_ge_id,137678;166100;1856;209867;2380;459051;485;85166;85198;86820;90653;93279;93296;93297;93315;93316;93346;94068,120140,MONDO:0007160;MONDO:0007885;MONDO:0007895;MONDO:0007987;MONDO:0008471;MONDO:0008476;MONDO:0008478;MONDO:0008479;MONDO:0008490;MONDO:0008702;MONDO:0010078;MONDO:0011496;MONDO:0012126;MONDO:0012206;MONDO:0014701;MONDO:0016202;MONDO:0019412;MONDO:0019669,0,
HGNC:2204,COL4A3,collagen type IV alpha 3 chain,ndd_only,,T1,ndd_no_documented_epilepsy,4,clingen;g2p_dd;orphadata_genes;panelapp_ge_id,653722;656;88918;88919,120070,MONDO:0007086;MONDO:0008762;MONDO:0019006;MONDO:0958104,0,
HGNC:2206,COL4A4,collagen type IV alpha 4 chain,ndd_only,,T1,ndd_no_documented_epilepsy,4,clingen;g2p_dd;orphadata_genes;panelapp_ge_id,653722;88918;88919,120131,MONDO:0007086;MONDO:0008762;MONDO:0958104,0,
HGNC:2208,COL4A6,collagen type IV alpha 6 chain,ndd_only,,T3,ndd_no_documented_epilepsy,3,clingen;orphadata_genes;panelapp_ge_id,1018;90625,303631,MONDO:0010641;MONDO:0019586,0,
HGNC:2211,COL6A1,collagen type VI alpha 1 chain,ndd_only,,T1,ndd_no_documented_epilepsy,4,clingen;g2p_dd;orphadata_genes;panelapp_ge_id,610;646113;75840,120220,MONDO:0000355;MONDO:0008029;MONDO:0958353,0,
HGNC:2212,COL6A2,collagen type VI alpha 2 chain,ndd_only,,T1,ndd_no_documented_epilepsy,3,clingen;g2p_dd;orphadata_genes,289380;610;646113;75840,120240,MONDO:0000355;MONDO:0008029;MONDO:0009714;MONDO:0958353,0,
HGNC:2213,COL6A3,collagen type VI alpha 3 chain,ndd_only,,T1,ndd_no_documented_epilepsy,4,clingen;g2p_dd;orphadata_genes;panelapp_ge_id,464440;610;646113;75840,120250,MONDO:0000355;MONDO:0008029;MONDO:0014627;MONDO:0958353,0,
HGNC:2217,COL9A1,collagen type IX alpha 1 chain,ndd_only,,T1,ndd_no_documented_epilepsy,4,clingen;g2p_dd;orphadata_genes;panelapp_ge_id,166002;250984,120210,MONDO:0015627;MONDO:0016647,0,
HGNC:2218,COL9A2,collagen type IX alpha 2 chain,ndd_only,,T1,ndd_no_documented_epilepsy,4,clingen;g2p_dd;orphadata_genes;panelapp_ge_id,166002;250984,120260,MONDO:0015627;MONDO:0016647,0,
HGNC:2219,COL9A3,collagen type IX alpha 3 chain,ndd_only,,T1,ndd_no_documented_epilepsy,4,clingen;g2p_dd;orphadata_genes;panelapp_ge_id,166002;250984,120270,MONDO:0015627;MONDO:0016647,0,
HGNC:2220,COLEC10,collectin subfamily member 10,ndd_only,,T1,ndd_no_documented_epilepsy,4,g2p_dd;orphadata_genes;panelapp_au_id;panelapp_ge_id,293843,607620,MONDO:0017398,0,
HGNC:17213,COLEC11,collectin subfamily member 11,ndd_only,,T1,ndd_no_documented_epilepsy,5,g2p_dd;orphadata_genes;panelapp_au_id;panelapp_ge_id;sysndd,293843,612502,MONDO:0017398,0,
HGNC:26182,COLGALT1,collagen beta(1-O)galactosyltransferase 1,ndd_only,,T1,ndd_with_epilepsy,5,clingen;orphadata_genes;panelapp_au_epilepsy;panelapp_ge_epilepsy;sysndd,99810,617531,MONDO:0020496,0,
HGNC:26027,COMMD4,COMM domain containing 4,ndd_only,,T3,ndd_no_documented_epilepsy,1,panelapp_au_id,,616701,,0,
HGNC:25014,COMMD9,COMM domain containing 9,ndd_only,,T3,ndd_no_documented_epilepsy,1,panelapp_au_id,,612299,,0,
HGNC:2227,COMP,cartilage oligomeric matrix protein,ndd_only,,T1,ndd_no_documented_epilepsy,4,clingen;g2p_dd;orphadata_genes;panelapp_ge_id,750;93308,600310,MONDO:0007561;MONDO:0008322,0,
HGNC:2231,COPB1,coat protein complex I subunit beta 1,ndd_only,,T1,ndd_no_documented_epilepsy,5,g2p_dd;orphadata_genes;panelapp_au_id;panelapp_ge_id;sysndd,633035,600959,MONDO:0859002,0,
HGNC:2232,COPB2,coat protein complex I subunit beta 2,ndd_only,,T1,ndd_no_documented_epilepsy,5,g2p_dd;orphadata_genes;panelapp_au_id;panelapp_ge_id;sysndd,2512,606990,MONDO:0016660,0,
HGNC:28722,COQ5,"coenzyme Q5, methyltransferase",ndd_only,,T1,ndd_with_epilepsy,7,clingen;g2p_dd;panelapp_au_epilepsy;panelapp_au_id;panelapp_ge_epilepsy;panelapp_ge_id;sysndd,,616359,,0,
HGNC:2244,COQ7,"coenzyme Q7, hydroxylase",ndd_only,,T1,ndd_no_documented_epilepsy,3,clingen;orphadata_genes;sysndd,319678;658778,601683,MONDO:0013840;MONDO:0957874,0,
HGNC:2252,CORO1A,coronin 1A,ndd_only,,T1,ndd_no_documented_epilepsy,4,clingen;orphadata_genes;panelapp_au_id;sfari,228003,605000,MONDO:0014168,0,
HGNC:2261,COX11,cytochrome c oxidase copper chaperone COX11,ndd_only,,T1,ndd_with_epilepsy,5,clingen;panelapp_au_epilepsy;panelapp_au_id;panelapp_ge_epilepsy;panelapp_ge_id,,603648,,0,
HGNC:28216,COX14,cytochrome c oxidase assembly factor COX14,ndd_only,,T2,ndd_no_documented_epilepsy,6,clingen;g2p_dd;orphadata_genes;panelapp_au_id;panelapp_ge_id;sysndd,254905,614478,MONDO:0033885,0,
HGNC:20213,COX16,cytochrome c oxidase assembly factor COX16,ndd_only,,T1,ndd_no_documented_epilepsy,3,clingen;g2p_dd;orphadata_genes,254905,618064,MONDO:0033885,0,
HGNC:26801,COX18,cytochrome c oxidase assembly factor COX18,ndd_only,,T3,ndd_no_documented_epilepsy,1,g2p_dd,,610428,,0,
HGNC:26970,COX20,cytochrome c oxidase assembly factor COX20,ndd_only,,T1,ndd_no_documented_epilepsy,4,clingen;orphadata_genes;panelapp_au_id;sysndd,254905,614698,MONDO:0033885,0,
HGNC:2265,COX4I1,cytochrome c oxidase subunit 4I1,ndd_only,,T2,ndd_no_documented_epilepsy,4,clingen;orphadata_genes;panelapp_au_id;sysndd,254905,123864,MONDO:0033885,0,
HGNC:16232,COX4I2,cytochrome c oxidase subunit 4I2,ndd_only,,T3,ndd_no_documented_epilepsy,3,clingen;orphadata_genes;panelapp_au_id,199337,607976,MONDO:0012992,0,
HGNC:2267,COX5A,cytochrome c oxidase subunit 5A,ndd_only,,T2,ndd_no_documented_epilepsy,3,clingen;orphadata_genes;sysndd,254905,603773,MONDO:0033885,0,
HGNC:2280,COX6B1,cytochrome c oxidase subunit 6B1,ndd_only,,T1,ndd_no_documented_epilepsy,6,clingen;g2p_dd;orphadata_genes;panelapp_au_id;panelapp_ge_id;sysndd,254905,124089,MONDO:0033885,0,
HGNC:2291,COX7B,cytochrome c oxidase subunit 7B,ndd_only,,T1,ndd_no_documented_epilepsy,6,clingen;g2p_dd;orphadata_genes;panelapp_au_id;panelapp_ge_id;sysndd,2556,300885,MONDO:0010672,0,
HGNC:2294,COX8A,cytochrome c oxidase subunit 8A,ndd_only,,T3,ndd_no_documented_epilepsy,3,clingen;orphadata_genes;sysndd,254905,123870,MONDO:0033885,0,
HGNC:7687,COXFA4,cytochrome c oxidase associated subunit FA4,ndd_only,,T1,ndd_no_documented_epilepsy,3,clingen;panelapp_au_id;sysndd,,603833,,0,
HGNC:17245,CPA6,carboxypeptidase A6,ndd_only,,T3,ndd_with_epilepsy,7,clingen;orphadata_genes;panelapp_au_epilepsy;panelapp_au_id;panelapp_ge_epilepsy;panelapp_ge_id;sysndd,163717;36387,609562,MONDO:0018214;MONDO:0800493,0,
HGNC:23228,CPAMD8,C3 and PZP like alpha-2-macroglobulin domain containing 8,ndd_only,,T1,ndd_no_documented_epilepsy,3,clingen;g2p_dd;orphadata_genes,519388,608841,MONDO:0015017,0,
HGNC:17272,CPAP,centrosome assembly and centriole elongation protein,ndd_only,,T1,ndd_no_documented_epilepsy,6,clingen;g2p_dd;orphadata_genes;panelapp_au_id;panelapp_ge_id;sysndd,2512;808,609279,MONDO:0016660;MONDO:0019342,0,
HGNC:2301,CPD,carboxypeptidase D,ndd_only,,T3,ndd_no_documented_epilepsy,1,panelapp_ge_id,,603102,,0,
HGNC:2303,CPE,carboxypeptidase E,ndd_only,,T1,ndd_no_documented_epilepsy,4,orphadata_genes;panelapp_au_id;panelapp_ge_id;sysndd,633028,114855,MONDO:0859150,0,
HGNC:21747,CPEB4,cytoplasmic polyadenylation element binding protein 4,ndd_only,,T2,ndd_no_documented_epilepsy,1,sfari,,610607,,0,
HGNC:25801,CPLANE1,ciliogenesis and planar polarity effector complex subunit 1,ndd_only,,T1,ndd_no_documented_epilepsy,6,clingen;g2p_dd;orphadata_genes;panelapp_au_id;panelapp_ge_id;sysndd,2754;475;65684,614571,MONDO:0010176;MONDO:0011224;MONDO:0018772,0,
HGNC:2319,CPNE6,copine 6,ndd_only,,T3,ndd_no_documented_epilepsy,1,sysndd,,605688,,0,
HGNC:2323,CPS1,carbamoyl-phosphate synthase 1,ndd_only,,T1,ndd_no_documented_epilepsy,6,clingen;g2p_dd;orphadata_genes;panelapp_au_id;panelapp_ge_id;sysndd,147,608307,MONDO:0009376,1,Connecting Families Urea Cycle Disorders Foundation
HGNC:30098,CPSF7,cleavage and polyadenylation specific factor 7,ndd_only,,T2,ndd_no_documented_epilepsy,1,sfari,,621247,,0,
HGNC:2328,CPT1A,carnitine palmitoyltransferase 1A,ndd_only,,T1,ndd_with_epilepsy,4,clingen;orphadata_genes;panelapp_au_epilepsy;sysndd,156,600528,MONDO:0009705,0,
HGNC:2332,CPXCR1,CPX chromosome region candidate 1,ndd_only,,T3,ndd_no_documented_epilepsy,1,panelapp_ge_id,,301055,,0,
HGNC:2333,CPZ,carboxypeptidase Z,ndd_only,,T2,ndd_no_documented_epilepsy,1,sfari,,603105,,0,
HGNC:2343,CRB1,crumbs cell polarity complex component 1,ndd_only,,T1,ndd_no_documented_epilepsy,4,clingen;g2p_dd;orphadata_genes;panelapp_ge_id,251295;35612;65;791,604210,MONDO:0005514;MONDO:0008246;MONDO:0018998;MONDO:0019200,0,
HGNC:18688,CRB2,crumbs cell polarity complex component 2,ndd_only,,T1,ndd_no_documented_epilepsy,6,clingen;g2p_dd;orphadata_genes;panelapp_au_id;panelapp_ge_id;sysndd,443988;656,609720,MONDO:0009063;MONDO:0019006,0,
HGNC:30185,CRBN,cereblon,ndd_only,,T1,ndd_no_documented_epilepsy,6,clingen;g2p_dd;orphadata_genes;panelapp_au_id;panelapp_ge_id;sysndd,88616,609262,MONDO:0019502,0,
HGNC:2359,CRIM1,cysteine rich transmembrane BMP regulator 1,ndd_only,,T3,ndd_no_documented_epilepsy,2,g2p_dd;orphadata_genes,468672,606189,MONDO:0011239,0,
HGNC:14312,CRIPT,CXXC repeat containing interactor of PDZ3 domain,ndd_only,,T1,ndd_with_epilepsy,6,g2p_dd;orphadata_genes;panelapp_au_id;panelapp_ge_epilepsy;panelapp_ge_id;sysndd,715640,604594,,0,
HGNC:11701,CRIPTO,"cripto, EGF-CFC family member",ndd_only,,T3,ndd_no_documented_epilepsy,4,clingen;orphadata_genes;panelapp_au_id;sysndd,220386;280195;280200;93924;93925;93926,187395,MONDO:0017218;MONDO:0017219;MONDO:0019756;MONDO:0019757;MONDO:0019758;MONDO:0700419,0,
HGNC:2363,CRKL,"CRK like proto-oncogene, adaptor protein",ndd_only,,T3,ndd_no_documented_epilepsy,4,clingen;g2p_dd;orphadata_genes;panelapp_au_id,261330,602007,MONDO:0012740,0,
HGNC:2364,CRLF1,cytokine receptor like factor 1,ndd_only,,T3,ndd_no_documented_epilepsy,3,orphadata_genes;panelapp_au_id;sysndd,1545;157820;930,604237,MONDO:0010091;MONDO:0015526;MONDO:0019635,0,
HGNC:14281,CRLF2,cytokine receptor like factor 2,ndd_only,,T3,ndd_no_documented_epilepsy,1,panelapp_ge_id,,"""300357|400023""",,0,
HGNC:16148,CRLS1,cardiolipin synthase 1,ndd_only,,T1,ndd_no_documented_epilepsy,4,clingen;g2p_dd;panelapp_au_id;sysndd,,608188,,0,
HGNC:2365,CRMP1,collapsin response mediator protein 1,ndd_only,,T2,ndd_no_documented_epilepsy,4,panelapp_au_id;panelapp_ge_id;sfari;sysndd,,602462,,0,
HGNC:2379,CRTAP,cartilage associated protein,ndd_only,,T3,ndd_no_documented_epilepsy,2,orphadata_genes;panelapp_au_id,2050;216804;216812;216820,605497,MONDO:0008147;MONDO:0008148;MONDO:0009804;MONDO:0016085,0,
HGNC:2383,CRX,cone-rod homeobox,ndd_only,,T1,ndd_no_documented_epilepsy,4,clingen;g2p_dd;orphadata_genes;panelapp_ge_id,1872;65;791,602225,MONDO:0015993;MONDO:0018998;MONDO:0019200,0,
HGNC:2388,CRYAA,crystallin alpha A,ndd_only,,T1,ndd_no_documented_epilepsy,3,g2p_dd;orphadata_genes;panelapp_ge_id,1377;441452;98988;98991;98994,123580,MONDO:0015300;MONDO:0018611;MONDO:0020373;MONDO:0020376;MONDO:0021548,0,
HGNC:2389,CRYAB,crystallin alpha B,ndd_only,,T1,ndd_no_documented_epilepsy,2,g2p_dd;orphadata_genes,154;280553;399058;441452;98991;98993,123590,MONDO:0012130;MONDO:0013472;MONDO:0018611;MONDO:0020376;MONDO:0020378;MONDO:0700335,0,
HGNC:2394,CRYBA1,crystallin beta A1,ndd_only,,T1,ndd_no_documented_epilepsy,3,g2p_dd;orphadata_genes;panelapp_ge_id,441452;98985;98991;98993,123610,MONDO:0018611;MONDO:0020372;MONDO:0020376;MONDO:0020378,0,
HGNC:2396,CRYBA4,crystallin beta A4,ndd_only,,T1,ndd_no_documented_epilepsy,3,g2p_dd;orphadata_genes;panelapp_ge_id,1377;441452,123631,MONDO:0015300;MONDO:0018611,0,
HGNC:2397,CRYBB1,crystallin beta B1,ndd_only,,T1,ndd_no_documented_epilepsy,3,g2p_dd;orphadata_genes;panelapp_ge_id,1377;98984;98991,600929,MONDO:0011430;MONDO:0015300;MONDO:0020376,0,
HGNC:2398,CRYBB2,crystallin beta B2,ndd_only,,T1,ndd_no_documented_epilepsy,3,g2p_dd;orphadata_genes;panelapp_ge_id,1377;441447;98984;98985;98989;98991;98994,123620,MONDO:0011430;MONDO:0015300;MONDO:0018610;MONDO:0020372;MONDO:0020374;MONDO:0020376;MONDO:0021548,0,
HGNC:2400,CRYBB3,crystallin beta B3,ndd_only,,T1,ndd_no_documented_epilepsy,3,g2p_dd;orphadata_genes;panelapp_ge_id,98988;98991,123630,MONDO:0020373;MONDO:0020376,0,
HGNC:2410,CRYGC,crystallin gamma C,ndd_only,,T1,ndd_no_documented_epilepsy,3,g2p_dd;orphadata_genes;panelapp_ge_id,1377;441452;98984;98991,123680,MONDO:0011430;MONDO:0015300;MONDO:0018611;MONDO:0020376,0,
HGNC:2411,CRYGD,crystallin gamma D,ndd_only,,T1,ndd_no_documented_epilepsy,3,g2p_dd;orphadata_genes;panelapp_ge_id,1377;441452;98984;98989;98990;98991,123690,MONDO:0007282;MONDO:0011430;MONDO:0015300;MONDO:0018611;MONDO:0020374;MONDO:0020376,0,
HGNC:18246,CRYL1,crystallin lambda 1,ndd_only,,T3,ndd_no_documented_epilepsy,1,sysndd,,609877,,0,
HGNC:29905,CSDE1,cold shock domain containing E1,ndd_only,,T1,ndd_no_documented_epilepsy,6,clingen;g2p_dd;panelapp_au_id;panelapp_ge_id;sfari;sysndd,,191510,,0,
HGNC:2435,CSF2RA,colony stimulating factor 2 receptor subunit alpha,ndd_only,,T1,ndd_no_documented_epilepsy,3,clingen;orphadata_genes;panelapp_ge_id,264675,"""306250|425000""",MONDO:0012580,0,
HGNC:24290,CSGALNACT1,chondroitin sulfate N-acetylgalactosaminyltransferase 1,ndd_only,,T1,ndd_no_documented_epilepsy,3,clingen;orphadata_genes;sysndd,1425,616615,MONDO:0015426,0,
HGNC:14026,CSMD1,CUB and Sushi multiple domains 1,ndd_only,,T1,ndd_with_epilepsy,4,panelapp_au_epilepsy;panelapp_au_id;sfari;sysndd,,608397,,0,
HGNC:19290,CSMD2,CUB and Sushi multiple domains 2,ndd_only,,T2,ndd_with_epilepsy,4,panelapp_au_epilepsy;panelapp_au_id;sfari;sysndd,,608398,,0,
HGNC:19291,CSMD3,CUB and Sushi multiple domains 3,ndd_only,,T2,ndd_with_epilepsy,3,panelapp_au_epilepsy;sfari;sysndd,,608399,,0,
HGNC:2454,CSNK1G1,casein kinase 1 gamma 1,ndd_only,,T1,ndd_with_epilepsy,6,g2p_dd;panelapp_au_id;panelapp_ge_epilepsy;panelapp_ge_id;sfari;sysndd,,606274,,0,
HGNC:26193,CSPP1,centrosome and spindle pole associated protein 1,ndd_only,,T1,ndd_no_documented_epilepsy,6,clingen;g2p_dd;orphadata_genes;panelapp_au_id;panelapp_ge_id;sysndd,397715;475;564,611654,MONDO:0018342;MONDO:0018772;MONDO:0018921,0,
HGNC:2484,CSTF2,cleavage stimulation factor subunit 2,ndd_only,,T2,ndd_no_documented_epilepsy,3,panelapp_au_id;panelapp_ge_id;sysndd,,300907,,0,
HGNC:17086,CSTF2T,cleavage stimulation factor subunit 2 tau variant,ndd_only,,T3,ndd_no_documented_epilepsy,1,sysndd,,611968,,0,
HGNC:2494,CTBP1,C-terminal binding protein 1,ndd_only,,T1,ndd_no_documented_epilepsy,5,g2p_dd;orphadata_genes;panelapp_au_id;panelapp_ge_id;sysndd,280;714399,602618,MONDO:0008684,0,
HGNC:26169,CTC1,CST telomere replication complex component 1,ndd_only,,T1,ndd_no_documented_epilepsy,6,clingen;g2p_dd;orphadata_genes;panelapp_au_id;panelapp_ge_id;sysndd,1775;313838,613129,MONDO:0012815;MONDO:0015780,0,
HGNC:13723,CTCF,CCCTC-binding factor,ndd_only,,T1,ndd_no_documented_epilepsy,7,clingen;g2p_dd;orphadata_genes;panelapp_au_id;panelapp_ge_id;sfari;sysndd,363611,604167,MONDO:0014213,0,
HGNC:2498,CTDP1,CTD phosphatase 1,ndd_only,,T1,ndd_no_documented_epilepsy,5,g2p_dd;orphadata_genes;panelapp_au_id;panelapp_ge_id;sysndd,48431,604927,MONDO:0011402,0,
HGNC:2511,CTNNA3,catenin alpha 3,ndd_only,,T2,ndd_no_documented_epilepsy,3,clingen;orphadata_genes;sfari,293888;293899;293910,607667,MONDO:0017401;MONDO:0017402;MONDO:0017403,0,
HGNC:2514,CTNNB1,catenin beta 1,ndd_only,,T1,ndd_no_documented_epilepsy,7,clingen;g2p_dd;orphadata_genes;panelapp_au_id;panelapp_ge_id;sfari;sysndd,1501;210159;2780;33402;404473;54595;569248;689430;873;891;91414;952,116806,MONDO:0006339;MONDO:0006639;MONDO:0007564;MONDO:0007608;MONDO:0008673;MONDO:0010310;MONDO:0014035;MONDO:0016216;MONDO:0018055;MONDO:0018907;MONDO:0019516;MONDO:0975925,3,CTNNB1 Connect & Cure; CTNNB1 Syndrome Awareness Worldwide; CTNNB1 registry (Citizen Health)
HGNC:2515,CTNND1,catenin delta 1,ndd_only,,T1,ndd_no_documented_epilepsy,7,clingen;g2p_dd;orphadata_genes;panelapp_au_id;panelapp_ge_id;sfari;sysndd,1997,601045,MONDO:0007339,0,
HGNC:2516,CTNND2,catenin delta 2,ndd_only,,T1,ndd_no_documented_epilepsy,6,g2p_dd;orphadata_genes;panelapp_au_id;panelapp_ge_id;sfari;sysndd,178469;281;86814,604275,MONDO:0007404;MONDO:0015802;MONDO:0019448,0,
HGNC:2518,CTNS,"cystinosin, lysosomal cystine transporter",ndd_only,,T1,ndd_no_documented_epilepsy,4,clingen;g2p_dd;orphadata_genes;panelapp_ge_id,411629;411634;411641,606272,MONDO:0009064;MONDO:0009066;MONDO:0018467,0,
HGNC:2519,CTPS1,CTP synthase 1,ndd_only,,T1,ndd_no_documented_epilepsy,3,clingen;orphadata_genes;sfari,420573,123860,MONDO:0014391,0,
HGNC:2520,CTPS2,CTP synthase 2,ndd_only,,T3,ndd_no_documented_epilepsy,1,panelapp_ge_id,,300380,,0,
HGNC:16850,CTR9,CTR9 component of Paf1/RNA polymerase II complex,ndd_only,,T1,ndd_no_documented_epilepsy,7,clingen;g2p_dd;orphadata_genes;panelapp_au_id;panelapp_ge_id;sfari;sysndd,528084;654,609366,MONDO:0019004;MONDO:0100038,0,
HGNC:9251,CTSA,cathepsin A,ndd_only,,T1,ndd_no_documented_epilepsy,6,clingen;g2p_dd;orphadata_genes;panelapp_au_id;panelapp_ge_id;sysndd,351;575553,613111,MONDO:0009737;MONDO:0035551,0,
HGNC:2536,CTSK,cathepsin K,ndd_only,,T1,ndd_no_documented_epilepsy,4,clingen;g2p_dd;orphadata_genes;panelapp_ge_id,763,601105,MONDO:0009940,0,
HGNC:15679,CTTNBP2,cortactin binding protein 2,ndd_only,,T2,ndd_no_documented_epilepsy,3,panelapp_ge_id;sfari;sysndd,,609772,,0,
HGNC:2548,CUBN,cubilin,ndd_only,,T3,ndd_no_documented_epilepsy,2,orphadata_genes;panelapp_au_id,35858,602997,MONDO:0009853,0,
HGNC:2551,CUL1,cullin 1,ndd_only,,T1,ndd_with_epilepsy,3,panelapp_au_epilepsy;panelapp_au_id;sysndd,,603134,,0,
HGNC:2552,CUL2,cullin 2,ndd_only,,T3,ndd_no_documented_epilepsy,1,sfari,,603135,,0,
HGNC:21024,CUL7,cullin 7,ndd_only,,T1,ndd_no_documented_epilepsy,4,g2p_dd;orphadata_genes;panelapp_ge_id;sfari,2616,609577,MONDO:0007477,0,
HGNC:2557,CUX1,cut like homeobox 1,ndd_only,,T1,ndd_with_epilepsy,7,g2p_dd;orphadata_genes;panelapp_au_id;panelapp_ge_epilepsy;panelapp_ge_id;sfari;sysndd,178469,116896,MONDO:0015802,0,
HGNC:10664,CWC27,CWC27 spliceosome associated cyclophilin,ndd_only,,T1,ndd_no_documented_epilepsy,6,clingen;g2p_dd;orphadata_genes;panelapp_au_id;panelapp_ge_id;sysndd,166035,617170,MONDO:0009598,0,
HGNC:2558,CX3CR1,C-X3-C motif chemokine receptor 1,ndd_only,,T2,ndd_no_documented_epilepsy,2,sfari;sysndd,,601470,,0,
HGNC:26943,CXXC5,CXXC finger protein 5,ndd_only,,T3,ndd_no_documented_epilepsy,1,sfari,,612752,,0,
HGNC:26356,CXorf58,chromosome X open reading frame 58,ndd_only,,T3,ndd_no_documented_epilepsy,1,panelapp_ge_id,,,,0,
HGNC:2873,CYB5R3,cytochrome b5 reductase 3,ndd_only,,T1,ndd_no_documented_epilepsy,6,clingen;g2p_dd;orphadata_genes;panelapp_au_id;panelapp_ge_id;sysndd,621,613213,MONDO:0018963,0,
HGNC:2579,CYC1,cytochrome c1,ndd_only,,T1,ndd_no_documented_epilepsy,5,clingen;g2p_dd;orphadata_genes;panelapp_au_id;panelapp_ge_id,1460,123980,MONDO:0015448,0,
HGNC:13759,CYFIP1,cytoplasmic FMR1 interacting protein 1,ndd_only,,T2,ndd_no_documented_epilepsy,4,panelapp_au_id;panelapp_ge_id;sfari;sysndd,,606322,,0,
HGNC:2583,CYLC2,cylicin 2,ndd_only,,T2,ndd_no_documented_epilepsy,1,sfari,,604035,,0,
HGNC:2591,CYP11B1,cytochrome P450 family 11 subfamily B member 1,ndd_only,,T2,ndd_no_documented_epilepsy,2,orphadata_genes;sfari,403;90795,610613,MONDO:0007080;MONDO:0008729,0,
HGNC:2597,CYP1B1,cytochrome P450 family 1 subfamily B member 1,ndd_only,,T1,ndd_no_documented_epilepsy,4,clingen;g2p_dd;orphadata_genes;panelapp_ge_id,708;98976;98977,601771,MONDO:0009277;MONDO:0011414;MONDO:0020367,0,
HGNC:2602,CYP24A1,cytochrome P450 family 24 subfamily A member 1,ndd_only,,T1,ndd_no_documented_epilepsy,2,g2p_dd;orphadata_genes,300547,126065,MONDO:0000212,0,
HGNC:20581,CYP26B1,cytochrome P450 family 26 subfamily B member 1,ndd_only,,T1,ndd_no_documented_epilepsy,3,clingen;orphadata_genes;sysndd,293925,605207,MONDO:0013740,0,
HGNC:20582,CYP2U1,cytochrome P450 family 2 subfamily U member 1,ndd_only,,T1,ndd_no_documented_epilepsy,6,clingen;g2p_dd;orphadata_genes;panelapp_au_id;panelapp_ge_id;sysndd,320411,610670,MONDO:0014015,0,
HGNC:2652,CYP7B1,cytochrome P450 family 7 subfamily B member 1,ndd_only,,T1,ndd_no_documented_epilepsy,3,clingen;orphadata_genes;panelapp_ge_id,100986;79302,603711,MONDO:0010047;MONDO:0013439,0,
HGNC:2661,DAB1,DAB adaptor protein 1,ndd_only,,T3,ndd_with_epilepsy,4,orphadata_genes;panelapp_au_epilepsy;panelapp_ge_id;sysndd,363710,603448,MONDO:0014410,0,
HGNC:17748,DACT1,dishevelled binding antagonist of beta catenin 1,ndd_only,,T3,ndd_no_documented_epilepsy,3,g2p_dd;orphadata_genes;panelapp_ge_id,268823;63260;857,607861,MONDO:0007142;MONDO:0017080;MONDO:0018969,0,
HGNC:1165,DAGLA,diacylglycerol lipase alpha,ndd_only,,T1,ndd_no_documented_epilepsy,4,panelapp_au_id;panelapp_ge_id;sfari;sysndd,,614015,,0,
HGNC:25536,DALRD3,DALR anticodon binding domain containing 3,ndd_only,,T2,ndd_with_epilepsy,5,orphadata_genes;panelapp_au_epilepsy;panelapp_ge_epilepsy;panelapp_ge_id;sysndd,442835,618904,MONDO:0018614,0,
HGNC:2673,DAP3,death associated protein 3,ndd_only,,T1,ndd_no_documented_epilepsy,3,orphadata_genes;panelapp_ge_id;sysndd,642945,602074,MONDO:0009300,0,
HGNC:16500,DAPP1,dual adaptor of phosphotyrosine and 3-phosphoinositides 1,ndd_only,,T2,ndd_no_documented_epilepsy,1,sfari,,605768,,0,
HGNC:2678,DARS1,aspartyl-tRNA synthetase 1,ndd_only,,T1,ndd_no_documented_epilepsy,5,g2p_dd;orphadata_genes;panelapp_au_id;panelapp_ge_id;sysndd,363412,603084,MONDO:0014115,1,CureARS
HGNC:25538,DARS2,"aspartyl-tRNA synthetase 2, mitochondrial",ndd_only,,T1,ndd_with_epilepsy,7,clingen;g2p_dd;orphadata_genes;panelapp_au_epilepsy;panelapp_au_id;panelapp_ge_id;sysndd,137898,610956,MONDO:0012622,0,
HGNC:26383,DAW1,dynein assembly factor with WD repeats 1,ndd_only,,T2,ndd_no_documented_epilepsy,3,clingen;g2p_dd;orphadata_genes,244,620279,MONDO:0016575,0,
HGNC:33185,DBX1,developing brain homeobox 1,ndd_only,,T3,ndd_no_documented_epilepsy,1,panelapp_au_id,,619830,,0,
HGNC:30911,DCAF1,DDB1 and CUL4 associated factor 1,ndd_only,,T3,ndd_no_documented_epilepsy,1,sysndd,,617259,,0,
HGNC:25095,DCAF15,DDB1 and CUL4 associated factor 15,ndd_only,,T2,ndd_no_documented_epilepsy,1,panelapp_au_id,,620109,,0,
HGNC:25784,DCAF17,DDB1 and CUL4 associated factor 17,ndd_only,,T1,ndd_no_documented_epilepsy,6,clingen;g2p_dd;orphadata_genes;panelapp_au_id;panelapp_ge_id;sysndd,3464,612515,MONDO:0009419,0,
HGNC:2701,DCC,DCC netrin 1 receptor,ndd_only,,T1,ndd_no_documented_epilepsy,6,clingen;g2p_dd;orphadata_genes;panelapp_ge_id;sfari;sysndd,238722;2744;478,120470,MONDO:0011810;MONDO:0016558;MONDO:0018800,0,
HGNC:18141,DCDC2,doublecortin domain containing 2,ndd_only,,T1,ndd_no_documented_epilepsy,4,clingen;g2p_dd;orphadata_genes;sysndd,480556;84081;90636,605755,MONDO:0018816;MONDO:0019394;MONDO:0019588,0,
HGNC:23111,DCHS2,dachsous cadherin-related 2,ndd_only,,T3,ndd_no_documented_epilepsy,1,panelapp_ge_id,,612486,,0,
HGNC:2700,DCLK1,doublecortin like kinase 1,ndd_only,,T3,ndd_no_documented_epilepsy,1,sysndd,,604742,,0,
HGNC:29812,DCPS,"decapping enzyme, scavenger",ndd_only,,T1,ndd_no_documented_epilepsy,4,orphadata_genes;panelapp_au_id;panelapp_ge_id;sysndd,88616,610534,MONDO:0019502,0,
HGNC:2711,DCTN1,dynactin subunit 1,ndd_only,,T2,ndd_no_documented_epilepsy,3,clingen;orphadata_genes;panelapp_ge_id,139589;178509;803,601143,MONDO:0004976;MONDO:0008201;MONDO:0015355,0,
HGNC:2712,DCTN2,dynactin subunit 2,ndd_only,,T3,ndd_no_documented_epilepsy,1,sysndd,,607376,,0,
HGNC:15518,DCTN4,dynactin subunit 4,ndd_only,,T2,ndd_no_documented_epilepsy,2,orphadata_genes;panelapp_au_id,586,614758,MONDO:0009061,0,
HGNC:24594,DCTN5,dynactin subunit 5,ndd_only,,T3,ndd_no_documented_epilepsy,1,sysndd,,612962,,0,
HGNC:2717,DDB1,damage specific DNA binding protein 1,ndd_only,,T1,ndd_no_documented_epilepsy,5,g2p_dd;orphadata_genes;panelapp_au_id;panelapp_ge_id;sysndd,716109,600045,,0,
HGNC:2718,DDB2,damage specific DNA binding protein 2,ndd_only,,T1,ndd_no_documented_epilepsy,4,clingen;g2p_dd;orphadata_genes;panelapp_ge_id,910,600811,MONDO:0019600,0,
HGNC:19714,DDHD1,DDHD domain containing 1,ndd_only,,T1,ndd_no_documented_epilepsy,4,clingen;g2p_dd;orphadata_genes;panelapp_ge_id,101008,614603,MONDO:0012256,0,
HGNC:29106,DDHD2,DDHD domain containing 2,ndd_only,,T1,ndd_no_documented_epilepsy,6,g2p_dd;orphadata_genes;panelapp_au_id;panelapp_ge_id;sfari;sysndd,320380,615003,MONDO:0014018,0,
HGNC:2728,DDOST,dolichyl-diphosphooligosaccharide--protein glycosyltransferase non-catalytic subunit,ndd_only,,T1,ndd_no_documented_epilepsy,6,clingen;g2p_dd;orphadata_genes;panelapp_au_id;panelapp_ge_id;sysndd,300536,602202,MONDO:0013789,0,
HGNC:2731,DDR2,discoidin domain receptor tyrosine kinase 2,ndd_only,,T1,ndd_no_documented_epilepsy,5,clingen;g2p_dd;orphadata_genes;panelapp_au_id;panelapp_ge_id,93358,191311,MONDO:0010077,0,
HGNC:2734,DDX1,DEAD-box helicase 1,ndd_only,,T2,ndd_no_documented_epilepsy,2,panelapp_au_id;sysndd,,601257,,0,
HGNC:2736,DDX11,DEAD/H-box helicase 11,ndd_only,,T1,ndd_no_documented_epilepsy,6,clingen;g2p_dd;orphadata_genes;panelapp_au_id;panelapp_ge_id;sysndd,280558,601150,MONDO:0013252,1,Warsaw Breakage Syndrome Foundation
HGNC:2740,DDX17,DEAD-box helicase 17,ndd_only,,T1,ndd_no_documented_epilepsy,4,g2p_dd;panelapp_au_id;panelapp_ge_id;sysndd,,608469,,0,
HGNC:17347,DDX23,DEAD-box helicase 23,ndd_only,,T1,ndd_no_documented_epilepsy,6,clingen;g2p_dd;panelapp_au_id;panelapp_ge_id;sfari;sysndd,,612172,,0,
HGNC:13266,DDX24,DEAD-box helicase 24,ndd_only,,T3,ndd_no_documented_epilepsy,1,sysndd,,606181,,0,
HGNC:17821,DDX39A,DExD-box helicase 39A,ndd_only,,T3,ndd_no_documented_epilepsy,1,panelapp_au_id,,619906,,0,
HGNC:18674,DDX41,DEAD-box helicase 41,ndd_only,,T1,ndd_no_documented_epilepsy,3,clingen;orphadata_genes;panelapp_au_id,488647,608170,MONDO:0014809,0,
HGNC:18682,DDX47,DEAD-box helicase 47,ndd_only,,T3,ndd_no_documented_epilepsy,1,sysndd,,615428,,0,
HGNC:17906,DDX50,DExD-box helicase 50,ndd_only,,T3,ndd_no_documented_epilepsy,1,sysndd,,610373,,0,
HGNC:20084,DDX54,DEAD-box helicase 54,ndd_only,,T3,ndd_no_documented_epilepsy,2,g2p_dd;sysndd,,611665,,0,
HGNC:25360,DDX59,DEAD-box helicase 59,ndd_only,,T1,ndd_no_documented_epilepsy,6,clingen;g2p_dd;orphadata_genes;panelapp_au_id;panelapp_ge_id;sysndd,2919,615464,MONDO:0008267,0,
HGNC:2747,DDX6,DEAD-box helicase 6,ndd_only,,T1,ndd_no_documented_epilepsy,5,g2p_dd;orphadata_genes;panelapp_au_id;panelapp_ge_id;sysndd,528084,600326,MONDO:0100038,0,
HGNC:2753,DECR1,"2,4-dienoyl-CoA reductase 1",ndd_only,,T3,ndd_with_epilepsy,2,clingen;panelapp_ge_id,,222745,,0,
HGNC:22212,DENND2A,DENN domain containing 2A,ndd_only,,T3,ndd_no_documented_epilepsy,1,sysndd,,620120,,0,
HGNC:2769,DENR,density regulated re-initiation and release factor,ndd_only,,T2,ndd_with_epilepsy,3,panelapp_au_epilepsy;panelapp_au_id;sfari,,604550,,0,
HGNC:2843,DGAT1,diacylglycerol O-acyltransferase 1,ndd_only,,T1,ndd_no_documented_epilepsy,2,g2p_dd;orphadata_genes,329242,604900,MONDO:0014375,0,
HGNC:2854,DGKH,diacylglycerol kinase eta,ndd_only,,T3,ndd_no_documented_epilepsy,1,panelapp_ge_id,,604071,,0,
HGNC:2855,DGKI,diacylglycerol kinase iota,ndd_only,,T3,ndd_no_documented_epilepsy,1,sfari,,604072,,0,
HGNC:2857,DGKZ,diacylglycerol kinase zeta,ndd_only,,T3,ndd_no_documented_epilepsy,1,sysndd,,601441,,0,
HGNC:2860,DHCR7,7-dehydrocholesterol reductase,ndd_only,,T1,ndd_with_epilepsy,8,clingen;g2p_dd;orphadata_genes;panelapp_au_id;panelapp_ge_epilepsy;panelapp_ge_id;sfari;sysndd,818,602858,MONDO:0010035,0,
HGNC:2867,DHODH,dihydroorotate dehydrogenase (quinone),ndd_only,,T1,ndd_no_documented_epilepsy,4,clingen;g2p_dd;orphadata_genes;panelapp_ge_id,246,126064,MONDO:0009903,0,
HGNC:17693,DHRS3,dehydrogenase/reductase 3,ndd_only,,T3,ndd_no_documented_epilepsy,2,g2p_dd;sysndd,,612830,,0,
HGNC:18399,DHRSX,dehydrogenase/reductase X-linked,ndd_only,,T1,ndd_with_epilepsy,4,panelapp_au_epilepsy;panelapp_au_id;panelapp_ge_epilepsy;panelapp_ge_id,,301034,,0,
HGNC:23537,DHTKD1,dehydrogenase E1 and transketolase domain containing 1,ndd_only,,T1,ndd_no_documented_epilepsy,6,clingen;g2p_dd;orphadata_genes;panelapp_au_id;panelapp_ge_id;sysndd,329258;79154,614984,MONDO:0008774;MONDO:0014012,0,
HGNC:16717,DHX32,DEAH-box helicase 32 (putative),ndd_only,,T2,ndd_no_documented_epilepsy,2,panelapp_au_id;panelapp_ge_id,,607960,,0,
HGNC:16719,DHX34,DExH-box helicase 34,ndd_only,,T3,ndd_no_documented_epilepsy,2,g2p_dd;sysndd,,615475,,0,
HGNC:14410,DHX36,DEAH-box helicase 36,ndd_only,,T2,ndd_no_documented_epilepsy,1,panelapp_au_id,,612767,,0,
HGNC:17210,DHX37,DEAH-box helicase 37,ndd_only,,T1,ndd_no_documented_epilepsy,5,g2p_dd;orphadata_genes;panelapp_au_id;panelapp_ge_id;sysndd,242;251510;983,617362,MONDO:0010765;MONDO:0016674;MONDO:8000015,0,
HGNC:29517,DHX58,DExH-box helicase 58,ndd_only,,T3,ndd_no_documented_epilepsy,1,sysndd,,608588,,0,
HGNC:2877,DIAPH2,diaphanous related formin 2,ndd_only,,T3,ndd_no_documented_epilepsy,2,panelapp_ge_id;sysndd,,300108,,0,
HGNC:17098,DICER1,"dicer 1, ribonuclease III",ndd_only,,T1,ndd_no_documented_epilepsy,3,clingen;orphadata_genes;sysndd,276399;284343;404476;99757;99914;99915;99916,606241,MONDO:0007681;MONDO:0009993;MONDO:0018445;MONDO:0020540;MONDO:0020541;MONDO:0020542;MONDO:0100216,0,
HGNC:17217,DIP2A,DIP2 acetate--CoA ligase A,ndd_only,,T2,ndd_no_documented_epilepsy,2,sfari;sysndd,,607711,,0,
HGNC:29284,DIP2B,DIP2 acetate--CoA ligase B (putative),ndd_only,,T3,ndd_no_documented_epilepsy,4,g2p_dd;panelapp_au_id;panelapp_ge_id;sysndd,,611379,,0,
HGNC:28490,DIPK2A,divergent protein kinase domain 2A,ndd_only,,T2,ndd_no_documented_epilepsy,3,panelapp_au_id;panelapp_ge_id;sfari,,612200,,0,
HGNC:28648,DIS3L2,DIS3 like 3'-5' exoribonuclease 2,ndd_only,,T1,ndd_no_documented_epilepsy,6,clingen;g2p_dd;orphadata_genes;panelapp_au_id;panelapp_ge_id;sysndd,2849;654,614184,MONDO:0009965;MONDO:0019004,0,
HGNC:2888,DISC1,DISC1 scaffold protein,ndd_only,,T2,ndd_no_documented_epilepsy,1,sfari,,605210,,0,
HGNC:19711,DISP1,dispatched RND transporter family member 1,ndd_only,,T2,ndd_no_documented_epilepsy,5,clingen;g2p_dd;orphadata_genes;panelapp_au_id;sysndd,220386;280195;280200;93924;93925;93926,607502,MONDO:0017218;MONDO:0017219;MONDO:0019756;MONDO:0019757;MONDO:0019758;MONDO:0700419,0,
HGNC:29251,DISP3,dispatched RND transporter family member 3,ndd_only,,T3,ndd_no_documented_epilepsy,1,sysndd,,611251,,0,
HGNC:23695,DIXDC1,DIX domain containing 1,ndd_only,,T2,ndd_no_documented_epilepsy,1,sfari,,610493,,0,
HGNC:2890,DKC1,dyskerin pseudouridine synthase 1,ndd_only,,T1,ndd_no_documented_epilepsy,6,clingen;g2p_dd;orphadata_genes;panelapp_au_id;panelapp_ge_id;sysndd,1775;3322,300126,MONDO:0015780;MONDO:0018045,0,
HGNC:2896,DLAT,dihydrolipoamide S-acetyltransferase,ndd_only,,T1,ndd_no_documented_epilepsy,6,clingen;g2p_dd;orphadata_genes;panelapp_au_id;panelapp_ge_id;sysndd,79244,608770,MONDO:0009502,0,
HGNC:2897,DLC1,DLC1 Rho GTPase activating protein,ndd_only,,T3,ndd_no_documented_epilepsy,1,sysndd,,604258,,0,
HGNC:2898,DLD,dihydrolipoamide dehydrogenase,ndd_only,,T1,ndd_no_documented_epilepsy,6,clingen;g2p_dd;orphadata_genes;panelapp_au_id;panelapp_ge_id;sysndd,2394,238331,MONDO:0009529,0,
HGNC:2900,DLG1,discs large MAGUK scaffold protein 1,ndd_only,,T2,ndd_no_documented_epilepsy,3,orphadata_genes;panelapp_ge_id;sfari,199306,601014,MONDO:0016044,0,
HGNC:2901,DLG2,discs large MAGUK scaffold protein 2,ndd_only,,T2,ndd_no_documented_epilepsy,5,g2p_dd;panelapp_au_id;panelapp_ge_id;sfari;sysndd,,603583,,0,
HGNC:2902,DLG3,discs large MAGUK scaffold protein 3,ndd_only,,T1,ndd_no_documented_epilepsy,7,clingen;g2p_dd;orphadata_genes;panelapp_au_id;panelapp_ge_id;sfari;sysndd,777,300189,MONDO:0019181,0,
HGNC:2904,DLG5,discs large MAGUK scaffold protein 5,ndd_only,,T3,ndd_no_documented_epilepsy,2,g2p_dd;sysndd,,604090,,0,
HGNC:2905,DLGAP1,DLG associated protein 1,ndd_only,,T2,ndd_no_documented_epilepsy,3,panelapp_au_id;sfari;sysndd,,605445,,0,
HGNC:2906,DLGAP2,DLG associated protein 2,ndd_only,,T2,ndd_no_documented_epilepsy,4,clingen;panelapp_au_id;panelapp_ge_id;sfari,,605438,,0,
HGNC:30368,DLGAP3,DLG associated protein 3,ndd_only,,T2,ndd_no_documented_epilepsy,1,sfari,,611413,,0,
HGNC:2907,DLK1,delta like non-canonical Notch ligand 1,ndd_only,,T3,ndd_no_documented_epilepsy,2,orphadata_genes;panelapp_au_id,254525;254528;254531;254534;650077;650097;96184;96334,176290,MONDO:0011975;MONDO:0016780;MONDO:0016781;MONDO:0016782;MONDO:0016783;MONDO:0019915;MONDO:0958354;MONDO:0968990,0,
HGNC:2909,DLL3,delta like canonical Notch ligand 3,ndd_only,,T1,ndd_no_documented_epilepsy,3,g2p_dd;orphadata_genes;panelapp_ge_id,2311,602768,MONDO:0010180,0,
HGNC:2910,DLL4,delta like canonical Notch ligand 4,ndd_only,,T1,ndd_no_documented_epilepsy,4,g2p_dd;orphadata_genes;panelapp_ge_id;sysndd,1114;974,605185,MONDO:0007034;MONDO:0007145,0,
HGNC:2915,DLX2,distal-less homeobox 2,ndd_only,,T2,ndd_no_documented_epilepsy,1,sfari,,126255,,0,
HGNC:2916,DLX3,distal-less homeobox 3,ndd_only,,T2,ndd_no_documented_epilepsy,3,orphadata_genes;sfari;sysndd,100034;3352,600525,MONDO:0007093;MONDO:0008592,0,
HGNC:2918,DLX5,distal-less homeobox 5,ndd_only,,T3,ndd_no_documented_epilepsy,2,g2p_dd;orphadata_genes,2440;71271,600028,MONDO:0009080;MONDO:0016576,0,
HGNC:2919,DLX6,distal-less homeobox 6,ndd_only,,T2,ndd_no_documented_epilepsy,3,orphadata_genes;sfari;sysndd,2440,600030,MONDO:0016576,0,
HGNC:18291,DMAP1,DNA methyltransferase 1 associated protein 1,ndd_only,,T2,ndd_no_documented_epilepsy,1,panelapp_au_id,,605077,,0,
HGNC:2926,DMBT1,deleted in malignant brain tumors 1,ndd_only,,T3,ndd_no_documented_epilepsy,1,sysndd,,601969,,0,
HGNC:19026,DMBX1,diencephalon/mesencephalon homeobox 1,ndd_only,,T3,ndd_with_epilepsy,2,panelapp_ge_epilepsy;sysndd,,607410,,0,
HGNC:2928,DMD,dystrophin,ndd_only,,T1,ndd_no_documented_epilepsy,7,clingen;g2p_dd;orphadata_genes;panelapp_au_id;panelapp_ge_id;sfari;sysndd,154;206546;777;98895;98896,300377,MONDO:0010311;MONDO:0010679;MONDO:0016097;MONDO:0019181;MONDO:0700335,0,
HGNC:25063,DMKN,dermokine,ndd_only,,T3,ndd_no_documented_epilepsy,1,sysndd,,617211,,0,
HGNC:2932,DMP1,dentin matrix acidic phosphoprotein 1,ndd_only,,T1,ndd_no_documented_epilepsy,3,g2p_dd;orphadata_genes;panelapp_ge_id,289176,600980,MONDO:0017324,0,
HGNC:2933,DMPK,DM1 protein kinase,ndd_only,,T1,ndd_no_documented_epilepsy,6,g2p_dd;orphadata_genes;panelapp_au_id;panelapp_ge_id;sfari;sysndd,589821;589824;589827;589830;589833,605377,MONDO:0035646;MONDO:0035647;MONDO:0035648;MONDO:0035649;MONDO:0035650,0,
HGNC:2936,DMWD,"DM1 locus, WD repeat containing",ndd_only,,T2,ndd_no_documented_epilepsy,1,sfari,,609857,,0,
HGNC:2939,DNA2,DNA replication helicase/nuclease 2,ndd_only,,T2,ndd_no_documented_epilepsy,5,clingen;g2p_dd;orphadata_genes;panelapp_ge_id;sysndd,352470;715635;808,601810,MONDO:0014062;MONDO:0019342,0,
HGNC:16725,DNAAF11,dynein axonemal assembly factor 11,ndd_only,,T1,ndd_no_documented_epilepsy,4,clingen;g2p_dd;orphadata_genes;panelapp_ge_id,244,614930,MONDO:0016575,0,
HGNC:32700,DNAAF19,dynein axonemal assembly factor 19,ndd_only,,T1,ndd_no_documented_epilepsy,4,clingen;g2p_dd;orphadata_genes;panelapp_ge_id,244,614677,MONDO:0016575,0,
HGNC:30492,DNAAF3,dynein axonemal assembly factor 3,ndd_only,,T1,ndd_no_documented_epilepsy,4,clingen;g2p_dd;orphadata_genes;panelapp_ge_id,244,614566,MONDO:0016575,0,
HGNC:21493,DNAAF4,dynein axonemal assembly factor 4,ndd_only,,T1,ndd_no_documented_epilepsy,4,clingen;g2p_dd;orphadata_genes;panelapp_ge_id,244,608706,MONDO:0016575,0,
HGNC:26013,DNAAF5,dynein axonemal assembly factor 5,ndd_only,,T1,ndd_no_documented_epilepsy,3,clingen;g2p_dd;orphadata_genes,244,614864,MONDO:0016575,0,
HGNC:28570,DNAAF6,dynein axonemal assembly factor 6,ndd_only,,T1,ndd_no_documented_epilepsy,3,clingen;g2p_dd;orphadata_genes,244,300933,MONDO:0016575,0,
HGNC:2941,DNAH10,dynein axonemal heavy chain 10,ndd_only,,T2,ndd_no_documented_epilepsy,3,clingen;orphadata_genes;sfari,137893;399805,605884,MONDO:0009461;MONDO:0018393,0,
HGNC:2946,DNAH17,dynein axonemal heavy chain 17,ndd_only,,T1,ndd_no_documented_epilepsy,3,clingen;orphadata_genes;sfari,276234,610063,MONDO:0017173,0,
HGNC:2949,DNAH3,dynein axonemal heavy chain 3,ndd_only,,T2,ndd_no_documented_epilepsy,2,sfari;sysndd,,603334,,0,
HGNC:2950,DNAH5,dynein axonemal heavy chain 5,ndd_only,,T1,ndd_no_documented_epilepsy,3,clingen;g2p_dd;orphadata_genes,244,603335,MONDO:0016575,0,
HGNC:2953,DNAH9,dynein axonemal heavy chain 9,ndd_only,,T1,ndd_no_documented_epilepsy,3,clingen;g2p_dd;orphadata_genes,101063;244,603330,MONDO:0010029;MONDO:0016575,0,
HGNC:5229,DNAJA1,DnaJ heat shock protein family (Hsp40) member A1,ndd_only,,T3,ndd_no_documented_epilepsy,2,panelapp_au_id;sysndd,,602837,,0,
HGNC:11808,DNAJA3,DnaJ heat shock protein family (Hsp40) member A3,ndd_only,,T2,ndd_no_documented_epilepsy,2,panelapp_au_id;sysndd,,608382,,0,
HGNC:30718,DNAJB13,DnaJ heat shock protein family (Hsp40) member B13,ndd_only,,T2,ndd_no_documented_epilepsy,3,clingen;g2p_dd;orphadata_genes,244,610263,MONDO:0016575,0,
HGNC:14886,DNAJB4,DnaJ heat shock protein family (Hsp40) member B4,ndd_only,,T3,ndd_no_documented_epilepsy,3,g2p_dd;orphadata_genes;sysndd,700170,611327,MONDO:0979361,0,
HGNC:28908,DNAJC12,DnaJ heat shock protein family (Hsp40) member C12,ndd_only,,T1,ndd_no_documented_epilepsy,6,clingen;g2p_dd;orphadata_genes;panelapp_au_id;panelapp_ge_id;sysndd,508523,606060,MONDO:0044304,0,
HGNC:30528,DNAJC19,DnaJ heat shock protein family (Hsp40) member C19,ndd_only,,T1,ndd_no_documented_epilepsy,5,clingen;orphadata_genes;panelapp_au_id;panelapp_ge_id;sysndd,66634,608977,MONDO:0012435,0,
HGNC:9439,DNAJC3,DnaJ heat shock protein family (Hsp40) member C3,ndd_only,,T3,ndd_no_documented_epilepsy,3,orphadata_genes;panelapp_au_id;panelapp_ge_id,445062,601184,MONDO:0014523,0,
HGNC:2960,DNASE2,"deoxyribonuclease 2, lysosomal",ndd_only,,T2,ndd_no_documented_epilepsy,1,sysndd,,126350,,0,
HGNC:24456,DNER,delta/notch like EGF repeat containing,ndd_only,,T2,ndd_no_documented_epilepsy,1,sfari,,607299,,0,
HGNC:26532,DNHD1,dynein heavy chain domain 1,ndd_only,,T3,ndd_no_documented_epilepsy,2,orphadata_genes;sysndd,137893;399805,617277,MONDO:0009461;MONDO:0018393,0,
HGNC:2974,DNM2,dynamin 2,ndd_only,,T1,ndd_no_documented_epilepsy,3,clingen;orphadata_genes;panelapp_ge_id,100044;169189;228179;363409,602378,MONDO:0008048;MONDO:0011674;MONDO:0014149;MONDO:0016431,0,
HGNC:29125,DNM3,dynamin 3,ndd_only,,T3,ndd_no_documented_epilepsy,1,sysndd,,611445,,0,
HGNC:2976,DNMT1,DNA methyltransferase 1,ndd_only,,T1,ndd_no_documented_epilepsy,3,clingen;orphadata_genes;panelapp_ge_id,314404;456318,126375,MONDO:0011397;MONDO:0013584,0,
HGNC:2979,DNMT3B,DNA methyltransferase 3 beta,ndd_only,,T1,ndd_no_documented_epilepsy,6,clingen;g2p_dd;orphadata_genes;panelapp_au_id;panelapp_ge_id;sysndd,2268;269,602900,MONDO:0000133;MONDO:0001347,0,
HGNC:2987,DOCK1,dedicator of cytokinesis 1,ndd_only,,T2,ndd_no_documented_epilepsy,1,sfari,,601403,,0,
HGNC:23483,DOCK11,dedicator of cytokinesis 11,ndd_only,,T1,ndd_no_documented_epilepsy,3,clingen;orphadata_genes;panelapp_ge_id,658946;658951,300681,MONDO:0958137;MONDO:0958138,0,
HGNC:2988,DOCK2,dedicator of cytokinesis 2,ndd_only,,T1,ndd_no_documented_epilepsy,3,clingen;g2p_dd;orphadata_genes,447737,603122,MONDO:0014637,0,
HGNC:2989,DOCK3,dedicator of cytokinesis 3,ndd_only,,T1,ndd_no_documented_epilepsy,5,g2p_dd;orphadata_genes;panelapp_au_id;panelapp_ge_id;sysndd,528084,603123,MONDO:0100038,0,
HGNC:19192,DOCK4,dedicator of cytokinesis 4,ndd_only,,T1,ndd_no_documented_epilepsy,5,g2p_dd;panelapp_au_id;panelapp_ge_id;sfari;sysndd,,607679,,0,
HGNC:19189,DOCK6,dedicator of cytokinesis 6,ndd_only,,T1,ndd_no_documented_epilepsy,6,clingen;g2p_dd;orphadata_genes;panelapp_au_id;panelapp_ge_id;sysndd,974,614194,MONDO:0007034,0,
HGNC:19191,DOCK8,dedicator of cytokinesis 8,ndd_only,,T1,ndd_no_documented_epilepsy,7,clingen;g2p_dd;orphadata_genes;panelapp_au_id;panelapp_ge_id;sfari;sysndd,178469;217390,611432,MONDO:0009478;MONDO:0015802,0,
HGNC:14132,DOCK9,dedicator of cytokinesis 9,ndd_only,,T3,ndd_no_documented_epilepsy,1,sysndd,,607325,,0,
HGNC:26594,DOK7,docking protein 7,ndd_only,,T1,ndd_no_documented_epilepsy,3,clingen;orphadata_genes;panelapp_au_id,716825;994,610285,MONDO:0100101,0,
HGNC:2993,DONSON,DNA replication fork stabilization factor DONSON,ndd_only,,T1,ndd_no_documented_epilepsy,3,orphadata_genes;panelapp_ge_id;sysndd,572768;572773,611428,MONDO:0009619;MONDO:0060533,0,
HGNC:21194,DOP1A,DOP1 leucine zipper like protein A,ndd_only,,T1,ndd_with_epilepsy,4,panelapp_au_epilepsy;panelapp_au_id;sfari;sysndd,,616823,,0,
HGNC:24948,DOT1L,DOT1 like histone lysine methyltransferase,ndd_only,,T1,ndd_no_documented_epilepsy,4,g2p_dd;panelapp_au_id;sfari;sysndd,,607375,,0,
HGNC:20225,DPF1,double PHD fingers 1,ndd_only,,T3,ndd_no_documented_epilepsy,1,panelapp_ge_id,,601670,,0,
HGNC:9964,DPF2,double PHD fingers 2,ndd_only,,T1,ndd_no_documented_epilepsy,6,clingen;g2p_dd;orphadata_genes;panelapp_au_id;panelapp_ge_id;sysndd,1465,601671,MONDO:0015452,0,
HGNC:17427,DPF3,double PHD fingers 3,ndd_only,,T3,ndd_no_documented_epilepsy,1,panelapp_ge_id,,601672,,0,
HGNC:3003,DPH1,diphthamide biosynthesis 1,ndd_only,,T1,ndd_no_documented_epilepsy,5,clingen;orphadata_genes;panelapp_au_id;panelapp_ge_id;sysndd,459061,603527,MONDO:0800438,0,
HGNC:3004,DPH2,diphthamide biosynthesis 2,ndd_only,,T2,ndd_no_documented_epilepsy,4,orphadata_genes;panelapp_au_id;panelapp_ge_id;sysndd,459061,603456,MONDO:0800438,0,
HGNC:24270,DPH5,diphthamide biosynthesis 5,ndd_only,,T1,ndd_with_epilepsy,6,clingen;g2p_dd;panelapp_au_id;panelapp_ge_epilepsy;panelapp_ge_id;sysndd,,611075,,0,
HGNC:20823,DPP10,dipeptidyl peptidase like 10,ndd_only,,T2,ndd_no_documented_epilepsy,2,panelapp_au_id;sfari,,608209,,0,
HGNC:3008,DPP3,dipeptidyl peptidase 3,ndd_only,,T2,ndd_no_documented_epilepsy,1,sfari,,606818,,0,
HGNC:3009,DPP4,dipeptidyl peptidase 4,ndd_only,,T2,ndd_no_documented_epilepsy,1,sfari,,102720,,0,
HGNC:3010,DPP6,dipeptidyl peptidase like 6,ndd_only,,T1,ndd_no_documented_epilepsy,6,clingen;orphadata_genes;panelapp_au_id;panelapp_ge_id;sfari;sysndd,228140;2514,126141,MONDO:0007988;MONDO:0100234,0,
HGNC:3013,DPYS,dihydropyrimidinase,ndd_only,,T1,ndd_no_documented_epilepsy,3,orphadata_genes;panelapp_au_id;panelapp_ge_id,38874,613326,MONDO:0009111,0,
HGNC:3014,DPYSL2,dihydropyrimidinase like 2,ndd_only,,T2,ndd_no_documented_epilepsy,5,orphadata_genes;panelapp_au_id;panelapp_ge_id;sfari;sysndd,178469,602463,MONDO:0015802,0,
HGNC:3015,DPYSL3,dihydropyrimidinase like 3,ndd_only,,T2,ndd_no_documented_epilepsy,2,sfari;sysndd,,601168,,0,
HGNC:20637,DPYSL5,dihydropyrimidinase like 5,ndd_only,,T1,ndd_no_documented_epilepsy,6,g2p_dd;orphadata_genes;panelapp_au_id;panelapp_ge_id;sfari;sysndd,528084;7,608383,MONDO:0019078;MONDO:0100038,0,
HGNC:24245,DRC1,dynein regulatory complex subunit 1,ndd_only,,T1,ndd_no_documented_epilepsy,3,clingen;g2p_dd;orphadata_genes,244;276234,615288,MONDO:0016575;MONDO:0017173,0,
HGNC:29937,DRC2,dynein regulatory complex subunit 2,ndd_only,,T1,ndd_no_documented_epilepsy,4,clingen;g2p_dd;orphadata_genes;panelapp_ge_id,244,611088,MONDO:0016575,0,
HGNC:4166,DRC4,dynein regulatory complex subunit 4,ndd_only,,T1,ndd_no_documented_epilepsy,4,clingen;g2p_dd;orphadata_genes;panelapp_ge_id,244,605178,MONDO:0016575,0,
HGNC:3020,DRD1,dopamine receptor D1,ndd_only,,T2,ndd_no_documented_epilepsy,3,panelapp_au_id;sfari;sysndd,,126449,,0,
HGNC:3023,DRD2,dopamine receptor D2,ndd_only,,T2,ndd_no_documented_epilepsy,3,orphadata_genes;panelapp_ge_id;sfari,36899,126450,MONDO:0000903,0,
HGNC:3024,DRD3,dopamine receptor D3,ndd_only,,T2,ndd_no_documented_epilepsy,1,sfari,,126451,,0,
HGNC:3029,DRG1,developmentally regulated GTP binding protein 1,ndd_only,,T2,ndd_no_documented_epilepsy,3,g2p_dd;panelapp_au_id;sysndd,,603952,,0,
HGNC:3032,DRP2,dystrophin related protein 2,ndd_only,,T3,ndd_no_documented_epilepsy,1,sysndd,,300052,,0,
HGNC:3039,DSCAM,DS cell adhesion molecule,ndd_only,,T1,ndd_with_epilepsy,5,panelapp_au_epilepsy;panelapp_au_id;panelapp_ge_id;sfari;sysndd,,602523,,0,
HGNC:21144,DSE,dermatan sulfate epimerase,ndd_only,,T1,ndd_no_documented_epilepsy,4,clingen;g2p_dd;orphadata_genes;panelapp_au_id,2953,605942,MONDO:0011142,0,
HGNC:3048,DSG1,desmoglein 1,ndd_only,,T1,ndd_no_documented_epilepsy,2,g2p_dd;orphadata_genes,369992;369999;370002;50942,125670,MONDO:0014218;MONDO:0018250;MONDO:0018252;MONDO:0018865,0,
HGNC:3052,DSP,desmoplakin,ndd_only,,T1,ndd_no_documented_epilepsy,4,clingen;g2p_dd;orphadata_genes;sysndd,154;158687;2032;293165;293888;293899;293910;369992;476096;50942;65282,125647,MONDO:0011581;MONDO:0011882;MONDO:0012323;MONDO:0014218;MONDO:0014355;MONDO:0017401;MONDO:0017402;MONDO:0017403;MONDO:0018865;MONDO:0700335;MONDO:0800504,0,
HGNC:3054,DSPP,dentin sialophosphoprotein,ndd_only,,T1,ndd_no_documented_epilepsy,4,clingen;g2p_dd;orphadata_genes;panelapp_ge_id,166260;166265;99791,125485,MONDO:0007437;MONDO:0007441;MONDO:0007442,0,
HGNC:1090,DST,dystonin,ndd_only,,T1,ndd_no_documented_epilepsy,5,clingen;orphadata_genes;panelapp_ge_id;sfari;sysndd,314381;412181,113810,MONDO:0013839;MONDO:0014180,0,
HGNC:29043,DSTYK,dual serine/threonine and tyrosine protein kinase,ndd_only,,T1,ndd_no_documented_epilepsy,4,clingen;g2p_dd;orphadata_genes;panelapp_ge_id,101003;93100,612666,MONDO:0010046;MONDO:0019636,0,
HGNC:17328,DTNBP1,dystrobrevin binding protein 1,ndd_only,,T1,ndd_no_documented_epilepsy,3,clingen;orphadata_genes;sysndd,231531,607145,MONDO:0013559,0,
HGNC:3061,DTYMK,deoxythymidylate kinase,ndd_only,,T1,ndd_with_epilepsy,5,panelapp_au_epilepsy;panelapp_au_id;panelapp_ge_epilepsy;panelapp_ge_id;sysndd,,188345,,0,
HGNC:3062,DUOX1,dual oxidase 1,ndd_only,,T3,ndd_no_documented_epilepsy,1,sysndd,,606758,,0,
HGNC:13273,DUOX2,dual oxidase 2,ndd_only,,T3,ndd_no_documented_epilepsy,2,orphadata_genes;sysndd,226316;95716,606759,MONDO:0010132;MONDO:0011792,0,
HGNC:32698,DUOXA2,dual oxidase maturation factor 2,ndd_only,,T3,ndd_no_documented_epilepsy,3,orphadata_genes;panelapp_au_id;sysndd,95716,612772,MONDO:0010132,0,
HGNC:16236,DUSP15,dual specificity phosphatase 15,ndd_only,,T2,ndd_no_documented_epilepsy,1,sfari,,616776,,0,
HGNC:3084,DVL1,dishevelled segment polarity protein 1,ndd_only,,T1,ndd_no_documented_epilepsy,3,g2p_dd;orphadata_genes;panelapp_ge_id,3107,601365,MONDO:0008389,0,
HGNC:3086,DVL2,dishevelled segment polarity protein 2,ndd_only,,T3,ndd_no_documented_epilepsy,1,sysndd,,602151,,0,
HGNC:3087,DVL3,dishevelled segment polarity protein 3,ndd_only,,T1,ndd_no_documented_epilepsy,5,g2p_dd;orphadata_genes;panelapp_ge_id;sfari;sysndd,3107,601368,MONDO:0008389,0,
HGNC:23460,DYDC1,DPY30 domain containing 1,ndd_only,,T2,ndd_no_documented_epilepsy,1,sfari,,615154,,0,
HGNC:23468,DYDC2,DPY30 domain containing 2,ndd_only,,T2,ndd_no_documented_epilepsy,1,sfari,,,,0,
HGNC:21317,DYM,dymeclin,ndd_only,,T1,ndd_no_documented_epilepsy,5,g2p_dd;orphadata_genes;panelapp_au_id;panelapp_ge_id;sysndd,178355;239,607461,MONDO:0009130;MONDO:0015799,0,
HGNC:2964,DYNC1I2,dynein cytoplasmic 1 intermediate chain 2,ndd_only,,T1,ndd_no_documented_epilepsy,4,g2p_dd;panelapp_au_id;panelapp_ge_id;sysndd,,603331,,0,
HGNC:21862,DYNC2I1,dynein 2 intermediate chain 1,ndd_only,,T1,ndd_no_documented_epilepsy,4,clingen;g2p_dd;orphadata_genes;panelapp_ge_id,474;93271,615462,MONDO:0013127;MONDO:0018770,0,
HGNC:28296,DYNC2I2,dynein 2 intermediate chain 2,ndd_only,,T1,ndd_no_documented_epilepsy,5,clingen;g2p_dd;orphadata_genes;panelapp_au_id;panelapp_ge_id,474;93271,613363,MONDO:0013127;MONDO:0018770,0,
HGNC:24595,DYNC2LI1,dynein cytoplasmic 2 light intermediate chain 1,ndd_only,,T1,ndd_no_documented_epilepsy,2,g2p_dd;orphadata_genes,289;474,617083,MONDO:0009162;MONDO:0018770,0,
HGNC:3095,DYRK4,dual specificity tyrosine phosphorylation regulated kinase 4,ndd_only,,T3,ndd_no_documented_epilepsy,1,sysndd,,609181,,0,
HGNC:19087,EBF3,EBF transcription factor 3,ndd_only,,T1,ndd_no_documented_epilepsy,7,clingen;g2p_dd;orphadata_genes;panelapp_au_id;panelapp_ge_id;sfari;sysndd,658843;96148,607407,MONDO:0012315;MONDO:0015021,1,EBF3 HADDS Foundation
HGNC:3133,EBP,EBP cholestenol delta-isomerase,ndd_only,,T1,ndd_no_documented_epilepsy,6,clingen;g2p_dd;orphadata_genes;panelapp_au_id;panelapp_ge_id;sysndd,35173;401973,300205,MONDO:0010498;MONDO:0020603,0,
HGNC:13275,ECE2,endothelin converting enzyme 2,ndd_only,,T3,ndd_no_documented_epilepsy,1,sysndd,,610145,,0,
HGNC:3147,ECEL1,endothelin converting enzyme like 1,ndd_only,,T1,ndd_no_documented_epilepsy,3,g2p_dd;orphadata_genes;panelapp_ge_id,329457,605896,MONDO:0014028,0,
HGNC:2703,ECI1,enoyl-CoA delta isomerase 1,ndd_only,,T3,ndd_no_documented_epilepsy,1,sysndd,,600305,,0,
HGNC:3154,ECM2,extracellular matrix protein 2,ndd_only,,T3,ndd_no_documented_epilepsy,1,sysndd,,603479,,0,
HGNC:29020,ECPAS,Ecm29 proteasome adaptor and scaffold,ndd_only,,T2,ndd_no_documented_epilepsy,1,sfari,,616694,,0,
HGNC:3157,EDA,ectodysplasin A,ndd_only,,T1,ndd_no_documented_epilepsy,3,g2p_dd;orphadata_genes;panelapp_ge_id,181;99798,300451,MONDO:0005486;MONDO:0010585,0,
HGNC:2895,EDAR,ectodysplasin A receptor,ndd_only,,T1,ndd_no_documented_epilepsy,3,clingen;g2p_dd;orphadata_genes,1810;248,604095,MONDO:0015884;MONDO:0016619,0,
HGNC:26114,EDC3,enhancer of mRNA decapping 3,ndd_only,,T3,ndd_no_documented_epilepsy,3,orphadata_genes;panelapp_au_id;sysndd,88616,609842,MONDO:0019502,0,
HGNC:16787,EDEM3,ER degradation enhancing alpha-mannosidase like protein 3,ndd_only,,T1,ndd_no_documented_epilepsy,6,clingen;g2p_dd;orphadata_genes;panelapp_au_id;panelapp_ge_id;sysndd,695783,610214,MONDO:0030423,0,
HGNC:3176,EDN1,endothelin 1,ndd_only,,T1,ndd_no_documented_epilepsy,3,clingen;g2p_dd;orphadata_genes,137888,131240,MONDO:0000107,0,
HGNC:3179,EDNRA,endothelin receptor type A,ndd_only,,T1,ndd_no_documented_epilepsy,3,g2p_dd;orphadata_genes;panelapp_ge_id,443995;586,131243,MONDO:0009061;MONDO:0014608,0,
HGNC:3180,EDNRB,endothelin receptor type B,ndd_only,,T1,ndd_no_documented_epilepsy,5,clingen;g2p_dd;orphadata_genes;panelapp_au_id;panelapp_ge_id,388;895;897,131244,MONDO:0018309;MONDO:0019517;MONDO:0019518,0,
HGNC:24640,EDRF1,erythroid differentiation regulatory factor 1,ndd_only,,T3,ndd_no_documented_epilepsy,1,sysndd,,620463,,0,
HGNC:3211,EEF1D,eukaryotic translation elongation factor 1 delta,ndd_only,,T1,ndd_no_documented_epilepsy,3,panelapp_au_id;panelapp_ge_id;sysndd,,130592,,0,
HGNC:3214,EEF2,eukaryotic translation elongation factor 2,ndd_only,,T1,ndd_no_documented_epilepsy,5,clingen;g2p_dd;orphadata_genes;panelapp_au_id;sysndd,101112,130610,MONDO:0012246,0,
HGNC:24614,EEFSEC,"eukaryotic elongation factor, selenocysteine-tRNA specific",ndd_only,,T1,ndd_with_epilepsy,5,panelapp_au_epilepsy;panelapp_au_id;panelapp_ge_epilepsy;panelapp_ge_id;sysndd,,607695,,0,
HGNC:24801,EFCAB5,EF-hand calcium binding domain 5,ndd_only,,T3,ndd_no_documented_epilepsy,1,sysndd,,,,0,
HGNC:3219,EFEMP2,EGF-like fibulin extracellular matrix protein 2,ndd_only,,T1,ndd_no_documented_epilepsy,3,clingen;g2p_dd;orphadata_genes,314718;90349;91387,604633,MONDO:0017818;MONDO:0019572;MONDO:0019625,0,
HGNC:16406,EFHC1,EF-hand domain containing 1,ndd_only,,T2,ndd_with_epilepsy,5,clingen;orphadata_genes;panelapp_au_epilepsy;panelapp_ge_epilepsy;panelapp_ge_id,1941;307,608815,MONDO:0009696;MONDO:0800453,0,
HGNC:25789,EFL1,elongation factor like GTPase 1,ndd_only,,T1,ndd_no_documented_epilepsy,4,clingen;g2p_dd;orphadata_genes;sysndd,811,617538,MONDO:0009833,0,
HGNC:3226,EFNB1,ephrin B1,ndd_only,,T1,ndd_no_documented_epilepsy,6,clingen;g2p_dd;orphadata_genes;panelapp_au_id;panelapp_ge_id;sysndd,1520,300035,MONDO:0010570,0,
HGNC:3227,EFNB2,ephrin B2,ndd_only,,T3,ndd_no_documented_epilepsy,3,clingen;panelapp_au_id;sysndd,,600527,,0,
HGNC:28970,EFR3A,EFR3 homolog A,ndd_only,,T2,ndd_no_documented_epilepsy,1,sfari,,611798,,0,
HGNC:14660,EGLN2,egl-9 family hypoxia inducible factor 2,ndd_only,,T3,ndd_no_documented_epilepsy,1,sysndd,,606424,,0,
HGNC:3238,EGR1,early growth response 1,ndd_only,,T3,ndd_no_documented_epilepsy,1,sysndd,,128990,,0,
HGNC:3239,EGR2,early growth response 2,ndd_only,,T1,ndd_no_documented_epilepsy,4,clingen;g2p_dd;orphadata_genes;panelapp_ge_id,101084;64748;99951,129010,MONDO:0007790;MONDO:0011527;MONDO:0011890,0,
HGNC:3240,EGR3,early growth response 3,ndd_only,,T2,ndd_no_documented_epilepsy,1,sfari,,602419,,0,
HGNC:14129,EHMT2,euchromatic histone lysine methyltransferase 2,ndd_only,,T2,ndd_no_documented_epilepsy,3,g2p_dd;panelapp_au_id;sysndd,,604599,,0,
HGNC:13276,EI24,EI24 autophagy associated transmembrane protein,ndd_only,,T3,ndd_no_documented_epilepsy,1,sysndd,,605170,,0,
HGNC:3250,EIF1AX,eukaryotic translation initiation factor 1A X-linked,ndd_only,,T2,ndd_no_documented_epilepsy,4,orphadata_genes;panelapp_au_id;panelapp_ge_id;sysndd,146,300186,MONDO:0015447,0,
HGNC:3254,EIF2A,eukaryotic translation initiation factor 2A,ndd_only,,T2,ndd_with_epilepsy,4,panelapp_au_id;panelapp_ge_epilepsy;panelapp_ge_id;sysndd,,609234,,0,
HGNC:24921,EIF2AK1,eukaryotic translation initiation factor 2 alpha kinase 1,ndd_only,,T3,ndd_no_documented_epilepsy,4,g2p_dd;panelapp_au_id;panelapp_ge_id;sysndd,,613635,,0,
HGNC:3255,EIF2AK3,eukaryotic translation initiation factor 2 alpha kinase 3,ndd_only,,T1,ndd_no_documented_epilepsy,5,g2p_dd;orphadata_genes;panelapp_au_id;panelapp_ge_id;sysndd,1667,604032,MONDO:0009192,0,
HGNC:3271,EIF3A,eukaryotic translation initiation factor 3 subunit A,ndd_only,,T2,ndd_no_documented_epilepsy,3,g2p_dd;panelapp_au_id;sysndd,,602039,,0,
HGNC:3280,EIF3B,eukaryotic translation initiation factor 3 subunit B,ndd_only,,T1,ndd_no_documented_epilepsy,3,g2p_dd;panelapp_au_id;sysndd,,603917,,0,
HGNC:3274,EIF3G,eukaryotic translation initiation factor 3 subunit G,ndd_only,,T2,ndd_no_documented_epilepsy,1,sfari,,603913,,0,
HGNC:3272,EIF3I,eukaryotic translation initiation factor 3 subunit I,ndd_only,,T2,ndd_no_documented_epilepsy,1,panelapp_au_id,,603911,,0,
HGNC:24656,EIF3K,eukaryotic translation initiation factor 3 subunit K,ndd_only,,T2,ndd_no_documented_epilepsy,3,g2p_dd;panelapp_au_id;sysndd,,609596,,0,
HGNC:18683,EIF4A3,eukaryotic translation initiation factor 4A3,ndd_only,,T1,ndd_no_documented_epilepsy,5,g2p_dd;orphadata_genes;panelapp_au_id;panelapp_ge_id;sysndd,3102,608546,MONDO:0009998,0,
HGNC:3287,EIF4E,eukaryotic translation initiation factor 4E,ndd_only,,T2,ndd_no_documented_epilepsy,1,sfari,,133440,,0,
HGNC:3296,EIF4G1,eukaryotic translation initiation factor 4 gamma 1,ndd_only,,T3,ndd_no_documented_epilepsy,4,orphadata_genes;panelapp_ge_id;sfari;sysndd,411602,600495,MONDO:0008199,0,
HGNC:3300,EIF5A,eukaryotic translation initiation factor 5A,ndd_only,,T1,ndd_no_documented_epilepsy,6,g2p_dd;orphadata_genes;panelapp_au_id;panelapp_ge_id;sfari;sysndd,528084,600187,MONDO:0100038,0,
HGNC:30793,EIF5B,eukaryotic translation initiation factor 5B,ndd_only,,T3,ndd_no_documented_epilepsy,1,sysndd,,606086,,0,
HGNC:6159,EIF6,eukaryotic translation initiation factor 6,ndd_only,,T3,ndd_no_documented_epilepsy,1,sysndd,,602912,,0,
HGNC:12383,EIPR1,EARP complex and GARP complex interacting protein 1,ndd_only,,T1,ndd_no_documented_epilepsy,3,panelapp_au_id;panelapp_ge_id;sysndd,,608998,,0,
HGNC:14198,ELAC2,elaC ribonuclease Z 2,ndd_only,,T1,ndd_no_documented_epilepsy,6,clingen;g2p_dd;orphadata_genes;panelapp_au_id;panelapp_ge_id;sysndd,369913,605367,MONDO:0014190,0,
HGNC:3313,ELAVL2,ELAV like RNA binding protein 2,ndd_only,,T1,ndd_with_epilepsy,5,panelapp_au_epilepsy;panelapp_au_id;panelapp_ge_epilepsy;panelapp_ge_id;sfari,,601673,,0,
HGNC:3314,ELAVL3,ELAV like RNA binding protein 3,ndd_only,,T2,ndd_no_documented_epilepsy,2,sfari;sysndd,,603458,,0,
HGNC:33154,ELFN1,extracellular leucine rich repeat and fibronectin type III domain containing 1,ndd_only,,T1,ndd_with_epilepsy,5,g2p_dd;panelapp_au_epilepsy;panelapp_ge_epilepsy;panelapp_ge_id;sysndd,,614964,,0,
HGNC:3321,ELK1,ETS transcription factor ELK1,ndd_only,,T3,ndd_no_documented_epilepsy,1,panelapp_ge_id,,311040,,0,
HGNC:17233,ELMO2,engulfment and cell motility 2,ndd_only,,T1,ndd_no_documented_epilepsy,3,g2p_dd;orphadata_genes;sysndd,140436;3019,606421,MONDO:0009954;MONDO:0011744,0,
HGNC:25334,ELMOD1,ELMO domain containing 1,ndd_only,,T3,ndd_no_documented_epilepsy,2,panelapp_au_id;sysndd,,615456,,0,
HGNC:3327,ELN,elastin,ndd_only,,T1,ndd_no_documented_epilepsy,4,clingen;g2p_dd;orphadata_genes;panelapp_ge_id,3193;90348;904;91387,130160,MONDO:0008504;MONDO:0008678;MONDO:0019571;MONDO:0019625,0,
HGNC:14418,ELOVL1,ELOVL fatty acid elongase 1,ndd_only,,T1,ndd_no_documented_epilepsy,1,sysndd,,611813,,0,
HGNC:14416,ELOVL2,ELOVL fatty acid elongase 2,ndd_only,,T2,ndd_no_documented_epilepsy,1,sfari,,611814,,0,
HGNC:21308,ELOVL5,ELOVL fatty acid elongase 5,ndd_only,,T3,ndd_no_documented_epilepsy,2,orphadata_genes;panelapp_ge_id,423296,611805,MONDO:0014417,0,
HGNC:5959,ELP1,elongator acetyltransferase complex subunit 1,ndd_only,,T2,ndd_no_documented_epilepsy,4,clingen;orphadata_genes;panelapp_au_id;sysndd,1764,603722,MONDO:0009131,0,
HGNC:18248,ELP2,elongator acetyltransferase complex subunit 2,ndd_only,,T1,ndd_no_documented_epilepsy,7,clingen;g2p_dd;orphadata_genes;panelapp_au_id;panelapp_ge_id;sfari;sysndd,717795,616054,,0,
HGNC:1171,ELP4,elongator acetyltransferase complex subunit 4,ndd_only,,T2,ndd_no_documented_epilepsy,3,clingen;sfari;sysndd,,606985,,0,
HGNC:7864,EMC8,ER membrane protein complex subunit 8,ndd_only,,T3,ndd_no_documented_epilepsy,1,sysndd,,604886,,0,
HGNC:16912,EMG1,EMG1 N1-specific pseudouridine methyltransferase,ndd_only,,T1,ndd_no_documented_epilepsy,6,clingen;g2p_dd;orphadata_genes;panelapp_au_id;panelapp_ge_id;sysndd,1270,611531,MONDO:0008879,0,
HGNC:26666,EML3,EMAP like 3,ndd_only,,T3,ndd_no_documented_epilepsy,1,sysndd,,618118,,0,
HGNC:18071,EMSY,"EMSY transcriptional repressor, BRCA2 interacting",ndd_only,,T2,ndd_no_documented_epilepsy,1,sfari,,608574,,0,
HGNC:3341,EMX2,empty spiracles homeobox 2,ndd_only,,T1,ndd_with_epilepsy,8,clingen;g2p_dd;orphadata_genes;panelapp_au_epilepsy;panelapp_au_id;panelapp_ge_epilepsy;panelapp_ge_id;sysndd,432;478;485275,600035,MONDO:0018555;MONDO:0018800;MONDO:0018839,0,
HGNC:3343,EN2,engrailed homeobox 2,ndd_only,,T2,ndd_no_documented_epilepsy,4,clingen;panelapp_au_id;panelapp_ge_id;sfari,,131310,,0,
HGNC:3353,ENO2,enolase 2,ndd_only,,T3,ndd_no_documented_epilepsy,1,sysndd,,131360,,0,
HGNC:3354,ENO3,enolase 3,ndd_only,,T3,ndd_no_documented_epilepsy,2,orphadata_genes;sysndd,99849,131370,MONDO:0013046,0,
HGNC:2259,ENOX2,ecto-NOX disulfide-thiol exchanger 2,ndd_only,,T3,ndd_no_documented_epilepsy,2,panelapp_ge_id;sfari,,300282,,0,
HGNC:3356,ENPP1,ectonucleotide pyrophosphatase/phosphodiesterase 1,ndd_only,,T1,ndd_no_documented_epilepsy,5,clingen;g2p_dd;orphadata_genes;panelapp_ge_id;sfari,289176;324561;51608;758,173335,MONDO:0009925;MONDO:0014227;MONDO:0017324;MONDO:0018870,0,
HGNC:3363,ENTPD1,ectonucleoside triphosphate diphosphohydrolase 1,ndd_only,,T1,ndd_with_epilepsy,7,clingen;g2p_dd;orphadata_genes;panelapp_au_id;panelapp_ge_epilepsy;panelapp_ge_id;sysndd,401810,601752,MONDO:0014303,0,
HGNC:28526,EOGT,EGF domain specific O-linked N-acetylglucosamine transferase,ndd_only,,T1,ndd_no_documented_epilepsy,6,clingen;g2p_dd;orphadata_genes;panelapp_au_id;panelapp_ge_id;sysndd,974,614789,MONDO:0007034,0,
HGNC:3373,EP300,EP300 lysine acetyltransferase,ndd_only,,T1,ndd_no_documented_epilepsy,7,clingen;g2p_dd;orphadata_genes;panelapp_au_id;panelapp_ge_id;sfari;sysndd,353284,602700,MONDO:0013364,1,Rubinstein-Taybi Syndrome Foundation (CREBBP and EP300)
HGNC:3378,EPB41L1,erythrocyte membrane protein band 4.1 like 1,ndd_only,,T2,ndd_no_documented_epilepsy,6,clingen;g2p_dd;orphadata_genes;panelapp_au_id;panelapp_ge_id;sysndd,178469,602879,MONDO:0015802,0,
HGNC:13278,EPB41L4A,erythrocyte membrane protein band 4.1 like 4A,ndd_only,,T3,ndd_no_documented_epilepsy,1,sysndd,,612141,,0,
HGNC:24543,EPC2,enhancer of polycomb 2,ndd_only,,T2,ndd_no_documented_epilepsy,1,sfari,,611000,,0,
HGNC:11529,EPCAM,epithelial cell adhesion molecule,ndd_only,,T1,ndd_no_documented_epilepsy,3,clingen;g2p_dd;orphadata_genes,144;92050,185535,MONDO:0005835;MONDO:0013184,0,
HGNC:3385,EPHA1,EPH receptor A1,ndd_only,,T2,ndd_no_documented_epilepsy,1,sfari,,179610,,0,
HGNC:3388,EPHA4,EPH receptor A4,ndd_only,,T3,ndd_no_documented_epilepsy,1,sysndd,,602188,,0,
HGNC:3389,EPHA5,EPH receptor A5,ndd_only,,T3,ndd_no_documented_epilepsy,1,sysndd,,600004,,0,
HGNC:3390,EPHA7,EPH receptor A7,ndd_only,,T2,ndd_no_documented_epilepsy,3,panelapp_au_id;panelapp_ge_id;sysndd,,602190,,0,
HGNC:3392,EPHB1,EPH receptor B1,ndd_only,,T3,ndd_no_documented_epilepsy,1,sfari,,600600,,0,
HGNC:3393,EPHB2,EPH receptor B2,ndd_only,,T2,ndd_no_documented_epilepsy,3,clingen;sfari;sysndd,,600997,,0,
HGNC:3395,EPHB4,EPH receptor B4,ndd_only,,T1,ndd_no_documented_epilepsy,3,clingen;g2p_dd;orphadata_genes,1053;568065;693912;90186,600011,MONDO:0007920;MONDO:0015196;MONDO:0020785;MONDO:0035475,0,
HGNC:3396,EPHB6,EPH receptor B6,ndd_only,,T3,ndd_no_documented_epilepsy,1,sysndd,,602757,,0,
HGNC:15577,EPPK1,epiplakin 1,ndd_only,,T2,ndd_no_documented_epilepsy,2,panelapp_ge_id;sfari,,607553,,0,
HGNC:3418,EPRS1,glutamyl-prolyl-tRNA synthetase 1,ndd_only,,T1,ndd_no_documented_epilepsy,3,g2p_dd;panelapp_au_id;sysndd,,138295,,0,
HGNC:3431,ERBB3,erb-b2 receptor tyrosine kinase 3,ndd_only,,T1,ndd_no_documented_epilepsy,2,g2p_dd;orphadata_genes,137776;388,190151,MONDO:0011868;MONDO:0018309,0,
HGNC:3432,ERBB4,erb-b2 receptor tyrosine kinase 4,ndd_only,,T2,ndd_no_documented_epilepsy,5,clingen;orphadata_genes;panelapp_au_id;panelapp_ge_id;sysndd,178469;803,600543,MONDO:0004976;MONDO:0015802,0,
HGNC:15842,ERBIN,erbb2 interacting protein,ndd_only,,T2,ndd_no_documented_epilepsy,3,clingen;orphadata_genes;sfari,656912,606944,MONDO:0958120,0,
HGNC:3433,ERCC1,"ERCC excision repair 1, endonuclease non-catalytic subunit",ndd_only,,T1,ndd_no_documented_epilepsy,5,g2p_dd;orphadata_genes;panelapp_au_id;panelapp_ge_id;sysndd,1466;90322,126380,MONDO:0008926;MONDO:0019570,0,
HGNC:3434,ERCC2,"ERCC excision repair 2, TFIIH core complex helicase subunit",ndd_only,,T1,ndd_no_documented_epilepsy,6,clingen;g2p_dd;orphadata_genes;panelapp_au_id;panelapp_ge_id;sysndd,1466;220295;33364;910,126340,MONDO:0008926;MONDO:0016354;MONDO:0018053;MONDO:0019600,0,
HGNC:3435,ERCC3,"ERCC excision repair 3, TFIIH core complex helicase subunit",ndd_only,,T1,ndd_no_documented_epilepsy,6,clingen;g2p_dd;orphadata_genes;panelapp_au_id;panelapp_ge_id;sysndd,220295;33364;910,133510,MONDO:0016354;MONDO:0018053;MONDO:0019600,0,
HGNC:3436,ERCC4,"ERCC excision repair 4, endonuclease catalytic subunit",ndd_only,,T1,ndd_no_documented_epilepsy,6,clingen;g2p_dd;orphadata_genes;panelapp_au_id;panelapp_ge_id;sysndd,220295;84;90321;910,133520,MONDO:0016354;MONDO:0019391;MONDO:0019569;MONDO:0019600,0,
HGNC:3437,ERCC5,"ERCC excision repair 5, endonuclease",ndd_only,,T1,ndd_no_documented_epilepsy,6,clingen;g2p_dd;orphadata_genes;panelapp_au_id;panelapp_ge_id;sysndd,1466;220295;910,133530,MONDO:0008926;MONDO:0016354;MONDO:0019600,0,
HGNC:3438,ERCC6,"ERCC excision repair 6, chromatin remodeling factor",ndd_only,,T1,ndd_no_documented_epilepsy,6,clingen;g2p_dd;orphadata_genes;panelapp_au_id;panelapp_ge_id;sysndd,1466;178338;90321;90322;90324,609413,MONDO:0008926;MONDO:0008998;MONDO:0015797;MONDO:0019569;MONDO:0019570,0,
HGNC:26922,ERCC6L2,ERCC excision repair 6 like 2,ndd_only,,T1,ndd_no_documented_epilepsy,6,clingen;g2p_dd;orphadata_genes;panelapp_au_id;panelapp_ge_id;sysndd,319465;401764,615667,MONDO:0014317;MONDO:0017893,0,
HGNC:3439,ERCC8,"ERCC excision repair 8, CSA ubiquitin ligase complex subunit",ndd_only,,T1,ndd_no_documented_epilepsy,6,clingen;g2p_dd;orphadata_genes;panelapp_au_id;panelapp_ge_id;sysndd,178338;90321;90322;90324,609412,MONDO:0008998;MONDO:0015797;MONDO:0019569;MONDO:0019570,0,
HGNC:3444,ERF,ETS2 repressor factor,ndd_only,,T1,ndd_no_documented_epilepsy,6,clingen;g2p_dd;orphadata_genes;panelapp_au_id;panelapp_ge_id;sysndd,647681;726700,611888,MONDO:0957473,0,
HGNC:3446,ERG,ETS transcription factor ERG,ndd_only,,T2,ndd_no_documented_epilepsy,2,orphadata_genes;sfari,319;370334,165080,MONDO:0012817;MONDO:0018270,0,
HGNC:29205,ERGIC1,endoplasmic reticulum-golgi intermediate compartment 1,ndd_only,,T3,ndd_no_documented_epilepsy,2,orphadata_genes;sysndd,1143,617946,MONDO:0008823,0,
HGNC:15927,ERGIC3,ERGIC and golgi 3,ndd_only,,T2,ndd_no_documented_epilepsy,2,panelapp_au_id;panelapp_ge_id,,616971,,0,
HGNC:23994,ERI1,exoribonuclease 1,ndd_only,,T1,ndd_no_documented_epilepsy,4,g2p_dd;panelapp_au_id;panelapp_ge_id;sysndd,,608739,,0,
HGNC:16947,ERLIN1,ER lipid raft associated 1,ndd_only,,T1,ndd_no_documented_epilepsy,3,clingen;orphadata_genes;sysndd,300605;401785,611604,MONDO:0014302;MONDO:0017593,0,
HGNC:1356,ERLIN2,ER lipid raft associated 2,ndd_only,,T1,ndd_no_documented_epilepsy,6,clingen;g2p_dd;orphadata_genes;panelapp_au_id;panelapp_ge_id;sysndd,209951;247604;280384,611605,MONDO:0011663;MONDO:0012639;MONDO:0017232,0,
HGNC:29208,ERMN,ermin,ndd_only,,T2,ndd_no_documented_epilepsy,1,sfari,,610072,,0,
HGNC:27230,ESCO2,establishment of sister chromatid cohesion N-acetyltransferase 2,ndd_only,,T1,ndd_no_documented_epilepsy,6,clingen;g2p_dd;orphadata_genes;panelapp_au_id;panelapp_ge_id;sysndd,2319;3103,609353,MONDO:0008992;MONDO:0100253,0,
HGNC:3468,ESR2,estrogen receptor 2,ndd_only,,T2,ndd_no_documented_epilepsy,2,orphadata_genes;sfari,99361,601663,MONDO:0007958,0,
HGNC:3473,ESRRB,estrogen related receptor beta,ndd_only,,T1,ndd_no_documented_epilepsy,3,clingen;orphadata_genes;sfari,90636,602167,MONDO:0019588,0,
HGNC:3474,ESRRG,estrogen related receptor gamma,ndd_only,,T2,ndd_no_documented_epilepsy,2,panelapp_au_id;sysndd,,602969,,0,
HGNC:14865,ESX1,ESX homeobox 1,ndd_only,,T3,ndd_no_documented_epilepsy,1,panelapp_ge_id,,300154,,0,
HGNC:3481,ETFA,electron transfer flavoprotein subunit alpha,ndd_only,,T1,ndd_no_documented_epilepsy,5,clingen;g2p_dd;orphadata_genes;panelapp_au_id;panelapp_ge_id,394529;394532,608053,MONDO:0018332;MONDO:0018333,0,
HGNC:3482,ETFB,electron transfer flavoprotein subunit beta,ndd_only,,T1,ndd_no_documented_epilepsy,6,clingen;g2p_dd;orphadata_genes;panelapp_au_id;panelapp_ge_id;sfari,394529;394532,130410,MONDO:0018332;MONDO:0018333,0,
HGNC:3483,ETFDH,electron transfer flavoprotein dehydrogenase,ndd_only,,T1,ndd_no_documented_epilepsy,5,clingen;g2p_dd;orphadata_genes;panelapp_au_id;panelapp_ge_id,394529;394532,231675,MONDO:0018332;MONDO:0018333,0,
HGNC:3488,ETS1,"ETS proto-oncogene 1, transcription factor",ndd_only,,T2,ndd_no_documented_epilepsy,3,clingen;orphadata_genes;panelapp_au_id,536,164720,MONDO:0007915,0,
HGNC:3497,EVC,EvC ciliary complex subunit 1,ndd_only,,T1,ndd_no_documented_epilepsy,5,clingen;g2p_dd;orphadata_genes;panelapp_au_id;panelapp_ge_id,289;952,604831,MONDO:0008673;MONDO:0009162,0,
HGNC:19747,EVC2,EvC ciliary complex subunit 2,ndd_only,,T1,ndd_no_documented_epilepsy,5,clingen;g2p_dd;orphadata_genes;panelapp_au_id;panelapp_ge_id,289;952,607261,MONDO:0008673;MONDO:0009162,0,
HGNC:24968,EXOC2,exocyst complex component 2,ndd_only,,T2,ndd_no_documented_epilepsy,4,clingen;panelapp_au_id;panelapp_ge_id;sysndd,,615329,,0,
HGNC:30378,EXOC3,exocyst complex component 3,ndd_only,,T2,ndd_no_documented_epilepsy,1,sfari,,608186,,0,
HGNC:30162,EXOC3L2,exocyst complex component 3 like 2,ndd_only,,T3,ndd_no_documented_epilepsy,1,sysndd,,616927,,0,
HGNC:10696,EXOC5,exocyst complex component 5,ndd_only,,T2,ndd_no_documented_epilepsy,1,sfari,,604469,,0,
HGNC:23196,EXOC6,exocyst complex component 6,ndd_only,,T2,ndd_no_documented_epilepsy,1,sfari,,609672,,0,
HGNC:17085,EXOC6B,exocyst complex component 6B,ndd_only,,T1,ndd_no_documented_epilepsy,4,clingen;orphadata_genes;sfari;sysndd,642085,607880,MONDO:0032724,0,
HGNC:24659,EXOC8,exocyst complex component 8,ndd_only,,T2,ndd_no_documented_epilepsy,2,panelapp_au_id;sysndd,,615283,,0,
HGNC:9138,EXOSC10,exosome component 10,ndd_only,,T2,ndd_no_documented_epilepsy,2,panelapp_au_id;sysndd,,605960,,0,
HGNC:17097,EXOSC2,exosome component 2,ndd_only,,T1,ndd_no_documented_epilepsy,5,clingen;g2p_dd;orphadata_genes;panelapp_au_id;sysndd,494439,602238,MONDO:0044634,0,
HGNC:18189,EXOSC4,exosome component 4,ndd_only,,T2,ndd_no_documented_epilepsy,2,panelapp_au_id;sysndd,,606491,,0,
HGNC:24662,EXOSC5,exosome component 5,ndd_only,,T1,ndd_no_documented_epilepsy,2,orphadata_genes;sysndd,641361,606492,MONDO:0859200,0,
HGNC:17035,EXOSC8,exosome component 8,ndd_only,,T1,ndd_with_epilepsy,6,g2p_dd;orphadata_genes;panelapp_au_epilepsy;panelapp_au_id;panelapp_ge_id;sysndd,2254,606019,MONDO:0016396,0,
HGNC:9137,EXOSC9,exosome component 9,ndd_only,,T1,ndd_no_documented_epilepsy,3,g2p_dd;orphadata_genes;sysndd,2254,606180,MONDO:0016396,0,
HGNC:30578,EXPH5,exophilin 5,ndd_only,,T1,ndd_no_documented_epilepsy,2,g2p_dd;orphadata_genes,412189,612878,MONDO:0014014,0,
HGNC:3512,EXT1,exostosin glycosyltransferase 1,ndd_only,,T1,ndd_no_documented_epilepsy,5,clingen;g2p_dd;orphadata_genes;panelapp_ge_id;sfari,321;502;55880,608177,MONDO:0005508;MONDO:0007874;MONDO:0008977,0,
HGNC:3518,EXTL3,exostosin like glycosyltransferase 3,ndd_only,,T1,ndd_no_documented_epilepsy,6,clingen;g2p_dd;orphadata_genes;panelapp_au_id;panelapp_ge_id;sysndd,508533,605744,MONDO:0033682,0,
HGNC:3519,EYA1,EYA transcriptional coactivator and phosphatase 1,ndd_only,,T1,ndd_no_documented_epilepsy,4,clingen;g2p_dd;orphadata_genes;panelapp_ge_id,107;52429;720341,601653,MONDO:0007029;MONDO:0018878,0,
HGNC:3526,EZH1,enhancer of zeste 1 polycomb repressive complex 2 subunit,ndd_only,,T1,ndd_no_documented_epilepsy,4,g2p_dd;panelapp_au_id;panelapp_ge_id;sysndd,,601674,,0,
HGNC:3527,EZH2,enhancer of zeste 2 polycomb repressive complex 2 subunit,ndd_only,,T1,ndd_no_documented_epilepsy,6,clingen;g2p_dd;orphadata_genes;panelapp_au_id;panelapp_ge_id;sysndd,3447,601573,MONDO:0010193,0,
HGNC:12691,EZR,ezrin,ndd_only,,T3,ndd_no_documented_epilepsy,2,orphadata_genes;sysndd,88616,123900,MONDO:0019502,0,
HGNC:3542,F5,coagulation factor V,ndd_only,,T1,ndd_no_documented_epilepsy,3,clingen;orphadata_genes;panelapp_ge_id,131;326;329217;391320;599579;600194,612309,MONDO:0009210;MONDO:0010947;MONDO:0011615;MONDO:0017993;MONDO:0035743;MONDO:0035759,0,
HGNC:26440,FAAH2,fatty acid amide hydrolase 2,ndd_only,,T2,ndd_no_documented_epilepsy,4,clingen;panelapp_au_id;panelapp_ge_id;sysndd,,300654,,0,
HGNC:3559,FABP4,fatty acid binding protein 4,ndd_only,,T3,ndd_no_documented_epilepsy,1,sfari,,600434,,0,
HGNC:3560,FABP5,fatty acid binding protein 5,ndd_only,,T2,ndd_no_documented_epilepsy,1,sfari,,605168,,0,
HGNC:3579,FAH,fumarylacetoacetate hydrolase,ndd_only,,T1,ndd_no_documented_epilepsy,4,clingen;g2p_dd;orphadata_genes;panelapp_ge_id,882,613871,MONDO:0010161,0,
HGNC:24725,FAM111A,FAM111 trypsin like peptidase A,ndd_only,,T1,ndd_no_documented_epilepsy,5,clingen;g2p_dd;orphadata_genes;panelapp_au_id;panelapp_ge_id,2763;93325,615292,MONDO:0007478;MONDO:0011215,0,
HGNC:24200,FAM111B,FAM111 trypsin like peptidase B,ndd_only,,T2,ndd_no_documented_epilepsy,3,clingen;orphadata_genes;panelapp_ge_id,221043,615584,MONDO:0014310,0,
HGNC:23389,FAM120AOS,family with sequence similarity 120 member A opposite strand,ndd_only,,T3,ndd_no_documented_epilepsy,1,sysndd,,,,0,
HGNC:16949,FAM120C,family with sequence similarity 120 member C,ndd_only,,T2,ndd_no_documented_epilepsy,2,panelapp_ge_id;sysndd,,300741,,0,
HGNC:29162,FAM149B1,family with sequence similarity 149 member B1,ndd_only,,T1,ndd_no_documented_epilepsy,5,clingen;g2p_dd;orphadata_genes;panelapp_au_id;sysndd,2754,618413,MONDO:0010176,0,
HGNC:25808,FAM161A,FAM161 centrosomal protein A,ndd_only,,T1,ndd_no_documented_epilepsy,3,g2p_dd;orphadata_genes;panelapp_ge_id,791,613596,MONDO:0019200,0,
HGNC:23015,FAM20A,FAM20A golgi associated secretory pathway pseudokinase,ndd_only,,T1,ndd_no_documented_epilepsy,3,g2p_dd;orphadata_genes;panelapp_ge_id,1031,611062,MONDO:0008771,0,
HGNC:22140,FAM20C,FAM20C golgi associated secretory pathway kinase,ndd_only,,T1,ndd_no_documented_epilepsy,6,clingen;g2p_dd;orphadata_genes;panelapp_au_id;panelapp_ge_id;sysndd,1832,611061,MONDO:0009821,0,
HGNC:25915,FAM222A,family with sequence similarity 222 member A,ndd_only,,T3,ndd_no_documented_epilepsy,1,sysndd,,,,0,
HGNC:25563,FAM222B,family with sequence similarity 222 member B,ndd_only,,T3,ndd_no_documented_epilepsy,1,sysndd,,,,0,
HGNC:29288,FAM234B,family with sequence similarity 234 member B,ndd_only,,T3,ndd_no_documented_epilepsy,1,sysndd,,617838,,0,
HGNC:29962,FAM47A,family with sequence similarity 47 member A,ndd_only,,T2,ndd_no_documented_epilepsy,1,sfari,,,,0,
HGNC:26659,FAM47B,family with sequence similarity 47 member B,ndd_only,,T3,ndd_no_documented_epilepsy,1,panelapp_ge_id,,,,0,
HGNC:18786,FAM50A,family with sequence similarity 50 member A,ndd_only,,T1,ndd_with_epilepsy,6,orphadata_genes;panelapp_au_epilepsy;panelapp_au_id;panelapp_ge_epilepsy;panelapp_ge_id;sysndd,528084,300453,MONDO:0100038,0,
HGNC:1336,FAM53C,family with sequence similarity 53 member C,ndd_only,,T3,ndd_no_documented_epilepsy,1,sfari,,609372,,0,
HGNC:16372,FAM8A1,family with sequence similarity 8 member A1,ndd_only,,T3,ndd_no_documented_epilepsy,1,sysndd,,618409,,0,
HGNC:26306,FAM91A1,family with sequence similarity 91 member A1,ndd_only,,T3,ndd_no_documented_epilepsy,1,sysndd,,,,0,
HGNC:29170,FAN1,FANCD2 and FANCI associated nuclease 1,ndd_only,,T1,ndd_no_documented_epilepsy,3,clingen;orphadata_genes;sfari,401996,613534,MONDO:0013898,0,
HGNC:3582,FANCA,FA complementation group A,ndd_only,,T1,ndd_no_documented_epilepsy,5,clingen;g2p_dd;orphadata_genes;panelapp_ge_id;sysndd,84,607139,MONDO:0019391,0,
HGNC:3583,FANCB,FA complementation group B,ndd_only,,T1,ndd_no_documented_epilepsy,6,clingen;g2p_dd;orphadata_genes;panelapp_au_id;panelapp_ge_id;sysndd,3412;84,300515,MONDO:0010172;MONDO:0019391,0,
HGNC:3584,FANCC,FA complementation group C,ndd_only,,T1,ndd_no_documented_epilepsy,5,clingen;g2p_dd;orphadata_genes;panelapp_ge_id;sysndd,84,613899,MONDO:0019391,0,
HGNC:3585,FANCD2,FA complementation group D2,ndd_only,,T1,ndd_no_documented_epilepsy,6,clingen;g2p_dd;orphadata_genes;panelapp_au_id;panelapp_ge_id;sysndd,84,613984,MONDO:0019391,0,
HGNC:3586,FANCE,FA complementation group E,ndd_only,,T1,ndd_no_documented_epilepsy,5,clingen;g2p_dd;orphadata_genes;panelapp_ge_id;sysndd,84,613976,MONDO:0019391,0,
HGNC:3587,FANCF,FA complementation group F,ndd_only,,T1,ndd_no_documented_epilepsy,5,clingen;g2p_dd;orphadata_genes;panelapp_ge_id;sysndd,84,613897,MONDO:0019391,0,
HGNC:3588,FANCG,FA complementation group G,ndd_only,,T1,ndd_no_documented_epilepsy,6,clingen;g2p_dd;orphadata_genes;panelapp_au_id;panelapp_ge_id;sysndd,84,602956,MONDO:0019391,0,
HGNC:25568,FANCI,FA complementation group I,ndd_only,,T1,ndd_no_documented_epilepsy,5,clingen;g2p_dd;orphadata_genes;panelapp_ge_id;sysndd,84,611360,MONDO:0019391,0,
HGNC:20748,FANCL,FA complementation group L,ndd_only,,T1,ndd_no_documented_epilepsy,4,clingen;g2p_dd;orphadata_genes;sysndd,84,608111,MONDO:0019391,0,
HGNC:23168,FANCM,FA complementation group M,ndd_only,,T1,ndd_no_documented_epilepsy,3,clingen;g2p_dd;orphadata_genes,399805;84,609644,MONDO:0018393;MONDO:0019391,0,
HGNC:3592,FARSA,phenylalanyl-tRNA synthetase subunit alpha,ndd_only,,T1,ndd_no_documented_epilepsy,4,orphadata_genes;panelapp_au_id;panelapp_ge_id;sysndd,178506,602918,MONDO:0100215,0,
HGNC:17800,FARSB,phenylalanyl-tRNA synthetase subunit beta,ndd_only,,T2,ndd_no_documented_epilepsy,4,orphadata_genes;panelapp_au_id;panelapp_ge_id;sysndd,178506,609690,MONDO:0100215,0,
HGNC:3594,FASN,fatty acid synthase,ndd_only,,T3,ndd_no_documented_epilepsy,3,g2p_dd;panelapp_ge_id;sysndd,,600212,,0,
HGNC:25790,FASTKD5,FASTK mitochondrial RNA regulator 5,ndd_only,,T2,ndd_no_documented_epilepsy,3,g2p_dd;panelapp_au_id;sysndd,,614272,,0,
HGNC:3595,FAT1,FAT atypical cadherin 1,ndd_only,,T1,ndd_no_documented_epilepsy,3,clingen;sfari;sysndd,,600976,,0,
HGNC:23109,FAT4,FAT atypical cadherin 4,ndd_only,,T1,ndd_no_documented_epilepsy,6,clingen;g2p_dd;orphadata_genes;panelapp_au_id;panelapp_ge_id;sysndd,2136;314679,612411,MONDO:0016256;MONDO:0017813,0,
HGNC:3600,FBLN1,fibulin 1,ndd_only,,T3,ndd_no_documented_epilepsy,2,g2p_dd;orphadata_genes,295197;404451,135820,MONDO:0011984;MONDO:0018443,0,
HGNC:3602,FBLN5,fibulin 5,ndd_only,,T2,ndd_no_documented_epilepsy,4,clingen;orphadata_genes;panelapp_au_id;panelapp_ge_id,280598;90348;90349,604580,MONDO:0017237;MONDO:0019571;MONDO:0019572,0,
HGNC:3603,FBN1,fibrillin 1,ndd_only,,T1,ndd_no_documented_epilepsy,7,clingen;g2p_dd;orphadata_genes;panelapp_au_id;panelapp_ge_id;sfari;sysndd,1885;2084;2462;2623;2833;284963;284979;300382;3449;91387;969,134797,MONDO:0000127;MONDO:0007055;MONDO:0007947;MONDO:0008426;MONDO:0008492;MONDO:0012013;MONDO:0014831;MONDO:0015998;MONDO:0017309;MONDO:0018096;MONDO:0019625,0,
HGNC:3604,FBN2,fibrillin 2,ndd_only,,T1,ndd_no_documented_epilepsy,4,clingen;g2p_dd;orphadata_genes;panelapp_ge_id,115,612570,MONDO:0007363,0,
HGNC:18794,FBN3,fibrillin 3,ndd_only,,T2,ndd_no_documented_epilepsy,1,sysndd,,608529,,0,
HGNC:3606,FBP1,fructose-bisphosphatase 1,ndd_only,,T1,ndd_no_documented_epilepsy,4,clingen;g2p_dd;orphadata_genes;panelapp_ge_id,348,611570,MONDO:0009251,0,
HGNC:29308,FBRSL1,fibrosin like 1,ndd_only,,T1,ndd_no_documented_epilepsy,4,panelapp_au_id;panelapp_ge_id;sfari;sysndd,,620123,,0,
HGNC:21658,FBXL13,F-box and leucine rich repeat protein 13,ndd_only,,T3,ndd_no_documented_epilepsy,1,sfari,,609080,,0,
HGNC:13599,FBXL3,F-box and leucine rich repeat protein 3,ndd_only,,T1,ndd_no_documented_epilepsy,3,panelapp_au_id;panelapp_ge_id;sysndd,,605653,,0,
HGNC:13604,FBXL7,F-box and leucine rich repeat protein 7,ndd_only,,T3,ndd_no_documented_epilepsy,1,sysndd,,605656,,0,
HGNC:13589,FBXO10,F-box protein 10,ndd_only,,T3,ndd_no_documented_epilepsy,1,sysndd,,609092,,0,
HGNC:13593,FBXO22,F-box protein 22,ndd_only,,T1,ndd_no_documented_epilepsy,3,panelapp_au_id;panelapp_ge_id;sysndd,,609096,,0,
HGNC:13596,FBXO25,F-box protein 25,ndd_only,,T3,ndd_no_documented_epilepsy,1,panelapp_ge_id,,609098,,0,
HGNC:16510,FBXO31,F-box protein 31,ndd_only,,T1,ndd_no_documented_epilepsy,4,orphadata_genes;panelapp_au_id;panelapp_ge_id;sysndd,88616,609102,MONDO:0019502,0,
HGNC:19833,FBXO33,F-box protein 33,ndd_only,,T2,ndd_no_documented_epilepsy,1,sfari,,609103,,0,
HGNC:29816,FBXO40,F-box protein 40,ndd_only,,T2,ndd_no_documented_epilepsy,1,sfari,,609107,,0,
HGNC:31969,FBXO47,F-box protein 47,ndd_only,,T3,ndd_no_documented_epilepsy,1,sysndd,,609498,,0,
HGNC:13586,FBXO7,F-box protein 7,ndd_only,,T3,ndd_no_documented_epilepsy,2,orphadata_genes;panelapp_ge_id,171695,605648,MONDO:0009830,0,
HGNC:13587,FBXO8,F-box protein 8,ndd_only,,T3,ndd_no_documented_epilepsy,1,panelapp_ge_id,,605649,,0,
HGNC:13607,FBXW11,F-box and WD repeat domain containing 11,ndd_only,,T1,ndd_no_documented_epilepsy,5,g2p_dd;orphadata_genes;panelapp_au_id;panelapp_ge_id;sysndd,528084,605651,MONDO:0100038,0,
HGNC:10847,FBXW4,F-box and WD repeat domain containing 4,ndd_only,,T3,ndd_no_documented_epilepsy,3,g2p_dd;orphadata_genes;panelapp_ge_id,2440,608071,MONDO:0016576,0,
HGNC:31910,FCRL6,Fc receptor like 6,ndd_only,,T2,ndd_no_documented_epilepsy,2,sfari;sysndd,,613562,,0,
HGNC:3631,FDPS,farnesyl diphosphate synthase,ndd_only,,T3,ndd_no_documented_epilepsy,2,orphadata_genes;sysndd,79152,134629,MONDO:0019212,0,
HGNC:3642,FDXR,ferredoxin reductase,ndd_only,,T1,ndd_no_documented_epilepsy,6,clingen;g2p_dd;orphadata_genes;panelapp_au_id;panelapp_ge_id;sysndd,542585;543470,103270,MONDO:0034092;MONDO:0060582,0,
HGNC:3649,FEM1B,fem-1 homolog B,ndd_only,,T1,ndd_no_documented_epilepsy,4,g2p_dd;panelapp_au_id;panelapp_ge_id;sysndd,,613539,,0,
HGNC:16933,FEM1C,fem-1 homolog C,ndd_only,,T2,ndd_no_documented_epilepsy,5,clingen;g2p_dd;panelapp_au_id;panelapp_ge_id;sysndd,,608767,,0,
HGNC:1184,FERRY3,FERRY endosomal RAB5 effector complex subunit 3,ndd_only,,T1,ndd_no_documented_epilepsy,4,orphadata_genes;panelapp_au_id;panelapp_ge_id;sysndd,88616,616082,MONDO:0019502,0,
HGNC:18562,FEV,"FEV transcription factor, ETS family member",ndd_only,,T3,ndd_no_documented_epilepsy,1,sysndd,,607150,,0,
HGNC:22788,FEZF1,FEZ family zinc finger 1,ndd_only,,T1,ndd_no_documented_epilepsy,2,g2p_dd;orphadata_genes,478,613301,MONDO:0018800,0,
HGNC:13506,FEZF2,FEZ family zinc finger 2,ndd_only,,T1,ndd_no_documented_epilepsy,4,g2p_dd;panelapp_au_id;sfari;sysndd,,607414,,0,
HGNC:3661,FGA,fibrinogen alpha chain,ndd_only,,T1,ndd_no_documented_epilepsy,3,clingen;orphadata_genes;sfari,101041;248408;93562;98880;98881,134820,MONDO:0008737;MONDO:0014452;MONDO:0015096;MONDO:0016638;MONDO:0019733,0,
HGNC:3663,FGD1,"FYVE, RhoGEF and PH domain containing 1",ndd_only,,T1,ndd_no_documented_epilepsy,6,clingen;g2p_dd;orphadata_genes;panelapp_au_id;panelapp_ge_id;sysndd,915,300546,MONDO:0021005,0,
HGNC:19125,FGD4,"FYVE, RhoGEF and PH domain containing 4",ndd_only,,T1,ndd_no_documented_epilepsy,3,clingen;orphadata_genes;panelapp_ge_id,99954,611104,MONDO:0012250,0,
HGNC:3666,FGF10,fibroblast growth factor 10,ndd_only,,T1,ndd_no_documented_epilepsy,3,g2p_dd;orphadata_genes;panelapp_ge_id,2363;86815,602115,MONDO:0007872;MONDO:0008397,0,
HGNC:3671,FGF14,fibroblast growth factor 14,ndd_only,,T1,ndd_no_documented_epilepsy,6,g2p_dd;orphadata_genes;panelapp_au_id;panelapp_ge_id;sfari;sysndd,675216;98764,601515,MONDO:0012247;MONDO:0859340,0,
HGNC:3681,FGF3,fibroblast growth factor 3,ndd_only,,T1,ndd_no_documented_epilepsy,5,clingen;g2p_dd;orphadata_genes;panelapp_au_id;panelapp_ge_id,2791;90024;99806,164950,MONDO:0008161;MONDO:0012541;MONDO:0020494,0,
HGNC:3687,FGF9,fibroblast growth factor 9,ndd_only,,T1,ndd_no_documented_epilepsy,3,clingen;g2p_dd;orphadata_genes,3237,600921,MONDO:0017923,0,
HGNC:3688,FGFR1,fibroblast growth factor receptor 1,ndd_only,,T1,ndd_with_epilepsy,8,clingen;g2p_dd;orphadata_genes;panelapp_au_epilepsy;panelapp_au_id;panelapp_ge_id;sfari;sysndd,168953;2117;220386;2396;251576;251579;251615;2645;280200;314950;3157;3366;432;478;93258;93924;99798,136350,MONDO:0005486;MONDO:0008150;MONDO:0008428;MONDO:0013074;MONDO:0013296;MONDO:0014196;MONDO:0016681;MONDO:0016682;MONDO:0016692;MONDO:0017219;MONDO:0017833;MONDO:0018065;MONDO:0018555;MONDO:0018800;MONDO:0019659;MONDO:0019756;MONDO:0700419,0,
HGNC:3689,FGFR2,fibroblast growth factor receptor 2,ndd_only,,T1,ndd_no_documented_epilepsy,6,clingen;g2p_dd;orphadata_genes;panelapp_au_id;panelapp_ge_id;sysndd,1540;1555;168624;207;2363;313855;596008;794;87;93258;93259;93260,176943,MONDO:0007041;MONDO:0007042;MONDO:0007400;MONDO:0007405;MONDO:0007412;MONDO:0007872;MONDO:0012307;MONDO:0013815;MONDO:0019659;MONDO:0019660;MONDO:0019661;MONDO:0020667,0,
HGNC:29320,FHIP2A,FHF complex subunit HOOK interacting protein 2A,ndd_only,,T3,ndd_no_documented_epilepsy,3,panelapp_au_id;panelapp_ge_id;sysndd,,617312,,0,
HGNC:3701,FHIT,fragile histidine triad diadenosine triphosphatase,ndd_only,,T2,ndd_no_documented_epilepsy,2,orphadata_genes;sfari,422526,601153,MONDO:0018492,0,
HGNC:3702,FHL1,four and a half LIM domains 1,ndd_only,,T1,ndd_no_documented_epilepsy,3,g2p_dd;orphadata_genes;panelapp_ge_id,178461;431272;97239;98863,300163,MONDO:0010400;MONDO:0010401;MONDO:0010680;MONDO:0019948,0,
HGNC:25922,FIBCD1,fibrinogen C domain containing 1,ndd_only,,T2,ndd_no_documented_epilepsy,2,panelapp_au_id;sysndd,,613357,,0,
HGNC:3705,FIBP,FGF1 intracellular binding protein,ndd_only,,T1,ndd_no_documented_epilepsy,5,g2p_dd;orphadata_genes;panelapp_au_id;panelapp_ge_id;sysndd,500095,608296,MONDO:0014918,0,
HGNC:18416,FICD,FIC domain protein adenylyltransferase,ndd_only,,T2,ndd_no_documented_epilepsy,4,g2p_dd;panelapp_au_id;panelapp_ge_id;sysndd,,620875,,0,
HGNC:21015,FILIP1,filamin A interacting protein 1,ndd_only,,T1,ndd_no_documented_epilepsy,3,g2p_dd;panelapp_ge_id;sysndd,,607307,,0,
HGNC:16135,FITM2,fat storage inducing transmembrane protein 2,ndd_only,,T1,ndd_no_documented_epilepsy,3,clingen;panelapp_au_id;sysndd,,612029,,0,
HGNC:18169,FKBP10,FKBP prolyl isomerase 10,ndd_only,,T1,ndd_no_documented_epilepsy,2,g2p_dd;orphadata_genes,1149;216812;216820;2771,607063,MONDO:0008148;MONDO:0009804;MONDO:0015241;MONDO:0017195,0,
HGNC:18625,FKBP14,FKBP prolyl isomerase 14,ndd_only,,T1,ndd_no_documented_epilepsy,3,g2p_dd;orphadata_genes;panelapp_ge_id,300179,614505,MONDO:0013800,0,
HGNC:3720,FKBP4,FKBP prolyl isomerase 4,ndd_only,,T2,ndd_no_documented_epilepsy,1,panelapp_au_id,,600611,,0,
HGNC:3722,FKBP6,FKBP prolyl isomerase family member 6 (inactive),ndd_only,,T3,ndd_no_documented_epilepsy,2,orphadata_genes;panelapp_ge_id,904,604839,MONDO:0008678,0,
HGNC:13949,FKBPL,FKBP prolyl isomerase like,ndd_only,,T3,ndd_no_documented_epilepsy,1,panelapp_ge_id,,617076,,0,
HGNC:24671,FLAD1,flavin adenine dinucleotide synthetase 1,ndd_only,,T1,ndd_no_documented_epilepsy,4,clingen;g2p_dd;orphadata_genes;panelapp_ge_id,394529;394532,610595,MONDO:0018332;MONDO:0018333,0,
HGNC:3748,FLG,filaggrin,ndd_only,,T3,ndd_no_documented_epilepsy,3,g2p_dd;orphadata_genes;sysndd,461,135940,MONDO:0010622,0,
HGNC:3755,FLNB,filamin B,ndd_only,,T1,ndd_no_documented_epilepsy,6,clingen;g2p_dd;orphadata_genes;panelapp_au_id;panelapp_ge_id;sysndd,1190;1263;3275;503;56305,603381,MONDO:0007167;MONDO:0007168;MONDO:0007208;MONDO:0007875;MONDO:0010094,0,
HGNC:3763,FLT1,fms related receptor tyrosine kinase 1,ndd_only,,T3,ndd_no_documented_epilepsy,2,orphadata_genes;sysndd,275555,165070,MONDO:0005081,0,
HGNC:3767,FLT4,fms related receptor tyrosine kinase 4,ndd_only,,T1,ndd_no_documented_epilepsy,4,clingen;g2p_dd;orphadata_genes;panelapp_ge_id,3303;79452,136352,MONDO:0007919;MONDO:0008542,0,
HGNC:20105,FLVCR2,FLVCR choline and putative heme transporter 2,ndd_only,,T1,ndd_no_documented_epilepsy,6,clingen;g2p_dd;orphadata_genes;panelapp_au_id;panelapp_ge_id;sysndd,221126,610865,MONDO:0009168,0,
HGNC:14074,FMN2,formin 2,ndd_only,,T1,ndd_no_documented_epilepsy,5,g2p_dd;orphadata_genes;panelapp_au_id;panelapp_ge_id;sysndd,88616,606373,MONDO:0019502,0,
HGNC:3772,FMO4,flavin containing dimethylaniline monoxygenase 4,ndd_only,,T3,ndd_no_documented_epilepsy,2,panelapp_au_id;sysndd,,136131,,0,
HGNC:3774,FMOD,fibromodulin,ndd_only,,T3,ndd_no_documented_epilepsy,1,sysndd,,600245,,0,
HGNC:3775,FMR1,fragile X messenger ribonucleoprotein 1,ndd_only,,T1,ndd_no_documented_epilepsy,7,clingen;g2p_dd;orphadata_genes;panelapp_au_id;panelapp_ge_id;sfari;sysndd,261483;642691;908;93256,309550,MONDO:0010382;MONDO:0010383;MONDO:0010467;MONDO:0010706,0,
HGNC:3778,FN1,fibronectin 1,ndd_only,,T1,ndd_no_documented_epilepsy,3,clingen;g2p_dd;orphadata_genes,84090;93315,135600,MONDO:0007671;MONDO:0008479,0,
HGNC:20296,FNDC3A,fibronectin type III domain containing 3A,ndd_only,,T3,ndd_no_documented_epilepsy,1,sysndd,,615794,,0,
HGNC:3798,FOSL2,"FOS like 2, AP-1 transcription factor subunit",ndd_only,,T1,ndd_no_documented_epilepsy,5,g2p_dd;orphadata_genes;panelapp_au_id;panelapp_ge_id;sysndd,697356,601575,MONDO:0968978,0,
HGNC:3800,FOXC1,forkhead box C1,ndd_only,,T1,ndd_no_documented_epilepsy,4,clingen;g2p_dd;orphadata_genes;panelapp_ge_id,250923;708;782;91483;98978,601090,MONDO:0007119;MONDO:0011414;MONDO:0019187;MONDO:0019628;MONDO:0020368,0,
HGNC:3801,FOXC2,forkhead box C2,ndd_only,,T1,ndd_no_documented_epilepsy,4,clingen;g2p_dd;orphadata_genes;panelapp_ge_id,33001,602402,MONDO:0007922,0,
HGNC:3806,FOXE1,forkhead box E1,ndd_only,,T1,ndd_no_documented_epilepsy,4,clingen;g2p_dd;orphadata_genes;panelapp_ge_id,1226;146;319487;95713,602617,MONDO:0009437;MONDO:0015447;MONDO:0017895;MONDO:0019855,0,
HGNC:3808,FOXE3,forkhead box E3,ndd_only,,T1,ndd_no_documented_epilepsy,4,clingen;g2p_dd;orphadata_genes;panelapp_ge_id,708;83461;91387,601094,MONDO:0011414;MONDO:0012456;MONDO:0019625,0,
HGNC:3809,FOXF1,forkhead box F1,ndd_only,,T1,ndd_no_documented_epilepsy,3,g2p_dd;orphadata_genes;panelapp_ge_id,210122,601089,MONDO:0009934,0,
HGNC:35123,FOXI3,forkhead box I3,ndd_only,,T3,ndd_no_documented_epilepsy,2,clingen;g2p_dd,,612351,,0,
HGNC:3816,FOXJ1,forkhead box J1,ndd_only,,T1,ndd_no_documented_epilepsy,4,clingen;g2p_dd;orphadata_genes;sysndd,244,602291,MONDO:0016575,0,
HGNC:1092,FOXL2,forkhead box L2,ndd_only,,T1,ndd_no_documented_epilepsy,2,g2p_dd;orphadata_genes,572333;572354;572361;99915,605597,MONDO:0020541;MONDO:0035521;MONDO:0035524;MONDO:0035525,0,
HGNC:12765,FOXN1,forkhead box N1,ndd_only,,T1,ndd_no_documented_epilepsy,4,clingen;g2p_dd;orphadata_genes;panelapp_ge_id,169095;676039;83471,600838,MONDO:0009451;MONDO:0011132;MONDO:0032928,0,
HGNC:13875,FOXP2,forkhead box P2,ndd_only,,T1,ndd_no_documented_epilepsy,7,clingen;g2p_dd;orphadata_genes;panelapp_au_id;panelapp_ge_id;sfari;sysndd,209908;251061,605317,MONDO:0011184;MONDO:0016656,0,
HGNC:6106,FOXP3,forkhead box P3,ndd_only,,T1,ndd_no_documented_epilepsy,4,clingen;g2p_dd;orphadata_genes;panelapp_ge_id,37042,300292,MONDO:0010580,0,
HGNC:20842,FOXP4,forkhead box P4,ndd_only,,T1,ndd_no_documented_epilepsy,4,g2p_dd;panelapp_au_id;panelapp_ge_id;sysndd,,608924,,0,
HGNC:29980,FOXR1,forkhead box R1,ndd_only,,T2,ndd_no_documented_epilepsy,3,panelapp_au_id;panelapp_ge_id;sysndd,,615755,,0,
HGNC:30469,FOXR2,forkhead box R2,ndd_only,,T3,ndd_no_documented_epilepsy,1,sysndd,,300949,,0,
HGNC:19185,FRAS1,Fraser extracellular matrix complex subunit 1,ndd_only,,T1,ndd_no_documented_epilepsy,6,clingen;g2p_dd;orphadata_genes;panelapp_au_id;panelapp_ge_id;sysndd,2052;93100,607830,MONDO:0009046;MONDO:0019636,0,
HGNC:23399,FREM1,FRAS1 related extracellular matrix 1,ndd_only,,T1,ndd_no_documented_epilepsy,3,g2p_dd;orphadata_genes;panelapp_ge_id,217266;2717;3366;93100,608944,MONDO:0009560;MONDO:0012165;MONDO:0018065;MONDO:0019636,0,
HGNC:25396,FREM2,FRAS1 related extracellular matrix 2,ndd_only,,T1,ndd_no_documented_epilepsy,4,g2p_dd;orphadata_genes;panelapp_ge_id;sysndd,2052;93100;98949,608945,MONDO:0009046;MONDO:0019636;MONDO:0020360,0,
HGNC:25172,FREM3,FRAS1 related extracellular matrix 3,ndd_only,,T3,ndd_no_documented_epilepsy,1,sysndd,,608946,,0,
HGNC:3954,FRG1,FSHD region gene 1,ndd_only,,T2,ndd_no_documented_epilepsy,2,orphadata_genes;sfari,269,601278,MONDO:0001347,0,
HGNC:3955,FRK,fyn related Src family tyrosine kinase,ndd_only,,T2,ndd_no_documented_epilepsy,1,sfari,,606573,,0,
HGNC:24125,FRMD3,FERM domain containing 3,ndd_only,,T3,ndd_no_documented_epilepsy,1,sysndd,,607619,,0,
HGNC:25491,FRMD4A,FERM domain containing 4A,ndd_only,,T1,ndd_no_documented_epilepsy,3,orphadata_genes;panelapp_au_id;sysndd,466688,616305,MONDO:0014787,0,
HGNC:8079,FRMD7,FERM domain containing 7,ndd_only,,T1,ndd_no_documented_epilepsy,2,g2p_dd;panelapp_ge_id,,300628,,0,
HGNC:29007,FRMPD4,FERM and PDZ domain containing 4,ndd_only,,T1,ndd_no_documented_epilepsy,7,clingen;g2p_dd;orphadata_genes;panelapp_au_id;panelapp_ge_id;sfari;sysndd,777,300838,MONDO:0019181,0,
HGNC:20367,FRY,FRY microtubule binding protein,ndd_only,,T1,ndd_no_documented_epilepsy,4,g2p_dd;panelapp_au_id;panelapp_ge_id;sysndd,,614818,,0,
HGNC:11148,FSCN1,fascin actin-bundling protein 1,ndd_only,,T2,ndd_no_documented_epilepsy,2,panelapp_au_id;sysndd,,602689,,0,
HGNC:3974,FTCD,formimidoyltransferase cyclodeaminase,ndd_only,,T1,ndd_no_documented_epilepsy,5,g2p_dd;orphadata_genes;panelapp_au_id;panelapp_ge_id;sysndd,51208,606806,MONDO:0009240,0,
HGNC:3976,FTH1,ferritin heavy chain 1,ndd_only,,T1,ndd_no_documented_epilepsy,3,clingen;orphadata_genes;sysndd,247790,134770,MONDO:0014225,0,
HGNC:3999,FTL,ferritin light chain,ndd_only,,T1,ndd_with_epilepsy,6,clingen;g2p_dd;orphadata_genes;panelapp_au_id;panelapp_ge_epilepsy;panelapp_ge_id,157846;163;254704;440731,134790,MONDO:0010952;MONDO:0011638;MONDO:0014274;MONDO:0016788,0,
HGNC:24678,FTO,FTO alpha-ketoglutarate dependent dioxygenase,ndd_only,,T2,ndd_no_documented_epilepsy,5,g2p_dd;orphadata_genes;panelapp_au_id;panelapp_ge_id;sysndd,210144,610966,MONDO:0013050,0,
HGNC:13254,FTSJ1,FtsJ RNA 2'-O-methyltransferase 1,ndd_only,,T1,ndd_no_documented_epilepsy,6,clingen;g2p_dd;orphadata_genes;panelapp_au_id;panelapp_ge_id;sysndd,777,300499,MONDO:0019181,0,
HGNC:4013,FUT2,fucosyltransferase 2 (H blood group),ndd_only,,T3,ndd_with_epilepsy,2,panelapp_ge_epilepsy;panelapp_ge_id,,182100,,0,
HGNC:26219,FUZ,fuzzy planar cell polarity protein,ndd_only,,T3,ndd_no_documented_epilepsy,3,g2p_dd;orphadata_genes;sysndd,3027;620158,610622,MONDO:0017607;MONDO:0850078,0,
HGNC:3951,FXN,frataxin,ndd_only,,T1,ndd_no_documented_epilepsy,5,clingen;g2p_dd;orphadata_genes;panelapp_ge_id;sfari,95,606829,MONDO:0100339,0,
HGNC:4023,FXR1,FMR1 autosomal homolog 1,ndd_only,,T1,ndd_no_documented_epilepsy,2,g2p_dd;sysndd,,600819,,0,
HGNC:14673,FYCO1,FYVE and coiled-coil domain autophagy adaptor 1,ndd_only,,T1,ndd_no_documented_epilepsy,3,g2p_dd;orphadata_genes;panelapp_ge_id,98991;98994,607182,MONDO:0020376;MONDO:0021548,0,
HGNC:4040,FZD2,frizzled class receptor 2,ndd_only,,T3,ndd_no_documented_epilepsy,2,orphadata_genes;sysndd,3107;93328,600667,MONDO:0008123;MONDO:0008389,0,
HGNC:4041,FZD3,frizzled class receptor 3,ndd_only,,T3,ndd_no_documented_epilepsy,3,panelapp_au_id;panelapp_ge_id;sysndd,,606143,,0,
HGNC:4043,FZD5,frizzled class receptor 5,ndd_only,,T1,ndd_no_documented_epilepsy,3,g2p_dd;orphadata_genes;sysndd,98942;98943;98944;98945;98946;98947,601723,MONDO:0007351;MONDO:0007354;MONDO:0020354;MONDO:0020355;MONDO:0020356;MONDO:0020357,0,
HGNC:4044,FZD6,frizzled class receptor 6,ndd_only,,T1,ndd_no_documented_epilepsy,3,g2p_dd;orphadata_genes;panelapp_ge_id,280654,603409,MONDO:0029051,0,
HGNC:30291,G3BP2,G3BP stress granule assembly factor 2,ndd_only,,T2,ndd_no_documented_epilepsy,1,sfari,,620020,,0,
HGNC:24861,G6PC3,glucose-6-phosphatase catalytic subunit 3,ndd_only,,T1,ndd_no_documented_epilepsy,4,clingen;orphadata_genes;panelapp_au_id;panelapp_ge_id,331176,611045,MONDO:0012930,0,
HGNC:4057,G6PD,glucose-6-phosphate dehydrogenase,ndd_only,,T1,ndd_no_documented_epilepsy,3,clingen;orphadata_genes;sysndd,466026,305900,MONDO:0010480,0,
HGNC:4065,GAA,alpha glucosidase,ndd_only,,T1,ndd_no_documented_epilepsy,4,clingen;g2p_dd;orphadata_genes;panelapp_ge_id,308552;420429,606800,MONDO:0017694;MONDO:0018485,0,
HGNC:17515,GAB3,GRB2 associated binding protein 3,ndd_only,,T3,ndd_no_documented_epilepsy,1,panelapp_ge_id,,300482,,0,
HGNC:4070,GABBR1,gamma-aminobutyric acid type B receptor subunit 1,ndd_only,,T2,ndd_with_epilepsy,6,g2p_dd;orphadata_genes;panelapp_au_epilepsy;panelapp_au_id;panelapp_ge_id;sysndd,178469,603540,MONDO:0015802,0,
HGNC:4085,GABRE,gamma-aminobutyric acid type A receptor subunit epsilon,ndd_only,,T3,ndd_no_documented_epilepsy,1,sysndd,,300093,,0,
HGNC:4086,GABRG1,gamma-aminobutyric acid type A receptor subunit gamma1,ndd_only,,T3,ndd_with_epilepsy,4,g2p_dd;panelapp_au_epilepsy;panelapp_au_id;sysndd,,137166,,0,
HGNC:4088,GABRG3,gamma-aminobutyric acid type A receptor subunit gamma3,ndd_only,,T2,ndd_no_documented_epilepsy,3,panelapp_ge_id;sfari;sysndd,,600233,,0,
HGNC:14454,GABRQ,gamma-aminobutyric acid type A receptor subunit theta,ndd_only,,T3,ndd_no_documented_epilepsy,1,panelapp_ge_id,,300349,,0,
HGNC:4113,GAK,cyclin G associated kinase,ndd_only,,T3,ndd_no_documented_epilepsy,1,panelapp_au_id,,602052,,0,
HGNC:4116,GALE,UDP-galactose-4-epimerase,ndd_only,,T1,ndd_no_documented_epilepsy,6,clingen;g2p_dd;orphadata_genes;panelapp_au_id;panelapp_ge_id;sysndd,308473;308487,606953,MONDO:0017691;MONDO:0017692,0,
HGNC:4118,GALK1,galactokinase 1,ndd_only,,T1,ndd_no_documented_epilepsy,4,clingen;g2p_dd;orphadata_genes;panelapp_ge_id,79237,604313,MONDO:0009255,0,
HGNC:4122,GALNS,galactosamine (N-acetyl)-6-sulfatase,ndd_only,,T1,ndd_no_documented_epilepsy,4,clingen;g2p_dd;orphadata_genes;panelapp_ge_id,309297,612222,MONDO:0009659,0,
HGNC:19873,GALNT10,polypeptide N-acetylgalactosaminyltransferase 10,ndd_only,,T2,ndd_no_documented_epilepsy,1,sfari,,608043,,0,
HGNC:23242,GALNT13,polypeptide N-acetylgalactosaminyltransferase 13,ndd_only,,T2,ndd_no_documented_epilepsy,1,sfari,,608369,,0,
HGNC:22946,GALNT14,polypeptide N-acetylgalactosaminyltransferase 14,ndd_only,,T2,ndd_no_documented_epilepsy,1,sfari,,608225,,0,
HGNC:30488,GALNT18,polypeptide N-acetylgalactosaminyltransferase 18,ndd_only,,T3,ndd_no_documented_epilepsy,1,sysndd,,615136,,0,
HGNC:4130,GALNT8,polypeptide N-acetylgalactosaminyltransferase 8,ndd_only,,T2,ndd_no_documented_epilepsy,1,sfari,,606250,,0,
HGNC:4135,GALT,galactose-1-phosphate uridylyltransferase,ndd_only,,T1,ndd_no_documented_epilepsy,5,g2p_dd;orphadata_genes;panelapp_au_id;panelapp_ge_id;sysndd,79239,606999,MONDO:0009258,0,
HGNC:4137,GAN,gigaxonin,ndd_only,,T1,ndd_no_documented_epilepsy,6,clingen;g2p_dd;orphadata_genes;panelapp_au_id;panelapp_ge_id;sysndd,643,605379,MONDO:0009749,0,
HGNC:4140,GAP43,growth associated protein 43,ndd_only,,T3,ndd_no_documented_epilepsy,3,panelapp_au_id;panelapp_ge_id;sysndd,,162060,,0,
HGNC:25425,GARNL3,GTPase activating Rap/RanGAP domain like 3,ndd_only,,T3,ndd_no_documented_epilepsy,1,sysndd,,,,0,
HGNC:4167,GAS2,growth arrest specific 2,ndd_only,,T2,ndd_no_documented_epilepsy,1,sfari,,602835,,0,
HGNC:24846,GAS2L2,growth arrest specific 2 like 2,ndd_only,,T1,ndd_no_documented_epilepsy,3,clingen;g2p_dd;orphadata_genes,244,611398,MONDO:0016575,0,
HGNC:4170,GATA1,GATA binding protein 1,ndd_only,,T1,ndd_no_documented_epilepsy,3,clingen;orphadata_genes;panelapp_au_id,124;231393;363727;420611;67044;79277;86849;99887,305371,MONDO:0008040;MONDO:0009902;MONDO:0010444;MONDO:0010745;MONDO:0015253;MONDO:0019031;MONDO:0019458;MONDO:0020526,0,
HGNC:4171,GATA2,GATA binding protein 2,ndd_only,,T1,ndd_no_documented_epilepsy,4,clingen;g2p_dd;orphadata_genes;panelapp_ge_id,228423,137295,MONDO:0013607,0,
HGNC:4172,GATA3,GATA binding protein 3,ndd_only,,T1,ndd_no_documented_epilepsy,4,clingen;g2p_dd;orphadata_genes;sysndd,2237;585936,131320,MONDO:0007797;MONDO:0035943,0,
HGNC:4173,GATA4,GATA binding protein 4,ndd_only,,T1,ndd_no_documented_epilepsy,4,clingen;g2p_dd;orphadata_genes;panelapp_ge_id,251071;251510;3303;334;576232;99067;99068;99103,600576,MONDO:0008542;MONDO:0016658;MONDO:0016674;MONDO:0018054;MONDO:0020407;MONDO:0020408;MONDO:0020434;MONDO:0035555,0,
HGNC:4174,GATA6,GATA binding protein 6,ndd_only,,T1,ndd_no_documented_epilepsy,6,clingen;g2p_dd;orphadata_genes;panelapp_au_id;panelapp_ge_id;sysndd,2140;2255;3303;334;665044;665058;99067;99103,601656,MONDO:0005711;MONDO:0008542;MONDO:0010802;MONDO:0018054;MONDO:0020407;MONDO:0020434;MONDO:0971107;MONDO:0971108,0,
HGNC:29989,GATAD2A,GATA zinc finger domain containing 2A,ndd_only,,T2,ndd_no_documented_epilepsy,2,panelapp_au_id;sysndd,,614997,,0,
HGNC:8849,GATB,glutamyl-tRNA amidotransferase subunit B,ndd_only,,T3,ndd_no_documented_epilepsy,1,sysndd,,603645,,0,
HGNC:18986,GBA2,glucosylceramidase beta 2,ndd_only,,T1,ndd_no_documented_epilepsy,6,clingen;g2p_dd;orphadata_genes;panelapp_au_id;panelapp_ge_id;sysndd,320391;352641,609471,MONDO:0013737;MONDO:0018129,0,
HGNC:4180,GBE1,"1,4-alpha-glucan branching enzyme 1",ndd_only,,T1,ndd_no_documented_epilepsy,7,clingen;g2p_dd;orphadata_genes;panelapp_au_id;panelapp_ge_id;sfari;sysndd,206583;308621;308638;308655;308670;308684;308698;308712,607839,MONDO:0009897;MONDO:0017695;MONDO:0017696;MONDO:0017697;MONDO:0017698;MONDO:0017699;MONDO:0017700;MONDO:0017701,0,
HGNC:4185,GBX1,gastrulation brain homeobox 1,ndd_only,,T3,ndd_with_epilepsy,2,panelapp_au_epilepsy;panelapp_au_id,,603354,,0,
HGNC:23218,GCC2,GRIP and coiled-coil domain containing 2,ndd_only,,T3,ndd_no_documented_epilepsy,1,sysndd,,612711,,0,
HGNC:4195,GCK,glucokinase,ndd_only,,T1,ndd_no_documented_epilepsy,4,clingen;orphadata_genes;panelapp_au_id;panelapp_ge_id,552;79299;99885,138079,MONDO:0011236;MONDO:0018911;MONDO:0100164,0,
HGNC:4199,GCN1,GCN1 activator of EIF2AK4,ndd_only,,T3,ndd_no_documented_epilepsy,1,sysndd,,605614,,0,
HGNC:4212,GDA,guanine deaminase,ndd_only,,T2,ndd_no_documented_epilepsy,1,sfari,,139260,,0,
HGNC:15968,GDAP1,ganglioside induced differentiation associated protein 1,ndd_only,,T1,ndd_no_documented_epilepsy,3,clingen;orphadata_genes;panelapp_ge_id,101097;101102;217055;99944;99948,606598,MONDO:0008961;MONDO:0011901;MONDO:0011916;MONDO:0012014;MONDO:0020558,0,
HGNC:4214,GDF1,growth differentiation factor 1,ndd_only,,T1,ndd_no_documented_epilepsy,3,g2p_dd;orphadata_genes;sysndd,216718;3303;97548,602880,MONDO:0008542;MONDO:0008832;MONDO:0016302,0,
HGNC:4216,GDF11,growth differentiation factor 11,ndd_only,,T1,ndd_no_documented_epilepsy,2,g2p_dd;sysndd,,603936,,0,
HGNC:4218,GDF3,growth differentiation factor 3,ndd_only,,T3,ndd_no_documented_epilepsy,2,g2p_dd;orphadata_genes,2345;98938,606522,MONDO:0000170;MONDO:0001029,0,
HGNC:4220,GDF5,growth differentiation factor 5,ndd_only,,T1,ndd_no_documented_epilepsy,3,g2p_dd;orphadata_genes;panelapp_ge_id,2098;2639;3237;3250;63442;93384;93388;93396;968,601146,MONDO:0007114;MONDO:0007215;MONDO:0007216;MONDO:0007221;MONDO:0008511;MONDO:0008703;MONDO:0008717;MONDO:0009231;MONDO:0017923,0,
HGNC:4221,GDF6,growth differentiation factor 6,ndd_only,,T1,ndd_no_documented_epilepsy,3,g2p_dd;orphadata_genes;panelapp_ge_id,2345;3237;65;98938,601147,MONDO:0000170;MONDO:0001029;MONDO:0017923;MONDO:0018998,0,
HGNC:4226,GDI1,GDP dissociation inhibitor 1,ndd_only,,T1,ndd_no_documented_epilepsy,6,clingen;g2p_dd;orphadata_genes;panelapp_au_id;panelapp_ge_id;sysndd,777,300104,MONDO:0019181,0,
HGNC:15717,GEMIN4,gem nuclear organelle associated protein 4,ndd_only,,T1,ndd_no_documented_epilepsy,4,g2p_dd;panelapp_au_id;panelapp_ge_id;sysndd,,606969,,0,
HGNC:20043,GEMIN5,gem nuclear organelle associated protein 5,ndd_only,,T1,ndd_no_documented_epilepsy,6,clingen;g2p_dd;orphadata_genes;panelapp_au_id;panelapp_ge_id;sysndd,88616,607005,MONDO:0019502,0,
HGNC:20045,GEMIN7,gem nuclear organelle associated protein 7,ndd_only,,T3,ndd_no_documented_epilepsy,1,sysndd,,607419,,0,
HGNC:21690,GET4,guided entry of tail-anchored proteins factor 4,ndd_only,,T3,ndd_no_documented_epilepsy,1,sysndd,,612056,,0,
HGNC:4236,GFER,"growth factor, augmenter of liver regeneration",ndd_only,,T1,ndd_no_documented_epilepsy,6,clingen;g2p_dd;orphadata_genes;panelapp_au_id;panelapp_ge_id;sysndd,330054,600924,MONDO:0013116,0,
HGNC:29682,GFM2,GTP dependent ribosome recycling factor mitochondrial 2,ndd_only,,T1,ndd_no_documented_epilepsy,4,clingen;orphadata_genes;panelapp_au_id;sysndd,565624,606544,MONDO:0032726,0,
HGNC:4242,GFPT2,glutamine--fructose-6-phosphate transaminase 2,ndd_only,,T3,ndd_no_documented_epilepsy,1,sysndd,,603865,,0,
HGNC:12390,GFUS,GDP-L-fucose synthase,ndd_only,,T3,ndd_no_documented_epilepsy,2,clingen;sysndd,,137020,,0,
HGNC:18869,GGN,gametogenetin,ndd_only,,T3,ndd_no_documented_epilepsy,2,orphadata_genes;sysndd,171709,609966,MONDO:0015746,0,
HGNC:19357,GGNBP2,gametogenetin binding protein 2,ndd_only,,T2,ndd_no_documented_epilepsy,2,sfari;sysndd,,612275,,0,
HGNC:4263,GHR,growth hormone receptor,ndd_only,,T1,ndd_no_documented_epilepsy,4,g2p_dd;orphadata_genes;panelapp_au_id;panelapp_ge_id,314802;633,600946,MONDO:0009877;MONDO:0011420,0,
HGNC:9126,GIGYF1,GRB10 interacting GYF protein 1,ndd_only,,T1,ndd_no_documented_epilepsy,6,clingen;g2p_dd;panelapp_au_id;panelapp_ge_id;sfari;sysndd,,612064,,0,
HGNC:11960,GIGYF2,GRB10 interacting GYF protein 2,ndd_only,,T2,ndd_no_documented_epilepsy,5,orphadata_genes;panelapp_au_id;panelapp_ge_id;sfari;sysndd,411602,612003,MONDO:0008199,0,
HGNC:21792,GIMAP8,"GTPase, IMAP family member 8",ndd_only,,T3,ndd_no_documented_epilepsy,1,sysndd,,616962,,0,
HGNC:4272,GIT1,GIT ArfGAP 1,ndd_only,,T1,ndd_with_epilepsy,3,panelapp_au_epilepsy;panelapp_au_id;sysndd,,608434,,0,
HGNC:4274,GJA1,gap junction protein alpha 1,ndd_only,,T1,ndd_no_documented_epilepsy,5,clingen;g2p_dd;orphadata_genes;panelapp_au_id;panelapp_ge_id,1010;1522;2248;2710;317;90636;93404,121014,MONDO:0004933;MONDO:0007083;MONDO:0008111;MONDO:0008514;MONDO:0015465;MONDO:0017851;MONDO:0019588,0,
HGNC:4277,GJA3,gap junction protein alpha 3,ndd_only,,T1,ndd_no_documented_epilepsy,3,g2p_dd;orphadata_genes;panelapp_ge_id,98984;98991;98993,121015,MONDO:0011430;MONDO:0020376;MONDO:0020378,0,
HGNC:4281,GJA8,gap junction protein alpha 8,ndd_only,,T1,ndd_no_documented_epilepsy,3,g2p_dd;orphadata_genes;panelapp_ge_id,1377;91490;98984;98985;98991;98994,600897,MONDO:0011430;MONDO:0015300;MONDO:0019629;MONDO:0020372;MONDO:0020376;MONDO:0021548,0,
HGNC:4283,GJB1,gap junction protein beta 1,ndd_only,,T1,ndd_no_documented_epilepsy,4,clingen;orphadata_genes;panelapp_au_id;panelapp_ge_id,101075;1175,304040,MONDO:0010547;MONDO:0010549,0,
HGNC:4284,GJB2,gap junction protein beta 2,ndd_only,,T1,ndd_no_documented_epilepsy,3,clingen;orphadata_genes;panelapp_ge_id,166286;2202;2698;477;494;90635;90636,121011,MONDO:0007422;MONDO:0007852;MONDO:0007866;MONDO:0015635;MONDO:0018781;MONDO:0019587;MONDO:0019588,0,
HGNC:4285,GJB3,gap junction protein beta 3,ndd_only,,T1,ndd_no_documented_epilepsy,4,clingen;g2p_dd;orphadata_genes;panelapp_ge_id,139512;317;90635;90636,603324,MONDO:0015351;MONDO:0017851;MONDO:0019587;MONDO:0019588,0,
HGNC:17494,GJC2,gap junction protein gamma 2,ndd_only,,T1,ndd_no_documented_epilepsy,6,clingen;g2p_dd;orphadata_genes;panelapp_au_id;panelapp_ge_id;sysndd,280282;320401;568051,608803,MONDO:0012125;MONDO:0013179;MONDO:0035472,0,
HGNC:4289,GK,glycerol kinase,ndd_only,,T1,ndd_no_documented_epilepsy,6,clingen;g2p_dd;orphadata_genes;panelapp_au_id;panelapp_ge_id;sysndd,284411;284414,300474,MONDO:0017295;MONDO:0017296,0,
HGNC:29514,GLDN,gliomedin,ndd_only,,T1,ndd_no_documented_epilepsy,3,clingen;g2p_dd;orphadata_genes,994,608603,MONDO:0100101,0,
HGNC:4315,GLE1,GLE1 RNA export mediator,ndd_only,,T1,ndd_no_documented_epilepsy,4,clingen;g2p_dd;orphadata_genes;panelapp_ge_id,1486;53696;803,603371,MONDO:0004976;MONDO:0009670;MONDO:0012750,0,
HGNC:4318,GLI2,GLI family zinc finger 2,ndd_only,,T1,ndd_no_documented_epilepsy,5,g2p_dd;orphadata_genes;panelapp_au_id;panelapp_ge_id;sysndd,220386;280195;280200;420584;93924;93925;93926;95494,165230,MONDO:0013099;MONDO:0014369;MONDO:0017218;MONDO:0017219;MONDO:0019756;MONDO:0019757;MONDO:0019758;MONDO:0700419,0,
HGNC:29525,GLIS1,GLIS family zinc finger 1,ndd_only,,T2,ndd_no_documented_epilepsy,1,sfari,,610378,,0,
HGNC:29450,GLIS2,GLIS family zinc finger 2,ndd_only,,T1,ndd_no_documented_epilepsy,3,clingen;g2p_dd;orphadata_genes,329469;93592,608539,MONDO:0009728;MONDO:0018004,0,
HGNC:28510,GLIS3,GLIS family zinc finger 3,ndd_only,,T1,ndd_no_documented_epilepsy,5,g2p_dd;orphadata_genes;panelapp_au_id;panelapp_ge_id;sysndd,79118,610192,MONDO:0012436,0,
HGNC:14373,GLMN,"glomulin, FKBP associated protein",ndd_only,,T1,ndd_no_documented_epilepsy,3,g2p_dd;orphadata_genes;panelapp_ge_id,83454,601749,MONDO:0007672,0,
HGNC:4323,GLO1,glyoxalase I,ndd_only,,T2,ndd_no_documented_epilepsy,1,sfari,,138750,,0,
HGNC:4326,GLRA1,glycine receptor alpha 1,ndd_only,,T1,ndd_with_epilepsy,6,g2p_dd;orphadata_genes;panelapp_au_id;panelapp_ge_epilepsy;panelapp_ge_id;sysndd,3197,138491,MONDO:0021022,0,
HGNC:4327,GLRA2,glycine receptor alpha 2,ndd_only,,T1,ndd_with_epilepsy,6,panelapp_au_epilepsy;panelapp_au_id;panelapp_ge_epilepsy;panelapp_ge_id;sfari;sysndd,,305990,,0,
HGNC:4329,GLRB,glycine receptor beta,ndd_only,,T1,ndd_with_epilepsy,3,g2p_dd;orphadata_genes;panelapp_ge_epilepsy,3197,138492,MONDO:0021022,0,
HGNC:13734,GLYAT,glycine-N-acyltransferase,ndd_only,,T3,ndd_no_documented_epilepsy,1,panelapp_au_id,,607424,,0,
HGNC:17493,GMNN,geminin DNA replication inhibitor,ndd_only,,T1,ndd_no_documented_epilepsy,6,clingen;g2p_dd;orphadata_genes;panelapp_au_id;panelapp_ge_id;sysndd,2554,602842,MONDO:0016817,0,
HGNC:4379,GNA11,G protein subunit alpha 11,ndd_only,,T1,ndd_no_documented_epilepsy,3,g2p_dd;orphadata_genes;sysndd,101049;1556;428;675359;714737;723195;723203;79483;79484,139313,MONDO:0007792;MONDO:0009055;MONDO:0018543;MONDO:0019325;MONDO:0019326;MONDO:0975757,0,
HGNC:4382,GNA14,G protein subunit alpha 14,ndd_only,,T1,ndd_no_documented_epilepsy,3,g2p_dd;orphadata_genes;panelapp_au_id,1063;2122;675359,604397,MONDO:0011927;MONDO:0016236;MONDO:0975757,0,
HGNC:4385,GNAI2,G protein subunit alpha i2,ndd_only,,T1,ndd_no_documented_epilepsy,3,panelapp_au_id;panelapp_ge_id;sysndd,,139360,,0,
HGNC:4387,GNAI3,G protein subunit alpha i3,ndd_only,,T1,ndd_no_documented_epilepsy,4,clingen;g2p_dd;orphadata_genes;panelapp_ge_id,137888,139370,MONDO:0000107,0,
HGNC:4388,GNAL,G protein subunit alpha L,ndd_only,,T3,ndd_no_documented_epilepsy,2,orphadata_genes;panelapp_ge_id,329466,139312,MONDO:0014033,0,
HGNC:4390,GNAQ,G protein subunit alpha q,ndd_only,,T1,ndd_with_epilepsy,6,g2p_dd;orphadata_genes;panelapp_au_epilepsy;panelapp_au_id;panelapp_ge_epilepsy;sysndd,3205;624;675359;723195;723203;79483,600998,MONDO:0008094;MONDO:0008501;MONDO:0019325;MONDO:0975757,1,The Sturge-Weber Foundation (GNAQ)
HGNC:4392,GNAS,GNAS complex locus,ndd_only,,T1,ndd_no_documented_epilepsy,6,g2p_dd;orphadata_genes;panelapp_au_id;panelapp_ge_id;sfari;sysndd,189427;2762;562;57782;79443;79444;79445;93276;93277;94089,139320,MONDO:0007078;MONDO:0008153;MONDO:0008274;MONDO:0009049;MONDO:0011301;MONDO:0012911;MONDO:0012912;MONDO:0018919;MONDO:0018933;MONDO:0019665,0,
HGNC:4397,GNB1L,G protein subunit beta 1 like,ndd_only,,T2,ndd_no_documented_epilepsy,1,sfari,,610778,,0,
HGNC:4398,GNB2,G protein subunit beta 2,ndd_only,,T1,ndd_with_epilepsy,8,clingen;g2p_dd;orphadata_genes;panelapp_au_id;panelapp_ge_epilepsy;panelapp_ge_id;sfari;sysndd,166282;528084,139390,MONDO:0012061;MONDO:0100038,0,
HGNC:4400,GNB3,G protein subunit beta 3,ndd_only,,T3,ndd_no_documented_epilepsy,1,g2p_dd,,139130,,0,
HGNC:23657,GNE,glucosamine (UDP-N-acetyl)-2-epimerase/N-acetylmannosamine kinase,ndd_only,,T1,ndd_no_documented_epilepsy,6,clingen;g2p_dd;orphadata_genes;panelapp_au_id;panelapp_ge_id;sysndd,300605;3166;438207;602,603824,MONDO:0010028;MONDO:0011603;MONDO:0014518;MONDO:0017593,0,
HGNC:4416,GNPAT,glyceronephosphate O-acyltransferase,ndd_only,,T1,ndd_no_documented_epilepsy,6,clingen;g2p_dd;orphadata_genes;panelapp_au_id;panelapp_ge_id;sysndd,309796,602744,MONDO:0009112,0,
HGNC:29670,GNPTAB,N-acetylglucosamine-1-phosphate transferase subunits alpha and beta,ndd_only,,T1,ndd_no_documented_epilepsy,6,clingen;g2p_dd;orphadata_genes;panelapp_au_id;panelapp_ge_id;sysndd,423461;576,607840,MONDO:0009650;MONDO:0018931,0,
HGNC:23026,GNPTG,N-acetylglucosamine-1-phosphate transferase subunit gamma,ndd_only,,T1,ndd_no_documented_epilepsy,6,clingen;g2p_dd;orphadata_genes;panelapp_au_id;panelapp_ge_id;sysndd,423470,607838,MONDO:0009652,0,
HGNC:4422,GNS,glucosamine (N-acetyl)-6-sulfatase,ndd_only,,T1,ndd_no_documented_epilepsy,6,clingen;g2p_dd;orphadata_genes;panelapp_au_id;panelapp_ge_id;sysndd,79272,607664,MONDO:0009658,0,
HGNC:4425,GOLGA2,golgin A2,ndd_only,,T1,ndd_no_documented_epilepsy,3,g2p_dd;panelapp_au_id;sysndd,,602580,,0,
HGNC:25973,GON4L,gon-4 like,ndd_only,,T2,ndd_no_documented_epilepsy,4,g2p_dd;panelapp_au_id;panelapp_ge_id;sysndd,,610393,,0,
HGNC:25676,GORAB,"golgin, RAB6 interacting",ndd_only,,T1,ndd_no_documented_epilepsy,5,clingen;g2p_dd;orphadata_genes;panelapp_au_id;panelapp_ge_id,2078,607983,MONDO:0009271,0,
HGNC:16769,GORASP1,golgi reassembly stacking protein 1,ndd_only,,T3,ndd_no_documented_epilepsy,1,sysndd,,606867,,0,
HGNC:26768,GPATCH11,G-patch domain containing 11,ndd_only,,T1,ndd_no_documented_epilepsy,2,panelapp_au_id;panelapp_ge_id,,621183,,0,
HGNC:4451,GPC3,glypican 3,ndd_only,,T1,ndd_no_documented_epilepsy,6,clingen;g2p_dd;orphadata_genes;panelapp_au_id;panelapp_ge_id;sysndd,373;654,300037,MONDO:0010731;MONDO:0019004,0,
HGNC:4452,GPC4,glypican 4,ndd_only,,T1,ndd_no_documented_epilepsy,6,g2p_dd;orphadata_genes;panelapp_au_id;panelapp_ge_id;sfari;sysndd,2662;373,300168,MONDO:0009720;MONDO:0010731,0,
HGNC:4453,GPC5,glypican 5,ndd_only,,T3,ndd_no_documented_epilepsy,1,sfari,,602446,,0,
HGNC:4454,GPC6,glypican 6,ndd_only,,T1,ndd_no_documented_epilepsy,3,g2p_dd;orphadata_genes;sfari,93329,604404,MONDO:0009779,0,
HGNC:4456,GPD2,glycerol-3-phosphate dehydrogenase 2,ndd_only,,T2,ndd_no_documented_epilepsy,1,sfari,,138430,,0,
HGNC:4458,GPI,glucose-6-phosphate isomerase,ndd_only,,T3,ndd_no_documented_epilepsy,2,orphadata_genes;sysndd,712,172400,MONDO:0013275,0,
HGNC:30677,GPKOW,G-patch domain and KOW motifs,ndd_only,,T2,ndd_no_documented_epilepsy,3,clingen;orphadata_genes;sysndd,2570,301003,MONDO:0010610,0,
HGNC:4460,GPM6A,glycoprotein M6A,ndd_only,,T3,ndd_no_documented_epilepsy,1,sysndd,,601275,,0,
HGNC:25513,GPN2,GPN-loop GTPase 2,ndd_only,,T2,ndd_no_documented_epilepsy,2,panelapp_au_id;panelapp_ge_id,,,,0,
HGNC:19995,GPR139,G protein-coupled receptor 139,ndd_only,,T3,ndd_no_documented_epilepsy,1,sysndd,,618448,,0,
HGNC:31371,GPR179,G protein-coupled receptor 179,ndd_only,,T1,ndd_no_documented_epilepsy,3,clingen;orphadata_genes;panelapp_ge_id,714079,614515,,0,
HGNC:4494,GPR37,G protein-coupled receptor 37,ndd_only,,T2,ndd_no_documented_epilepsy,2,sfari;sysndd,,602583,,0,
HGNC:4508,GPR52,G protein-coupled receptor 52,ndd_only,,T3,ndd_no_documented_epilepsy,1,sysndd,,604106,,0,
HGNC:4536,GPR85,G protein-coupled receptor 85,ndd_only,,T2,ndd_no_documented_epilepsy,1,sfari,,605188,,0,
HGNC:24834,GPRASP1,G protein-coupled receptor associated sorting protein 1,ndd_only,,T3,ndd_no_documented_epilepsy,1,panelapp_ge_id,,300417,,0,
HGNC:13308,GPRC5B,G protein-coupled receptor class C group 5 member B,ndd_only,,T1,ndd_with_epilepsy,3,orphadata_genes;panelapp_au_epilepsy;panelapp_au_id,2478,605948,MONDO:0011391,0,
HGNC:4549,GPS1,G protein pathway suppressor 1,ndd_only,,T3,ndd_no_documented_epilepsy,1,sysndd,,601934,,0,
HGNC:4553,GPX1,glutathione peroxidase 1,ndd_only,,T2,ndd_no_documented_epilepsy,1,sfari,,138320,,0,
HGNC:4556,GPX4,glutathione peroxidase 4,ndd_only,,T1,ndd_no_documented_epilepsy,3,g2p_dd;orphadata_genes;sysndd,93317,138322,MONDO:0009593,0,
HGNC:29214,GRAMD1B,GRAM domain containing 1B,ndd_only,,T3,ndd_no_documented_epilepsy,1,sysndd,,620179,,0,
HGNC:4564,GRB10,growth factor receptor bound protein 10,ndd_only,,T3,ndd_no_documented_epilepsy,2,orphadata_genes;sfari,96182,601523,MONDO:0019913,0,
HGNC:4565,GRB14,growth factor receptor bound protein 14,ndd_only,,T3,ndd_no_documented_epilepsy,1,panelapp_ge_id,,601524,,0,
HGNC:31042,GREB1L,GREB1 like retinoic acid receptor coactivator,ndd_only,,T1,ndd_no_documented_epilepsy,2,g2p_dd;orphadata_genes,1848;93100,617782,MONDO:0015986;MONDO:0019636,0,
HGNC:2799,GRHL2,grainyhead like transcription factor 2,ndd_only,,T1,ndd_no_documented_epilepsy,3,clingen;g2p_dd;orphadata_genes,423454;90635;98973,608576,MONDO:0014460;MONDO:0019587;MONDO:0020364,0,
HGNC:25839,GRHL3,grainyhead like transcription factor 3,ndd_only,,T1,ndd_no_documented_epilepsy,4,clingen;g2p_dd;orphadata_genes;panelapp_ge_id,101023;155878;888;99771;99772,608317,MONDO:0007338;MONDO:0008637;MONDO:0015092;MONDO:0015479;MONDO:0019508,0,
HGNC:4575,GRID1,glutamate ionotropic receptor delta type subunit 1,ndd_only,,T2,ndd_no_documented_epilepsy,2,sfari;sysndd,,610659,,0,
HGNC:4576,GRID2,glutamate ionotropic receptor delta type subunit 2,ndd_only,,T1,ndd_no_documented_epilepsy,6,g2p_dd;orphadata_genes;panelapp_au_id;panelapp_ge_id;sfari;sysndd,363432,602368,MONDO:0014530,0,
HGNC:18464,GRID2IP,Grid2 interacting protein,ndd_only,,T2,ndd_no_documented_epilepsy,1,sfari,,610639,,0,
HGNC:4581,GRIK3,glutamate ionotropic receptor kainate type subunit 3,ndd_only,,T2,ndd_no_documented_epilepsy,1,sfari,,138243,,0,
HGNC:4582,GRIK4,glutamate ionotropic receptor kainate type subunit 4,ndd_only,,T2,ndd_no_documented_epilepsy,2,sfari;sysndd,,600282,,0,
HGNC:4583,GRIK5,glutamate ionotropic receptor kainate type subunit 5,ndd_only,,T2,ndd_no_documented_epilepsy,1,sfari,,600283,,0,
HGNC:18708,GRIP1,glutamate receptor interacting protein 1,ndd_only,,T1,ndd_no_documented_epilepsy,4,clingen;orphadata_genes;panelapp_ge_id;sfari,2052,604597,MONDO:0009046,0,
HGNC:18706,GRIPAP1,GRIP1 associated protein 1,ndd_only,,T3,ndd_no_documented_epilepsy,1,panelapp_au_id,,300408,,0,
HGNC:4543,GRK4,G protein-coupled receptor kinase 4,ndd_only,,T2,ndd_no_documented_epilepsy,1,sfari,,137026,,0,
HGNC:4593,GRM1,glutamate metabotropic receptor 1,ndd_only,,T1,ndd_no_documented_epilepsy,5,g2p_dd;orphadata_genes;panelapp_au_id;panelapp_ge_id;sysndd,324262;404507;631095,604473,MONDO:0013905;MONDO:0018447;MONDO:0033479,0,
HGNC:4597,GRM5,glutamate metabotropic receptor 5,ndd_only,,T2,ndd_no_documented_epilepsy,1,sfari,,604102,,0,
HGNC:4598,GRM6,glutamate metabotropic receptor 6,ndd_only,,T1,ndd_no_documented_epilepsy,4,clingen;g2p_dd;orphadata_genes;panelapp_ge_id,714079,604096,,0,
HGNC:4609,GRPR,gastrin releasing peptide receptor,ndd_only,,T3,ndd_no_documented_epilepsy,1,panelapp_au_id,,305670,,0,
HGNC:4612,GSC,goosecoid homeobox,ndd_only,,T2,ndd_no_documented_epilepsy,2,g2p_dd;orphadata_genes,397623,138890,MONDO:0011227,0,
HGNC:28979,GSE1,Gse1 coiled-coil protein,ndd_only,,T2,ndd_no_documented_epilepsy,1,sfari,,616886,,0,
HGNC:4617,GSK3B,glycogen synthase kinase 3 beta,ndd_only,,T1,ndd_with_epilepsy,3,panelapp_au_epilepsy;panelapp_au_id;sysndd,,605004,,0,
HGNC:4621,GSPT1,G1 to S phase transition 1,ndd_only,,T3,ndd_no_documented_epilepsy,1,sysndd,,139259,,0,
HGNC:4632,GSTM1,glutathione S-transferase mu 1,ndd_only,,T2,ndd_no_documented_epilepsy,1,sfari,,138350,,0,
HGNC:24959,GSX2,GS homeobox 2,ndd_only,,T1,ndd_no_documented_epilepsy,5,clingen;orphadata_genes;panelapp_au_id;panelapp_ge_id;sysndd,319192,616253,MONDO:0017868,0,
HGNC:4651,GTF2E2,general transcription factor IIE subunit 2,ndd_only,,T1,ndd_no_documented_epilepsy,5,g2p_dd;orphadata_genes;panelapp_au_id;panelapp_ge_id;sysndd,33364,189964,MONDO:0018053,0,
HGNC:4658,GTF2H4,general transcription factor IIH subunit 4,ndd_only,,T3,ndd_no_documented_epilepsy,1,panelapp_au_id,,601760,,0,
HGNC:21157,GTF2H5,general transcription factor IIH subunit 5,ndd_only,,T1,ndd_no_documented_epilepsy,5,g2p_dd;orphadata_genes;panelapp_au_id;panelapp_ge_id;sysndd,33364,608780,MONDO:0018053,0,
HGNC:4659,GTF2I,general transcription factor IIi,ndd_only,,T1,ndd_no_documented_epilepsy,5,orphadata_genes;panelapp_au_id;panelapp_ge_id;sfari;sysndd,904,601679,MONDO:0008678,0,
HGNC:4661,GTF2IRD1,GTF2I repeat domain containing 1,ndd_only,,T3,ndd_no_documented_epilepsy,4,g2p_dd;orphadata_genes;panelapp_au_id;sysndd,904,604318,MONDO:0008678,0,
HGNC:4664,GTF3C1,general transcription factor IIIC subunit 1,ndd_only,,T2,ndd_no_documented_epilepsy,2,panelapp_au_id;sysndd,,603246,,0,
HGNC:4668,GTF3C5,general transcription factor IIIC subunit 5,ndd_only,,T1,ndd_no_documented_epilepsy,3,g2p_dd;panelapp_au_id;panelapp_ge_id,,604890,,0,
HGNC:4669,GTPBP1,GTP binding protein 1,ndd_only,,T2,ndd_with_epilepsy,5,g2p_dd;panelapp_au_id;panelapp_ge_epilepsy;panelapp_ge_id;sysndd,,602245,,0,
HGNC:25007,GTPBP8,GTP binding protein 8,ndd_only,,T3,ndd_no_documented_epilepsy,1,panelapp_ge_id,,,,0,
HGNC:4684,GUCY1A2,guanylate cyclase 1 soluble subunit alpha 2,ndd_only,,T2,ndd_no_documented_epilepsy,1,sfari,,601244,,0,
HGNC:4688,GUCY2C,guanylate cyclase 2C,ndd_only,,T1,ndd_no_documented_epilepsy,3,g2p_dd;orphadata_genes;panelapp_ge_id,103908;314373;314376,601330,MONDO:0013825;MONDO:0013843;MONDO:0015170,0,
HGNC:4689,GUCY2D,"guanylate cyclase 2D, retinal",ndd_only,,T1,ndd_no_documented_epilepsy,3,clingen;orphadata_genes;sysndd,1872;65;75377,600179,MONDO:0008982;MONDO:0015993;MONDO:0018998,0,
HGNC:25799,GUF1,GTP binding elongation factor GUF1,ndd_only,,T2,ndd_with_epilepsy,5,clingen;orphadata_genes;panelapp_au_epilepsy;panelapp_ge_epilepsy;sysndd,697160,617064,MONDO:0018097,0,
HGNC:4696,GUSB,glucuronidase beta,ndd_only,,T1,ndd_no_documented_epilepsy,6,clingen;g2p_dd;orphadata_genes;panelapp_au_id;panelapp_ge_id;sysndd,584,611499,MONDO:0009662,0,
HGNC:4707,GYS2,glycogen synthase 2,ndd_only,,T1,ndd_no_documented_epilepsy,4,clingen;orphadata_genes;panelapp_au_id;panelapp_ge_id,2089,138571,MONDO:0009414,0,
HGNC:15808,GZF1,GDNF inducible zinc finger protein 1,ndd_only,,T1,ndd_no_documented_epilepsy,2,g2p_dd;orphadata_genes,527450,613842,MONDO:0060556,0,
HGNC:4716,H1-2,"H1.2 linker histone, cluster member",ndd_only,,T3,ndd_no_documented_epilepsy,1,sysndd,,142710,,0,
HGNC:4718,H1-4,"H1.4 linker histone, cluster member",ndd_only,,T1,ndd_no_documented_epilepsy,7,clingen;g2p_dd;orphadata_genes;panelapp_au_id;panelapp_ge_id;sfari;sysndd,642763,142220,MONDO:0044323,0,
HGNC:4713,H19,H19 imprinted maternally expressed transcript,ndd_only,,T3,ndd_no_documented_epilepsy,2,orphadata_genes;panelapp_au_id,2128;231117;231127;231140;231144;654,103280,MONDO:0009331;MONDO:0016475;MONDO:0016477;MONDO:0016480;MONDO:0016481;MONDO:0019004,0,
HGNC:4733,H2AC6,H2A clustered histone 6,ndd_only,,T3,ndd_no_documented_epilepsy,2,g2p_dd;sysndd,,602794,,0,
HGNC:4761,H2BC11,H2B clustered histone 11,ndd_only,,T2,ndd_no_documented_epilepsy,1,sfari,,615044,,0,
HGNC:4778,H3-4,"H3.4 histone, cluster member",ndd_only,,T3,ndd_no_documented_epilepsy,3,g2p_dd;panelapp_ge_id;sysndd,,602820,,0,
HGNC:4785,H4C11,H4 clustered histone 11,ndd_only,,T2,ndd_no_documented_epilepsy,5,g2p_dd;panelapp_au_id;panelapp_ge_id;sfari;sysndd,,602826,,0,
HGNC:4789,H4C2,H4 clustered histone 2,ndd_only,,T3,ndd_no_documented_epilepsy,3,g2p_dd;panelapp_ge_id;sysndd,,602829,,0,
HGNC:4787,H4C3,H4 clustered histone 3,ndd_only,,T1,ndd_no_documented_epilepsy,6,g2p_dd;orphadata_genes;panelapp_au_id;panelapp_ge_id;sfari;sysndd,717854,602827,,0,
HGNC:4782,H4C4,H4 clustered histone 4,ndd_only,,T2,ndd_no_documented_epilepsy,3,panelapp_au_id;panelapp_ge_id;sysndd,,602823,,0,
HGNC:4790,H4C5,H4 clustered histone 5,ndd_only,,T1,ndd_no_documented_epilepsy,6,clingen;orphadata_genes;panelapp_au_id;panelapp_ge_id;sfari;sysndd,717854,602830,,0,
HGNC:4783,H4C6,H4 clustered histone 6,ndd_only,,T2,ndd_no_documented_epilepsy,3,panelapp_au_id;panelapp_ge_id;sysndd,,602824,,0,
HGNC:4793,H4C9,H4 clustered histone 9,ndd_only,,T1,ndd_no_documented_epilepsy,4,orphadata_genes;panelapp_au_id;panelapp_ge_id;sysndd,717854,602833,,0,
HGNC:4796,HAAO,"3-hydroxyanthranilate 3,4-dioxygenase",ndd_only,,T1,ndd_no_documented_epilepsy,4,clingen;g2p_dd;orphadata_genes;sysndd,521438,604521,MONDO:0020831,0,
HGNC:9639,HACD1,3-hydroxyacyl-CoA dehydratase 1,ndd_only,,T1,ndd_no_documented_epilepsy,3,clingen;g2p_dd;orphadata_genes,2020,610467,MONDO:0009711,0,
HGNC:17856,HACL1,2-hydroxyacyl-CoA lyase 1,ndd_only,,T3,ndd_no_documented_epilepsy,1,sysndd,,604300,,0,
HGNC:4799,HADH,hydroxyacyl-CoA dehydrogenase,ndd_only,,T1,ndd_no_documented_epilepsy,5,clingen;g2p_dd;orphadata_genes;panelapp_au_id;panelapp_ge_id,71212,601609,MONDO:0012382,0,
HGNC:4801,HADHA,hydroxyacyl-CoA dehydrogenase trifunctional multienzyme complex subunit alpha,ndd_only,,T1,ndd_no_documented_epilepsy,5,clingen;g2p_dd;orphadata_genes;panelapp_au_id;panelapp_ge_id,243367;5;746,600890,MONDO:0012172;MONDO:0012173;MONDO:0016573,0,
HGNC:4803,HADHB,hydroxyacyl-CoA dehydrogenase trifunctional multienzyme complex subunit beta,ndd_only,,T1,ndd_no_documented_epilepsy,4,clingen;orphadata_genes;panelapp_au_id;panelapp_ge_id,746,143450,MONDO:0012172,0,
HGNC:4806,HAL,histidine ammonia-lyase,ndd_only,,T3,ndd_no_documented_epilepsy,3,clingen;orphadata_genes;panelapp_au_id,2157,609457,MONDO:0009345,0,
HGNC:4816,HARS1,histidyl-tRNA synthetase 1,ndd_only,,T2,ndd_no_documented_epilepsy,6,clingen;g2p_dd;orphadata_genes;panelapp_au_id;panelapp_ge_id;sysndd,231183;488333,142810,MONDO:0014711;MONDO:0016485,1,CureARS
HGNC:4817,HARS2,"histidyl-tRNA synthetase 2, mitochondrial",ndd_only,,T3,ndd_no_documented_epilepsy,4,clingen;orphadata_genes;panelapp_au_id;panelapp_ge_id,642945;642976,600783,MONDO:0009300;MONDO:0013972,0,
HGNC:32979,HAUS7,HAUS augmin like complex subunit 7,ndd_only,,T3,ndd_no_documented_epilepsy,1,panelapp_ge_id,,300540,,0,
HGNC:16882,HCN4,hyperpolarization activated cyclic nucleotide gated potassium channel 4,ndd_only,,T1,ndd_with_epilepsy,4,clingen;orphadata_genes;panelapp_au_epilepsy;sysndd,130;166282,605206,MONDO:0012061;MONDO:0015263,0,
HGNC:4847,HCRT,hypocretin neuropeptide precursor,ndd_only,,T2,ndd_no_documented_epilepsy,2,orphadata_genes;sysndd,2073;83465,602358,MONDO:0016158;MONDO:0019371,0,
HGNC:4852,HDAC1,histone deacetylase 1,ndd_only,,T3,ndd_no_documented_epilepsy,2,clingen;sysndd,,601241,,0,
HGNC:4853,HDAC2,histone deacetylase 2,ndd_only,,T2,ndd_no_documented_epilepsy,2,panelapp_au_id;sysndd,,605164,,0,
HGNC:14063,HDAC4,histone deacetylase 4,ndd_only,,T1,ndd_no_documented_epilepsy,6,g2p_dd;orphadata_genes;panelapp_au_id;panelapp_ge_id;sfari;sysndd,1001,605314,MONDO:0010886,0,
HGNC:14064,HDAC6,histone deacetylase 6,ndd_only,,T3,ndd_no_documented_epilepsy,3,orphadata_genes;panelapp_ge_id;sysndd,163966,300272,MONDO:0010463,0,
HGNC:4857,HDLBP,high density lipoprotein binding protein,ndd_only,,T2,ndd_no_documented_epilepsy,2,sfari;sysndd,,142695,,0,
HGNC:26087,HEATR3,HEAT repeat containing 3,ndd_only,,T1,ndd_no_documented_epilepsy,4,orphadata_genes;panelapp_au_id;panelapp_ge_id;sysndd,124,614951,MONDO:0015253,0,
HGNC:29273,HEATR5B,HEAT repeat containing 5B,ndd_only,,T2,ndd_with_epilepsy,6,g2p_dd;panelapp_au_epilepsy;panelapp_au_id;panelapp_ge_epilepsy;panelapp_ge_id;sysndd,,619627,,0,
HGNC:26611,HECTD4,HECT domain E3 ubiquitin protein ligase 4,ndd_only,,T1,ndd_with_epilepsy,7,g2p_dd;panelapp_au_epilepsy;panelapp_au_id;panelapp_ge_epilepsy;panelapp_ge_id;sfari;sysndd,,620209,,0,
HGNC:22195,HECW1,"HECT, C2 and WW domain containing E3 ubiquitin protein ligase 1",ndd_only,,T3,ndd_no_documented_epilepsy,1,sysndd,,610384,,0,
HGNC:16878,HELZ,helicase with zinc finger,ndd_only,,T3,ndd_no_documented_epilepsy,1,sysndd,,606699,,0,
HGNC:24923,HEMK1,"HemK methyltransferase 1, mitochondrial release factors N(5)-glutamine",ndd_only,,T3,ndd_no_documented_epilepsy,1,sysndd,,618609,,0,
HGNC:4867,HERC1,HECT and RLD domain containing E3 ubiquitin protein ligase family member 1,ndd_only,,T1,ndd_no_documented_epilepsy,6,g2p_dd;orphadata_genes;panelapp_au_id;panelapp_ge_id;sfari;sysndd,457359,605109,MONDO:0018710,0,
HGNC:4877,HESX1,HESX homeobox 1,ndd_only,,T1,ndd_no_documented_epilepsy,5,g2p_dd;orphadata_genes;panelapp_au_id;panelapp_ge_id;sysndd,226307;3157;478;95494;95496,601802,MONDO:0008428;MONDO:0013099;MONDO:0016411;MONDO:0018800;MONDO:0019828,0,
HGNC:26527,HGSNAT,heparan-alpha-glucosaminide N-acetyltransferase,ndd_only,,T1,ndd_no_documented_epilepsy,6,clingen;g2p_dd;orphadata_genes;panelapp_au_id;panelapp_ge_id;sysndd,791;79271,610453,MONDO:0009657;MONDO:0019200,0,
HGNC:18270,HHAT,hedgehog acyltransferase,ndd_only,,T3,ndd_no_documented_epilepsy,2,orphadata_genes;sysndd,1422,605743,MONDO:0010814,0,
HGNC:4908,HIBCH,3-hydroxyisobutyryl-CoA hydrolase,ndd_only,,T1,ndd_no_documented_epilepsy,6,clingen;g2p_dd;orphadata_genes;panelapp_au_id;panelapp_ge_id;sysndd,88639,610690,MONDO:0009603,0,
HGNC:26938,HIKESHI,heat shock protein nuclear import factor hikeshi,ndd_only,,T1,ndd_no_documented_epilepsy,4,clingen;orphadata_genes;panelapp_au_id;sysndd,495844,614908,MONDO:0044642,0,
HGNC:4912,HINT1,histidine triad nucleotide binding protein 1,ndd_only,,T1,ndd_no_documented_epilepsy,4,clingen;g2p_dd;orphadata_genes;panelapp_ge_id,324442,601314,MONDO:0007646,0,
HGNC:4916,HIRA,histone cell cycle regulator,ndd_only,,T2,ndd_no_documented_epilepsy,5,g2p_dd;orphadata_genes;panelapp_au_id;panelapp_ge_id;sysndd,567,600237,MONDO:0018923,0,
HGNC:13561,HIVEP3,HIVEP zinc finger 3,ndd_only,,T2,ndd_no_documented_epilepsy,2,sfari;sysndd,,606649,,0,
HGNC:4931,HLA-A,"major histocompatibility complex, class I, A",ndd_only,,T2,ndd_no_documented_epilepsy,2,orphadata_genes;sfari,179,142800,MONDO:0011599,0,
HGNC:4932,HLA-B,"major histocompatibility complex, class I, B",ndd_only,,T2,ndd_no_documented_epilepsy,2,orphadata_genes;sfari,117;275798;29207;3287;36426;397,142830,MONDO:0007191;MONDO:0008538;MONDO:0017151;MONDO:0017376;MONDO:0017991;MONDO:0018229,0,
HGNC:4940,HLA-DPB1,"major histocompatibility complex, class II, DP beta 1",ndd_only,,T2,ndd_no_documented_epilepsy,2,orphadata_genes;sfari,133;900,142858,MONDO:0012105;MONDO:0015274,0,
HGNC:4948,HLA-DRB1,"major histocompatibility complex, class II, DR beta 1",ndd_only,,T2,ndd_no_documented_epilepsy,2,orphadata_genes;sfari,2073;220393;220402;220407;3437;397;477738;536;545;703;747;797;83465;85414,142857,MONDO:0007915;MONDO:0008538;MONDO:0012579;MONDO:0016158;MONDO:0016356;MONDO:0016358;MONDO:0016359;MONDO:0018092;MONDO:0018784;MONDO:0018906;MONDO:0019082;MONDO:0019338;MONDO:0019371;MONDO:0019434,0,
HGNC:4964,HLA-G,"major histocompatibility complex, class I, G",ndd_only,,T2,ndd_no_documented_epilepsy,1,sfari,,142871,,0,
HGNC:4982,HMBS,hydroxymethylbilane synthase,ndd_only,,T1,ndd_no_documented_epilepsy,4,clingen;orphadata_genes;panelapp_au_id;sysndd,79276,609806,MONDO:0008294,0,
HGNC:21293,HMCN2,hemicentin 2,ndd_only,,T3,ndd_no_documented_epilepsy,1,sysndd,,621107,,0,
HGNC:5001,HMG20A,high mobility group 20A,ndd_only,,T3,ndd_no_documented_epilepsy,1,sysndd,,605534,,0,
HGNC:5009,HMGA2,high mobility group AT-hook 2,ndd_only,,T1,ndd_no_documented_epilepsy,3,clingen;g2p_dd;orphadata_genes,276148;397590;94063;99970;99971,600698,MONDO:0005103;MONDO:0017168;MONDO:0018336;MONDO:0019784;MONDO:0020563,0,
HGNC:4983,HMGB1,high mobility group box 1,ndd_only,,T1,ndd_no_documented_epilepsy,5,clingen;g2p_dd;panelapp_au_id;panelapp_ge_id;sysndd,,163905,,0,
HGNC:5004,HMGB3,high mobility group box 3,ndd_only,,T3,ndd_no_documented_epilepsy,3,g2p_dd;panelapp_ge_id;sysndd,,300193,,0,
HGNC:21359,HMGCLL1,3-hydroxy-3-methylglutaryl-CoA lyase like 1,ndd_only,,T3,ndd_no_documented_epilepsy,1,sysndd,,619050,,0,
HGNC:5006,HMGCR,3-hydroxy-3-methylglutaryl-CoA reductase,ndd_only,,T2,ndd_no_documented_epilepsy,3,clingen;g2p_dd;orphadata_genes,653725,142910,MONDO:0957270,0,
HGNC:5008,HMGCS2,3-hydroxy-3-methylglutaryl-CoA synthase 2,ndd_only,,T1,ndd_no_documented_epilepsy,4,clingen;g2p_dd;orphadata_genes;panelapp_ge_id,35701,600234,MONDO:0011614,0,
HGNC:4984,HMGN1,high mobility group nucleosome binding domain 1,ndd_only,,T2,ndd_no_documented_epilepsy,1,sfari,,163920,,0,
HGNC:28982,HMGXB3,HMG-box containing 3,ndd_only,,T3,ndd_no_documented_epilepsy,1,sysndd,,619800,,0,
HGNC:5003,HMGXB4,HMG-box containing 4,ndd_only,,T3,ndd_no_documented_epilepsy,2,panelapp_ge_id;sysndd,,604702,,0,
HGNC:5017,HMX1,H6 family homeobox 1,ndd_only,,T1,ndd_no_documented_epilepsy,3,clingen;g2p_dd;orphadata_genes,157962,142992,MONDO:0012802,0,
HGNC:11630,HNF1B,HNF1 homeobox B,ndd_only,,T1,ndd_no_documented_epilepsy,5,clingen;g2p_dd;orphadata_genes;panelapp_ge_id;sysndd,1309;2578;261265;93111;93172;93173;97363;97364,189907,MONDO:0007669;MONDO:0010989;MONDO:0013797;MONDO:0015268;MONDO:0019644;MONDO:0019645;MONDO:0019981;MONDO:0019982,0,
HGNC:5024,HNF4A,hepatocyte nuclear factor 4 alpha,ndd_only,,T1,ndd_no_documented_epilepsy,4,clingen;g2p_dd;orphadata_genes;panelapp_ge_id,263455;544628;552,600281,MONDO:0016988;MONDO:0018911;MONDO:0034110,0,
HGNC:5028,HNMT,histamine N-methyltransferase,ndd_only,,T1,ndd_no_documented_epilepsy,4,orphadata_genes;panelapp_au_id;panelapp_ge_id;sysndd,88616,605238,MONDO:0019502,0,
HGNC:5033,HNRNPA2B1,heterogeneous nuclear ribonucleoprotein A2/B1,ndd_only,,T1,ndd_no_documented_epilepsy,3,clingen;g2p_dd;orphadata_genes,52430,600124,MONDO:0000507,0,
HGNC:5034,HNRNPAB,heterogeneous nuclear ribonucleoprotein A/B,ndd_only,,T3,ndd_no_documented_epilepsy,1,sysndd,,602688,,0,
HGNC:5035,HNRNPC,heterogeneous nuclear ribonucleoprotein C,ndd_only,,T1,ndd_no_documented_epilepsy,4,orphadata_genes;panelapp_au_id;panelapp_ge_id;sysndd,528084,164020,MONDO:0100038,1,HNRNP Family Foundation
HGNC:5036,HNRNPD,heterogeneous nuclear ribonucleoprotein D,ndd_only,,T1,ndd_no_documented_epilepsy,6,clingen;g2p_dd;panelapp_au_id;panelapp_ge_id;sfari;sysndd,,601324,,1,HNRNP Family Foundation
HGNC:5039,HNRNPF,heterogeneous nuclear ribonucleoprotein F,ndd_only,,T2,ndd_no_documented_epilepsy,2,sfari;sysndd,,601037,,0,
HGNC:5043,HNRNPH3,heterogeneous nuclear ribonucleoprotein H3,ndd_only,,T3,ndd_no_documented_epilepsy,1,sysndd,,602324,,0,
HGNC:5045,HNRNPL,heterogeneous nuclear ribonucleoprotein L,ndd_only,,T3,ndd_no_documented_epilepsy,2,sfari;sysndd,,603083,,0,
HGNC:17011,HNRNPUL1,heterogeneous nuclear ribonucleoprotein U like 1,ndd_only,,T3,ndd_no_documented_epilepsy,1,sysndd,,605800,,0,
HGNC:25451,HNRNPUL2,heterogeneous nuclear ribonucleoprotein U like 2,ndd_only,,T1,ndd_no_documented_epilepsy,2,sfari;sysndd,,,,0,
HGNC:17512,HOMER1,homer scaffold protein 1,ndd_only,,T2,ndd_no_documented_epilepsy,1,sfari,,604798,,0,
HGNC:5101,HOXA11,homeobox A11,ndd_only,,T3,ndd_no_documented_epilepsy,3,clingen;g2p_dd;orphadata_genes,71289,142958,MONDO:0011555,0,
HGNC:5102,HOXA13,homeobox A13,ndd_only,,T1,ndd_no_documented_epilepsy,4,clingen;g2p_dd;orphadata_genes;panelapp_ge_id,2438;2957,142959,MONDO:0007698;MONDO:0008301,0,
HGNC:5111,HOXB1,homeobox B1,ndd_only,,T1,ndd_no_documented_epilepsy,2,g2p_dd;orphadata_genes,306530,142968,MONDO:0017627,0,
HGNC:5125,HOXC13,homeobox C13,ndd_only,,T1,ndd_no_documented_epilepsy,3,g2p_dd;orphadata_genes;panelapp_ge_id,69084,142976,MONDO:0019071,0,
HGNC:5133,HOXD10,homeobox D10,ndd_only,,T3,ndd_no_documented_epilepsy,3,orphadata_genes;panelapp_au_id;panelapp_ge_id,295201;295203,142984,MONDO:0017546;MONDO:0017547,0,
HGNC:5136,HOXD13,homeobox D13,ndd_only,,T1,ndd_no_documented_epilepsy,3,g2p_dd;orphadata_genes;panelapp_ge_id,295191;295195;887;93387;93406;93409,142989,MONDO:0008513;MONDO:0008516;MONDO:0008642;MONDO:0012544;MONDO:0017544;MONDO:0019677,0,
HGNC:5144,HPCA,hippocalcin,ndd_only,,T1,ndd_no_documented_epilepsy,3,clingen;orphadata_genes;sysndd,99657,142622,MONDO:0009141,0,
HGNC:5147,HPD,4-hydroxyphenylpyruvate dioxygenase,ndd_only,,T1,ndd_no_documented_epilepsy,6,clingen;g2p_dd;orphadata_genes;panelapp_au_id;panelapp_ge_id;sysndd,2118;69723,609695,MONDO:0007700;MONDO:0010162,0,
HGNC:5154,HPGD,15-hydroxyprostaglandin dehydrogenase,ndd_only,,T1,ndd_no_documented_epilepsy,3,g2p_dd;orphadata_genes;panelapp_ge_id,1525;217059;2796,601688,MONDO:0007343;MONDO:0015466;MONDO:0016620,0,
HGNC:5163,HPS1,HPS1 biogenesis of lysosomal organelles complex 3 subunit 1,ndd_only,,T1,ndd_no_documented_epilepsy,4,clingen;g2p_dd;orphadata_genes;panelapp_ge_id,231500,604982,MONDO:0016501,0,
HGNC:18374,HPSE2,heparanase 2 (inactive),ndd_only,,T1,ndd_no_documented_epilepsy,3,g2p_dd;orphadata_genes;panelapp_ge_id,2704,613469,MONDO:0000463,0,
HGNC:5172,HR,HR lysine demethylase and nuclear receptor corepressor,ndd_only,,T1,ndd_no_documented_epilepsy,3,g2p_dd;orphadata_genes;panelapp_ge_id,444;701;86819,602302,MONDO:0008757;MONDO:0008847;MONDO:0018631,0,
HGNC:5193,HS2ST1,heparan sulfate 2-O-sulfotransferase 1,ndd_only,,T1,ndd_no_documented_epilepsy,5,g2p_dd;orphadata_genes;panelapp_au_id;panelapp_ge_id;sysndd,528084,604844,MONDO:0100038,0,
HGNC:19419,HS3ST5,heparan sulfate-glucosamine 3-sulfotransferase 5,ndd_only,,T2,ndd_no_documented_epilepsy,1,sfari,,609407,,0,
HGNC:19133,HS6ST2,heparan sulfate 6-O-sulfotransferase 2,ndd_only,,T2,ndd_no_documented_epilepsy,3,panelapp_au_id;panelapp_ge_id;sysndd,,300545,,0,
HGNC:5208,HSD11B1,hydroxysteroid 11-beta dehydrogenase 1,ndd_only,,T2,ndd_no_documented_epilepsy,2,orphadata_genes;sfari,168588,600713,MONDO:0000193,0,
HGNC:4800,HSD17B10,hydroxysteroid 17-beta dehydrogenase 10,ndd_only,,T1,ndd_with_epilepsy,7,clingen;g2p_dd;orphadata_genes;panelapp_au_id;panelapp_ge_epilepsy;panelapp_ge_id;sysndd,391428;391457;85295,300256,MONDO:0018322;MONDO:0018323;MONDO:0037149,0,
HGNC:18324,HSD3B7,"hydroxy-delta-5-steroid dehydrogenase, 3 beta- and steroid delta-isomerase 7",ndd_only,,T1,ndd_no_documented_epilepsy,4,clingen;g2p_dd;orphadata_genes;panelapp_ge_id,79301,607764,MONDO:0011906,0,
HGNC:5227,HSF4,heat shock transcription factor 4,ndd_only,,T1,ndd_no_documented_epilepsy,3,g2p_dd;orphadata_genes;panelapp_ge_id,441452;98994,602438,MONDO:0018611;MONDO:0021548,0,
HGNC:5244,HSPA9,heat shock protein family A (Hsp70) member 9,ndd_only,,T2,ndd_no_documented_epilepsy,3,orphadata_genes;panelapp_au_id;sysndd,260305;496751,600548,MONDO:0014801;MONDO:0016828,0,
HGNC:5273,HSPG2,heparan sulfate proteoglycan 2,ndd_only,,T1,ndd_no_documented_epilepsy,6,clingen;g2p_dd;orphadata_genes;panelapp_au_id;panelapp_ge_id;sysndd,1606;1865;800,142461,MONDO:0009140;MONDO:0009717;MONDO:0011929,0,
HGNC:5287,HTR1B,5-hydroxytryptamine receptor 1B,ndd_only,,T2,ndd_no_documented_epilepsy,1,sfari,,182131,,0,
HGNC:5293,HTR2A,5-hydroxytryptamine receptor 2A,ndd_only,,T3,ndd_no_documented_epilepsy,1,sysndd,,182135,,0,
HGNC:5295,HTR2C,5-hydroxytryptamine receptor 2C,ndd_only,,T3,ndd_no_documented_epilepsy,1,sfari,,312861,,0,
HGNC:5297,HTR3A,5-hydroxytryptamine receptor 3A,ndd_only,,T2,ndd_no_documented_epilepsy,1,sfari,,182139,,0,
HGNC:24003,HTR3C,5-hydroxytryptamine receptor 3C,ndd_only,,T3,ndd_no_documented_epilepsy,1,sfari,,610121,,0,
HGNC:5302,HTR7,5-hydroxytryptamine receptor 7,ndd_only,,T3,ndd_no_documented_epilepsy,1,sysndd,,182137,,0,
HGNC:30892,HUWE1,"HECT, UBA and WWE domain containing E3 ubiquitin protein ligase 1",ndd_only,,T1,ndd_no_documented_epilepsy,7,clingen;g2p_dd;orphadata_genes;panelapp_au_id;panelapp_ge_id;sfari;sysndd,528084,300697,MONDO:0100038,0,
HGNC:5320,HYAL1,hyaluronidase 1,ndd_only,,T1,ndd_no_documented_epilepsy,4,clingen;g2p_dd;orphadata_genes;panelapp_ge_id,67041,607071,MONDO:0011093,0,
HGNC:5321,HYAL2,hyaluronidase 2,ndd_only,,T1,ndd_no_documented_epilepsy,3,g2p_dd;orphadata_genes;sysndd,508476,603551,MONDO:0976127,0,
HGNC:24587,HYCC1,hyccin PI4KA lipid kinase complex subunit 1,ndd_only,,T1,ndd_no_documented_epilepsy,6,clingen;g2p_dd;orphadata_genes;panelapp_au_id;panelapp_ge_id;sysndd,85163,610531,MONDO:0012514,0,
HGNC:19368,HYDIN,HYDIN axonemal central pair apparatus protein,ndd_only,,T1,ndd_no_documented_epilepsy,5,clingen;g2p_dd;orphadata_genes;panelapp_ge_id;sfari,244,610812,MONDO:0016575,0,
HGNC:26558,HYLS1,HYLS1 centriolar and ciliogenesis associated,ndd_only,,T1,ndd_no_documented_epilepsy,6,clingen;g2p_dd;orphadata_genes;panelapp_au_id;panelapp_ge_id;sysndd,2189;475,610693,MONDO:0006037;MONDO:0018772,0,
HGNC:18418,HYPK,huntingtin interacting protein K,ndd_only,,T3,ndd_no_documented_epilepsy,1,panelapp_au_id,,612784,,0,
HGNC:5330,IARS1,isoleucyl-tRNA synthetase 1,ndd_only,,T1,ndd_no_documented_epilepsy,5,g2p_dd;orphadata_genes;panelapp_au_id;panelapp_ge_id;sysndd,541423,600709,MONDO:0014911,1,CureARS
HGNC:5343,ICA1,islet cell autoantigen 1,ndd_only,,T2,ndd_no_documented_epilepsy,1,sfari,,147625,,0,
HGNC:29154,ICE1,interactor of little elongation complex ELL subunit 1,ndd_only,,T2,ndd_no_documented_epilepsy,2,panelapp_au_id;sysndd,,617958,,0,
HGNC:29885,ICE2,interactor of little elongation complex ELL subunit 2,ndd_only,,T3,ndd_no_documented_epilepsy,1,sysndd,,610835,,0,
HGNC:5384,IDH3A,isocitrate dehydrogenase (NAD(+)) 3 catalytic subunit alpha,ndd_only,,T3,ndd_no_documented_epilepsy,2,orphadata_genes;sysndd,791,601149,MONDO:0019200,0,
HGNC:5389,IDS,iduronate 2-sulfatase,ndd_only,,T1,ndd_no_documented_epilepsy,6,clingen;g2p_dd;orphadata_genes;panelapp_au_id;panelapp_ge_id;sysndd,217085;217093,300823,MONDO:0016315;MONDO:0016316,0,
HGNC:5391,IDUA,alpha-L-iduronidase,ndd_only,,T1,ndd_no_documented_epilepsy,6,clingen;g2p_dd;orphadata_genes;panelapp_au_id;panelapp_ge_id;sysndd,93473;93474;93476,252800,MONDO:0011758;MONDO:0011759;MONDO:0011760,0,
HGNC:16644,IFITM5,interferon induced transmembrane protein 5,ndd_only,,T1,ndd_no_documented_epilepsy,3,g2p_dd;orphadata_genes;panelapp_ge_id,216828,614757,MONDO:0012591,0,
HGNC:5433,IFNAR2,interferon alpha and beta receptor subunit 2,ndd_only,,T1,ndd_no_documented_epilepsy,3,clingen;orphadata_genes;panelapp_ge_id,431166,602376,MONDO:0014715,0,
HGNC:13556,IFT122,intraflagellar transport 122,ndd_only,,T1,ndd_no_documented_epilepsy,4,clingen;g2p_dd;orphadata_genes;panelapp_ge_id,1515;93268,606045,MONDO:0009032;MONDO:0010024,0,
HGNC:29077,IFT140,intraflagellar transport 140,ndd_only,,T1,ndd_no_documented_epilepsy,6,clingen;g2p_dd;orphadata_genes;panelapp_au_id;panelapp_ge_id;sysndd,140969;474;65;730;791,614620,MONDO:0004691;MONDO:0009964;MONDO:0018770;MONDO:0018998;MONDO:0019200,0,
HGNC:30391,IFT172,intraflagellar transport 172,ndd_only,,T1,ndd_no_documented_epilepsy,6,clingen;g2p_dd;orphadata_genes;panelapp_au_id;panelapp_ge_id;sysndd,110;140969;474;791,607386,MONDO:0009964;MONDO:0015229;MONDO:0018770;MONDO:0019200,0,
HGNC:18626,IFT27,intraflagellar transport 27,ndd_only,,T1,ndd_no_documented_epilepsy,5,clingen;orphadata_genes;panelapp_au_id;panelapp_ge_id;sysndd,110,615870,MONDO:0015229,0,
HGNC:19009,IFT38,intraflagellar transport 38,ndd_only,,T3,ndd_no_documented_epilepsy,1,panelapp_au_id,,616787,,0,
HGNC:29669,IFT43,intraflagellar transport 43,ndd_only,,T2,ndd_no_documented_epilepsy,4,clingen;g2p_dd;orphadata_genes;panelapp_ge_id,1515;791,614068,MONDO:0009032;MONDO:0019200,0,
HGNC:15901,IFT52,intraflagellar transport 52,ndd_only,,T2,ndd_no_documented_epilepsy,3,clingen;orphadata_genes;sysndd,1515,617094,MONDO:0009032,0,
HGNC:17367,IFT57,intraflagellar transport 57,ndd_only,,T2,ndd_no_documented_epilepsy,3,clingen;orphadata_genes;sysndd,508501,606621,MONDO:0054770,0,
HGNC:21424,IFT74,intraflagellar transport 74,ndd_only,,T1,ndd_no_documented_epilepsy,5,clingen;g2p_dd;orphadata_genes;panelapp_au_id;sysndd,110;137893;475,608040,MONDO:0009461;MONDO:0015229;MONDO:0018772,0,
HGNC:29262,IFT80,intraflagellar transport 80,ndd_only,,T1,ndd_no_documented_epilepsy,4,clingen;g2p_dd;orphadata_genes;panelapp_ge_id,474;93268;93271,611177,MONDO:0010024;MONDO:0013127;MONDO:0018770,0,
HGNC:5461,IGBP1,immunoglobulin binding protein 1,ndd_only,,T3,ndd_no_documented_epilepsy,6,clingen;g2p_dd;orphadata_genes;panelapp_au_id;panelapp_ge_id;sysndd,52055,300139,MONDO:0010333,0,
HGNC:5464,IGF1,insulin like growth factor 1,ndd_only,,T1,ndd_no_documented_epilepsy,6,g2p_dd;orphadata_genes;panelapp_au_id;panelapp_ge_id;sfari;sysndd,73272,147440,MONDO:0012110,0,
HGNC:5465,IGF1R,insulin like growth factor 1 receptor,ndd_only,,T1,ndd_no_documented_epilepsy,5,g2p_dd;orphadata_genes;panelapp_au_id;panelapp_ge_id;sysndd,73273,147370,MONDO:0010038,0,
HGNC:5466,IGF2,insulin like growth factor 2,ndd_only,,T1,ndd_no_documented_epilepsy,6,clingen;g2p_dd;orphadata_genes;panelapp_au_id;panelapp_ge_id;sysndd,2128;231117;231140;231144;397590,147470,MONDO:0009331;MONDO:0016475;MONDO:0016480;MONDO:0016481;MONDO:0018336,0,
HGNC:5473,IGFBP4,insulin like growth factor binding protein 4,ndd_only,,T3,ndd_no_documented_epilepsy,1,sysndd,,146733,,0,
HGNC:5476,IGFBP7,insulin like growth factor binding protein 7,ndd_only,,T1,ndd_no_documented_epilepsy,2,g2p_dd;orphadata_genes,284247,602867,MONDO:0013640,0,
HGNC:5542,IGHMBP2,immunoglobulin mu DNA binding protein 2,ndd_only,,T1,ndd_no_documented_epilepsy,4,clingen;g2p_dd;orphadata_genes;panelapp_ge_id,443073;98920,600502,MONDO:0011436;MONDO:0014511,0,
HGNC:5948,IGSF1,immunoglobulin superfamily member 1,ndd_only,,T1,ndd_no_documented_epilepsy,3,g2p_dd;orphadata_genes;panelapp_ge_id,329235,300137,MONDO:0010475,0,
HGNC:5956,IHH,Indian hedgehog signaling molecule,ndd_only,,T1,ndd_no_documented_epilepsy,3,g2p_dd;orphadata_genes;panelapp_ge_id,63446;93388,600726,MONDO:0007215;MONDO:0011907,0,
HGNC:13176,IKZF1,IKAROS family zinc finger 1,ndd_only,,T1,ndd_no_documented_epilepsy,3,clingen;orphadata_genes;sfari,317473;36426;585909;695172;697414,603023,MONDO:0014810;MONDO:0018229;MONDO:0035940;MONDO:0979288;MONDO:0979316,0,
HGNC:13177,IKZF2,IKAROS family zinc finger 2,ndd_only,,T2,ndd_no_documented_epilepsy,4,clingen;g2p_dd;orphadata_genes;panelapp_au_id,697389;699599,606234,MONDO:0800139;MONDO:0979234,0,
HGNC:5966,IL11,interleukin 11,ndd_only,,T3,ndd_no_documented_epilepsy,1,g2p_dd,,147681,,0,
HGNC:5967,IL11RA,interleukin 11 receptor subunit alpha,ndd_only,,T1,ndd_no_documented_epilepsy,4,clingen;g2p_dd;orphadata_genes;panelapp_ge_id,284149,600939,MONDO:0013615,0,
HGNC:5994,IL1R2,interleukin 1 receptor type 2,ndd_only,,T2,ndd_no_documented_epilepsy,2,sfari;sysndd,,147811,,0,
HGNC:5996,IL1RAPL1,interleukin 1 receptor accessory protein like 1,ndd_only,,T1,ndd_no_documented_epilepsy,7,clingen;g2p_dd;orphadata_genes;panelapp_au_id;panelapp_ge_id;sfari;sysndd,777,300206,MONDO:0019181,0,
HGNC:5997,IL1RAPL2,interleukin 1 receptor accessory protein like 2,ndd_only,,T2,ndd_no_documented_epilepsy,2,panelapp_ge_id;sfari,,300277,,0,
HGNC:6012,IL3RA,interleukin 3 receptor subunit alpha,ndd_only,,T3,ndd_no_documented_epilepsy,1,panelapp_ge_id,,"""308385|430000""",,0,
HGNC:6037,ILF2,interleukin enhancer binding factor 2,ndd_only,,T2,ndd_no_documented_epilepsy,3,panelapp_ge_id;sfari;sysndd,,603181,,0,
HGNC:6038,ILF3,interleukin enhancer binding factor 3,ndd_only,,T3,ndd_no_documented_epilepsy,1,sysndd,,603182,,0,
HGNC:14598,IMMP2L,inner mitochondrial membrane peptidase subunit 2,ndd_only,,T2,ndd_no_documented_epilepsy,3,panelapp_au_id;sfari;sysndd,,605977,,0,
HGNC:6050,IMPA1,inositol monophosphatase 1,ndd_only,,T1,ndd_no_documented_epilepsy,3,orphadata_genes;panelapp_au_id;sysndd,88616,602064,MONDO:0019502,0,
HGNC:6053,IMPDH2,inosine monophosphate dehydrogenase 2,ndd_only,,T1,ndd_no_documented_epilepsy,4,orphadata_genes;panelapp_au_id;panelapp_ge_id;sysndd,98808,146691,MONDO:0971063,0,
HGNC:6057,INA,internexin neuronal intermediate filament protein alpha,ndd_only,,T3,ndd_no_documented_epilepsy,1,sysndd,,605338,,0,
HGNC:23791,INF2,inverted formin 2,ndd_only,,T1,ndd_no_documented_epilepsy,3,clingen;orphadata_genes;panelapp_ge_id,656;93114,610982,MONDO:0013758;MONDO:0019006,0,
HGNC:14587,ING3,inhibitor of growth family member 3,ndd_only,,T3,ndd_no_documented_epilepsy,1,sysndd,,607493,,0,
HGNC:24994,INIP,INTS3 and NABP interacting protein,ndd_only,,T3,ndd_no_documented_epilepsy,1,sysndd,,613273,,0,
HGNC:26956,INO80,INO80 complex ATPase subunit,ndd_only,,T3,ndd_with_epilepsy,4,clingen;orphadata_genes;panelapp_ge_epilepsy;sysndd,723146,610169,,0,
HGNC:6071,INPP1,inositol polyphosphate-1-phosphatase,ndd_only,,T2,ndd_no_documented_epilepsy,1,sfari,,147263,,0,
HGNC:6074,INPP4A,inositol polyphosphate-4-phosphatase type I A,ndd_only,,T1,ndd_with_epilepsy,6,g2p_dd;panelapp_au_epilepsy;panelapp_au_id;panelapp_ge_epilepsy;panelapp_ge_id;sysndd,,600916,,0,
HGNC:21474,INPP5E,inositol polyphosphate-5-phosphatase E,ndd_only,,T1,ndd_no_documented_epilepsy,6,clingen;g2p_dd;orphadata_genes;panelapp_au_id;panelapp_ge_id;sysndd,1454;220493;475;75858,613037,MONDO:0012423;MONDO:0016364;MONDO:0018772;MONDO:0100349,0,
HGNC:33882,INPP5K,inositol polyphosphate-5-phosphatase K,ndd_only,,T1,ndd_no_documented_epilepsy,5,g2p_dd;orphadata_genes;panelapp_au_id;panelapp_ge_id;sysndd,662184,607875,MONDO:0024607,0,
HGNC:6080,INPPL1,inositol polyphosphate phosphatase like 1,ndd_only,,T1,ndd_no_documented_epilepsy,4,clingen;g2p_dd;orphadata_genes;panelapp_ge_id,2746;3144,600829,MONDO:0009785;MONDO:0010013,0,
HGNC:6081,INS,insulin,ndd_only,,T1,ndd_no_documented_epilepsy,3,clingen;orphadata_genes;panelapp_au_id,552;99885,176730,MONDO:0018911;MONDO:0100164,0,
HGNC:6091,INSR,insulin receptor,ndd_only,,T1,ndd_no_documented_epilepsy,5,clingen;orphadata_genes;panelapp_au_id;panelapp_ge_id;sysndd,2297;263458;508;769,147670,MONDO:0009517;MONDO:0009874;MONDO:0012381;MONDO:0012520,0,
HGNC:24555,INTS1,integrator complex subunit 1,ndd_only,,T1,ndd_no_documented_epilepsy,5,g2p_dd;panelapp_au_id;panelapp_ge_id;sfari;sysndd,,611345,,0,
HGNC:20174,INTS13,integrator complex subunit 13,ndd_only,,T2,ndd_no_documented_epilepsy,2,panelapp_au_id;sysndd,,615079,,0,
HGNC:14879,INTS6,integrator complex subunit 6,ndd_only,,T1,ndd_no_documented_epilepsy,4,panelapp_au_id;panelapp_ge_id;sfari;sysndd,,604331,,0,
HGNC:27334,INTS6L,integrator complex subunit 6 like,ndd_only,,T3,ndd_no_documented_epilepsy,1,panelapp_ge_id,,,,0,
HGNC:29239,INTU,inturned planar cell polarity protein,ndd_only,,T1,ndd_no_documented_epilepsy,2,clingen;sysndd,,610621,,0,
HGNC:9853,IPO8,importin 8,ndd_only,,T1,ndd_no_documented_epilepsy,5,g2p_dd;orphadata_genes;panelapp_au_id;panelapp_ge_id;sysndd,60030,605600,MONDO:0018954,0,
HGNC:6108,IPP,intracisternal A particle-promoted polypeptide,ndd_only,,T2,ndd_no_documented_epilepsy,1,sysndd,,147485,,0,
HGNC:20669,IQGAP3,IQ motif containing GTPase activating protein 3,ndd_only,,T2,ndd_no_documented_epilepsy,1,sfari,,621092,,0,
HGNC:29112,IQSEC1,IQ motif and Sec7 domain ArfGEF 1,ndd_only,,T1,ndd_no_documented_epilepsy,6,clingen;g2p_dd;orphadata_genes;panelapp_au_id;panelapp_ge_id;sysndd,88616,610166,MONDO:0019502,0,
HGNC:29193,IQSEC3,IQ motif and Sec7 domain ArfGEF 3,ndd_only,,T2,ndd_no_documented_epilepsy,3,panelapp_au_id;panelapp_ge_id;sysndd,,612118,,0,
HGNC:6112,IRAK1,interleukin 1 receptor associated kinase 1,ndd_only,,T3,ndd_no_documented_epilepsy,2,orphadata_genes;panelapp_ge_id,536;93552,300283,MONDO:0007915;MONDO:0019725,0,
HGNC:17967,IRAK4,interleukin 1 receptor associated kinase 4,ndd_only,,T3,ndd_no_documented_epilepsy,2,orphadata_genes;sysndd,70592,606883,MONDO:0011888,0,
HGNC:6115,IREB2,iron responsive element binding protein 2,ndd_only,,T1,ndd_no_documented_epilepsy,3,g2p_dd;panelapp_au_id;panelapp_ge_id,,147582,,0,
HGNC:21728,IRF2BP1,interferon regulatory factor 2 binding protein 1,ndd_only,,T2,ndd_no_documented_epilepsy,2,panelapp_au_id;sysndd,,615331,,0,
HGNC:6121,IRF6,interferon regulatory factor 6,ndd_only,,T1,ndd_no_documented_epilepsy,4,clingen;g2p_dd;orphadata_genes;panelapp_ge_id,1300;141291;199302;199306;708014;888;99798,607199,MONDO:0005486;MONDO:0007334;MONDO:0015420;MONDO:0016043;MONDO:0016044;MONDO:0019508,0,
HGNC:6125,IRS1,insulin receptor substrate 1,ndd_only,,T2,ndd_no_documented_epilepsy,1,panelapp_au_id,,147545,,0,
HGNC:14361,IRX5,iroquois homeobox 5,ndd_only,,T1,ndd_no_documented_epilepsy,7,clingen;g2p_dd;orphadata_genes;panelapp_au_id;panelapp_ge_id;sfari;sysndd,314555,606195,MONDO:0012634,0,
HGNC:19857,ISCA2,iron-sulfur cluster assembly 2,ndd_only,,T1,ndd_no_documented_epilepsy,5,clingen;orphadata_genes;panelapp_au_id;panelapp_ge_id;sysndd,457406,615317,MONDO:0014611,0,
HGNC:29286,ISLR2,immunoglobulin superfamily containing leucine rich repeat 2,ndd_only,,T3,ndd_no_documented_epilepsy,1,sysndd,,614179,,0,
HGNC:13890,ITCH,itchy E3 ubiquitin protein ligase,ndd_only,,T1,ndd_no_documented_epilepsy,6,clingen;g2p_dd;orphadata_genes;panelapp_au_id;panelapp_ge_id;sysndd,228426,606409,MONDO:0013245,0,
HGNC:30879,ITFG2,integrin alpha FG-GAP repeat containing 2,ndd_only,,T2,ndd_no_documented_epilepsy,2,panelapp_au_id;panelapp_ge_id,,617421,,0,
HGNC:6136,ITGA11,integrin subunit alpha 11,ndd_only,,T3,ndd_no_documented_epilepsy,1,sysndd,,604789,,0,
HGNC:6139,ITGA3,integrin subunit alpha 3,ndd_only,,T1,ndd_no_documented_epilepsy,4,clingen;g2p_dd;orphadata_genes;panelapp_ge_id,306504,605025,MONDO:0013881,0,
HGNC:6140,ITGA4,integrin subunit alpha 4,ndd_only,,T3,ndd_no_documented_epilepsy,1,panelapp_ge_id,,192975,,0,
HGNC:6142,ITGA6,integrin subunit alpha 6,ndd_only,,T3,ndd_no_documented_epilepsy,2,g2p_dd;orphadata_genes,79403,147556,MONDO:0009183,0,
HGNC:6143,ITGA7,integrin subunit alpha 7,ndd_only,,T2,ndd_no_documented_epilepsy,5,g2p_dd;orphadata_genes;panelapp_au_id;panelapp_ge_id;sysndd,2020;34520,600536,MONDO:0009711;MONDO:0013177,0,
HGNC:6144,ITGA8,integrin subunit alpha 8,ndd_only,,T1,ndd_no_documented_epilepsy,3,g2p_dd;orphadata_genes;sfari,1848,604063,MONDO:0015986,0,
HGNC:6150,ITGAV,integrin subunit alpha V,ndd_only,,T1,ndd_no_documented_epilepsy,3,panelapp_au_id;panelapp_ge_id;sysndd,,193210,,0,
HGNC:6156,ITGB3,integrin subunit beta 3,ndd_only,,T1,ndd_no_documented_epilepsy,3,clingen;orphadata_genes;sfari,140957;849;853,173470,MONDO:0015372;MONDO:0019415;MONDO:0100326,0,
HGNC:6161,ITGB6,integrin subunit beta 6,ndd_only,,T3,ndd_no_documented_epilepsy,2,orphadata_genes;panelapp_ge_id,100031;100032;2850,147558,MONDO:0008756;MONDO:0015047;MONDO:0968955,0,
HGNC:6163,ITGB8,integrin subunit beta 8,ndd_only,,T3,ndd_no_documented_epilepsy,1,sysndd,,604160,,0,
HGNC:28907,ITIH6,inter-alpha-trypsin inhibitor heavy chain family member 6,ndd_only,,T3,ndd_no_documented_epilepsy,2,panelapp_ge_id;sysndd,,,,0,
HGNC:6180,ITPR1,"inositol 1,4,5-trisphosphate receptor type 1",ndd_only,,T1,ndd_no_documented_epilepsy,7,clingen;g2p_dd;orphadata_genes;panelapp_au_id;panelapp_ge_id;sfari;sysndd,1065;208513;98769,147265,MONDO:0007298;MONDO:0008795;MONDO:0011694,0,
HGNC:6182,ITPR3,"inositol 1,4,5-trisphosphate receptor type 3",ndd_only,,T1,ndd_no_documented_epilepsy,3,clingen;g2p_dd;orphadata_genes,730318;730332,147267,,0,
HGNC:6183,ITSN1,intersectin 1,ndd_only,,T1,ndd_no_documented_epilepsy,5,orphadata_genes;panelapp_au_id;panelapp_ge_id;sfari;sysndd,178469,602442,MONDO:0015802,0,
HGNC:6186,IVD,isovaleryl-CoA dehydrogenase,ndd_only,,T1,ndd_no_documented_epilepsy,6,clingen;g2p_dd;orphadata_genes;panelapp_au_id;panelapp_ge_id;sysndd,33,607036,MONDO:0009475,0,
HGNC:21071,IYD,iodotyrosine deiodinase,ndd_only,,T3,ndd_no_documented_epilepsy,3,orphadata_genes;panelapp_au_id;sysndd,95716,612025,MONDO:0010132,0,
HGNC:6188,JAG1,jagged canonical Notch ligand 1,ndd_only,,T1,ndd_no_documented_epilepsy,5,g2p_dd;orphadata_genes;panelapp_au_id;panelapp_ge_id;sysndd,261600;261619;3303,601920,MONDO:0008542;MONDO:0016861;MONDO:0016862,0,
HGNC:6189,JAG2,jagged canonical Notch ligand 2,ndd_only,,T1,ndd_no_documented_epilepsy,3,clingen;g2p_dd;sysndd,,602570,,0,
HGNC:26926,JAGN1,jagunal vesicle mediated transporter 1,ndd_only,,T1,ndd_no_documented_epilepsy,4,g2p_dd;orphadata_genes;panelapp_ge_id;sysndd,423384,616012,MONDO:0014456,0,
HGNC:6193,JAK3,Janus kinase 3,ndd_only,,T1,ndd_no_documented_epilepsy,4,clingen;g2p_dd;orphadata_genes;panelapp_ge_id,35078,600173,MONDO:0010938,0,
HGNC:26460,JAKMIP1,janus kinase and microtubule interacting protein 1,ndd_only,,T2,ndd_with_epilepsy,4,panelapp_au_epilepsy;panelapp_au_id;panelapp_ge_epilepsy;panelapp_ge_id,,611195,,0,
HGNC:14686,JAM2,junctional adhesion molecule 2,ndd_only,,T1,ndd_no_documented_epilepsy,2,orphadata_genes;sysndd,1980,606870,MONDO:0008947,0,
HGNC:15532,JAM3,junctional adhesion molecule 3,ndd_only,,T1,ndd_no_documented_epilepsy,5,g2p_dd;orphadata_genes;panelapp_au_id;panelapp_ge_id;sysndd,306547,606871,MONDO:0013394,0,
HGNC:14201,JPH1,junctophilin 1,ndd_only,,T2,ndd_no_documented_epilepsy,1,g2p_dd,,605266,,0,
HGNC:14203,JPH3,junctophilin 3,ndd_only,,T2,ndd_no_documented_epilepsy,4,orphadata_genes;panelapp_au_id;panelapp_ge_id;sysndd,98934,605268,MONDO:0011671,0,
HGNC:4814,KALRN,kalirin RhoGEF kinase,ndd_only,,T3,ndd_no_documented_epilepsy,1,sysndd,,604605,,0,
HGNC:19309,KANK1,KN motif and ankyrin repeat domains 1,ndd_only,,T2,ndd_no_documented_epilepsy,6,g2p_dd;orphadata_genes;panelapp_au_id;panelapp_ge_id;sfari;sysndd,210141,607704,MONDO:0016215,0,
HGNC:4201,KAT2A,lysine acetyltransferase 2A,ndd_only,,T3,ndd_no_documented_epilepsy,1,sysndd,,602301,,0,
HGNC:8638,KAT2B,lysine acetyltransferase 2B,ndd_only,,T2,ndd_no_documented_epilepsy,1,sfari,,602303,,0,
HGNC:17582,KAT6B,lysine acetyltransferase 6B,ndd_only,,T1,ndd_no_documented_epilepsy,7,clingen;g2p_dd;orphadata_genes;panelapp_au_id;panelapp_ge_id;sfari;sysndd,3047;85201,605880,MONDO:0011365;MONDO:0011640,0,
HGNC:28361,KATNAL1,katanin catalytic subunit A1 like 1,ndd_only,,T2,ndd_no_documented_epilepsy,1,sfari,,614764,,0,
HGNC:25387,KATNAL2,katanin catalytic subunit A1 like 2,ndd_only,,T2,ndd_no_documented_epilepsy,5,clingen;panelapp_au_id;panelapp_ge_id;sfari;sysndd,,614697,,0,
HGNC:29068,KATNIP,katanin interacting protein,ndd_only,,T1,ndd_no_documented_epilepsy,5,clingen;orphadata_genes;panelapp_au_id;panelapp_ge_id;sysndd,475,616650,MONDO:0018772,0,
HGNC:37227,KBTBD13,kelch repeat and BTB domain containing 13,ndd_only,,T1,ndd_no_documented_epilepsy,4,clingen;g2p_dd;orphadata_genes;panelapp_ge_id,171439,613727,MONDO:0015738,0,
HGNC:21751,KBTBD2,kelch repeat and BTB domain containing 2,ndd_only,,T2,ndd_no_documented_epilepsy,2,panelapp_au_id;sysndd,,619393,,0,
HGNC:6222,KCNA4,potassium voltage-gated channel subfamily A member 4,ndd_only,,T3,ndd_with_epilepsy,3,g2p_dd;panelapp_au_epilepsy;sysndd,,176266,,0,
HGNC:6235,KCNC3,potassium voltage-gated channel subfamily C member 3,ndd_only,,T1,ndd_no_documented_epilepsy,6,clingen;g2p_dd;orphadata_genes;panelapp_au_id;panelapp_ge_id;sysndd,98768,176264,MONDO:0011529,0,
HGNC:6240,KCNE1,potassium voltage-gated channel subfamily E regulatory subunit 1,ndd_only,,T1,ndd_no_documented_epilepsy,4,clingen;g2p_dd;orphadata_genes;panelapp_ge_id,334;727185;90647,176261,MONDO:0002441;MONDO:0018054,0,
HGNC:6248,KCNG1,potassium voltage-gated channel modifier subfamily G member 1,ndd_only,,T3,ndd_no_documented_epilepsy,1,sysndd,,603788,,0,
HGNC:6252,KCNH3,potassium voltage-gated channel subfamily H member 3,ndd_only,,T3,ndd_no_documented_epilepsy,1,sysndd,,604527,,0,
HGNC:6255,KCNJ1,potassium inwardly rectifying channel subfamily J member 1,ndd_only,,T1,ndd_no_documented_epilepsy,3,clingen;orphadata_genes;panelapp_au_id,620220,600359,MONDO:0009424,0,
HGNC:6261,KCNJ15,potassium inwardly rectifying channel subfamily J member 15,ndd_only,,T2,ndd_no_documented_epilepsy,1,sfari,,602106,,0,
HGNC:6262,KCNJ16,potassium inwardly rectifying channel subfamily J member 16,ndd_only,,T1,ndd_no_documented_epilepsy,2,clingen;sysndd,,605722,,0,
HGNC:6263,KCNJ2,potassium inwardly rectifying channel subfamily J member 2,ndd_only,,T2,ndd_no_documented_epilepsy,3,clingen;orphadata_genes;panelapp_ge_id,334;37553;51083,600681,MONDO:0000453;MONDO:0008222;MONDO:0018054,0,
HGNC:6265,KCNJ4,potassium inwardly rectifying channel subfamily J member 4,ndd_only,,T1,ndd_with_epilepsy,4,panelapp_au_epilepsy;panelapp_au_id;panelapp_ge_epilepsy;sysndd,,600504,,0,
HGNC:6267,KCNJ6,potassium inwardly rectifying channel subfamily J member 6,ndd_only,,T1,ndd_no_documented_epilepsy,5,g2p_dd;orphadata_genes;panelapp_au_id;panelapp_ge_id;sysndd,435628,600877,MONDO:0013572,0,
HGNC:6269,KCNJ8,potassium inwardly rectifying channel subfamily J member 8,ndd_only,,T1,ndd_no_documented_epilepsy,3,clingen;g2p_dd;orphadata_genes,130;1517;728619,600935,MONDO:0009406;MONDO:0015263,0,
HGNC:6274,KCNK12,potassium two pore domain channel subfamily K member 12,ndd_only,,T3,ndd_no_documented_epilepsy,1,panelapp_ge_id,,607366,,0,
HGNC:19439,KCNK18,potassium two pore domain channel subfamily K member 18,ndd_only,,T3,ndd_no_documented_epilepsy,1,sysndd,,613655,,0,
HGNC:6278,KCNK3,potassium two pore domain channel subfamily K member 3,ndd_only,,T1,ndd_no_documented_epilepsy,6,clingen;g2p_dd;orphadata_genes;panelapp_au_id;panelapp_ge_id;sysndd,275777,603220,MONDO:0017148,0,
HGNC:6281,KCNK6,potassium two pore domain channel subfamily K member 6,ndd_only,,T3,ndd_no_documented_epilepsy,1,sysndd,,603939,,0,
HGNC:6282,KCNK7,potassium two pore domain channel subfamily K member 7,ndd_only,,T2,ndd_no_documented_epilepsy,1,sfari,,603940,,0,
HGNC:6283,KCNK9,potassium two pore domain channel subfamily K member 9,ndd_only,,T1,ndd_no_documented_epilepsy,5,g2p_dd;orphadata_genes;panelapp_au_id;panelapp_ge_id;sysndd,166108,605874,MONDO:0012856,0,
HGNC:6292,KCNN3,potassium calcium-activated channel subfamily N member 3,ndd_only,,T1,ndd_with_epilepsy,6,g2p_dd;orphadata_genes;panelapp_au_epilepsy;panelapp_au_id;panelapp_ge_id;sysndd,3473,602983,MONDO:0000200,0,
HGNC:6294,KCNQ1,potassium voltage-gated channel subfamily Q member 1,ndd_only,,T1,ndd_no_documented_epilepsy,4,clingen;g2p_dd;orphadata_genes;panelapp_ge_id,334;51083;727141;90647,607542,MONDO:0000453;MONDO:0002441;MONDO:0018054,0,
HGNC:6302,KCNS3,potassium voltage-gated channel modifier subfamily S member 3,ndd_only,,T2,ndd_no_documented_epilepsy,2,sfari;sysndd,,603888,,0,
HGNC:18861,KCNV1,potassium voltage-gated channel modifier subfamily V member 1,ndd_only,,T3,ndd_no_documented_epilepsy,1,sysndd,,608164,,0,
HGNC:18249,KCTD1,potassium channel tetramerization domain containing 1,ndd_only,,T1,ndd_no_documented_epilepsy,4,clingen;g2p_dd;orphadata_genes;panelapp_ge_id,2036,613420,MONDO:0008404,0,
HGNC:22234,KCTD13,potassium channel tetramerization domain containing 13,ndd_only,,T2,ndd_with_epilepsy,3,panelapp_au_epilepsy;panelapp_au_id;sfari,,608947,,0,
HGNC:26446,KCTD18,potassium channel tetramerization domain containing 18,ndd_only,,T3,ndd_no_documented_epilepsy,1,sysndd,,,,0,
HGNC:6305,KDELR2,KDEL endoplasmic reticulum protein retention receptor 2,ndd_only,,T1,ndd_no_documented_epilepsy,2,g2p_dd;sysndd,,609024,,0,
HGNC:29079,KDM1A,lysine demethylase 1A,ndd_only,,T1,ndd_no_documented_epilepsy,7,clingen;g2p_dd;orphadata_genes;panelapp_au_id;panelapp_ge_id;sfari;sysndd,189427;477993,609132,MONDO:0009049;MONDO:0014751,0,
HGNC:21577,KDM1B,lysine demethylase 1B,ndd_only,,T2,ndd_no_documented_epilepsy,1,sfari,,613081,,0,
HGNC:20815,KDM3A,lysine demethylase 3A,ndd_only,,T3,ndd_no_documented_epilepsy,1,sfari,,611512,,0,
HGNC:1337,KDM3B,lysine demethylase 3B,ndd_only,,T1,ndd_no_documented_epilepsy,7,clingen;g2p_dd;orphadata_genes;panelapp_au_id;panelapp_ge_id;sfari;sysndd,633004,609373,MONDO:0858999,0,
HGNC:17071,KDM4C,lysine demethylase 4C,ndd_only,,T2,ndd_no_documented_epilepsy,2,sfari;sysndd,,605469,,0,
HGNC:18039,KDM5B,lysine demethylase 5B,ndd_only,,T1,ndd_no_documented_epilepsy,7,clingen;g2p_dd;orphadata_genes;panelapp_au_id;panelapp_ge_id;sfari;sysndd,178469;88616,605393,MONDO:0015802;MONDO:0019502,0,
HGNC:29012,KDM6B,lysine demethylase 6B,ndd_only,,T1,ndd_with_epilepsy,8,clingen;g2p_dd;orphadata_genes;panelapp_au_id;panelapp_ge_epilepsy;panelapp_ge_id;sfari;sysndd,528084,611577,MONDO:0100038,0,
HGNC:25840,KDM8,lysine demethylase 8 (putative),ndd_only,,T2,ndd_no_documented_epilepsy,1,panelapp_au_id,,611917,,0,
HGNC:16631,KGD4,alpha-ketoglutarate dehydrogenase subunit 4,ndd_only,,T2,ndd_no_documented_epilepsy,1,panelapp_au_id,,611996,,0,
HGNC:18114,KHDRBS2,"KH RNA binding domain containing, signal transduction associated 2",ndd_only,,T2,ndd_no_documented_epilepsy,1,sfari,,610487,,0,
HGNC:28992,KIAA0232,KIAA0232,ndd_only,,T2,ndd_no_documented_epilepsy,2,sfari;sysndd,,619237,,0,
HGNC:19960,KIAA0586,KIAA0586,ndd_only,,T1,ndd_no_documented_epilepsy,5,g2p_dd;orphadata_genes;panelapp_au_id;panelapp_ge_id;sysndd,397715;475,610178,MONDO:0018342;MONDO:0018772,0,
HGNC:29110,KIAA0753,KIAA0753,ndd_only,,T1,ndd_no_documented_epilepsy,2,orphadata_genes;sysndd,2754;474;475,617112,MONDO:0010176;MONDO:0018770;MONDO:0018772,0,
HGNC:21360,KIAA1586,KIAA1586,ndd_only,,T2,ndd_no_documented_epilepsy,1,sfari,,,,0,
HGNC:29508,KIDINS220,kinase D interacting substrate 220,ndd_only,,T1,ndd_no_documented_epilepsy,6,clingen;g2p_dd;orphadata_genes;panelapp_au_id;panelapp_ge_id;sysndd,521390,615759,MONDO:0015007,0,
HGNC:6388,KIF11,kinesin family member 11,ndd_only,,T1,ndd_no_documented_epilepsy,6,clingen;g2p_dd;orphadata_genes;panelapp_au_id;panelapp_ge_id;sysndd,2526,148760,MONDO:0007918,0,
HGNC:14566,KIF13A,kinesin family member 13A,ndd_only,,T3,ndd_no_documented_epilepsy,1,sysndd,,605433,,0,
HGNC:14405,KIF13B,kinesin family member 13B,ndd_only,,T2,ndd_no_documented_epilepsy,1,sfari,,607350,,0,
HGNC:19181,KIF14,kinesin family member 14,ndd_only,,T1,ndd_no_documented_epilepsy,6,g2p_dd;orphadata_genes;panelapp_au_id;panelapp_ge_id;sfari;sysndd,2512;439897,611279,MONDO:0014552;MONDO:0016660,0,
HGNC:17273,KIF15,kinesin family member 15,ndd_only,,T3,ndd_no_documented_epilepsy,2,orphadata_genes;sysndd,261323,617569,MONDO:0016845,0,
HGNC:15869,KIF16B,kinesin family member 16B,ndd_only,,T3,ndd_no_documented_epilepsy,2,panelapp_au_id;sysndd,,618171,,0,
HGNC:19167,KIF17,kinesin family member 17,ndd_only,,T3,ndd_no_documented_epilepsy,1,sysndd,,605037,,0,
HGNC:16636,KIF1B,kinesin family member 1B,ndd_only,,T3,ndd_no_documented_epilepsy,4,clingen;orphadata_genes;panelapp_au_id;panelapp_ge_id,29072;99946,605995,MONDO:0007308;MONDO:0017366,0,
HGNC:6317,KIF1C,kinesin family member 1C,ndd_only,,T3,ndd_no_documented_epilepsy,2,orphadata_genes;panelapp_ge_id,397946,603060,MONDO:0012651,0,
HGNC:19349,KIF21A,kinesin family member 21A,ndd_only,,T1,ndd_no_documented_epilepsy,4,clingen;orphadata_genes;panelapp_au_id;panelapp_ge_id,45358;994,608283,MONDO:0007614;MONDO:0100101,0,
HGNC:29442,KIF21B,kinesin family member 21B,ndd_only,,T1,ndd_no_documented_epilepsy,3,panelapp_au_id;panelapp_ge_id;sysndd,,608322,,0,
HGNC:6391,KIF22,kinesin family member 22,ndd_only,,T1,ndd_no_documented_epilepsy,3,g2p_dd;orphadata_genes;panelapp_ge_id,93360,603213,MONDO:0011335,0,
HGNC:6392,KIF23,kinesin family member 23,ndd_only,,T3,ndd_no_documented_epilepsy,2,orphadata_genes;sysndd,98870,605064,MONDO:0007109,0,
HGNC:20226,KIF26A,kinesin family member 26A,ndd_only,,T1,ndd_no_documented_epilepsy,4,clingen;panelapp_au_id;panelapp_ge_id;sysndd,,613231,,0,
HGNC:25484,KIF26B,kinesin family member 26B,ndd_only,,T3,ndd_no_documented_epilepsy,1,panelapp_ge_id,,614026,,0,
HGNC:6320,KIF3B,kinesin family member 3B,ndd_only,,T3,ndd_no_documented_epilepsy,1,g2p_dd,,603754,,0,
HGNC:13339,KIF4A,kinesin family member 4A,ndd_only,,T1,ndd_with_epilepsy,6,clingen;g2p_dd;panelapp_au_epilepsy;panelapp_au_id;panelapp_ge_id;sysndd,,300521,,1,KIF4A Foundation - KIF4A Associated Neurodevelopmental Syndrome (KANS)
HGNC:21202,KIF6,kinesin family member 6,ndd_only,,T3,ndd_no_documented_epilepsy,1,panelapp_au_id,,613919,,0,
HGNC:30497,KIF7,kinesin family member 7,ndd_only,,T1,ndd_no_documented_epilepsy,5,g2p_dd;orphadata_genes;panelapp_au_id;panelapp_ge_id;sysndd,166024;2189;2754;36,611254,MONDO:0006037;MONDO:0008708;MONDO:0010176;MONDO:0011778,0,
HGNC:23204,KIRREL3,kirre like nephrin family adhesion molecule 3,ndd_only,,T2,ndd_no_documented_epilepsy,7,clingen;g2p_dd;orphadata_genes;panelapp_au_id;panelapp_ge_id;sfari;sysndd,178469,607761,MONDO:0015802,0,
HGNC:6342,KIT,"KIT proto-oncogene, receptor tyrosine kinase",ndd_only,,T1,ndd_no_documented_epilepsy,4,clingen;g2p_dd;orphadata_genes;panelapp_ge_id,102724;158766;158769;158772;158775;158778;280785;280794;2884;44890;566393;566396;79455;842;90389;98829;98834;98849,164920,MONDO:0003669;MONDO:0008244;MONDO:0011719;MONDO:0015166;MONDO:0015554;MONDO:0015555;MONDO:0015556;MONDO:0015557;MONDO:0015558;MONDO:0017243;MONDO:0017244;MONDO:0019314;MONDO:0019576;MONDO:0020316;MONDO:0020320;MONDO:0020332;MONDO:0035444;MONDO:0035445,0,
HGNC:6343,KITLG,KIT ligand,ndd_only,,T3,ndd_no_documented_epilepsy,3,clingen;g2p_dd;orphadata_genes,280628;363494;79146;895;90635,184745,MONDO:0006447;MONDO:0013648;MONDO:0017239;MONDO:0019517;MONDO:0019587,0,
HGNC:15865,KIZ,kizuna centrosomal protein,ndd_only,,T1,ndd_no_documented_epilepsy,3,clingen;orphadata_genes;sfari,791,615757,MONDO:0019200,0,
HGNC:6387,KLC1,kinesin light chain 1,ndd_only,,T1,ndd_no_documented_epilepsy,2,panelapp_au_id;sysndd,,600025,,0,
HGNC:6345,KLF1,KLF transcription factor 1,ndd_only,,T1,ndd_no_documented_epilepsy,3,g2p_dd;orphadata_genes;panelapp_ge_id,251380;293825;46532;727394,600599,MONDO:0013355;MONDO:0016672;MONDO:0018749,0,
HGNC:16857,KLF16,KLF transcription factor 16,ndd_only,,T2,ndd_no_documented_epilepsy,1,sfari,,606139,,0,
HGNC:6350,KLF7,KLF transcription factor 7,ndd_only,,T1,ndd_no_documented_epilepsy,4,g2p_dd;panelapp_au_id;panelapp_ge_id;sfari,,604865,,0,
HGNC:6351,KLF8,KLF transcription factor 8,ndd_only,,T3,ndd_no_documented_epilepsy,3,g2p_dd;panelapp_au_id;panelapp_ge_id,,300286,,0,
HGNC:22931,KLHL13,kelch like family member 13,ndd_only,,T2,ndd_no_documented_epilepsy,2,panelapp_au_id;sysndd,,300655,,0,
HGNC:29347,KLHL15,kelch like family member 15,ndd_only,,T1,ndd_no_documented_epilepsy,4,g2p_dd;panelapp_au_id;panelapp_ge_id;sysndd,,300980,,0,
HGNC:29041,KLHL21,kelch like family member 21,ndd_only,,T3,ndd_no_documented_epilepsy,1,panelapp_ge_id,,616262,,0,
HGNC:25947,KLHL24,kelch like family member 24,ndd_only,,T2,ndd_no_documented_epilepsy,3,clingen;orphadata_genes;sysndd,508529,611295,MONDO:0015006,0,
HGNC:31952,KLHL33,kelch like family member 33,ndd_only,,T3,ndd_no_documented_epilepsy,1,sysndd,,,,0,
HGNC:26634,KLHL34,kelch like family member 34,ndd_only,,T3,ndd_no_documented_epilepsy,1,panelapp_ge_id,,,,0,
HGNC:6355,KLHL4,kelch like family member 4,ndd_only,,T3,ndd_no_documented_epilepsy,1,panelapp_ge_id,,300348,,0,
HGNC:30372,KLHL40,kelch like family member 40,ndd_only,,T1,ndd_no_documented_epilepsy,5,clingen;g2p_dd;orphadata_genes;panelapp_ge_id;sysndd,171430,615340,MONDO:0015735,0,
HGNC:15646,KLHL7,kelch like family member 7,ndd_only,,T1,ndd_no_documented_epilepsy,5,g2p_dd;orphadata_genes;panelapp_au_id;panelapp_ge_id;sysndd,157820;603684;603689;603694;791,611119,MONDO:0014890;MONDO:0015526;MONDO:0019200;MONDO:0035823;MONDO:0035824,0,
HGNC:37212,KLLN,"killin, p53 regulated DNA replication inhibitor",ndd_only,,T3,ndd_no_documented_epilepsy,1,panelapp_au_id,,612105,,0,
HGNC:29374,KNDC1,kinase non-catalytic C-lobe domain containing 1,ndd_only,,T3,ndd_no_documented_epilepsy,1,sysndd,,616237,,0,
HGNC:6383,KNG1,kininogen 1,ndd_only,,T1,ndd_no_documented_epilepsy,3,clingen;orphadata_genes;sfari,483;599418,612358,MONDO:0009234;MONDO:0035734,0,
HGNC:24054,KNL1,kinetochore scaffold 1,ndd_only,,T1,ndd_no_documented_epilepsy,5,g2p_dd;orphadata_genes;panelapp_au_id;panelapp_ge_id;sysndd,2512,609173,MONDO:0016660,0,
HGNC:21839,KPNA7,karyopherin subunit alpha 7,ndd_only,,T1,ndd_with_epilepsy,5,clingen;g2p_dd;orphadata_genes;panelapp_au_epilepsy;sysndd,401959;488191,614107,MONDO:0018430;MONDO:0044626,0,
HGNC:26007,KRABD4,KRAB domain containing 4,ndd_only,,T3,ndd_no_documented_epilepsy,1,sysndd,,300585,,0,
HGNC:6407,KRAS,"KRas proto-oncogene, GTPase",ndd_only,,T1,ndd_with_epilepsy,8,clingen;g2p_dd;orphadata_genes;panelapp_au_epilepsy;panelapp_au_id;panelapp_ge_epilepsy;panelapp_ge_id;sysndd,1333;1340;144;146;2396;251615;2612;268114;3339;648;86834,190070,MONDO:0005835;MONDO:0008097;MONDO:0010854;MONDO:0011908;MONDO:0013074;MONDO:0013767;MONDO:0015278;MONDO:0015280;MONDO:0015447;MONDO:0016692;MONDO:0018997,3,CFC International; CFC International Cardio-Facio-Cutaneous Syndrome; RASopathies Network
HGNC:5176,KRR1,KRR1 small subunit processome component,ndd_only,,T2,ndd_no_documented_epilepsy,1,sfari,,612817,,0,
HGNC:30840,KRT26,keratin 26,ndd_only,,T2,ndd_no_documented_epilepsy,1,sfari,,616675,,0,
HGNC:28929,KRT74,keratin 74,ndd_only,,T2,ndd_no_documented_epilepsy,2,g2p_dd;orphadata_genes,170;69084;90368,608248,MONDO:0008686;MONDO:0019071;MONDO:0019575,0,
HGNC:18610,KSR2,kinase suppressor of ras 2,ndd_only,,T3,ndd_no_documented_epilepsy,1,sfari,,610737,,0,
HGNC:26576,KY,kyphoscoliosis peptidase,ndd_only,,T3,ndd_no_documented_epilepsy,2,orphadata_genes;sysndd,496686;496689,605739,MONDO:0044647;MONDO:0044648,0,
HGNC:6469,KYNU,kynureninase,ndd_only,,T1,ndd_no_documented_epilepsy,4,clingen;orphadata_genes;panelapp_au_id;sysndd,521438;79155,605197,MONDO:0009372;MONDO:0020831,0,
HGNC:6470,L1CAM,L1 cell adhesion molecule,ndd_only,,T1,ndd_no_documented_epilepsy,6,clingen;g2p_dd;orphadata_genes;panelapp_au_id;panelapp_ge_id;sysndd,1497;2182;2466;306617,308840,MONDO:0010559;MONDO:0010569;MONDO:0010611;MONDO:0017630,0,
HGNC:26058,LAGE3,L antigen family member 3,ndd_only,,T1,ndd_no_documented_epilepsy,4,g2p_dd;orphadata_genes;panelapp_au_id;sysndd,2065,300060,MONDO:0009627,0,
HGNC:6481,LAMA1,laminin subunit alpha 1,ndd_only,,T1,ndd_no_documented_epilepsy,6,g2p_dd;orphadata_genes;panelapp_au_id;panelapp_ge_id;sfari;sysndd,370022,150320,MONDO:0014419,0,
HGNC:6485,LAMA5,laminin subunit alpha 5,ndd_only,,T1,ndd_no_documented_epilepsy,3,clingen;orphadata_genes;sysndd,521450;656;716903,601033,MONDO:0019006;MONDO:0033856,0,
HGNC:6486,LAMB1,laminin subunit beta 1,ndd_only,,T1,ndd_no_documented_epilepsy,7,clingen;g2p_dd;orphadata_genes;panelapp_au_id;panelapp_ge_id;sfari;sysndd,352682;662229,150240,MONDO:0014077;MONDO:0971077,0,
HGNC:6487,LAMB2,laminin subunit beta 2,ndd_only,,T2,ndd_no_documented_epilepsy,3,orphadata_genes;panelapp_au_id;panelapp_ge_id,2670;98915,150325,MONDO:0011281;MONDO:0012184,0,
HGNC:6492,LAMC1,laminin subunit gamma 1,ndd_only,,T3,ndd_no_documented_epilepsy,1,sysndd,,150290,,0,
HGNC:6501,LAMP2,lysosome associated membrane protein 2,ndd_only,,T1,ndd_no_documented_epilepsy,6,clingen;g2p_dd;orphadata_genes;panelapp_au_id;panelapp_ge_id;sysndd,34587,309060,MONDO:0010281,0,
HGNC:29531,LARP1,"La ribonucleoprotein 1, translational regulator",ndd_only,,T1,ndd_no_documented_epilepsy,3,panelapp_au_id;sfari;sysndd,,612059,,0,
HGNC:28987,LARP4B,La ribonucleoprotein 4B,ndd_only,,T3,ndd_no_documented_epilepsy,1,sysndd,,616513,,0,
HGNC:24912,LARP7,"La ribonucleoprotein 7, transcriptional regulator",ndd_only,,T1,ndd_no_documented_epilepsy,5,g2p_dd;orphadata_genes;panelapp_au_id;panelapp_ge_id;sysndd,319671,612026,MONDO:0014031,0,
HGNC:17095,LARS2,"leucyl-tRNA synthetase 2, mitochondrial",ndd_only,,T1,ndd_no_documented_epilepsy,6,clingen;g2p_dd;orphadata_genes;panelapp_au_id;panelapp_ge_id;sysndd,528091;642945;642976,604544,MONDO:0009300;MONDO:0013972;MONDO:0014869,0,
HGNC:25726,LAS1L,LAS1 like ribosome biogenesis factor,ndd_only,,T1,ndd_no_documented_epilepsy,7,clingen;g2p_dd;orphadata_genes;panelapp_au_id;panelapp_ge_id;sfari;sysndd,3459;404521,300964,MONDO:0010665;MONDO:0018450,0,
HGNC:6518,LBR,lamin B receptor,ndd_only,,T1,ndd_no_documented_epilepsy,5,clingen;g2p_dd;orphadata_genes;panelapp_au_id;panelapp_ge_id,1426;448267;779,600024,MONDO:0008974;MONDO:0013276;MONDO:0018663,0,
HGNC:6532,LDB1,LIM domain binding 1,ndd_only,,T1,ndd_no_documented_epilepsy,4,panelapp_au_id;panelapp_ge_id;sfari;sysndd,,603451,,0,
HGNC:15710,LDB3,LIM domain binding 3,ndd_only,,T1,ndd_no_documented_epilepsy,5,clingen;g2p_dd;orphadata_genes;panelapp_ge_id;sysndd,154;293888;293899;293910;54260;98912,605906,MONDO:0012277;MONDO:0017401;MONDO:0017402;MONDO:0017403;MONDO:0018901;MONDO:0700335,0,
HGNC:19708,LDHD,lactate dehydrogenase D,ndd_only,,T3,ndd_no_documented_epilepsy,1,sysndd,,607490,,0,
HGNC:6547,LDLR,low density lipoprotein receptor,ndd_only,,T1,ndd_no_documented_epilepsy,3,clingen;orphadata_genes;sfari,391665,606945,MONDO:0018328,0,
HGNC:6551,LEF1,lymphoid enhancer binding factor 1,ndd_only,,T2,ndd_no_documented_epilepsy,3,g2p_dd;orphadata_genes;sysndd,708043,153245,,0,
HGNC:3122,LEFTY2,left-right determination factor 2,ndd_only,,T3,ndd_no_documented_epilepsy,2,clingen;g2p_dd,,601877,,0,
HGNC:21244,LEMD2,LEM domain nuclear envelope protein 2,ndd_only,,T2,ndd_no_documented_epilepsy,2,g2p_dd;orphadata_genes,441447;659873;98994,616312,MONDO:0018610;MONDO:0021548;MONDO:0859147,0,
HGNC:28887,LEMD3,LEM domain containing 3,ndd_only,,T1,ndd_no_documented_epilepsy,4,g2p_dd;orphadata_genes;panelapp_ge_id;sfari,166119;1879;94063,607844,MONDO:0015634;MONDO:0015995;MONDO:0019784,0,
HGNC:15500,LENG8,leukocyte receptor cluster member 8,ndd_only,,T3,ndd_no_documented_epilepsy,1,sysndd,,616575,,0,
HGNC:30401,LEO1,LEO1 component of Paf1/RNA polymerase II complex,ndd_only,,T1,ndd_no_documented_epilepsy,3,panelapp_au_id;sfari;sysndd,,610507,,0,
HGNC:6553,LEP,leptin,ndd_only,,T2,ndd_no_documented_epilepsy,2,orphadata_genes;sfari,66628,164160,MONDO:0013991,0,
HGNC:6556,LETM1,leucine zipper and EF-hand containing transmembrane protein 1,ndd_only,,T1,ndd_with_epilepsy,7,g2p_dd;orphadata_genes;panelapp_au_epilepsy;panelapp_au_id;panelapp_ge_epilepsy;panelapp_ge_id;sysndd,280,604407,MONDO:0008684,0,
HGNC:6560,LFNG,LFNG O-fucosylpeptide 3-beta-N-acetylglucosaminyltransferase,ndd_only,,T1,ndd_no_documented_epilepsy,3,g2p_dd;orphadata_genes;panelapp_ge_id,2311,602576,MONDO:0010180,0,
HGNC:6564,LGALS3BP,galectin 3 binding protein,ndd_only,,T2,ndd_no_documented_epilepsy,1,panelapp_au_id,,600626,,0,
HGNC:18711,LGI3,leucine rich repeat LGI family member 3,ndd_only,,T1,ndd_no_documented_epilepsy,3,panelapp_au_id;panelapp_ge_id;sysndd,,608302,,0,
HGNC:18712,LGI4,leucine rich repeat LGI family member 4,ndd_only,,T1,ndd_no_documented_epilepsy,5,g2p_dd;orphadata_genes;panelapp_au_id;panelapp_ge_id;sysndd,2680,608303,MONDO:0700428,0,
HGNC:6589,LHFPL3,LHFPL tetraspan subfamily member 3,ndd_only,,T3,ndd_no_documented_epilepsy,1,panelapp_ge_id,,609719,,0,
HGNC:6594,LHX2,LIM homeobox 2,ndd_only,,T1,ndd_no_documented_epilepsy,6,clingen;g2p_dd;panelapp_au_id;panelapp_ge_id;sfari;sysndd,,603759,,0,
HGNC:6595,LHX3,LIM homeobox 3,ndd_only,,T1,ndd_no_documented_epilepsy,5,g2p_dd;orphadata_genes;panelapp_au_id;panelapp_ge_id;sysndd,226307;231720,600577,MONDO:0009091;MONDO:0016411,0,
HGNC:21734,LHX4,LIM homeobox 4,ndd_only,,T1,ndd_no_documented_epilepsy,3,g2p_dd;orphadata_genes;panelapp_ge_id,226307;85442;95494;95496,602146,MONDO:0009880;MONDO:0013099;MONDO:0016411;MONDO:0019828,0,
HGNC:6597,LIFR,LIF receptor subunit alpha,ndd_only,,T1,ndd_no_documented_epilepsy,3,clingen;g2p_dd;orphadata_genes,3206,151443,MONDO:0800043,0,
HGNC:6601,LIG4,DNA ligase 4,ndd_only,,T1,ndd_no_documented_epilepsy,6,clingen;g2p_dd;orphadata_genes;panelapp_au_id;panelapp_ge_id;sysndd,99812,601837,MONDO:0011686,0,
HGNC:6606,LILRB2,leukocyte immunoglobulin like receptor B2,ndd_only,,T2,ndd_no_documented_epilepsy,1,sfari,,604815,,0,
HGNC:6613,LIMK1,LIM domain kinase 1,ndd_only,,T3,ndd_no_documented_epilepsy,2,orphadata_genes;panelapp_ge_id,904,601329,MONDO:0008678,0,
HGNC:17788,LIN7B,lin-7 cell polarity scaffold B,ndd_only,,T2,ndd_no_documented_epilepsy,1,sfari,,612331,,0,
HGNC:21205,LINGO1,leucine rich repeat and Ig domain containing 1,ndd_only,,T1,ndd_no_documented_epilepsy,4,g2p_dd;panelapp_au_id;panelapp_ge_id;sysndd,,609791,,0,
HGNC:31814,LINGO4,leucine rich repeat and Ig domain containing 4,ndd_only,,T1,ndd_no_documented_epilepsy,3,panelapp_au_id;panelapp_ge_id;sysndd,,609794,,0,
HGNC:30922,LINS1,lines homolog 1,ndd_only,,T1,ndd_no_documented_epilepsy,6,clingen;g2p_dd;orphadata_genes;panelapp_au_id;panelapp_ge_id;sysndd,88616,610350,MONDO:0019502,0,
HGNC:23452,LIPN,lipase family member N,ndd_only,,T1,ndd_no_documented_epilepsy,2,g2p_dd;orphadata_genes,313,613924,MONDO:0017778,0,
HGNC:29569,LIPT1,lipoyltransferase 1,ndd_only,,T1,ndd_with_epilepsy,6,clingen;g2p_dd;orphadata_genes;panelapp_au_id;panelapp_ge_epilepsy;panelapp_ge_id,401862,610284,MONDO:0014576,0,
HGNC:16841,LITAF,lipopolysaccharide induced TNF factor,ndd_only,,T1,ndd_no_documented_epilepsy,3,clingen;orphadata_genes;panelapp_ge_id,101083,603795,MONDO:0010995,0,
HGNC:19263,LMAN2L,"lectin, mannose binding 2 like",ndd_only,,T2,ndd_with_epilepsy,5,orphadata_genes;panelapp_au_id;panelapp_ge_epilepsy;panelapp_ge_id;sysndd,88616,609552,MONDO:0019502,0,
HGNC:23038,LMBRD1,LMBR1 domain containing 1,ndd_only,,T1,ndd_no_documented_epilepsy,6,clingen;g2p_dd;orphadata_genes;panelapp_au_id;panelapp_ge_id;sysndd,79284,612625,MONDO:0010183,0,
HGNC:6636,LMNA,lamin A/C,ndd_only,,T1,ndd_no_documented_epilepsy,6,clingen;g2p_dd;orphadata_genes;panelapp_au_id;panelapp_ge_id;sysndd,154;157973;1662;168796;2229;2348;280365;293888;293899;293910;300751;363618;54260;675396;740;79084;79474;90153;98853;98855;98856,150330,MONDO:0007269;MONDO:0007906;MONDO:0008310;MONDO:0008915;MONDO:0009557;MONDO:0011569;MONDO:0012072;MONDO:0012417;MONDO:0013178;MONDO:0014676;MONDO:0017230;MONDO:0017401;MONDO:0017402;MONDO:0017403;MONDO:0018203;MONDO:0018901;MONDO:0019321;MONDO:0020336;MONDO:0021169;MONDO:0031213;MONDO:0700335,1,LMNA registry (Citizen Health)
HGNC:6637,LMNB1,lamin B1,ndd_only,,T1,ndd_with_epilepsy,8,clingen;g2p_dd;orphadata_genes;panelapp_au_epilepsy;panelapp_au_id;panelapp_ge_epilepsy;panelapp_ge_id;sysndd,2514;99027,150340,MONDO:0007988;MONDO:0008215,0,
HGNC:6648,LMOD2,leiomodin 2,ndd_only,,T1,ndd_no_documented_epilepsy,3,clingen;g2p_dd;orphadata_genes,154,608006,MONDO:0700335,0,
HGNC:6649,LMOD3,leiomodin 3,ndd_only,,T1,ndd_no_documented_epilepsy,3,clingen;g2p_dd;orphadata_genes,171430;171436,616112,MONDO:0015735;MONDO:0015737,0,
HGNC:21,LMTK1,lemur tail kinase 1,ndd_only,,T3,ndd_no_documented_epilepsy,1,sysndd,,605276,,0,
HGNC:19295,LMTK3,lemur tail kinase 3,ndd_only,,T3,ndd_no_documented_epilepsy,2,sfari;sysndd,,619624,,0,
HGNC:9479,LONP1,"lon peptidase 1, mitochondrial",ndd_only,,T1,ndd_with_epilepsy,7,clingen;g2p_dd;orphadata_genes;panelapp_au_epilepsy;panelapp_au_id;panelapp_ge_id;sysndd,1458;2140;79243,605490,MONDO:0005711;MONDO:0010717;MONDO:0010879,0,
HGNC:26521,LOXHD1,lipoxygenase homology PLAT domains 1,ndd_only,,T1,ndd_no_documented_epilepsy,3,clingen;orphadata_genes;panelapp_ge_id,90636,613072,MONDO:0019588,0,
HGNC:14451,LPIN3,lipin 3,ndd_only,,T3,ndd_no_documented_epilepsy,1,sysndd,,605520,,0,
HGNC:6685,LRAT,lecithin retinol acyltransferase,ndd_only,,T1,ndd_no_documented_epilepsy,4,clingen;g2p_dd;orphadata_genes;panelapp_ge_id,364055;65;791,604863,MONDO:0009549;MONDO:0018998;MONDO:0019200,0,
HGNC:28637,LRCH3,leucine rich repeats and calponin homology domain containing 3,ndd_only,,T3,ndd_no_documented_epilepsy,1,sysndd,,,,0,
HGNC:21226,LRFN2,leucine rich repeat and fibronectin type III domain containing 2,ndd_only,,T2,ndd_no_documented_epilepsy,1,sfari,,612808,,0,
HGNC:20360,LRFN5,leucine rich repeat and fibronectin type III domain containing 5,ndd_only,,T2,ndd_no_documented_epilepsy,2,sfari;sysndd,,612811,,0,
HGNC:20889,LRIG2,leucine rich repeats and immunoglobulin like domains 2,ndd_only,,T1,ndd_no_documented_epilepsy,2,g2p_dd;orphadata_genes,2704,608869,MONDO:0000463,0,
HGNC:24783,LRIT3,"leucine rich repeat, Ig-like and transmembrane domains 3",ndd_only,,T1,ndd_no_documented_epilepsy,2,g2p_dd;orphadata_genes,714079,615004,,0,
HGNC:6692,LRP1,LDL receptor related protein 1,ndd_only,,T2,ndd_no_documented_epilepsy,5,orphadata_genes;panelapp_au_id;panelapp_ge_id;sfari;sysndd,2340;79100,107770,MONDO:0000136;MONDO:0008849,0,
HGNC:6693,LRP1B,LDL receptor related protein 1B,ndd_only,,T3,ndd_no_documented_epilepsy,1,sysndd,,608766,,0,
HGNC:6694,LRP2,LDL receptor related protein 2,ndd_only,,T1,ndd_no_documented_epilepsy,7,clingen;g2p_dd;orphadata_genes;panelapp_au_id;panelapp_ge_id;sfari;sysndd,2143,600073,MONDO:0009104,0,
HGNC:6696,LRP4,LDL receptor related protein 4,ndd_only,,T1,ndd_no_documented_epilepsy,4,clingen;g2p_dd;orphadata_genes;panelapp_ge_id,3152;3258;716825,604270,MONDO:0008931;MONDO:0017838,0,
HGNC:6697,LRP5,LDL receptor related protein 5,ndd_only,,T1,ndd_no_documented_epilepsy,5,clingen;g2p_dd;orphadata_genes;panelapp_au_id;panelapp_ge_id,178377;2783;2788;2790;2924;3416;498481;891;90050,603506,MONDO:0000447;MONDO:0006952;MONDO:0007764;MONDO:0009395;MONDO:0009820;MONDO:0011877;MONDO:0015800;MONDO:0019516;MONDO:0044675,0,
HGNC:6698,LRP6,LDL receptor related protein 6,ndd_only,,T3,ndd_no_documented_epilepsy,2,g2p_dd;orphadata_genes,1810;99798,603507,MONDO:0005486;MONDO:0015884,0,
HGNC:6701,LRPAP1,LDL receptor related protein associated protein 1,ndd_only,,T1,ndd_no_documented_epilepsy,2,g2p_dd;orphadata_genes,98619,104225,MONDO:0020207,0,
HGNC:14307,LRRC1,leucine rich repeat containing 1,ndd_only,,T2,ndd_no_documented_epilepsy,1,sfari,,608195,,0,
HGNC:28947,LRRC24,leucine rich repeat containing 24,ndd_only,,T3,ndd_no_documented_epilepsy,1,sysndd,,620672,,0,
HGNC:4161,LRRC32,leucine rich repeat containing 32,ndd_only,,T2,ndd_no_documented_epilepsy,2,panelapp_au_id;panelapp_ge_id,,137207,,0,
HGNC:15586,LRRC4,leucine rich repeat containing 4,ndd_only,,T2,ndd_no_documented_epilepsy,1,sfari,,610486,,0,
HGNC:26004,LRRC40,leucine rich repeat containing 40,ndd_only,,T3,ndd_no_documented_epilepsy,1,sysndd,,,,0,
HGNC:28302,LRRC45,leucine rich repeat containing 45,ndd_only,,T2,ndd_no_documented_epilepsy,3,g2p_dd;panelapp_au_id;panelapp_ge_id,,621312,,0,
HGNC:29317,LRRC4C,leucine rich repeat containing 4C,ndd_only,,T2,ndd_no_documented_epilepsy,1,sfari,,608817,,0,
HGNC:25430,LRRC56,leucine rich repeat containing 56,ndd_only,,T1,ndd_no_documented_epilepsy,3,clingen;g2p_dd;orphadata_genes,244,618227,MONDO:0016575,0,
HGNC:25075,LRRC8C,leucine rich repeat containing 8 VRAC subunit C,ndd_only,,T2,ndd_no_documented_epilepsy,2,panelapp_au_id;panelapp_ge_id,,612889,,0,
HGNC:28318,LRRIQ3,leucine rich repeats and IQ motif containing 3,ndd_only,,T3,ndd_no_documented_epilepsy,1,sysndd,,617957,,0,
HGNC:18608,LRRK1,leucine rich repeat kinase 1,ndd_only,,T3,ndd_no_documented_epilepsy,3,orphadata_genes;panelapp_ge_id;sysndd,500548,610986,MONDO:0014080,0,
HGNC:18618,LRRK2,leucine rich repeat kinase 2,ndd_only,,T1,ndd_no_documented_epilepsy,3,clingen;orphadata_genes;panelapp_ge_id,2828;411602,609007,MONDO:0008199;MONDO:0017279,0,
HGNC:20472,LSM1,"LSM1 homolog, mRNA degradation associated",ndd_only,,T1,ndd_no_documented_epilepsy,3,panelapp_au_id;panelapp_ge_id;sysndd,,607281,,0,
HGNC:30860,LSM11,"LSM11, U7 small nuclear RNA associated",ndd_only,,T3,ndd_no_documented_epilepsy,3,g2p_dd;orphadata_genes;panelapp_au_id,51,617910,MONDO:0018866,0,
HGNC:20470,LSM7,"LSM7 homolog, U6 small nuclear RNA and mRNA degradation associated",ndd_only,,T2,ndd_no_documented_epilepsy,2,panelapp_ge_id;sysndd,,607287,,0,
HGNC:6714,LTBP1,latent transforming growth factor beta binding protein 1,ndd_only,,T1,ndd_no_documented_epilepsy,4,g2p_dd;orphadata_genes;panelapp_au_id;sysndd,90349,150390,MONDO:0019572,0,
HGNC:6715,LTBP2,latent transforming growth factor beta binding protein 2,ndd_only,,T1,ndd_no_documented_epilepsy,4,clingen;g2p_dd;orphadata_genes;panelapp_ge_id,238763;3449;98976,602091,MONDO:0009277;MONDO:0016559;MONDO:0018096,0,
HGNC:6716,LTBP3,latent transforming growth factor beta binding protein 3,ndd_only,,T1,ndd_no_documented_epilepsy,3,g2p_dd;orphadata_genes;panelapp_ge_id,2623;2899;969,602090,MONDO:0000127;MONDO:0007055;MONDO:0011018,0,
HGNC:13082,LTN1,listerin E3 ubiquitin protein ligase 1,ndd_only,,T3,ndd_no_documented_epilepsy,1,sysndd,,613083,,0,
HGNC:21365,LYRM4,LYR motif containing 4,ndd_only,,T3,ndd_no_documented_epilepsy,2,orphadata_genes;sysndd,397593,613311,MONDO:0700371,0,
HGNC:28072,LYRM7,LYR motif containing 7,ndd_only,,T1,ndd_no_documented_epilepsy,5,clingen;orphadata_genes;panelapp_au_id;panelapp_ge_id;sysndd,1460,615831,MONDO:0015448,0,
HGNC:20218,LYSET,lysosomal enzyme trafficking factor,ndd_only,,T1,ndd_no_documented_epilepsy,2,g2p_dd;panelapp_au_id,,619332,,0,
HGNC:6741,LZTFL1,leucine zipper transcription factor like 1,ndd_only,,T1,ndd_no_documented_epilepsy,5,clingen;orphadata_genes;panelapp_au_id;panelapp_ge_id;sysndd,110,606568,MONDO:0015229,0,
HGNC:6742,LZTR1,leucine zipper like post translational regulator 1,ndd_only,,T1,ndd_no_documented_epilepsy,7,clingen;g2p_dd;orphadata_genes;panelapp_au_id;panelapp_ge_id;sfari;sysndd,251576;251579;2678;648;93921,600574,MONDO:0007245;MONDO:0008075;MONDO:0016681;MONDO:0016682;MONDO:0018997,0,
HGNC:29381,LZTS2,leucine zipper tumor suppressor 2,ndd_only,,T2,ndd_no_documented_epilepsy,1,sfari,,610454,,0,
HGNC:6757,MAB21L1,mab-21 like 1,ndd_only,,T1,ndd_no_documented_epilepsy,6,clingen;g2p_dd;orphadata_genes;panelapp_au_id;panelapp_ge_id;sysndd,495875,601280,MONDO:0044643,0,
HGNC:6758,MAB21L2,mab-21 like 2,ndd_only,,T1,ndd_no_documented_epilepsy,6,clingen;g2p_dd;orphadata_genes;panelapp_au_id;panelapp_ge_id;sysndd,424099,604357,MONDO:0014380,0,
HGNC:30215,MACC1,MET transcriptional regulator MACC1,ndd_only,,T3,ndd_no_documented_epilepsy,1,panelapp_ge_id,,612646,,0,
HGNC:16126,MACROD2,mono-ADP ribosylhydrolase 2,ndd_only,,T2,ndd_no_documented_epilepsy,3,panelapp_au_id;sfari;sysndd,,611567,,0,
HGNC:4740,MACROH2A1,macroH2A.1 histone,ndd_only,,T2,ndd_no_documented_epilepsy,3,orphadata_genes;panelapp_au_id;sysndd,1275,610054,MONDO:0008520,0,
HGNC:13731,MAEA,"macrophage erythroblast attacher, E3 ubiquitin ligase",ndd_only,,T1,ndd_no_documented_epilepsy,2,panelapp_au_id;sysndd,,606801,,0,
HGNC:6408,MAFB,MAF bZIP transcription factor B,ndd_only,,T1,ndd_no_documented_epilepsy,4,g2p_dd;orphadata_genes;panelapp_ge_id;sysndd,233;2774;529574,608968,MONDO:0007473;MONDO:0008152;MONDO:0035337,0,
HGNC:6783,MAG,myelin associated glycoprotein,ndd_only,,T1,ndd_no_documented_epilepsy,4,clingen;orphadata_genes;panelapp_ge_id;sysndd,459056,159460,MONDO:0014729,0,
HGNC:6798,MAGEA11,MAGE family member A11,ndd_only,,T3,ndd_no_documented_epilepsy,2,panelapp_ge_id;sysndd,,300344,,0,
HGNC:6808,MAGEB1,MAGE family member B1,ndd_only,,T3,ndd_no_documented_epilepsy,1,panelapp_ge_id,,300097,,0,
HGNC:25377,MAGEB10,MAGE family member B10,ndd_only,,T3,ndd_no_documented_epilepsy,1,panelapp_ge_id,,300761,,0,
HGNC:6809,MAGEB2,MAGE family member B2,ndd_only,,T3,ndd_no_documented_epilepsy,1,panelapp_ge_id,,300098,,0,
HGNC:6812,MAGEC1,MAGE family member C1,ndd_only,,T3,ndd_no_documented_epilepsy,1,panelapp_ge_id,,300223,,0,
HGNC:23798,MAGEC3,MAGE family member C3,ndd_only,,T2,ndd_no_documented_epilepsy,2,panelapp_ge_id;sfari,,300469,,0,
HGNC:6813,MAGED1,MAGE family member D1,ndd_only,,T2,ndd_with_epilepsy,4,panelapp_au_epilepsy;panelapp_au_id;panelapp_ge_id;sysndd,,300224,,0,
HGNC:16353,MAGED2,MAGE family member D2,ndd_only,,T1,ndd_no_documented_epilepsy,3,clingen;orphadata_genes;sysndd,570371,300470,MONDO:0010503,0,
HGNC:24935,MAGEE2,MAGE family member E2,ndd_only,,T3,ndd_no_documented_epilepsy,1,panelapp_ge_id,,300760,,0,
HGNC:6814,MAGEL2,MAGE family member L2,ndd_only,,T1,ndd_no_documented_epilepsy,7,clingen;g2p_dd;orphadata_genes;panelapp_au_id;panelapp_ge_id;sfari;sysndd,177901;177904;177910;398069;98754;994,605283,MONDO:0014243;MONDO:0015783;MONDO:0015784;MONDO:0015786;MONDO:0020298;MONDO:0100101,0,
HGNC:946,MAGI1,"membrane associated guanylate kinase, WW and PDZ domain containing 1",ndd_only,,T3,ndd_no_documented_epilepsy,1,sysndd,,602625,,0,
HGNC:18957,MAGI2,"membrane associated guanylate kinase, WW and PDZ domain containing 2",ndd_only,,T3,ndd_with_epilepsy,7,clingen;g2p_dd;orphadata_genes;panelapp_au_epilepsy;panelapp_ge_epilepsy;panelapp_ge_id;sysndd,656,606382,MONDO:0019006,0,
HGNC:30006,MAGIX,"MAGI family member, X-linked",ndd_only,,T3,ndd_no_documented_epilepsy,1,panelapp_ge_id,,,,0,
HGNC:28880,MAGT1,magnesium transporter 1,ndd_only,,T1,ndd_no_documented_epilepsy,6,clingen;g2p_dd;orphadata_genes;panelapp_au_id;panelapp_ge_id;sysndd,317476,300715,MONDO:0010455,0,
HGNC:6817,MAL,"mal, T cell differentiation protein (MAL blood group)",ndd_only,,T2,ndd_no_documented_epilepsy,3,orphadata_genes;panelapp_au_id;panelapp_ge_id,280270,188860,MONDO:0017226,0,
HGNC:23673,MAMDC2,MAM domain containing 2,ndd_only,,T3,ndd_no_documented_epilepsy,1,sysndd,,612879,,0,
HGNC:2568,MAMLD1,mastermind like domain containing 1,ndd_only,,T1,ndd_no_documented_epilepsy,2,g2p_dd;orphadata_genes,456328;95706,300120,MONDO:0010271;MONDO:0019848,0,
HGNC:6822,MAN1A2,mannosidase alpha class 1A member 2,ndd_only,,T3,ndd_no_documented_epilepsy,1,sysndd,,604345,,0,
HGNC:6823,MAN1B1,mannosidase alpha class 1B member 1,ndd_only,,T1,ndd_no_documented_epilepsy,7,clingen;g2p_dd;orphadata_genes;panelapp_au_id;panelapp_ge_id;sfari;sysndd,397941;88616,604346,MONDO:0018349;MONDO:0019502,0,
HGNC:6825,MAN2A2,mannosidase alpha class 2A member 2,ndd_only,,T2,ndd_no_documented_epilepsy,3,clingen;g2p_dd;panelapp_au_id,,600988,,0,
HGNC:6826,MAN2B1,mannosidase alpha class 2B member 1,ndd_only,,T1,ndd_no_documented_epilepsy,6,clingen;g2p_dd;orphadata_genes;panelapp_au_id;panelapp_ge_id;sysndd,309282;309288,609458,MONDO:0017732;MONDO:0017733,0,
HGNC:29623,MAN2B2,mannosidase alpha class 2B member 2,ndd_only,,T2,ndd_no_documented_epilepsy,3,clingen;orphadata_genes;sysndd,695110,618899,MONDO:0976261,0,
HGNC:6827,MAN2C1,mannosidase alpha class 2C member 1,ndd_only,,T1,ndd_no_documented_epilepsy,6,clingen;g2p_dd;orphadata_genes;panelapp_au_id;panelapp_ge_id;sysndd,528084,154580,MONDO:0100038,0,
HGNC:15461,MANF,mesencephalic astrocyte derived neurotrophic factor,ndd_only,,T2,ndd_no_documented_epilepsy,1,panelapp_au_id,,601916,,0,
HGNC:6833,MAOA,monoamine oxidase A,ndd_only,,T1,ndd_no_documented_epilepsy,7,clingen;g2p_dd;orphadata_genes;panelapp_au_id;panelapp_ge_id;sfari;sysndd,3057;727719,309850,MONDO:0010379,0,
HGNC:6834,MAOB,monoamine oxidase B,ndd_only,,T2,ndd_no_documented_epilepsy,3,orphadata_genes;panelapp_ge_id;sfari,727719,309860,,0,
HGNC:6835,MAP1A,microtubule associated protein 1A,ndd_only,,T2,ndd_no_documented_epilepsy,1,sfari,,600178,,0,
HGNC:6839,MAP2,microtubule associated protein 2,ndd_only,,T3,ndd_no_documented_epilepsy,1,sysndd,,157130,,0,
HGNC:6844,MAP2K4,mitogen-activated protein kinase kinase 4,ndd_only,,T1,ndd_with_epilepsy,3,panelapp_au_epilepsy;panelapp_au_id;sysndd,,601335,,0,
HGNC:6848,MAP3K1,mitogen-activated protein kinase kinase kinase 1,ndd_only,,T1,ndd_no_documented_epilepsy,3,g2p_dd;orphadata_genes;panelapp_ge_id,242;251510,600982,MONDO:0010765;MONDO:0016674,0,
HGNC:31689,MAP3K15,mitogen-activated protein kinase kinase kinase 15,ndd_only,,T3,ndd_no_documented_epilepsy,1,panelapp_ge_id,,300820,,0,
HGNC:17797,MAP3K20,mitogen-activated protein kinase kinase kinase 20,ndd_only,,T1,ndd_no_documented_epilepsy,4,clingen;g2p_dd;orphadata_genes;sysndd,2020;488232,609479,MONDO:0009711;MONDO:0014816,0,
HGNC:6859,MAP3K7,mitogen-activated protein kinase kinase kinase 7,ndd_only,,T1,ndd_no_documented_epilepsy,4,g2p_dd;orphadata_genes;panelapp_ge_id;sysndd,1826;3238,602614,MONDO:0008005;MONDO:0015942,0,
HGNC:6863,MAP4K1,mitogen-activated protein kinase kinase kinase kinase 1,ndd_only,,T3,ndd_no_documented_epilepsy,1,sfari,,601983,,0,
HGNC:6866,MAP4K4,mitogen-activated protein kinase kinase kinase kinase 4,ndd_only,,T1,ndd_no_documented_epilepsy,5,g2p_dd;panelapp_au_id;panelapp_ge_id;sfari;sysndd,,604666,,0,
HGNC:25742,MAP7D3,MAP7 domain containing 3,ndd_only,,T3,ndd_no_documented_epilepsy,1,panelapp_ge_id,,300930,,0,
HGNC:6871,MAPK1,mitogen-activated protein kinase 1,ndd_only,,T1,ndd_no_documented_epilepsy,5,g2p_dd;orphadata_genes;panelapp_au_id;panelapp_ge_id;sysndd,261330,176948,MONDO:0012740,0,
HGNC:6872,MAPK10,mitogen-activated protein kinase 10,ndd_only,,T2,ndd_with_epilepsy,5,g2p_dd;orphadata_genes;panelapp_ge_epilepsy;panelapp_ge_id;sysndd,2382,602897,MONDO:0016532,0,
HGNC:6877,MAPK3,mitogen-activated protein kinase 3,ndd_only,,T2,ndd_no_documented_epilepsy,2,sfari;sysndd,,601795,,0,
HGNC:6881,MAPK8,mitogen-activated protein kinase 8,ndd_only,,T3,ndd_no_documented_epilepsy,1,sysndd,,601158,,0,
HGNC:6882,MAPK8IP1,mitogen-activated protein kinase 8 interacting protein 1,ndd_only,,T3,ndd_no_documented_epilepsy,1,sfari,,604641,,0,
HGNC:6884,MAPK8IP3,mitogen-activated protein kinase 8 interacting protein 3,ndd_only,,T1,ndd_with_epilepsy,8,clingen;g2p_dd;orphadata_genes;panelapp_au_epilepsy;panelapp_au_id;panelapp_ge_id;sfari;sysndd,528084,605431,MONDO:0100038,0,
HGNC:6889,MAPKAPK5,MAPK activated protein kinase 5,ndd_only,,T1,ndd_no_documented_epilepsy,4,g2p_dd;panelapp_au_id;panelapp_ge_id;sysndd,,606723,,0,
HGNC:6891,MAPRE2,microtubule associated protein RP/EB family member 2,ndd_only,,T1,ndd_no_documented_epilepsy,5,g2p_dd;orphadata_genes;panelapp_au_id;panelapp_ge_id;sysndd,2505,605789,MONDO:0007990,0,
HGNC:6893,MAPT,microtubule associated protein tau,ndd_only,,T3,ndd_no_documented_epilepsy,3,orphadata_genes;panelapp_ge_id;sfari,100069;100070;240071;240085;240094;240103;240112;275864,157140,MONDO:0009839;MONDO:0010857;MONDO:0010997;MONDO:0015059;MONDO:0016562;MONDO:0016563;MONDO:0016564;MONDO:0017160,0,
HGNC:43738,MAPT-AS1,MAPT antisense RNA 1,ndd_only,,T2,ndd_no_documented_epilepsy,1,sfari,,,,0,
HGNC:6896,MARK1,microtubule affinity regulating kinase 1,ndd_only,,T2,ndd_no_documented_epilepsy,1,sfari,,606511,,0,
HGNC:13538,MARK4,microtubule affinity regulating kinase 4,ndd_only,,T3,ndd_no_documented_epilepsy,3,g2p_dd;panelapp_au_id;sysndd,,606495,,0,
HGNC:6898,MARS1,methionyl-tRNA synthetase 1,ndd_only,,T3,ndd_no_documented_epilepsy,3,clingen;orphadata_genes;sysndd,397735;401835;440427,156560,MONDO:0014206;MONDO:0014566;MONDO:0018422,1,CureARS
HGNC:25133,MARS2,"methionyl-tRNA synthetase 2, mitochondrial",ndd_only,,T1,ndd_no_documented_epilepsy,5,clingen;orphadata_genes;panelapp_au_id;panelapp_ge_id;sysndd,314603;447954,609728,MONDO:0012664;MONDO:0014636,0,
HGNC:6901,MASP1,MBL associated serine protease 1,ndd_only,,T1,ndd_no_documented_epilepsy,6,clingen;g2p_dd;orphadata_genes;panelapp_au_id;panelapp_ge_id;sysndd,293843,600521,MONDO:0017398,0,
HGNC:6903,MAT1A,methionine adenosyltransferase 1A,ndd_only,,T1,ndd_no_documented_epilepsy,6,clingen;g2p_dd;orphadata_genes;panelapp_au_id;panelapp_ge_id;sysndd,168598,610550,MONDO:0009607,0,
HGNC:6909,MATN3,matrilin 3,ndd_only,,T1,ndd_no_documented_epilepsy,3,g2p_dd;orphadata_genes;panelapp_ge_id,156728;93311,602109,MONDO:0011765;MONDO:0012108,0,
HGNC:6910,MATN4,matrilin 4,ndd_only,,T3,ndd_with_epilepsy,2,panelapp_ge_epilepsy;sysndd,,603897,,0,
HGNC:6912,MATR3,matrin 3,ndd_only,,T1,ndd_no_documented_epilepsy,3,clingen;orphadata_genes;sysndd,600;803,164015,MONDO:0004976;MONDO:0018951,0,
HGNC:29140,MAU2,MAU2 sister chromatid cohesion factor,ndd_only,,T2,ndd_no_documented_epilepsy,3,g2p_dd;orphadata_genes;panelapp_au_id,199,614560,MONDO:0016033,0,
HGNC:6913,MAX,MYC associated transcriptional regulator X,ndd_only,,T1,ndd_no_documented_epilepsy,4,clingen;orphadata_genes;panelapp_au_id;sysndd,29072;726703,154950,MONDO:0017366,0,
HGNC:6916,MBD1,methyl-CpG binding domain protein 1,ndd_only,,T2,ndd_no_documented_epilepsy,1,sfari,,156535,,0,
HGNC:6918,MBD3,methyl-CpG binding domain protein 3,ndd_only,,T2,ndd_no_documented_epilepsy,1,sfari,,603573,,0,
HGNC:6919,MBD4,"methyl-CpG binding domain 4, DNA glycosylase",ndd_only,,T2,ndd_no_documented_epilepsy,3,clingen;orphadata_genes;sfari,661526,603574,MONDO:0859267,0,
HGNC:20445,MBD6,methyl-CpG binding domain protein 6,ndd_only,,T2,ndd_no_documented_epilepsy,1,sfari,,619458,,0,
HGNC:20564,MBNL3,muscleblind like splicing regulator 3,ndd_only,,T3,ndd_no_documented_epilepsy,2,panelapp_ge_id;sysndd,,300413,,0,
HGNC:6925,MBP,myelin basic protein,ndd_only,,T3,ndd_no_documented_epilepsy,1,sysndd,,159430,,0,
HGNC:15455,MBTPS2,"membrane bound transcription factor peptidase, site 2",ndd_only,,T1,ndd_no_documented_epilepsy,5,clingen;orphadata_genes;panelapp_au_id;panelapp_ge_id;sysndd,216796;216812;216820;2273;2340;659;85284,300294,MONDO:0000136;MONDO:0008146;MONDO:0008148;MONDO:0009804;MONDO:0019414;MONDO:0031421;MONDO:0100212,0,
HGNC:6930,MC2R,melanocortin 2 receptor,ndd_only,,T1,ndd_no_documented_epilepsy,3,g2p_dd;orphadata_genes;panelapp_ge_id,361,607397,MONDO:0008733,0,
HGNC:6936,MCCC1,methylcrotonyl-CoA carboxylase subunit 1,ndd_only,,T1,ndd_no_documented_epilepsy,6,clingen;g2p_dd;orphadata_genes;panelapp_au_id;panelapp_ge_id;sysndd,6,609010,MONDO:0018950,0,
HGNC:6937,MCCC2,methylcrotonyl-CoA carboxylase subunit 2,ndd_only,,T1,ndd_no_documented_epilepsy,6,clingen;g2p_dd;orphadata_genes;panelapp_au_id;panelapp_ge_id;sysndd,6,609014,MONDO:0018950,0,
HGNC:16732,MCEE,methylmalonyl-CoA epimerase,ndd_only,,T1,ndd_no_documented_epilepsy,5,clingen;g2p_dd;orphadata_genes;panelapp_ge_id;sysndd,308425,608419,MONDO:0009615,0,
HGNC:6947,MCM4,minichromosome maintenance complex component 4,ndd_only,,T2,ndd_no_documented_epilepsy,4,clingen;orphadata_genes;panelapp_au_id;sfari,75391,602638,MONDO:0012383,0,
HGNC:6949,MCM6,minichromosome maintenance complex component 6,ndd_only,,T1,ndd_no_documented_epilepsy,3,panelapp_au_id;sfari;sysndd,,601806,,0,
HGNC:6950,MCM7,minichromosome maintenance complex component 7,ndd_only,,T3,ndd_no_documented_epilepsy,2,orphadata_genes;sysndd,2512,600592,MONDO:0016660,0,
HGNC:21484,MCM9,minichromosome maintenance 9 homologous recombination repair factor,ndd_only,,T1,ndd_no_documented_epilepsy,3,clingen;orphadata_genes;panelapp_ge_id,444048,610098,MONDO:0014520,0,
HGNC:13356,MCOLN1,mucolipin TRP cation channel 1,ndd_only,,T1,ndd_no_documented_epilepsy,6,clingen;g2p_dd;orphadata_genes;panelapp_au_id;panelapp_ge_id;sysndd,578,605248,MONDO:0009653,0,
HGNC:25636,MCTP2,multiple C2 and transmembrane domain containing 2,ndd_only,,T3,ndd_no_documented_epilepsy,2,orphadata_genes;sysndd,1596,616297,MONDO:0012964,0,
HGNC:19267,MDGA1,MAM domain containing glycosylphosphatidylinositol anchor 1,ndd_only,,T2,ndd_no_documented_epilepsy,2,panelapp_au_id;sfari,,609626,,0,
HGNC:6973,MDM2,MDM2 proto-oncogene,ndd_only,,T3,ndd_no_documented_epilepsy,2,orphadata_genes;sysndd,524;99970;99971,164785,MONDO:0005103;MONDO:0018875;MONDO:0020563,0,
HGNC:6984,ME2,malic enzyme 2,ndd_only,,T3,ndd_with_epilepsy,2,clingen;sysndd,,154270,,0,
HGNC:3498,MECOM,MDS1 and EVI1 complex locus,ndd_only,,T1,ndd_no_documented_epilepsy,4,clingen;g2p_dd;orphadata_genes;sysndd,402020;71289,165215,MONDO:0011555;MONDO:0018435,0,
HGNC:19691,MECR,mitochondrial trans-2-enoyl-CoA reductase,ndd_only,,T1,ndd_no_documented_epilepsy,5,clingen;g2p_dd;orphadata_genes;panelapp_ge_id;sysndd,508093;98676,608205,MONDO:0014753;MONDO:0015003,0,
HGNC:16050,MED12L,mediator complex subunit 12L,ndd_only,,T1,ndd_no_documented_epilepsy,6,clingen;orphadata_genes;panelapp_au_id;panelapp_ge_id;sfari;sysndd,528084,611318,MONDO:0100038,0,
HGNC:22474,MED13,mediator complex subunit 13,ndd_only,,T1,ndd_no_documented_epilepsy,7,clingen;g2p_dd;orphadata_genes;panelapp_au_id;panelapp_ge_id;sfari;sysndd,528084,603808,MONDO:0100038,1,MED13 Foundation
HGNC:2370,MED14,mediator complex subunit 14,ndd_only,,T3,ndd_no_documented_epilepsy,1,panelapp_au_id,,300182,,0,
HGNC:17556,MED16,mediator complex subunit 16,ndd_only,,T1,ndd_no_documented_epilepsy,3,panelapp_au_id;panelapp_ge_id;sysndd,,604062,,0,
HGNC:16840,MED20,mediator complex subunit 20,ndd_only,,T2,ndd_no_documented_epilepsy,1,panelapp_au_id,,612915,,0,
HGNC:11477,MED22,mediator complex subunit 22,ndd_only,,T2,ndd_no_documented_epilepsy,1,panelapp_au_id,,185641,,0,
HGNC:2376,MED26,mediator complex subunit 26,ndd_only,,T3,ndd_no_documented_epilepsy,1,sysndd,,605043,,0,
HGNC:23074,MED29,mediator complex subunit 29,ndd_only,,T2,ndd_no_documented_epilepsy,2,panelapp_au_id;sysndd,,612914,,0,
HGNC:6997,MEF2D,myocyte enhancer factor 2D,ndd_only,,T3,ndd_no_documented_epilepsy,1,sysndd,,600663,,0,
HGNC:14575,MEG3,maternally expressed 3,ndd_only,,T2,ndd_no_documented_epilepsy,2,orphadata_genes;panelapp_au_id,254525;254528;254531;254534;96184;96334,605636,MONDO:0011975;MONDO:0016780;MONDO:0016781;MONDO:0016782;MONDO:0016783;MONDO:0019915,0,
HGNC:29634,MEGF10,multiple EGF like domains 10,ndd_only,,T1,ndd_no_documented_epilepsy,5,clingen;g2p_dd;orphadata_genes;panelapp_ge_id;sfari,439212,612453,MONDO:0013731,0,
HGNC:29635,MEGF11,multiple EGF like domains 11,ndd_only,,T2,ndd_no_documented_epilepsy,1,sfari,,612454,,0,
HGNC:3233,MEGF8,multiple EGF like domains 8,ndd_only,,T1,ndd_no_documented_epilepsy,6,clingen;g2p_dd;orphadata_genes;panelapp_au_id;panelapp_ge_id;sysndd,65759,604267,MONDO:0019012,0,
HGNC:3234,MEGF9,multiple EGF like domains 9,ndd_only,,T3,ndd_no_documented_epilepsy,1,sysndd,,604268,,0,
HGNC:7001,MEIS2,Meis homeobox 2,ndd_only,,T1,ndd_no_documented_epilepsy,7,clingen;g2p_dd;orphadata_genes;panelapp_au_id;panelapp_ge_id;sfari;sysndd,261190;652514,601740,MONDO:0014822;MONDO:0958273,0,
HGNC:16870,MELK,maternal embryonic leucine zipper kinase,ndd_only,,T3,ndd_no_documented_epilepsy,2,panelapp_au_id;sysndd,,607025,,0,
HGNC:14014,MEMO1,mediator of cell motility 1,ndd_only,,T2,ndd_no_documented_epilepsy,1,sfari,,611786,,0,
HGNC:7013,MEOX1,mesenchyme homeobox 1,ndd_only,,T1,ndd_no_documented_epilepsy,2,g2p_dd;orphadata_genes,2345,600147,MONDO:0001029,0,
HGNC:20247,MEPCE,methylphosphate capping enzyme,ndd_only,,T3,ndd_no_documented_epilepsy,2,panelapp_au_id;sysndd,,611478,,0,
HGNC:13520,MESD,mesoderm development LRP chaperone,ndd_only,,T1,ndd_no_documented_epilepsy,3,g2p_dd;orphadata_genes;sysndd,216804,607783,MONDO:0008147,0,
HGNC:29659,MESP2,mesoderm posterior bHLH transcription factor 2,ndd_only,,T1,ndd_no_documented_epilepsy,3,g2p_dd;orphadata_genes;panelapp_ge_id,2311,605195,MONDO:0010180,0,
HGNC:7029,MET,"MET proto-oncogene, receptor tyrosine kinase",ndd_only,,T1,ndd_no_documented_epilepsy,5,clingen;orphadata_genes;panelapp_au_id;panelapp_ge_id;sfari,319298;33402;47044;488265;715704;90636,164860,MONDO:0003789;MONDO:0011806;MONDO:0017884;MONDO:0018055;MONDO:0019588,0,
HGNC:15789,METAP1,methionyl aminopeptidase 1,ndd_only,,T3,ndd_no_documented_epilepsy,3,panelapp_au_id;panelapp_ge_id;sysndd,,610151,,0,
HGNC:29330,METTL14,"methyltransferase 14, N6-adenosine-methyltransferase non-catalytic subunit",ndd_only,,T3,ndd_no_documented_epilepsy,1,sfari,,616504,,0,
HGNC:26988,METTL23,"methyltransferase 23, arginine",ndd_only,,T1,ndd_no_documented_epilepsy,6,clingen;g2p_dd;orphadata_genes;panelapp_au_id;panelapp_ge_id;sysndd,88616,615262,MONDO:0019502,0,
HGNC:14141,METTL26,methyltransferase like 26,ndd_only,,T2,ndd_no_documented_epilepsy,1,sfari,,,,0,
HGNC:24726,METTL4,"methyltransferase 4, N6-adenosine",ndd_only,,T3,ndd_no_documented_epilepsy,1,sysndd,,619626,,0,
HGNC:25006,METTL5,"methyltransferase 5, N6-adenosine",ndd_only,,T1,ndd_no_documented_epilepsy,5,g2p_dd;orphadata_genes;panelapp_au_id;panelapp_ge_id;sysndd,2512,618628,MONDO:0016660,0,
HGNC:16877,MFN2,mitofusin 2,ndd_only,,T1,ndd_no_documented_epilepsy,5,clingen;g2p_dd;orphadata_genes;panelapp_au_id;sysndd,2398;64751;90118;90120;99947,608507,MONDO:0007908;MONDO:0010877;MONDO:0012231;MONDO:0019549;MONDO:0019551,0,
HGNC:18121,MFRP,membrane frizzled-related protein,ndd_only,,T1,ndd_no_documented_epilepsy,5,g2p_dd;orphadata_genes;panelapp_ge_id;sfari;sysndd,251279;35612,606227,MONDO:0005514;MONDO:0012605,0,
HGNC:25458,MFSD11,major facilitator superfamily domain containing 11,ndd_only,,T3,ndd_no_documented_epilepsy,1,sysndd,,620346,,0,
HGNC:25897,MFSD2A,"MFSD2 lysolipid transporter A, lysophospholipid",ndd_only,,T1,ndd_no_documented_epilepsy,5,g2p_dd;orphadata_genes;panelapp_au_id;panelapp_ge_id;sysndd,2512,614397,MONDO:0016660,0,
HGNC:14010,MGA,MAX dimerization protein MGA,ndd_only,,T2,ndd_no_documented_epilepsy,2,panelapp_au_id;sysndd,,616061,,0,
HGNC:7045,MGAT2,"alpha-1,6-mannosyl-glycoprotein 2-beta-N-acetylglucosaminyltransferase",ndd_only,,T1,ndd_no_documented_epilepsy,6,clingen;g2p_dd;orphadata_genes;panelapp_au_id;panelapp_ge_id;sysndd,79329,602616,MONDO:0008908,0,
HGNC:24140,MGAT5B,"alpha-1,6-mannosylglycoprotein 6-beta-N-acetylglucosaminyltransferase B",ndd_only,,T3,ndd_no_documented_epilepsy,2,panelapp_ge_id;sysndd,,612441,,0,
HGNC:16205,MGME1,mitochondrial genome maintenance exonuclease 1,ndd_only,,T1,ndd_no_documented_epilepsy,4,clingen;orphadata_genes;panelapp_au_id;sysndd,352447,615076,MONDO:0014039,0,
HGNC:7060,MGP,matrix Gla protein,ndd_only,,T1,ndd_no_documented_epilepsy,6,clingen;g2p_dd;orphadata_genes;panelapp_au_id;panelapp_ge_id;sysndd,664377;85202,154870,MONDO:0009495;MONDO:0971093,0,
HGNC:24008,MIA3,MIA SH3 domain ER export factor 3,ndd_only,,T3,ndd_no_documented_epilepsy,1,sysndd,,613455,,0,
HGNC:21086,MIB1,MIB E3 ubiquitin protein ligase 1,ndd_only,,T2,ndd_no_documented_epilepsy,6,clingen;g2p_dd;orphadata_genes;panelapp_ge_id;sfari;sysndd,54260,608677,MONDO:0018901,0,
HGNC:33702,MICOS13,mitochondrial contact site and cristae organizing system subunit 13,ndd_only,,T1,ndd_no_documented_epilepsy,3,clingen;orphadata_genes;sysndd,67047,616658,MONDO:0009787,0,
HGNC:1530,MICU1,mitochondrial calcium uptake 1,ndd_only,,T1,ndd_no_documented_epilepsy,6,clingen;g2p_dd;orphadata_genes;panelapp_au_id;panelapp_ge_id;sysndd,401768,605084,MONDO:0014300,0,
HGNC:31830,MICU2,mitochondrial calcium uptake 2,ndd_only,,T3,ndd_no_documented_epilepsy,2,clingen;sysndd,,610632,,0,
HGNC:7095,MID1,midline 1,ndd_only,,T1,ndd_no_documented_epilepsy,6,clingen;g2p_dd;orphadata_genes;panelapp_au_id;panelapp_ge_id;sysndd,2745,300552,MONDO:0017138,0,
HGNC:7096,MID2,midline 2,ndd_only,,T3,ndd_no_documented_epilepsy,3,orphadata_genes;panelapp_au_id;sysndd,777,300204,MONDO:0019181,0,
HGNC:19853,MIDEAS,mitotic deacetylase associated SANT domain protein,ndd_only,,T2,ndd_no_documented_epilepsy,2,panelapp_au_id;sysndd,,621074,,0,
HGNC:17565,MINK1,misshapen like kinase 1,ndd_only,,T3,ndd_no_documented_epilepsy,1,sfari,,609426,,0,
HGNC:7104,MIPEP,mitochondrial intermediate peptidase,ndd_only,,T2,ndd_no_documented_epilepsy,3,clingen;orphadata_genes;sysndd,478049,602241,MONDO:0014976,0,
HGNC:31523,MIR137,microRNA 137,ndd_only,,T2,ndd_no_documented_epilepsy,2,sfari;sysndd,,614304,,0,
HGNC:31527,MIR140,microRNA 140,ndd_only,,T2,ndd_no_documented_epilepsy,3,clingen;g2p_dd;orphadata_genes,623695,611894,MONDO:0850099,0,
HGNC:23564,MIR17HG,miR-17-92a-1 cluster host gene,ndd_only,,T1,ndd_no_documented_epilepsy,5,g2p_dd;orphadata_genes;panelapp_au_id;panelapp_ge_id;sysndd,391646,609415,MONDO:0013691,0,
HGNC:31555,MIR184,microRNA 184,ndd_only,,T1,ndd_no_documented_epilepsy,2,g2p_dd;orphadata_genes,293936,613146,MONDO:0013678,0,
HGNC:20190,MIS18BP1,MIS18 binding protein 1,ndd_only,,T3,ndd_no_documented_epilepsy,1,panelapp_au_id,,618139,,0,
HGNC:7105,MITF,melanocyte inducing transcription factor,ndd_only,,T1,ndd_no_documented_epilepsy,4,clingen;g2p_dd;orphadata_genes;panelapp_ge_id,293822;319298;404511;42665;618;895;897,156845,MONDO:0007077;MONDO:0013759;MONDO:0017884;MONDO:0018448;MONDO:0018961;MONDO:0019517;MONDO:0019518,0,
HGNC:7108,MKKS,MKKS centrosomal shuttling protein,ndd_only,,T1,ndd_no_documented_epilepsy,6,clingen;g2p_dd;orphadata_genes;panelapp_au_id;panelapp_ge_id;sysndd,110;2473,604896,MONDO:0009367;MONDO:0015229,0,
HGNC:7112,MKRN1,makorin ring finger protein 1,ndd_only,,T3,ndd_no_documented_epilepsy,1,sfari,,607754,,0,
HGNC:7121,MKS1,MKS transition zone complex subunit 1,ndd_only,,T1,ndd_no_documented_epilepsy,6,clingen;g2p_dd;orphadata_genes;panelapp_au_id;panelapp_ge_id;sysndd,110;220493;475;564,609883,MONDO:0015229;MONDO:0016364;MONDO:0018772;MONDO:0018921,0,
HGNC:23729,MKX,mohawk homeobox,ndd_only,,T2,ndd_no_documented_epilepsy,1,sfari,,601332,,0,
HGNC:7124,MLANA,melan-A,ndd_only,,T2,ndd_no_documented_epilepsy,1,sfari,,605513,,0,
HGNC:7127,MLH1,mutL homolog 1,ndd_only,,T1,ndd_no_documented_epilepsy,4,clingen;orphadata_genes;panelapp_au_id;panelapp_ge_id,144;252202,120436,MONDO:0005835;MONDO:0031219,0,
HGNC:7134,MLLT1,MLLT1 super elongation complex subunit,ndd_only,,T3,ndd_no_documented_epilepsy,1,sysndd,,159556,,0,
HGNC:7150,MLYCD,malonyl-CoA decarboxylase,ndd_only,,T1,ndd_no_documented_epilepsy,6,clingen;g2p_dd;orphadata_genes;panelapp_au_id;panelapp_ge_id;sysndd,943,606761,MONDO:0009556,0,
HGNC:18871,MMAA,metabolism of cobalamin associated A,ndd_only,,T1,ndd_no_documented_epilepsy,6,clingen;g2p_dd;orphadata_genes;panelapp_au_id;panelapp_ge_id;sysndd,79310,607481,MONDO:0009613,0,
HGNC:19331,MMAB,metabolism of cobalamin associated B,ndd_only,,T1,ndd_no_documented_epilepsy,6,clingen;g2p_dd;orphadata_genes;panelapp_au_id;panelapp_ge_id;sysndd,79311,607568,MONDO:0009614,0,
HGNC:28100,MMGT1,membrane magnesium transporter 1,ndd_only,,T2,ndd_no_documented_epilepsy,4,g2p_dd;panelapp_au_id;panelapp_ge_id;sysndd,,301098,,0,
HGNC:7159,MMP13,matrix metallopeptidase 13,ndd_only,,T1,ndd_no_documented_epilepsy,3,g2p_dd;orphadata_genes;panelapp_ge_id,1040;2501;93356,600108,MONDO:0009597;MONDO:0011198;MONDO:0015177,0,
HGNC:7160,MMP14,matrix metallopeptidase 14,ndd_only,,T3,ndd_no_documented_epilepsy,2,g2p_dd;orphadata_genes,371428,600754,MONDO:0018298,0,
HGNC:7161,MMP15,matrix metallopeptidase 15,ndd_only,,T3,ndd_no_documented_epilepsy,1,g2p_dd,,602261,,0,
HGNC:14357,MMP21,matrix metallopeptidase 21,ndd_only,,T1,ndd_no_documented_epilepsy,3,g2p_dd;orphadata_genes;panelapp_ge_id,101063,608416,MONDO:0010029,0,
HGNC:13824,MMS19,MMS19 cytosolic iron-sulfur assembly component,ndd_only,,T3,ndd_with_epilepsy,3,g2p_dd;panelapp_au_epilepsy;sysndd,,614777,,0,
HGNC:7526,MMUT,methylmalonyl-CoA mutase,ndd_only,,T1,ndd_no_documented_epilepsy,6,clingen;g2p_dd;orphadata_genes;panelapp_au_id;panelapp_ge_id;sysndd,289916;79312,609058,MONDO:0017360;MONDO:0019267,0,
HGNC:7180,MN1,"MN1 proto-oncogene, transcriptional regulator",ndd_only,,T1,ndd_no_documented_epilepsy,6,clingen;g2p_dd;orphadata_genes;panelapp_au_id;panelapp_ge_id;sysndd,251679;263662;693549,156100,MONDO:0016707;MONDO:0016995;MONDO:0032908,0,
HGNC:7188,MNT,MAX network transcriptional repressor,ndd_only,,T2,ndd_no_documented_epilepsy,1,sfari,,603039,,0,
HGNC:4979,MNX1,motor neuron and pancreas homeobox 1,ndd_only,,T1,ndd_no_documented_epilepsy,4,g2p_dd;orphadata_genes;panelapp_au_id;panelapp_ge_id,1552,142994,MONDO:0008305,0,
HGNC:15765,MOCS3,molybdenum cofactor synthesis 3,ndd_only,,T2,ndd_no_documented_epilepsy,2,clingen;panelapp_au_id,,609277,,0,
HGNC:23485,MORC4,MORC family CW-type zinc finger 4,ndd_only,,T3,ndd_no_documented_epilepsy,1,panelapp_ge_id,,300970,,0,
HGNC:16989,MORF4L1,mortality factor 4 like 1,ndd_only,,T3,ndd_no_documented_epilepsy,1,panelapp_au_id,,607303,,0,
HGNC:21606,MPC1,mitochondrial pyruvate carrier 1,ndd_only,,T1,ndd_no_documented_epilepsy,3,clingen;orphadata_genes;sysndd,447784,614738,MONDO:0013877,0,
HGNC:24515,MPC2,mitochondrial pyruvate carrier 2,ndd_only,,T2,ndd_no_documented_epilepsy,2,g2p_dd;sysndd,,614737,,0,
HGNC:7208,MPDZ,multiple PDZ domain crumbs cell polarity complex component,ndd_only,,T1,ndd_no_documented_epilepsy,5,g2p_dd;orphadata_genes;panelapp_au_id;panelapp_ge_id;sysndd,269505,603785,MONDO:0017116,0,
HGNC:7213,MPHOSPH10,M-phase phosphoprotein 10,ndd_only,,T3,ndd_no_documented_epilepsy,1,sysndd,,605503,,0,
HGNC:29810,MPHOSPH8,M-phase phosphoprotein 8,ndd_only,,T3,ndd_no_documented_epilepsy,1,sysndd,,611626,,0,
HGNC:7216,MPI,mannose phosphate isomerase,ndd_only,,T1,ndd_no_documented_epilepsy,6,clingen;g2p_dd;orphadata_genes;panelapp_au_id;panelapp_ge_id;sysndd,79319,154550,MONDO:0011257,0,
HGNC:16002,MPLKIP,M-phase specific PLK1 interacting protein,ndd_only,,T1,ndd_no_documented_epilepsy,5,g2p_dd;orphadata_genes;panelapp_au_id;panelapp_ge_id;sysndd,33364,609188,MONDO:0018053,0,
HGNC:7224,MPV17,mitochondrial inner membrane protein MPV17,ndd_only,,T1,ndd_no_documented_epilepsy,6,clingen;g2p_dd;orphadata_genes;panelapp_au_id;panelapp_ge_id;sysndd,255229,137960,MONDO:0009747,0,
HGNC:7225,MPZ,myelin protein zero,ndd_only,,T1,ndd_no_documented_epilepsy,5,clingen;g2p_dd;orphadata_genes;panelapp_au_id;panelapp_ge_id,100046;101082;3115;324585;538574;64748;99942;99943,159440,MONDO:0007307;MONDO:0007790;MONDO:0007853;MONDO:0008392;MONDO:0011889;MONDO:0011903;MONDO:0011909;MONDO:0017937,0,
HGNC:1304,MRAP,melanocortin 2 receptor accessory protein,ndd_only,,T3,ndd_no_documented_epilepsy,3,orphadata_genes;panelapp_au_id;panelapp_ge_id,361,609196,MONDO:0008733,0,
HGNC:7227,MRAS,muscle RAS oncogene homolog,ndd_only,,T1,ndd_no_documented_epilepsy,5,clingen;g2p_dd;orphadata_genes;panelapp_au_id;sysndd,648,608435,MONDO:0018997,0,
HGNC:7230,MRE11,MRE11 double strand break repair nuclease,ndd_only,,T1,ndd_no_documented_epilepsy,5,clingen;g2p_dd;orphadata_genes;panelapp_ge_id;sysndd,145;240760;251347,600814,MONDO:0003582;MONDO:0013118;MONDO:0024557,0,
HGNC:16352,MRM2,mitochondrial rRNA methyltransferase 2,ndd_only,,T2,ndd_no_documented_epilepsy,1,sysndd,,606906,,0,
HGNC:42976,MROH5,maestro heat like repeat family member 5 (gene/pseudogene),ndd_only,,T3,ndd_no_documented_epilepsy,1,sysndd,,,,0,
HGNC:14055,MRPL10,mitochondrial ribosomal protein L10,ndd_only,,T3,ndd_no_documented_epilepsy,1,sysndd,,611825,,0,
HGNC:10378,MRPL12,mitochondrial ribosomal protein L12,ndd_only,,T3,ndd_no_documented_epilepsy,2,clingen;sysndd,,602375,,0,
HGNC:14037,MRPL24,mitochondrial ribosomal protein L24,ndd_only,,T3,ndd_no_documented_epilepsy,2,clingen;sysndd,,611836,,0,
HGNC:10379,MRPL3,mitochondrial ribosomal protein L3,ndd_only,,T2,ndd_no_documented_epilepsy,4,clingen;orphadata_genes;panelapp_au_id;sysndd,319509,607118,MONDO:0013811,0,
HGNC:14027,MRPL39,mitochondrial ribosomal protein L39,ndd_only,,T2,ndd_no_documented_epilepsy,2,clingen;g2p_dd,,611845,,0,
HGNC:1176,MRPL49,mitochondrial ribosomal protein L49,ndd_only,,T1,ndd_no_documented_epilepsy,3,panelapp_au_id;panelapp_ge_id;sysndd,,606866,,0,
HGNC:14049,MRPS14,mitochondrial ribosomal protein S14,ndd_only,,T3,ndd_no_documented_epilepsy,2,clingen;sysndd,,611978,,0,
HGNC:14048,MRPS16,mitochondrial ribosomal protein S16,ndd_only,,T3,ndd_no_documented_epilepsy,4,clingen;orphadata_genes;panelapp_au_id;sysndd,254920,609204,MONDO:0012510,0,
HGNC:14495,MRPS2,mitochondrial ribosomal protein S2,ndd_only,,T1,ndd_no_documented_epilepsy,3,clingen;g2p_dd;sysndd,,611971,,0,
HGNC:14508,MRPS22,mitochondrial ribosomal protein S22,ndd_only,,T1,ndd_no_documented_epilepsy,6,clingen;g2p_dd;orphadata_genes;panelapp_au_id;panelapp_ge_id;sysndd,137908;243,605810,MONDO:0009299;MONDO:0012718,0,
HGNC:14511,MRPS25,mitochondrial ribosomal protein S25,ndd_only,,T3,ndd_no_documented_epilepsy,2,clingen;sysndd,,611987,,0,
HGNC:14513,MRPS28,mitochondrial ribosomal protein S28,ndd_only,,T3,ndd_no_documented_epilepsy,2,clingen;sysndd,,611990,,0,
HGNC:16618,MRPS34,mitochondrial ribosomal protein S34,ndd_only,,T1,ndd_no_documented_epilepsy,5,clingen;g2p_dd;panelapp_au_id;panelapp_ge_id;sysndd,,611994,,0,
HGNC:16635,MRPS35,mitochondrial ribosomal protein S35,ndd_only,,T3,ndd_no_documented_epilepsy,1,sysndd,,611995,,0,
HGNC:14499,MRPS7,mitochondrial ribosomal protein S7,ndd_only,,T3,ndd_no_documented_epilepsy,3,clingen;orphadata_genes;sysndd,457223,611974,MONDO:0054741,0,
HGNC:29819,MRTFB,myocardin related transcription factor B,ndd_only,,T2,ndd_no_documented_epilepsy,5,g2p_dd;panelapp_au_id;panelapp_ge_id;sfari;sysndd,,609463,,0,
HGNC:26266,MSANTD2,Myb/SANT DNA binding domain containing 2,ndd_only,,T2,ndd_no_documented_epilepsy,1,sfari,,,,0,
HGNC:7329,MSH6,mutS homolog 6,ndd_only,,T1,ndd_no_documented_epilepsy,3,clingen;orphadata_genes;panelapp_au_id,144;252202,600678,MONDO:0005835;MONDO:0031219,0,
HGNC:7330,MSI1,musashi RNA binding protein 1,ndd_only,,T3,ndd_no_documented_epilepsy,1,g2p_dd,,603328,,0,
HGNC:7370,MSL3,MSL complex subunit 3,ndd_only,,T1,ndd_no_documented_epilepsy,7,clingen;g2p_dd;orphadata_genes;panelapp_au_id;panelapp_ge_id;sfari;sysndd,730261,300609,,0,
HGNC:10545,MSMO1,methylsterol monooxygenase 1,ndd_only,,T1,ndd_no_documented_epilepsy,4,orphadata_genes;panelapp_au_id;panelapp_ge_id;sysndd,488168,607545,MONDO:0014793,0,
HGNC:7376,MSR1,macrophage scavenger receptor 1,ndd_only,,T2,ndd_no_documented_epilepsy,1,sfari,,153622,,0,
HGNC:7377,MSRA,methionine sulfoxide reductase A,ndd_only,,T3,ndd_no_documented_epilepsy,1,sfari,,601250,,0,
HGNC:21000,MSS51,MSS51 mitochondrial translational activator,ndd_only,,T3,ndd_no_documented_epilepsy,1,sysndd,,614773,,0,
HGNC:29678,MSTO1,misato mitochondrial distribution and morphology regulator 1,ndd_only,,T1,ndd_no_documented_epilepsy,3,clingen;orphadata_genes;sysndd,502423,617619,MONDO:0044714,0,
HGNC:7391,MSX1,msh homeobox 1,ndd_only,,T1,ndd_no_documented_epilepsy,4,clingen;g2p_dd;orphadata_genes;panelapp_ge_id,141291;199302;199306;2228;99798,142983,MONDO:0005486;MONDO:0008582;MONDO:0015420;MONDO:0016043;MONDO:0016044,0,
HGNC:7392,MSX2,msh homeobox 2,ndd_only,,T1,ndd_no_documented_epilepsy,5,clingen;g2p_dd;orphadata_genes;panelapp_ge_id;sfari,1541;251290;60015,123101,MONDO:0008198;MONDO:0011481;MONDO:0018953,0,
HGNC:7419,MT-CO1,mitochondrially encoded cytochrome c oxidase I,ndd_only,,T1,ndd_with_epilepsy,4,clingen;orphadata_genes;panelapp_au_epilepsy;sysndd,104;254905;550;90641;99845,516030,MONDO:0010779;MONDO:0010788;MONDO:0010789;MONDO:0020504;MONDO:0033885,0,
HGNC:7421,MT-CO2,mitochondrially encoded cytochrome c oxidase II,ndd_only,,T1,ndd_with_epilepsy,5,clingen;orphadata_genes;panelapp_au_epilepsy;panelapp_au_id;sysndd,254905;550,516040,MONDO:0010789;MONDO:0033885,0,
HGNC:7422,MT-CO3,mitochondrially encoded cytochrome c oxidase III,ndd_only,,T1,ndd_with_epilepsy,4,clingen;orphadata_genes;panelapp_ge_epilepsy;sysndd,104;254905;550;99845,516050,MONDO:0010788;MONDO:0010789;MONDO:0020504;MONDO:0033885,0,
HGNC:7455,MT-ND1,mitochondrially encoded NADH:ubiquinone oxidoreductase core subunit 1,ndd_only,,T1,ndd_no_documented_epilepsy,3,clingen;orphadata_genes;panelapp_ge_id,104;255210;2609;550,516000,MONDO:0010788;MONDO:0010789;MONDO:0016814;MONDO:0100133,0,
HGNC:7459,MT-ND4,mitochondrially encoded NADH:ubiquinone oxidoreductase core subunit 4,ndd_only,,T1,ndd_with_epilepsy,5,clingen;orphadata_genes;panelapp_au_epilepsy;panelapp_au_id;panelapp_ge_id,104;255210;550;90641;99718,516003,MONDO:0010779;MONDO:0010788;MONDO:0010789;MONDO:0016814;MONDO:0020478,0,
HGNC:7461,MT-ND5,mitochondrially encoded NADH:ubiquinone oxidoreductase core subunit 5,ndd_only,,T1,ndd_with_epilepsy,4,clingen;orphadata_genes;panelapp_au_epilepsy;sysndd,104;255210;550;551,516005,MONDO:0010788;MONDO:0010789;MONDO:0010790;MONDO:0016814,0,
HGNC:7479,MT-TE,mitochondrially encoded tRNA-Glu (GAA/G),ndd_only,,T1,ndd_with_epilepsy,5,clingen;orphadata_genes;panelapp_au_epilepsy;panelapp_au_id;sysndd,254864;2596,590025,MONDO:0010773;MONDO:0010780,0,
HGNC:7481,MT-TF,mitochondrially encoded tRNA-Phe (UUU/C),ndd_only,,T1,ndd_with_epilepsy,4,clingen;orphadata_genes;panelapp_au_epilepsy;sysndd,550;551;620371,590070,MONDO:0010789;MONDO:0010790;MONDO:0850089,0,
HGNC:7494,MT-TP,mitochondrially encoded tRNA-Pro (CCN),ndd_only,,T1,ndd_no_documented_epilepsy,4,clingen;g2p_dd;orphadata_genes;panelapp_ge_id,551,590075,MONDO:0010790,0,
HGNC:7496,MT-TR,mitochondrially encoded tRNA-Arg (CGN),ndd_only,,T1,ndd_with_epilepsy,3,clingen;panelapp_au_epilepsy;panelapp_au_id,,590005,,0,
HGNC:7497,MT-TS1,mitochondrially encoded tRNA-Ser (UCN) 1,ndd_only,,T1,ndd_with_epilepsy,5,clingen;orphadata_genes;panelapp_au_epilepsy;panelapp_au_id;sysndd,2202;550;551;663;90641,590080,MONDO:0007852;MONDO:0010779;MONDO:0010789;MONDO:0010790;MONDO:0019016,0,
HGNC:7498,MT-TS2,mitochondrially encoded tRNA-Ser (AGU/C) 2,ndd_only,,T1,ndd_with_epilepsy,5,clingen;orphadata_genes;panelapp_au_epilepsy;panelapp_au_id;sysndd,231183;550;551,590085,MONDO:0010789;MONDO:0010790;MONDO:0016485,0,
HGNC:7500,MT-TV,mitochondrially encoded tRNA-Val (GUN),ndd_only,,T1,ndd_with_epilepsy,5,clingen;orphadata_genes;panelapp_au_epilepsy;panelapp_au_id;sysndd,255210,590105,MONDO:0016814,0,
HGNC:7501,MT-TW,mitochondrially encoded tRNA-Trp (UGA/G),ndd_only,,T1,ndd_with_epilepsy,4,clingen;orphadata_genes;panelapp_au_epilepsy;panelapp_au_id,255210;550,590095,MONDO:0010789;MONDO:0016814,0,
HGNC:29608,MTDH,metadherin,ndd_only,,T3,ndd_no_documented_epilepsy,1,sysndd,,610323,,0,
HGNC:24258,MTERF3,mitochondrial transcription termination factor 3,ndd_only,,T2,ndd_no_documented_epilepsy,1,panelapp_au_id,,616930,,0,
HGNC:7428,MTF1,metal regulatory transcription factor 1,ndd_only,,T2,ndd_no_documented_epilepsy,4,g2p_dd;panelapp_ge_id;sfari;sysndd,,600172,,0,
HGNC:29535,MTF2,metal response element binding transcription factor 2,ndd_only,,T3,ndd_no_documented_epilepsy,1,sysndd,,609882,,0,
HGNC:29666,MTFMT,mitochondrial methionyl-tRNA formyltransferase,ndd_only,,T1,ndd_no_documented_epilepsy,6,clingen;g2p_dd;orphadata_genes;panelapp_au_id;panelapp_ge_id;sysndd,319524,611766,MONDO:0013987,0,
HGNC:7441,MTIF2,mitochondrial translational initiation factor 2,ndd_only,,T3,ndd_no_documented_epilepsy,1,sysndd,,603766,,0,
HGNC:7448,MTM1,myotubularin 1,ndd_only,,T1,ndd_no_documented_epilepsy,5,clingen;g2p_dd;orphadata_genes;panelapp_au_id;panelapp_ge_id,456328;596;604680,300415,MONDO:0010271;MONDO:0010683;MONDO:0035826,0,
HGNC:7449,MTMR1,myotubularin related protein 1,ndd_only,,T3,ndd_no_documented_epilepsy,1,panelapp_ge_id,,300171,,0,
HGNC:26190,MTMR14,myotubularin related protein 14,ndd_only,,T3,ndd_no_documented_epilepsy,2,orphadata_genes;panelapp_ge_id,169189,611089,MONDO:0008048,0,
HGNC:7450,MTMR2,myotubularin related protein 2,ndd_only,,T1,ndd_no_documented_epilepsy,4,clingen;orphadata_genes;panelapp_au_id;panelapp_ge_id,99955,603557,MONDO:0011066,0,
HGNC:16825,MTMR8,myotubularin related protein 8,ndd_only,,T3,ndd_no_documented_epilepsy,1,panelapp_ge_id,,301061,,0,
HGNC:14596,MTMR9,myotubularin related protein 9,ndd_only,,T3,ndd_no_documented_epilepsy,1,sysndd,,606260,,0,
HGNC:19261,MTO1,mitochondrial tRNA translation optimization 1,ndd_only,,T1,ndd_no_documented_epilepsy,6,clingen;g2p_dd;orphadata_genes;panelapp_au_id;panelapp_ge_id;sysndd,314637,614667,MONDO:0013865,0,
HGNC:25532,MTPAP,mitochondrial poly(A) polymerase,ndd_only,,T1,ndd_no_documented_epilepsy,4,clingen;orphadata_genes;panelapp_au_id;panelapp_ge_id,254343,613669,MONDO:0013354,0,
HGNC:26784,MTRFR,mitochondrial translation release factor in rescue,ndd_only,,T1,ndd_no_documented_epilepsy,6,clingen;g2p_dd;orphadata_genes;panelapp_au_id;panelapp_ge_id;sysndd,254930;320375,613541,MONDO:0013306;MONDO:0014020,0,
HGNC:7473,MTRR,5-methyltetrahydrofolate-homocysteine methyltransferase reductase,ndd_only,,T1,ndd_no_documented_epilepsy,6,clingen;g2p_dd;orphadata_genes;panelapp_au_id;panelapp_ge_id;sysndd,2169,602568,MONDO:0009354,0,
HGNC:25094,MTSS2,MTSS I-BAR domain containing 2,ndd_only,,T1,ndd_no_documented_epilepsy,6,g2p_dd;orphadata_genes;panelapp_au_id;panelapp_ge_id;sfari;sysndd,528084,616951,MONDO:0100038,0,
HGNC:7467,MTTP,microsomal triglyceride transfer protein,ndd_only,,T3,ndd_no_documented_epilepsy,2,orphadata_genes;panelapp_ge_id,14,157147,MONDO:0008692,0,
HGNC:7510,MUC12,"mucin 12, cell surface associated",ndd_only,,T2,ndd_no_documented_epilepsy,1,sfari,,604609,,0,
HGNC:7513,MUC3A,"mucin 3A, cell surface associated",ndd_only,,T3,ndd_no_documented_epilepsy,1,sysndd,,158371,,0,
HGNC:7514,MUC4,"mucin 4, cell surface associated",ndd_only,,T2,ndd_no_documented_epilepsy,1,sfari,,158372,,0,
HGNC:7530,MVK,mevalonate kinase,ndd_only,,T1,ndd_no_documented_epilepsy,5,clingen;orphadata_genes;panelapp_au_id;panelapp_ge_id;sysndd,29;343;735;79152,251170,MONDO:0009849;MONDO:0012481;MONDO:0019141;MONDO:0019212,0,
HGNC:7539,MXRA5,matrix remodeling associated 5,ndd_only,,T3,ndd_no_documented_epilepsy,1,panelapp_ge_id,,300938,,0,
HGNC:7542,MXRA8,matrix remodeling associated 8,ndd_only,,T3,ndd_no_documented_epilepsy,1,sysndd,,617293,,0,
HGNC:7549,MYBPC1,myosin binding protein C1,ndd_only,,T1,ndd_no_documented_epilepsy,3,g2p_dd;orphadata_genes;panelapp_ge_id,1146;137783;498693,160794,MONDO:0012656;MONDO:0015240;MONDO:0044682,0,
HGNC:7559,MYCN,"MYCN proto-oncogene, bHLH transcription factor",ndd_only,,T1,ndd_no_documented_epilepsy,6,clingen;g2p_dd;orphadata_genes;panelapp_au_id;panelapp_ge_id;sysndd,357027;357034;391641;635;730286,164840,MONDO:0005072;MONDO:0008115;MONDO:0018160;MONDO:0018161,0,
HGNC:7565,MYF5,myogenic factor 5,ndd_only,,T1,ndd_no_documented_epilepsy,1,g2p_dd,,159990,,0,
HGNC:7568,MYH10,myosin heavy chain 10,ndd_only,,T1,ndd_no_documented_epilepsy,6,clingen;g2p_dd;panelapp_au_id;panelapp_ge_id;sfari;sysndd,,160776,,0,
HGNC:7569,MYH11,myosin heavy chain 11,ndd_only,,T1,ndd_no_documented_epilepsy,3,clingen;g2p_dd;orphadata_genes,2241;229;91387;98829,160745,MONDO:0019625;MONDO:0020316;MONDO:0024559;MONDO:0100354,0,
HGNC:7571,MYH13,myosin heavy chain 13,ndd_only,,T3,ndd_no_documented_epilepsy,1,sysndd,,603487,,0,
HGNC:7573,MYH3,myosin heavy chain 3,ndd_only,,T1,ndd_no_documented_epilepsy,4,g2p_dd;orphadata_genes;panelapp_au_id;panelapp_ge_id,1146;1147;2053;2990;3275;65743,160720,MONDO:0008338;MONDO:0008675;MONDO:0009926;MONDO:0010094;MONDO:0011128;MONDO:0015240,0,
HGNC:7574,MYH4,myosin heavy chain 4,ndd_only,,T2,ndd_no_documented_epilepsy,1,sfari,,160742,,0,
HGNC:7576,MYH6,myosin heavy chain 6,ndd_only,,T1,ndd_no_documented_epilepsy,4,clingen;g2p_dd;orphadata_genes;panelapp_ge_id,154;166282;99103,160710,MONDO:0012061;MONDO:0020434;MONDO:0700335,0,
HGNC:7578,MYH8,myosin heavy chain 8,ndd_only,,T1,ndd_no_documented_epilepsy,3,g2p_dd;orphadata_genes;panelapp_ge_id,319340;3377,160741,MONDO:0008016;MONDO:0012137,0,
HGNC:7579,MYH9,myosin heavy chain 9,ndd_only,,T1,ndd_no_documented_epilepsy,5,clingen;g2p_dd;orphadata_genes;panelapp_ge_id;sfari,182050;477742;90635,160775,MONDO:0004187;MONDO:0015912;MONDO:0019587,0,
HGNC:7582,MYL1,myosin light chain 1,ndd_only,,T2,ndd_no_documented_epilepsy,3,clingen;g2p_dd;orphadata_genes,544602,160780,MONDO:0034109,0,
HGNC:29824,MYL11,myosin light chain 11,ndd_only,,T1,ndd_no_documented_epilepsy,1,g2p_dd,,617378,,0,
HGNC:7590,MYLK,myosin light chain kinase,ndd_only,,T1,ndd_no_documented_epilepsy,4,clingen;g2p_dd;orphadata_genes;sfari,2241;91387,600922,MONDO:0019625;MONDO:0100354,0,
HGNC:33778,MYMK,"myomaker, myoblast fusion factor",ndd_only,,T1,ndd_no_documented_epilepsy,3,clingen;orphadata_genes;panelapp_au_id,1358,615345,MONDO:0031415,0,
HGNC:29822,MYO16,myosin XVI,ndd_only,,T2,ndd_no_documented_epilepsy,1,sfari,,615479,,0,
HGNC:18150,MYO18B,myosin XVIIIB,ndd_only,,T1,ndd_no_documented_epilepsy,4,clingen;g2p_dd;orphadata_genes;sysndd,447974,607295,MONDO:0014689,0,
HGNC:7595,MYO1A,myosin IA,ndd_only,,T3,ndd_no_documented_epilepsy,3,clingen;orphadata_genes;sysndd,90635,601478,MONDO:0019587,0,
HGNC:7598,MYO1D,myosin ID,ndd_only,,T3,ndd_no_documented_epilepsy,1,panelapp_ge_id,,606539,,0,
HGNC:7599,MYO1E,myosin IE,ndd_only,,T2,ndd_no_documented_epilepsy,3,orphadata_genes;sfari;sysndd,656,601479,MONDO:0019006,0,
HGNC:13880,MYO1G,myosin IG,ndd_only,,T3,ndd_no_documented_epilepsy,1,panelapp_ge_id,,600642,,0,
HGNC:13879,MYO1H,myosin IH,ndd_only,,T3,ndd_with_epilepsy,4,orphadata_genes;panelapp_ge_epilepsy;panelapp_ge_id;sysndd,661,614636,MONDO:0800026,0,
HGNC:7602,MYO5A,myosin VA,ndd_only,,T1,ndd_no_documented_epilepsy,7,clingen;g2p_dd;orphadata_genes;panelapp_au_id;panelapp_ge_id;sfari;sysndd,33445;79476;79478,160777,MONDO:0008962;MONDO:0009742;MONDO:0012220,0,
HGNC:7603,MYO5B,myosin VB,ndd_only,,T1,ndd_no_documented_epilepsy,3,g2p_dd;orphadata_genes;panelapp_ge_id,2290;480491;79306,606540,MONDO:0008892;MONDO:0009635;MONDO:0018804,0,
HGNC:7604,MYO5C,myosin VC,ndd_only,,T2,ndd_no_documented_epilepsy,1,sfari,,610022,,0,
HGNC:7606,MYO7A,myosin VIIA,ndd_only,,T1,ndd_no_documented_epilepsy,6,clingen;g2p_dd;orphadata_genes;panelapp_au_id;panelapp_ge_id;sfari,231169;231178;90635;90636,276903,MONDO:0010168;MONDO:0016484;MONDO:0019587;MONDO:0019588,0,
HGNC:7609,MYO9B,myosin IXB,ndd_only,,T2,ndd_no_documented_epilepsy,1,sfari,,602129,,0,
HGNC:16067,MYOCD,myocardin,ndd_only,,T1,ndd_no_documented_epilepsy,3,g2p_dd;sfari;sysndd,,606127,,0,
HGNC:23246,MYPN,myopalladin,ndd_only,,T1,ndd_no_documented_epilepsy,3,clingen;g2p_dd;orphadata_genes,154;171439;171881;75249,608517,MONDO:0015738;MONDO:0015753;MONDO:0019150;MONDO:0700335,0,
HGNC:1181,MYRF,myelin regulatory factor,ndd_only,,T1,ndd_no_documented_epilepsy,4,clingen;g2p_dd;orphadata_genes;sysndd,647811,608329,MONDO:0032653,0,
HGNC:29401,MYSM1,"Myb like, SWIRM and MPN domains 1",ndd_only,,T1,ndd_no_documented_epilepsy,3,clingen;g2p_dd;orphadata_genes,508542,612176,MONDO:0033683,0,
HGNC:7622,MYT1,myelin transcription factor 1,ndd_only,,T3,ndd_no_documented_epilepsy,3,g2p_dd;panelapp_au_id;panelapp_ge_id,,600379,,0,
HGNC:15908,NAA20,"N-alpha-acetyltransferase 20, NatB catalytic subunit",ndd_only,,T1,ndd_no_documented_epilepsy,6,clingen;g2p_dd;orphadata_genes;panelapp_au_id;panelapp_ge_id;sysndd,88616,610833,MONDO:0019502,0,
HGNC:19844,NAA30,"N-alpha-acetyltransferase 30, NatC catalytic subunit",ndd_only,,T3,ndd_no_documented_epilepsy,2,panelapp_au_id;sysndd,,617989,,0,
HGNC:24340,NAA35,"N-alpha-acetyltransferase 35, NatC auxiliary subunit",ndd_only,,T3,ndd_no_documented_epilepsy,1,sysndd,,619438,,0,
HGNC:25875,NAA60,"N-alpha-acetyltransferase 60, NatF catalytic subunit",ndd_only,,T3,ndd_no_documented_epilepsy,3,orphadata_genes;panelapp_ge_id;sysndd,1980,614246,MONDO:0008947,0,
HGNC:23219,NAALADL2,N-acetylated alpha-linked acidic dipeptidase like 2,ndd_only,,T2,ndd_no_documented_epilepsy,2,sfari;sysndd,,608806,,0,
HGNC:26404,NADK2,"NAD kinase 2, mitochondrial",ndd_only,,T2,ndd_with_epilepsy,4,clingen;g2p_dd;orphadata_genes;panelapp_ge_id,431361,615787,MONDO:0014464,0,
HGNC:29832,NADSYN1,NAD synthetase 1,ndd_only,,T1,ndd_no_documented_epilepsy,3,g2p_dd;orphadata_genes;sysndd,521438,608285,MONDO:0020831,0,
HGNC:621,NAE1,NEDD8 activating enzyme E1 subunit 1,ndd_only,,T1,ndd_no_documented_epilepsy,3,g2p_dd;panelapp_au_id;sysndd,,603385,,0,
HGNC:7631,NAGA,alpha-N-acetylgalactosaminidase,ndd_only,,T1,ndd_with_epilepsy,8,clingen;g2p_dd;orphadata_genes;panelapp_au_epilepsy;panelapp_au_id;panelapp_ge_epilepsy;panelapp_ge_id;sysndd,79279;79280;79281,104170,MONDO:0012221;MONDO:0012222;MONDO:0019264,0,
HGNC:17996,NAGS,N-acetylglutamate synthase,ndd_only,,T1,ndd_no_documented_epilepsy,6,clingen;g2p_dd;orphadata_genes;panelapp_au_id;panelapp_ge_id;sysndd,927,608300,MONDO:0009377,0,
HGNC:19237,NANS,N-acetylneuraminate synthase,ndd_only,,T1,ndd_no_documented_epilepsy,6,clingen;g2p_dd;orphadata_genes;panelapp_au_id;panelapp_ge_id;sysndd,168454,605202,MONDO:0012495,0,
HGNC:30450,NAPRT,nicotinate phosphoribosyltransferase,ndd_only,,T3,ndd_no_documented_epilepsy,1,sysndd,,611552,,0,
HGNC:7644,NASP,nuclear autoantigenic sperm protein,ndd_only,,T3,ndd_no_documented_epilepsy,1,sfari,,603185,,0,
HGNC:29830,NAT10,N-acetyltransferase 10,ndd_only,,T3,ndd_no_documented_epilepsy,1,sysndd,,609221,,0,
HGNC:15997,NAV2,neuron navigator 2,ndd_only,,T2,ndd_no_documented_epilepsy,3,panelapp_au_id;sfari;sysndd,,607026,,0,
HGNC:15998,NAV3,neuron navigator 3,ndd_only,,T1,ndd_no_documented_epilepsy,4,panelapp_au_id;panelapp_ge_id;sfari;sysndd,,611629,,0,
HGNC:15625,NBAS,NBAS subunit of NRZ tethering complex,ndd_only,,T1,ndd_no_documented_epilepsy,4,g2p_dd;orphadata_genes;panelapp_ge_id;sysndd,391677;464724,608025,MONDO:0000023;MONDO:0013889,0,
HGNC:7652,NBN,nibrin,ndd_only,,T1,ndd_no_documented_epilepsy,6,clingen;g2p_dd;orphadata_genes;panelapp_au_id;panelapp_ge_id;sysndd,145;647,602667,MONDO:0003582;MONDO:0009623,0,
HGNC:24305,NCAPD2,non-SMC condensin I complex subunit D2,ndd_only,,T2,ndd_no_documented_epilepsy,4,g2p_dd;panelapp_au_id;panelapp_ge_id;sysndd,,615638,,0,
HGNC:28952,NCAPD3,non-SMC condensin II complex subunit D3,ndd_only,,T3,ndd_no_documented_epilepsy,3,g2p_dd;orphadata_genes;sysndd,2512,609276,MONDO:0016660,0,
HGNC:21904,NCAPG2,non-SMC condensin II complex subunit G2,ndd_only,,T1,ndd_no_documented_epilepsy,5,clingen;g2p_dd;panelapp_au_id;panelapp_ge_id;sysndd,,608532,,0,
HGNC:1112,NCAPH,non-SMC condensin I complex subunit H,ndd_only,,T3,ndd_no_documented_epilepsy,3,g2p_dd;panelapp_ge_id;sysndd,,602332,,0,
HGNC:25071,NCAPH2,non-SMC condensin II complex subunit H2,ndd_only,,T3,ndd_no_documented_epilepsy,1,sfari,,611230,,0,
HGNC:29847,NCKAP5,NCK associated protein 5,ndd_only,,T2,ndd_no_documented_epilepsy,2,sfari;sysndd,,608789,,0,
HGNC:7668,NCOA1,nuclear receptor coactivator 1,ndd_only,,T2,ndd_no_documented_epilepsy,1,sfari,,602691,,0,
HGNC:7672,NCOR1,nuclear receptor corepressor 1,ndd_only,,T1,ndd_with_epilepsy,5,g2p_dd;panelapp_au_epilepsy;panelapp_au_id;sfari;sysndd,,600849,,0,
HGNC:25525,NDC1,NDC1 transmembrane nucleoporin,ndd_only,,T1,ndd_no_documented_epilepsy,3,g2p_dd;panelapp_au_id;sysndd,,610115,,0,
HGNC:7675,NDN,"necdin, MAGE family member",ndd_only,,T3,ndd_no_documented_epilepsy,3,orphadata_genes;panelapp_au_id;panelapp_ge_id,177901;177904;177910;98754,602117,MONDO:0015783;MONDO:0015784;MONDO:0015786;MONDO:0020298,0,
HGNC:26256,NDNF,neuron derived neurotrophic factor,ndd_only,,T1,ndd_no_documented_epilepsy,2,g2p_dd;orphadata_genes,478,616506,MONDO:0018800,0,
HGNC:7679,NDRG1,N-myc downstream regulated 1,ndd_only,,T3,ndd_no_documented_epilepsy,2,orphadata_genes;panelapp_ge_id,99950,605262,MONDO:0011085,0,
HGNC:23987,NDUFA12,NADH:ubiquinone oxidoreductase subunit A12,ndd_only,,T1,ndd_no_documented_epilepsy,4,clingen;g2p_dd;panelapp_ge_id;sysndd,,614530,,0,
HGNC:7686,NDUFA3,NADH:ubiquinone oxidoreductase subunit A3,ndd_only,,T2,ndd_no_documented_epilepsy,1,panelapp_au_id,,603832,,0,
HGNC:7688,NDUFA5,NADH:ubiquinone oxidoreductase subunit A5,ndd_only,,T2,ndd_no_documented_epilepsy,3,panelapp_au_id;sfari;sysndd,,601677,,0,
HGNC:7692,NDUFA8,NADH:ubiquinone oxidoreductase subunit A8,ndd_only,,T1,ndd_with_epilepsy,5,clingen;g2p_dd;panelapp_au_epilepsy;panelapp_au_id;sysndd,,603359,,0,
HGNC:18828,NDUFAF1,NADH:ubiquinone oxidoreductase complex assembly factor 1,ndd_only,,T2,ndd_no_documented_epilepsy,5,clingen;orphadata_genes;panelapp_au_id;panelapp_ge_id;sysndd,2609,606934,MONDO:0100133,0,
HGNC:28625,NDUFAF6,NADH:ubiquinone oxidoreductase complex assembly factor 6,ndd_only,,T1,ndd_no_documented_epilepsy,4,clingen;orphadata_genes;panelapp_au_id;sysndd,3337,612392,MONDO:0007600,0,
HGNC:33551,NDUFAF8,NADH:ubiquinone oxidoreductase complex assembly factor 8,ndd_only,,T1,ndd_with_epilepsy,5,clingen;g2p_dd;orphadata_genes;panelapp_au_epilepsy;sysndd,2609,618461,MONDO:0100133,0,
HGNC:7696,NDUFB10,NADH:ubiquinone oxidoreductase subunit B10,ndd_only,,T2,ndd_no_documented_epilepsy,3,clingen;orphadata_genes;sysndd,2609,603843,MONDO:0100133,0,
HGNC:20372,NDUFB11,NADH:ubiquinone oxidoreductase subunit B11,ndd_only,,T1,ndd_no_documented_epilepsy,4,clingen;g2p_dd;orphadata_genes;sysndd,2556;2609,300403,MONDO:0010672;MONDO:0100133,0,
HGNC:7698,NDUFB3,NADH:ubiquinone oxidoreductase subunit B3,ndd_only,,T1,ndd_no_documented_epilepsy,5,clingen;g2p_dd;orphadata_genes;panelapp_au_id;sysndd,2609,603839,MONDO:0100133,0,
HGNC:7702,NDUFB7,NADH:ubiquinone oxidoreductase subunit B7,ndd_only,,T2,ndd_no_documented_epilepsy,3,clingen;g2p_dd;panelapp_au_id,,603842,,0,
HGNC:7703,NDUFB8,NADH:ubiquinone oxidoreductase subunit B8,ndd_only,,T1,ndd_no_documented_epilepsy,3,clingen;g2p_dd;sysndd,,602140,,0,
HGNC:7704,NDUFB9,NADH:ubiquinone oxidoreductase subunit B9,ndd_only,,T2,ndd_no_documented_epilepsy,4,clingen;orphadata_genes;panelapp_au_id;sysndd,2609,601445,MONDO:0100133,0,
HGNC:7706,NDUFC2,NADH:ubiquinone oxidoreductase subunit C2,ndd_only,,T1,ndd_no_documented_epilepsy,2,clingen;sysndd,,603845,,0,
HGNC:7710,NDUFS3,NADH:ubiquinone oxidoreductase core subunit S3,ndd_only,,T1,ndd_no_documented_epilepsy,5,clingen;orphadata_genes;panelapp_au_id;panelapp_ge_id;sysndd,2609,603846,MONDO:0100133,0,
HGNC:7717,NDUFV2,NADH:ubiquinone oxidoreductase core subunit V2,ndd_only,,T1,ndd_with_epilepsy,6,clingen;g2p_dd;orphadata_genes;panelapp_au_epilepsy;panelapp_au_id;sysndd,139447;2609,600532,MONDO:0015349;MONDO:0100133,0,
HGNC:7720,NEB,nebulin,ndd_only,,T1,ndd_no_documented_epilepsy,5,clingen;g2p_dd;orphadata_genes;panelapp_ge_id;sysndd,171430;171433;171436;171439;33108;399103;708123,161650,MONDO:0009668;MONDO:0015735;MONDO:0015736;MONDO:0015737;MONDO:0015738;MONDO:0018371,0,
HGNC:23746,NECAB2,N-terminal EF-hand calcium binding protein 2,ndd_only,,T3,ndd_no_documented_epilepsy,1,panelapp_ge_id,,618130,,0,
HGNC:25528,NECAP2,NECAP endocytosis associated 2,ndd_only,,T3,ndd_no_documented_epilepsy,1,sysndd,,611624,,0,
HGNC:9706,NECTIN1,nectin cell adhesion molecule 1,ndd_only,,T1,ndd_no_documented_epilepsy,5,clingen;g2p_dd;orphadata_genes;panelapp_ge_id;sysndd,141291;199302;199306;3253,600644,MONDO:0009151;MONDO:0015420;MONDO:0016043;MONDO:0016044,0,
HGNC:19688,NECTIN4,nectin cell adhesion molecule 4,ndd_only,,T1,ndd_no_documented_epilepsy,2,g2p_dd;orphadata_genes,247820,609607,MONDO:0013311,0,
HGNC:7727,NEDD4,NEDD4 E3 ubiquitin protein ligase,ndd_only,,T3,ndd_no_documented_epilepsy,1,sfari,,602278,,0,
HGNC:7739,NEFL,neurofilament light chain,ndd_only,,T1,ndd_no_documented_epilepsy,3,clingen;orphadata_genes;panelapp_ge_id,101085;228374;99939,162280,MONDO:0011894;MONDO:0011902;MONDO:0016454,0,
HGNC:17302,NEGR1,neuronal growth regulator 1,ndd_only,,T2,ndd_no_documented_epilepsy,2,panelapp_au_id;sfari,,613173,,0,
HGNC:7744,NEK1,NIMA related kinase 1,ndd_only,,T1,ndd_no_documented_epilepsy,4,clingen;g2p_dd;orphadata_genes;panelapp_ge_id,2751;803;93269,604588,MONDO:0004976;MONDO:0009642;MONDO:0019662,0,
HGNC:13387,NEK8,NIMA related kinase 8,ndd_only,,T1,ndd_no_documented_epilepsy,3,clingen;g2p_dd;orphadata_genes,294415;730;93591,609799,MONDO:0004691;MONDO:0011190;MONDO:0017417,0,
HGNC:10663,NEMF,nuclear export mediator factor,ndd_only,,T1,ndd_no_documented_epilepsy,5,clingen;orphadata_genes;panelapp_au_id;panelapp_ge_id;sysndd,88616,608378,MONDO:0019502,0,
HGNC:7754,NEO1,neogenin 1,ndd_only,,T2,ndd_no_documented_epilepsy,2,sfari;sysndd,,601907,,0,
HGNC:34410,NEURL4,neuralized E3 ubiquitin protein ligase 4,ndd_only,,T1,ndd_no_documented_epilepsy,1,sysndd,,615865,,0,
HGNC:7764,NEUROG1,neurogenin 1,ndd_only,,T1,ndd_no_documented_epilepsy,3,panelapp_au_id;panelapp_ge_id;sysndd,,601726,,0,
HGNC:29866,NFASC,neurofascin,ndd_only,,T1,ndd_no_documented_epilepsy,3,panelapp_au_id;panelapp_ge_id;sysndd,,609145,,0,
HGNC:7781,NFE2L1,NFE2 like bZIP transcription factor 1,ndd_only,,T3,ndd_no_documented_epilepsy,1,panelapp_au_id,,163260,,0,
HGNC:7782,NFE2L2,NFE2 like bZIP transcription factor 2,ndd_only,,T1,ndd_no_documented_epilepsy,3,clingen;g2p_dd;orphadata_genes,619979,600492,MONDO:0850071,0,
HGNC:7783,NFE2L3,NFE2 like bZIP transcription factor 3,ndd_only,,T2,ndd_no_documented_epilepsy,2,sfari;sysndd,,604135,,0,
HGNC:7784,NFIA,nuclear factor I A,ndd_only,,T1,ndd_no_documented_epilepsy,7,clingen;g2p_dd;orphadata_genes;panelapp_au_id;panelapp_ge_id;sfari;sysndd,401986,600727,MONDO:0013396,0,
HGNC:7785,NFIB,nuclear factor I B,ndd_only,,T1,ndd_no_documented_epilepsy,7,clingen;g2p_dd;orphadata_genes;panelapp_au_id;panelapp_ge_id;sfari;sysndd,714407;714413,600728,,0,
HGNC:7786,NFIC,nuclear factor I C,ndd_only,,T2,ndd_no_documented_epilepsy,1,panelapp_au_id,,600729,,0,
HGNC:7788,NFIX,nuclear factor I X,ndd_only,,T1,ndd_no_documented_epilepsy,7,clingen;g2p_dd;orphadata_genes;panelapp_au_id;panelapp_ge_id;sfari;sysndd,420179;447980;561,164005,MONDO:0011244;MONDO:0013885;MONDO:0018658,1,Malan Syndrome Foundation
HGNC:15910,NFS1,NFS1 cysteine desulfurase,ndd_only,,T3,ndd_no_documented_epilepsy,2,orphadata_genes;sysndd,397593,603485,MONDO:0700371,0,
HGNC:16287,NFU1,NFU1 iron-sulfur cluster scaffold,ndd_only,,T1,ndd_no_documented_epilepsy,6,clingen;g2p_dd;orphadata_genes;panelapp_au_id;panelapp_ge_id;sysndd,401869,608100,MONDO:0011582,0,
HGNC:18726,NFXL1,"nuclear transcription factor, X-box binding like 1",ndd_only,,T2,ndd_no_documented_epilepsy,2,panelapp_au_id;sysndd,,620488,,0,
HGNC:7808,NGF,nerve growth factor,ndd_only,,T1,ndd_no_documented_epilepsy,4,clingen;orphadata_genes;panelapp_au_id;panelapp_ge_id,64752,162030,MONDO:0012092,0,
HGNC:7809,NGFR,nerve growth factor receptor,ndd_only,,T3,ndd_no_documented_epilepsy,1,sysndd,,162010,,0,
HGNC:25737,NHEJ1,non-homologous end joining factor 1,ndd_only,,T1,ndd_no_documented_epilepsy,4,clingen;orphadata_genes;panelapp_au_id;panelapp_ge_id,169079,611290,MONDO:0012650,0,
HGNC:14377,NHP2,NHP2 ribonucleoprotein,ndd_only,,T2,ndd_no_documented_epilepsy,6,clingen;g2p_dd;orphadata_genes;panelapp_au_id;panelapp_ge_id;sysndd,1775,606470,MONDO:0015780,0,
HGNC:7820,NHS,NHS actin remodeling regulator,ndd_only,,T1,ndd_no_documented_epilepsy,6,clingen;g2p_dd;orphadata_genes;panelapp_au_id;panelapp_ge_id;sysndd,627;98991;98994,300457,MONDO:0010545;MONDO:0020376;MONDO:0021548,0,
HGNC:7821,NID1,nidogen 1,ndd_only,,T3,ndd_with_epilepsy,2,panelapp_ge_epilepsy;sysndd,,131390,,0,
HGNC:14906,NIN,ninein,ndd_only,,T3,ndd_no_documented_epilepsy,3,orphadata_genes;panelapp_au_id;sysndd,319675;808,608684,MONDO:0013922;MONDO:0019342,0,
HGNC:29163,NINL,ninein like,ndd_only,,T2,ndd_no_documented_epilepsy,1,sfari,,609580,,0,
HGNC:17043,NIPA1,NIPA magnesium transporter 1,ndd_only,,T2,ndd_no_documented_epilepsy,3,orphadata_genes;panelapp_ge_id;sfari,100988;261183,608145,MONDO:0010878;MONDO:0014294,0,
HGNC:17044,NIPA2,NIPA magnesium transporter 2,ndd_only,,T2,ndd_no_documented_epilepsy,2,orphadata_genes;sfari,261183,608146,MONDO:0014294,0,
HGNC:28862,NIPBL,NIPBL cohesin loading factor,ndd_only,,T1,ndd_no_documented_epilepsy,7,clingen;g2p_dd;orphadata_genes;panelapp_au_id;panelapp_ge_id;sfari;sysndd,199;329802,608667,MONDO:0013169;MONDO:0016033,1,"Cornelia de Lange Syndrome Foundation, Inc."
HGNC:29873,NKAP,NFKB activating protein,ndd_only,,T1,ndd_no_documented_epilepsy,5,g2p_dd;orphadata_genes;panelapp_au_id;panelapp_ge_id;sysndd,700325,300766,MONDO:0026733,0,
HGNC:11825,NKX2-1,NK2 homeobox 1,ndd_only,,T1,ndd_no_documented_epilepsy,6,clingen;g2p_dd;orphadata_genes;panelapp_au_id;panelapp_ge_id;sysndd,1429;146;209905;95713,600635,MONDO:0001595;MONDO:0012593;MONDO:0015447;MONDO:0019855,0,
HGNC:7835,NKX2-2,NK2 homeobox 2,ndd_only,,T3,ndd_no_documented_epilepsy,1,sfari,,604612,,0,
HGNC:2488,NKX2-5,NK2 homeobox 5,ndd_only,,T1,ndd_no_documented_epilepsy,4,clingen;g2p_dd;orphadata_genes;panelapp_ge_id,101351;1479;1627;2248;3303;334;402075;871;95712;95713;99103,600584,MONDO:0004933;MONDO:0007173;MONDO:0007194;MONDO:0008542;MONDO:0010066;MONDO:0015571;MONDO:0018054;MONDO:0019490;MONDO:0019854;MONDO:0019855;MONDO:0020434,0,
HGNC:951,NKX3-2,NK3 homeobox 2,ndd_only,,T1,ndd_no_documented_epilepsy,3,g2p_dd;orphadata_genes;panelapp_ge_id,228387,602183,MONDO:0013228,0,
HGNC:19321,NKX6-2,NK6 homeobox 2,ndd_only,,T1,ndd_no_documented_epilepsy,3,g2p_dd;orphadata_genes;sysndd,527497,605955,MONDO:0033043,0,
HGNC:14291,NLGN1,neuroligin 1,ndd_only,,T2,ndd_no_documented_epilepsy,3,panelapp_au_id;sfari;sysndd,,600568,,0,
HGNC:14290,NLGN2,neuroligin 2,ndd_only,,T2,ndd_no_documented_epilepsy,3,panelapp_au_id;sfari;sysndd,,606479,,0,
HGNC:14289,NLGN3,neuroligin 3,ndd_only,,T1,ndd_no_documented_epilepsy,6,clingen;g2p_dd;panelapp_au_id;panelapp_ge_id;sfari;sysndd,,300336,,0,
HGNC:14287,NLGN4X,neuroligin 4 X-linked,ndd_only,,T1,ndd_no_documented_epilepsy,6,clingen;g2p_dd;panelapp_au_id;panelapp_ge_id;sfari;sysndd,,300427,,0,
HGNC:15529,NLGN4Y,neuroligin 4 Y-linked,ndd_only,,T2,ndd_no_documented_epilepsy,2,sfari;sysndd,,400028,,0,
HGNC:16400,NLRP3,NLR family pyrin domain containing 3,ndd_only,,T1,ndd_no_documented_epilepsy,3,orphadata_genes;panelapp_ge_id;sysndd,1451;47045;575;647815,606416,MONDO:0007849;MONDO:0008633;MONDO:0011776;MONDO:0018768,0,
HGNC:22943,NLRP4,NLR family pyrin domain containing 4,ndd_only,,T3,ndd_no_documented_epilepsy,1,sysndd,,609645,,0,
HGNC:17877,NMNAT1,nicotinamide nucleotide adenylyltransferase 1,ndd_only,,T1,ndd_no_documented_epilepsy,6,clingen;g2p_dd;orphadata_genes;panelapp_au_id;panelapp_ge_id;sysndd,1872;65,608700,MONDO:0015993;MONDO:0018998,0,
HGNC:16789,NMNAT2,nicotinamide nucleotide adenylyltransferase 2,ndd_only,,T3,ndd_no_documented_epilepsy,1,sysndd,,608701,,0,
HGNC:7857,NMT1,N-myristoyltransferase 1,ndd_only,,T3,ndd_no_documented_epilepsy,1,sfari,,160993,,0,
HGNC:7865,NODAL,nodal growth differentiation factor,ndd_only,,T1,ndd_no_documented_epilepsy,4,clingen;g2p_dd;orphadata_genes;panelapp_ge_id,101063;220386;280195;280200;93924;93925;93926,601265,MONDO:0010029;MONDO:0017218;MONDO:0017219;MONDO:0019756;MONDO:0019757;MONDO:0019758;MONDO:0700419,0,
HGNC:7866,NOG,noggin,ndd_only,,T1,ndd_no_documented_epilepsy,4,clingen;g2p_dd;orphadata_genes;panelapp_ge_id,140908;140917;1412;3237;3250,602991,MONDO:0008484;MONDO:0008511;MONDO:0008521;MONDO:0012658;MONDO:0017923,0,
HGNC:25862,NOL10,nucleolar protein 10,ndd_only,,T3,ndd_with_epilepsy,2,panelapp_au_epilepsy;sysndd,,616197,,0,
HGNC:7871,NONO,non-POU domain containing octamer binding,ndd_only,,T1,ndd_no_documented_epilepsy,6,clingen;g2p_dd;orphadata_genes;panelapp_au_id;panelapp_ge_id;sysndd,319308;466791,300084,MONDO:0010501;MONDO:0017886,0,
HGNC:14378,NOP10,NOP10 ribonucleoprotein,ndd_only,,T2,ndd_no_documented_epilepsy,4,clingen;g2p_dd;orphadata_genes;panelapp_au_id,1775,606471,MONDO:0015780,0,
HGNC:15911,NOP56,NOP56 ribonucleoprotein,ndd_only,,T3,ndd_no_documented_epilepsy,2,orphadata_genes;panelapp_ge_id,276198,614154,MONDO:0013594,0,
HGNC:29926,NOP58,NOP58 ribonucleoprotein,ndd_only,,T3,ndd_no_documented_epilepsy,2,panelapp_au_id;sysndd,,616742,,0,
HGNC:7872,NOS1,nitric oxide synthase 1,ndd_only,,T3,ndd_no_documented_epilepsy,2,orphadata_genes;sysndd,930,163731,MONDO:0019635,0,
HGNC:7881,NOTCH1,notch receptor 1,ndd_only,,T1,ndd_no_documented_epilepsy,6,clingen;g2p_dd;orphadata_genes;panelapp_au_id;sfari;sysndd,402075;974,190198,MONDO:0007034;MONDO:0007194,0,
HGNC:7882,NOTCH2,notch receptor 2,ndd_only,,T1,ndd_no_documented_epilepsy,4,clingen;g2p_dd;orphadata_genes;panelapp_ge_id,261629;955,600275,MONDO:0007057;MONDO:0012439,0,
HGNC:7883,NOTCH3,notch receptor 3,ndd_only,,T1,ndd_with_epilepsy,8,clingen;g2p_dd;orphadata_genes;panelapp_au_epilepsy;panelapp_au_id;panelapp_ge_epilepsy;panelapp_ge_id;sysndd,136;2591;2789;729649,600276,MONDO:0000914;MONDO:0007537;MONDO:0016824,0,
HGNC:7895,NPAS2,neuronal PAS domain protein 2,ndd_only,,T2,ndd_no_documented_epilepsy,1,sfari,,603347,,0,
HGNC:19311,NPAS3,neuronal PAS domain protein 3,ndd_only,,T3,ndd_no_documented_epilepsy,2,sfari;sysndd,,609430,,0,
HGNC:18983,NPAS4,neuronal PAS domain protein 4,ndd_only,,T3,ndd_no_documented_epilepsy,1,sysndd,,608554,,0,
HGNC:4525,NPFFR2,neuropeptide FF receptor 2,ndd_only,,T3,ndd_no_documented_epilepsy,1,sfari,,607449,,0,
HGNC:7905,NPHP1,nephrocystin 1,ndd_only,,T1,ndd_no_documented_epilepsy,6,clingen;g2p_dd;orphadata_genes;panelapp_au_id;panelapp_ge_id;sysndd,110;220497;3156;93592,607100,MONDO:0009728;MONDO:0012308;MONDO:0015229;MONDO:0017842,0,
HGNC:7907,NPHP3,nephrocystin 3,ndd_only,,T1,ndd_no_documented_epilepsy,5,clingen;g2p_dd;orphadata_genes;panelapp_au_id;panelapp_ge_id,294415;3032;3156;93589;93591,608002,MONDO:0009966;MONDO:0011190;MONDO:0017417;MONDO:0017842;MONDO:0019742,0,
HGNC:19104,NPHP4,nephrocystin 4,ndd_only,,T1,ndd_no_documented_epilepsy,4,clingen;g2p_dd;orphadata_genes;panelapp_ge_id,3156;93592,607215,MONDO:0009728;MONDO:0017842,0,
HGNC:7908,NPHS1,"NPHS1 adhesion molecule, nephrin",ndd_only,,T1,ndd_no_documented_epilepsy,4,clingen;g2p_dd;orphadata_genes;panelapp_ge_id,656;839,602716,MONDO:0009732;MONDO:0019006,0,
HGNC:13394,NPHS2,"NPHS2 stomatin family member, podocin",ndd_only,,T1,ndd_no_documented_epilepsy,3,g2p_dd;orphadata_genes;panelapp_ge_id,656,604766,MONDO:0019006,0,
HGNC:7910,NPM1,nucleophosmin 1,ndd_only,,T1,ndd_no_documented_epilepsy,3,clingen;g2p_dd;orphadata_genes,1775;300865;402026;520;98833;98834;98842,164040,MONDO:0005224;MONDO:0012883;MONDO:0015780;MONDO:0017598;MONDO:0018437;MONDO:0020320;MONDO:0020326,0,
HGNC:7944,NPR2,natriuretic peptide receptor 2,ndd_only,,T1,ndd_no_documented_epilepsy,3,g2p_dd;orphadata_genes;panelapp_ge_id,329191;40,108961,MONDO:0011275;MONDO:0014401,0,
HGNC:7945,NPR3,natriuretic peptide receptor 3,ndd_only,,T1,ndd_no_documented_epilepsy,3,g2p_dd;orphadata_genes;panelapp_ge_id,329191,108962,MONDO:0014401,0,
HGNC:17867,NPTN,neuroplastin,ndd_only,,T2,ndd_no_documented_epilepsy,3,panelapp_au_id;panelapp_ge_id;sfari,,612820,,0,
HGNC:7962,NR1D1,nuclear receptor subfamily 1 group D member 1,ndd_only,,T2,ndd_no_documented_epilepsy,1,sfari,,602408,,0,
HGNC:7969,NR1I3,nuclear receptor subfamily 1 group I member 3,ndd_only,,T3,ndd_no_documented_epilepsy,3,g2p_dd;panelapp_ge_id;sysndd,,603881,,0,
HGNC:7973,NR2E1,nuclear receptor subfamily 2 group E member 1,ndd_only,,T3,ndd_no_documented_epilepsy,1,sysndd,,603849,,0,
HGNC:7976,NR2F2,nuclear receptor subfamily 2 group F member 2,ndd_only,,T1,ndd_no_documented_epilepsy,6,clingen;g2p_dd;orphadata_genes;panelapp_au_id;panelapp_ge_id;sysndd,99067;99068,107773,MONDO:0020407;MONDO:0020408,0,
HGNC:7979,NR3C2,nuclear receptor subfamily 3 group C member 2,ndd_only,,T1,ndd_no_documented_epilepsy,4,clingen;orphadata_genes;sfari;sysndd,171871,600983,MONDO:0008329,0,
HGNC:7983,NR5A1,nuclear receptor subfamily 5 group A member 1,ndd_only,,T1,ndd_no_documented_epilepsy,3,clingen;orphadata_genes;panelapp_ge_id,2138;242;243;251510;393;399805,184757,MONDO:0009299;MONDO:0010765;MONDO:0016281;MONDO:0016674;MONDO:0018393;MONDO:0100249,0,
HGNC:7994,NRCAM,neuronal cell adhesion molecule,ndd_only,,T1,ndd_no_documented_epilepsy,6,g2p_dd;orphadata_genes;panelapp_au_id;panelapp_ge_id;sfari;sysndd,528084,601581,MONDO:0100038,0,
HGNC:7999,NRG3,neuregulin 3,ndd_only,,T3,ndd_no_documented_epilepsy,1,sysndd,,605533,,0,
HGNC:25391,NRK,Nik related kinase,ndd_only,,T3,ndd_no_documented_epilepsy,1,panelapp_ge_id,,300791,,0,
HGNC:8005,NRP2,neuropilin 2,ndd_only,,T2,ndd_no_documented_epilepsy,1,sfari,,602070,,0,
HGNC:8009,NRXN2,neurexin 2,ndd_only,,T2,ndd_no_documented_epilepsy,6,clingen;g2p_dd;panelapp_au_id;panelapp_ge_id;sfari;sysndd,,600566,,0,
HGNC:8010,NRXN3,neurexin 3,ndd_only,,T2,ndd_no_documented_epilepsy,4,g2p_dd;panelapp_ge_id;sfari;sysndd,,600567,,0,
HGNC:12766,NSD2,nuclear receptor binding SET domain protein 2,ndd_only,,T1,ndd_no_documented_epilepsy,7,clingen;g2p_dd;orphadata_genes;panelapp_au_id;panelapp_ge_id;sfari;sysndd,280;659642,602952,MONDO:0008684;MONDO:0859219,0,
HGNC:7677,NSMCE3,NSE3 component of SMC5/6 complex,ndd_only,,T2,ndd_no_documented_epilepsy,4,clingen;g2p_dd;sfari;sysndd,,608243,,0,
HGNC:25994,NSUN2,NOP2/Sun RNA methyltransferase 2,ndd_only,,T1,ndd_no_documented_epilepsy,6,clingen;g2p_dd;orphadata_genes;panelapp_au_id;panelapp_ge_id;sysndd,88616,610916,MONDO:0019502,0,
HGNC:26208,NSUN3,NOP2/Sun RNA methyltransferase 3,ndd_only,,T2,ndd_no_documented_epilepsy,2,panelapp_au_id;sysndd,,617491,,0,
HGNC:23529,NSUN6,NOP2/Sun RNA methyltransferase 6,ndd_only,,T2,ndd_no_documented_epilepsy,3,g2p_dd;panelapp_au_id;sysndd,,617199,,0,
HGNC:8022,NT5C2,"5'-nucleotidase, cytosolic II",ndd_only,,T1,ndd_no_documented_epilepsy,5,clingen;orphadata_genes;panelapp_au_id;panelapp_ge_id;sysndd,320396,600417,MONDO:0013165,0,
HGNC:17820,NT5C3A,"5'-nucleotidase, cytosolic IIIA",ndd_only,,T1,ndd_no_documented_epilepsy,3,g2p_dd;orphadata_genes;panelapp_ge_id,35120,606224,MONDO:0009946,0,
HGNC:17941,NTM,neurotrimin,ndd_only,,T3,ndd_no_documented_epilepsy,2,panelapp_ge_id;sysndd,,607938,,0,
HGNC:8029,NTN1,netrin 1,ndd_only,,T3,ndd_no_documented_epilepsy,2,orphadata_genes;sysndd,238722,601614,MONDO:0016558,0,
HGNC:23319,NTNG1,netrin G1,ndd_only,,T2,ndd_no_documented_epilepsy,6,clingen;orphadata_genes;panelapp_au_id;panelapp_ge_id;sfari;sysndd,3095;528084,608818,MONDO:0017746;MONDO:0100038,0,
HGNC:14288,NTNG2,netrin G2,ndd_only,,T1,ndd_no_documented_epilepsy,6,g2p_dd;orphadata_genes;panelapp_au_id;panelapp_ge_id;sfari;sysndd,528084,618689,MONDO:0100038,0,
HGNC:8031,NTRK1,neurotrophic receptor tyrosine kinase 1,ndd_only,,T1,ndd_no_documented_epilepsy,7,clingen;g2p_dd;orphadata_genes;panelapp_au_id;panelapp_ge_id;sfari;sysndd,146;642;64752;715694;99361,191315,MONDO:0007958;MONDO:0009746;MONDO:0012092;MONDO:0015447,0,
HGNC:8033,NTRK3,neurotrophic receptor tyrosine kinase 3,ndd_only,,T2,ndd_no_documented_epilepsy,3,clingen;orphadata_genes;sfari,146;2030;2665;715694,191316,MONDO:0005164;MONDO:0015447;MONDO:0017043,0,
HGNC:14311,NUAK1,NUAK family kinase 1,ndd_only,,T2,ndd_no_documented_epilepsy,3,panelapp_au_id;sfari;sysndd,,608130,,0,
HGNC:8042,NUBP2,"NUBP iron-sulfur cluster assembly factor 2, cytosolic",ndd_only,,T2,ndd_no_documented_epilepsy,1,panelapp_au_id,,610779,,0,
HGNC:7667,NUCLEOLIN,nucleolin multifunctional protein,ndd_only,,T3,ndd_no_documented_epilepsy,1,sfari,,164035,,0,
HGNC:30535,NUDCD2,NudC domain containing 2,ndd_only,,T2,ndd_no_documented_epilepsy,2,g2p_dd;sfari,,620136,,0,
HGNC:8049,NUDT2,nudix hydrolase 2,ndd_only,,T1,ndd_no_documented_epilepsy,5,g2p_dd;orphadata_genes;panelapp_au_id;panelapp_ge_id;sysndd,694937,602852,MONDO:0859240,0,
HGNC:29914,NUP107,nucleoporin 107,ndd_only,,T1,ndd_no_documented_epilepsy,4,g2p_dd;orphadata_genes;panelapp_ge_id;sysndd,2065;243;656,607617,MONDO:0009299;MONDO:0009627;MONDO:0019006,0,
HGNC:18016,NUP133,nucleoporin 133,ndd_only,,T1,ndd_no_documented_epilepsy,5,clingen;g2p_dd;orphadata_genes;sfari;sysndd,2065;656,607613,MONDO:0009627;MONDO:0019006,0,
HGNC:8063,NUP155,nucleoporin 155,ndd_only,,T2,ndd_no_documented_epilepsy,2,orphadata_genes;sfari,334,606694,MONDO:0018054,0,
HGNC:17859,NUP188,nucleoporin 188,ndd_only,,T1,ndd_no_documented_epilepsy,6,clingen;g2p_dd;orphadata_genes;panelapp_au_id;panelapp_ge_id;sysndd,729761,615587,,0,
HGNC:18658,NUP205,nucleoporin 205,ndd_only,,T3,ndd_no_documented_epilepsy,3,clingen;orphadata_genes;sysndd,656,614352,MONDO:0019006,0,
HGNC:29929,NUP37,nucleoporin 37,ndd_only,,T3,ndd_no_documented_epilepsy,2,orphadata_genes;sysndd,2512;656,609264,MONDO:0016660;MONDO:0019006,0,
HGNC:17359,NUP54,nucleoporin 54,ndd_only,,T2,ndd_no_documented_epilepsy,2,g2p_dd;orphadata_genes,225154,607607,MONDO:0010080,0,
HGNC:8066,NUP62,nucleoporin 62,ndd_only,,T1,ndd_no_documented_epilepsy,6,clingen;g2p_dd;orphadata_genes;panelapp_au_id;panelapp_ge_id;sysndd,225154,605815,MONDO:0010080,0,
HGNC:8734,NUP85,nucleoporin 85,ndd_only,,T2,ndd_no_documented_epilepsy,4,orphadata_genes;panelapp_au_id;panelapp_ge_id;sysndd,656;808,170285,MONDO:0019006;MONDO:0019342,0,
HGNC:18538,NUSAP1,nucleolar and spindle associated protein 1,ndd_only,,T2,ndd_no_documented_epilepsy,1,sysndd,,612818,,0,
HGNC:8071,NXF1,nuclear RNA export factor 1,ndd_only,,T3,ndd_no_documented_epilepsy,1,sfari,,602647,,0,
HGNC:8074,NXF4,nuclear RNA export factor 4 (pseudogene),ndd_only,,T3,ndd_no_documented_epilepsy,1,panelapp_ge_id,,300318,,0,
HGNC:8075,NXF5,nuclear RNA export factor 5,ndd_only,,T3,ndd_no_documented_epilepsy,2,panelapp_ge_id;sysndd,,300319,,0,
HGNC:20693,NXPH1,neurexophilin 1,ndd_only,,T2,ndd_no_documented_epilepsy,1,sfari,,604639,,0,
HGNC:8082,NYX,nyctalopin,ndd_only,,T1,ndd_no_documented_epilepsy,3,clingen;g2p_dd;panelapp_ge_id,,300278,,0,
HGNC:8091,OAT,ornithine aminotransferase,ndd_only,,T1,ndd_no_documented_epilepsy,3,clingen;orphadata_genes;sysndd,414,613349,MONDO:0009796,0,
HGNC:15719,OBSCN,"obscurin, cytoskeletal calmodulin and titin-interacting RhoGEF",ndd_only,,T3,ndd_no_documented_epilepsy,3,clingen;orphadata_genes;sysndd,99845,608616,MONDO:0020504,0,
HGNC:29092,OBSL1,obscurin like cytoskeletal adaptor 1,ndd_only,,T1,ndd_no_documented_epilepsy,3,g2p_dd;orphadata_genes;panelapp_ge_id,2616,610991,MONDO:0007477,0,
HGNC:34396,OCM2,oncomodulin 2,ndd_only,,T3,ndd_no_documented_epilepsy,1,sysndd,,620522,,0,
HGNC:26560,ODAD1,outer dynein arm docking complex subunit 1,ndd_only,,T1,ndd_no_documented_epilepsy,4,clingen;g2p_dd;orphadata_genes;panelapp_ge_id,244,615038,MONDO:0016575,0,
HGNC:25583,ODAD2,outer dynein arm docking complex subunit 2,ndd_only,,T1,ndd_no_documented_epilepsy,4,clingen;g2p_dd;orphadata_genes;panelapp_ge_id,244,615408,MONDO:0016575,0,
HGNC:28303,ODAD3,outer dynein arm docking complex subunit 3,ndd_only,,T1,ndd_no_documented_epilepsy,3,clingen;g2p_dd;orphadata_genes,244,615956,MONDO:0016575,0,
HGNC:25280,ODAD4,outer dynein arm docking complex subunit 4,ndd_only,,T1,ndd_no_documented_epilepsy,3,clingen;g2p_dd;orphadata_genes,244,617095,MONDO:0016575,0,
HGNC:26300,ODAPH,odontogenesis associated phosphoprotein,ndd_only,,T2,ndd_no_documented_epilepsy,3,g2p_dd;orphadata_genes;panelapp_ge_id,100033,614829,MONDO:0015048,0,
HGNC:8109,ODC1,ornithine decarboxylase 1,ndd_only,,T1,ndd_with_epilepsy,6,g2p_dd;orphadata_genes;panelapp_au_epilepsy;panelapp_au_id;panelapp_ge_id;sysndd,544488,165640,MONDO:0033642,0,
HGNC:29225,ODF2L,outer dense fiber of sperm tails 2 like,ndd_only,,T3,ndd_no_documented_epilepsy,1,panelapp_ge_id,,620130,,0,
HGNC:8124,OGDH,oxoglutarate dehydrogenase,ndd_only,,T1,ndd_no_documented_epilepsy,6,clingen;g2p_dd;orphadata_genes;panelapp_au_id;panelapp_ge_id;sysndd,31,613022,MONDO:0008759,0,
HGNC:8127,OGT,O-linked N-acetylglucosamine (GlcNAc) transferase,ndd_only,,T1,ndd_with_epilepsy,6,clingen;g2p_dd;panelapp_au_epilepsy;panelapp_au_id;panelapp_ge_id;sysndd,,300255,,0,
HGNC:28833,OLA1,Obg like ATPase 1,ndd_only,,T1,ndd_with_epilepsy,4,panelapp_au_id;panelapp_ge_epilepsy;panelapp_ge_id;sysndd,,611175,,0,
HGNC:8138,ONECUT1,one cut homeobox 1,ndd_only,,T1,ndd_no_documented_epilepsy,1,g2p_dd,,604164,,0,
HGNC:8140,OPA1,OPA1 mitochondrial dynamin like GTPase,ndd_only,,T1,ndd_no_documented_epilepsy,3,clingen;orphadata_genes;panelapp_ge_id,1215;1239;98673,605290,MONDO:0008134;MONDO:0008858;MONDO:0014720,0,
HGNC:8142,OPA3,outer mitochondrial membrane lipid metabolism regulator OPA3,ndd_only,,T1,ndd_no_documented_epilepsy,5,clingen;orphadata_genes;panelapp_au_id;panelapp_ge_id;sysndd,67036;67047,606580,MONDO:0008133;MONDO:0009787,0,
HGNC:8182,OR1C1,olfactory receptor family 1 subfamily C member 1,ndd_only,,T2,ndd_no_documented_epilepsy,1,sfari,,,,0,
HGNC:15082,OR2A12,olfactory receptor family 2 subfamily A member 12,ndd_only,,T3,ndd_no_documented_epilepsy,1,sysndd,,,,0,
HGNC:8270,OR2M4,olfactory receptor family 2 subfamily M member 4,ndd_only,,T2,ndd_no_documented_epilepsy,1,sfari,,,,0,
HGNC:19573,OR2T10,olfactory receptor family 2 subfamily T member 10,ndd_only,,T2,ndd_no_documented_epilepsy,1,sfari,,,,0,
HGNC:15225,OR52M1,olfactory receptor family 52 subfamily M member 1,ndd_only,,T2,ndd_no_documented_epilepsy,1,sfari,,,,0,
HGNC:8352,OR5M1,olfactory receptor family 5 subfamily M member 1,ndd_only,,T3,ndd_no_documented_epilepsy,1,panelapp_ge_id,,,,0,
HGNC:8487,ORC1,origin recognition complex subunit 1,ndd_only,,T1,ndd_no_documented_epilepsy,5,g2p_dd;orphadata_genes;panelapp_au_id;panelapp_ge_id;sysndd,2554,601902,MONDO:0016817,0,
HGNC:8490,ORC4,origin recognition complex subunit 4,ndd_only,,T1,ndd_no_documented_epilepsy,5,clingen;g2p_dd;orphadata_genes;panelapp_au_id;panelapp_ge_id,2554,603056,MONDO:0016817,0,
HGNC:17151,ORC6,origin recognition complex subunit 6,ndd_only,,T1,ndd_no_documented_epilepsy,5,clingen;g2p_dd;orphadata_genes;panelapp_au_id;panelapp_ge_id,2554,607213,MONDO:0016817,0,
HGNC:15830,OSR2,odd-skipped related transciption factor 2,ndd_only,,T3,ndd_no_documented_epilepsy,1,g2p_dd,,611297,,0,
HGNC:24448,OSTC,oligosaccharyltransferase complex non-catalytic subunit,ndd_only,,T3,ndd_with_epilepsy,2,panelapp_au_epilepsy;sysndd,,619023,,0,
HGNC:8512,OTC,ornithine transcarbamylase,ndd_only,,T1,ndd_no_documented_epilepsy,6,clingen;g2p_dd;orphadata_genes;panelapp_au_id;panelapp_ge_id;sysndd,664,300461,MONDO:0010703,0,
HGNC:26901,OTOGL,otogelin like,ndd_only,,T1,ndd_no_documented_epilepsy,4,clingen;g2p_dd;orphadata_genes;panelapp_ge_id,90636,614925,MONDO:0019588,0,
HGNC:20718,OTUD7A,OTU deubiquitinase 7A,ndd_only,,T1,ndd_with_epilepsy,8,clingen;g2p_dd;panelapp_au_epilepsy;panelapp_au_id;panelapp_ge_epilepsy;panelapp_ge_id;sfari;sysndd,,612024,,0,
HGNC:25118,OTULIN,OTU deubiquitinase with linear linkage specificity,ndd_only,,T1,ndd_no_documented_epilepsy,5,clingen;g2p_dd;orphadata_genes;panelapp_ge_id;sfari,500062,615712,MONDO:0014912,0,
HGNC:8521,OTX1,orthodenticle homeobox 1,ndd_only,,T2,ndd_no_documented_epilepsy,1,sfari,,600036,,0,
HGNC:8527,OXCT1,3-oxoacid CoA-transferase 1,ndd_only,,T1,ndd_no_documented_epilepsy,4,clingen;g2p_dd;orphadata_genes;panelapp_ge_id,832,601424,MONDO:0009492,0,
HGNC:8528,OXT,oxytocin/neurophysin I prepropeptide,ndd_only,,T2,ndd_no_documented_epilepsy,1,sfari,,167050,,0,
HGNC:8529,OXTR,oxytocin receptor,ndd_only,,T2,ndd_no_documented_epilepsy,1,sfari,,167055,,0,
HGNC:8536,P2RX5,purinergic receptor P2X 5,ndd_only,,T2,ndd_no_documented_epilepsy,1,sfari,,602836,,0,
HGNC:8537,P2RX7,purinergic receptor P2X 7,ndd_only,,T3,ndd_no_documented_epilepsy,2,orphadata_genes;sysndd,67038,602566,MONDO:0004948,0,
HGNC:8542,P2RY4,pyrimidinergic receptor P2Y4,ndd_only,,T3,ndd_no_documented_epilepsy,1,panelapp_ge_id,,300038,,0,
HGNC:15524,P2RY8,P2Y receptor family member 8,ndd_only,,T3,ndd_no_documented_epilepsy,1,panelapp_ge_id,,300525,,0,
HGNC:19316,P3H1,prolyl 3-hydroxylase 1,ndd_only,,T1,ndd_no_documented_epilepsy,3,g2p_dd;orphadata_genes;panelapp_ge_id,216804;216812,610339,MONDO:0008147;MONDO:0009804,0,
HGNC:8547,P4HA2,prolyl 4-hydroxylase subunit alpha 2,ndd_only,,T2,ndd_no_documented_epilepsy,2,orphadata_genes;sfari,397,600608,MONDO:0008538,0,
HGNC:30135,P4HA3,prolyl 4-hydroxylase subunit alpha 3,ndd_only,,T3,ndd_no_documented_epilepsy,1,sysndd,,608987,,0,
HGNC:8548,P4HB,prolyl 4-hydroxylase subunit beta,ndd_only,,T1,ndd_no_documented_epilepsy,3,g2p_dd;orphadata_genes;panelapp_ge_id,2050;216796,176790,MONDO:0008146;MONDO:0016085,0,
HGNC:8554,PABPC1,poly(A) binding protein cytoplasmic 1,ndd_only,,T1,ndd_with_epilepsy,7,g2p_dd;panelapp_au_epilepsy;panelapp_au_id;panelapp_ge_epilepsy;panelapp_ge_id;sfari;sysndd,,604679,,0,
HGNC:13629,PABPC5,poly(A) binding protein cytoplasmic 5,ndd_only,,T3,ndd_no_documented_epilepsy,1,panelapp_ge_id,,300407,,0,
HGNC:8572,PACSIN3,protein kinase C and casein kinase substrate in neurons 3,ndd_only,,T2,ndd_no_documented_epilepsy,1,g2p_dd,,606513,,0,
HGNC:8575,PAFAH1B2,platelet activating factor acetylhydrolase 1b catalytic subunit 2,ndd_only,,T2,ndd_no_documented_epilepsy,1,sfari,,602508,,0,
HGNC:28707,PAGR1,PAXIP1 associated glutamate rich protein 1,ndd_only,,T3,ndd_no_documented_epilepsy,1,sysndd,,612033,,0,
HGNC:8587,PAICS,phosphoribosylaminoimidazole carboxylase and phosphoribosylaminoimidazolesuccinocarboxamide synthase,ndd_only,,T2,ndd_no_documented_epilepsy,3,orphadata_genes;panelapp_au_id;sysndd,633099,172439,MONDO:0859003,0,
HGNC:26144,PALB2,partner and localizer of BRCA2,ndd_only,,T1,ndd_no_documented_epilepsy,4,clingen;g2p_dd;orphadata_genes;panelapp_ge_id,1333;145;178;84,610355,MONDO:0003582;MONDO:0008978;MONDO:0015278;MONDO:0019391,0,
HGNC:18669,PALS1,"protein associated with LIN7 1, MAGUK p55 family member",ndd_only,,T1,ndd_no_documented_epilepsy,4,orphadata_genes;panelapp_au_id;panelapp_ge_id;sysndd,528084,606958,MONDO:0100038,0,
HGNC:29679,PAM16,presequence translocase associated motor 16,ndd_only,,T2,ndd_no_documented_epilepsy,3,orphadata_genes;panelapp_au_id;panelapp_ge_id,401979,614336,MONDO:0013223,0,
HGNC:20074,PAN2,poly(A) specific ribonuclease subunit PAN2,ndd_only,,T1,ndd_no_documented_epilepsy,5,clingen;g2p_dd;panelapp_au_id;panelapp_ge_id;sysndd,,617447,,0,
HGNC:8599,PANX1,pannexin 1,ndd_only,,T3,ndd_no_documented_epilepsy,2,orphadata_genes;sysndd,488191,608420,MONDO:0044626,0,
HGNC:14982,PAPOLG,poly(A) polymerase gamma,ndd_only,,T2,ndd_no_documented_epilepsy,2,sfari;sysndd,,616865,,0,
HGNC:8604,PAPSS2,3'-phosphoadenosine 5'-phosphosulfate synthase 2,ndd_only,,T1,ndd_no_documented_epilepsy,3,g2p_dd;orphadata_genes;panelapp_ge_id,448242;93282,603005,MONDO:0018662;MONDO:0019666,0,
HGNC:14446,PARD3B,par-3 family cell polarity regulator beta,ndd_only,,T2,ndd_no_documented_epilepsy,2,sfari;sysndd,,619353,,0,
HGNC:16369,PARK7,Parkinsonism associated deglycase,ndd_only,,T1,ndd_no_documented_epilepsy,3,clingen;orphadata_genes;panelapp_ge_id,2828;90020,602533,MONDO:0007104;MONDO:0017279,0,
HGNC:8609,PARN,poly(A)-specific ribonuclease,ndd_only,,T1,ndd_no_documented_epilepsy,6,clingen;g2p_dd;orphadata_genes;panelapp_au_id;panelapp_ge_id;sysndd,1775;2032;3322,604212,MONDO:0015780;MONDO:0018045;MONDO:0800504,0,
HGNC:270,PARP1,poly(ADP-ribose) polymerase 1,ndd_only,,T3,ndd_no_documented_epilepsy,3,g2p_dd;panelapp_ge_id;sysndd,,173870,,0,
HGNC:20686,PASD1,PAS domain containing repressor 1,ndd_only,,T3,ndd_no_documented_epilepsy,1,panelapp_ge_id,,300993,,0,
HGNC:17270,PASK,PAS domain containing serine/threonine kinase,ndd_only,,T3,ndd_no_documented_epilepsy,1,sysndd,,607505,,0,
HGNC:28881,PATJ,PATJ crumbs cell polarity complex component,ndd_only,,T2,ndd_no_documented_epilepsy,2,sfari;sysndd,,603199,,0,
HGNC:8615,PAX1,paired box 1,ndd_only,,T1,ndd_no_documented_epilepsy,6,clingen;g2p_dd;orphadata_genes;panelapp_au_id;panelapp_ge_id;sysndd,720357,167411,,0,
HGNC:8616,PAX2,paired box 2,ndd_only,,T1,ndd_no_documented_epilepsy,5,clingen;g2p_dd;orphadata_genes;panelapp_au_id;panelapp_ge_id,1475;656;97362,167409,MONDO:0007352;MONDO:0019006;MONDO:0019980,0,
HGNC:8617,PAX3,paired box 3,ndd_only,,T1,ndd_no_documented_epilepsy,5,clingen;g2p_dd;orphadata_genes;panelapp_au_id;panelapp_ge_id,1529;894;896;99756,606597,MONDO:0007395;MONDO:0007862;MONDO:0008670;MONDO:0009994,0,
HGNC:8619,PAX5,paired box 5,ndd_only,,T1,ndd_no_documented_epilepsy,5,clingen;orphadata_genes;panelapp_au_id;sfari;sysndd,641372,167414,MONDO:0957427,0,
HGNC:8621,PAX7,paired box 7,ndd_only,,T2,ndd_no_documented_epilepsy,5,clingen;orphadata_genes;panelapp_au_id;panelapp_ge_id;sysndd,99756,167410,MONDO:0009994,0,
HGNC:8622,PAX8,paired box 8,ndd_only,,T1,ndd_no_documented_epilepsy,5,g2p_dd;orphadata_genes;panelapp_au_id;panelapp_ge_id;sysndd,146;95712;95713;95720,167415,MONDO:0015447;MONDO:0019854;MONDO:0019855;MONDO:0019861,0,
HGNC:8623,PAX9,paired box 9,ndd_only,,T1,ndd_no_documented_epilepsy,4,clingen;g2p_dd;orphadata_genes;panelapp_ge_id,99798,167416,MONDO:0005486,0,
HGNC:30064,PBRM1,polybromo 1,ndd_only,,T3,ndd_no_documented_epilepsy,3,orphadata_genes;panelapp_ge_id;sysndd,404511,606083,MONDO:0018448,0,
HGNC:8632,PBX1,PBX homeobox 1,ndd_only,,T1,ndd_no_documented_epilepsy,7,clingen;g2p_dd;orphadata_genes;panelapp_au_id;panelapp_ge_id;sfari;sysndd,585956;656130;97362,176310,MONDO:0019980;MONDO:0060549;MONDO:0600030,0,
HGNC:8636,PC,pyruvate carboxylase,ndd_only,,T1,ndd_no_documented_epilepsy,6,g2p_dd;orphadata_genes;panelapp_au_id;panelapp_ge_id;sfari;sysndd,353308;353314;353320,608786,MONDO:0018141;MONDO:0018142;MONDO:0018143,0,
HGNC:34383,PCARE,photoreceptor cilium actin regulator,ndd_only,,T1,ndd_no_documented_epilepsy,4,clingen;g2p_dd;orphadata_genes;panelapp_ge_id,791,613425,MONDO:0019200,0,
HGNC:8646,PCBD1,pterin-4 alpha-carbinolamine dehydratase 1,ndd_only,,T1,ndd_no_documented_epilepsy,5,clingen;g2p_dd;orphadata_genes;panelapp_au_id;panelapp_ge_id,1578,126090,MONDO:0009908,0,
HGNC:8647,PCBP1,poly(rC) binding protein 1,ndd_only,,T1,ndd_no_documented_epilepsy,2,panelapp_au_id;sysndd,,601209,,0,
HGNC:8648,PCBP2,poly(rC) binding protein 2,ndd_only,,T2,ndd_no_documented_epilepsy,3,g2p_dd;panelapp_au_id;panelapp_ge_id,,601210,,0,
HGNC:13404,PCDH10,protocadherin 10,ndd_only,,T2,ndd_no_documented_epilepsy,3,panelapp_au_id;panelapp_ge_id;sfari,,608286,,0,
HGNC:8656,PCDH11X,protocadherin 11 X-linked,ndd_only,,T2,ndd_no_documented_epilepsy,1,sfari,,300246,,0,
HGNC:14674,PCDH15,protocadherin related 15,ndd_only,,T2,ndd_no_documented_epilepsy,5,clingen;orphadata_genes;panelapp_au_id;sfari;sysndd,231169;90636,605514,MONDO:0010168;MONDO:0019588,0,
HGNC:8661,PCDH9,protocadherin 9,ndd_only,,T2,ndd_no_documented_epilepsy,2,panelapp_au_id;sfari,,603581,,0,
HGNC:8663,PCDHA1,protocadherin alpha 1,ndd_only,,T2,ndd_no_documented_epilepsy,2,sfari;sysndd,,606307,,0,
HGNC:8664,PCDHA10,protocadherin alpha 10,ndd_only,,T2,ndd_no_documented_epilepsy,1,sfari,,606316,,0,
HGNC:8665,PCDHA11,protocadherin alpha 11,ndd_only,,T2,ndd_no_documented_epilepsy,1,sfari,,606317,,0,
HGNC:8666,PCDHA12,protocadherin alpha 12,ndd_only,,T2,ndd_no_documented_epilepsy,1,sfari,,606318,,0,
HGNC:8667,PCDHA13,protocadherin alpha 13,ndd_only,,T2,ndd_no_documented_epilepsy,2,sfari;sysndd,,606319,,0,
HGNC:8668,PCDHA2,protocadherin alpha 2,ndd_only,,T2,ndd_no_documented_epilepsy,1,sfari,,606308,,0,
HGNC:8669,PCDHA3,protocadherin alpha 3,ndd_only,,T2,ndd_no_documented_epilepsy,1,sfari,,606309,,0,
HGNC:8670,PCDHA4,protocadherin alpha 4,ndd_only,,T2,ndd_no_documented_epilepsy,1,sfari,,606310,,0,
HGNC:8671,PCDHA5,protocadherin alpha 5,ndd_only,,T2,ndd_no_documented_epilepsy,1,sfari,,606311,,0,
HGNC:8672,PCDHA6,protocadherin alpha 6,ndd_only,,T2,ndd_no_documented_epilepsy,1,sfari,,606312,,0,
HGNC:8673,PCDHA7,protocadherin alpha 7,ndd_only,,T2,ndd_no_documented_epilepsy,1,sfari,,606313,,0,
HGNC:8674,PCDHA8,protocadherin alpha 8,ndd_only,,T2,ndd_no_documented_epilepsy,1,sfari,,606314,,0,
HGNC:8675,PCDHA9,protocadherin alpha 9,ndd_only,,T2,ndd_no_documented_epilepsy,1,sfari,,606315,,0,
HGNC:8676,PCDHAC1,"protocadherin alpha subfamily C, 1",ndd_only,,T2,ndd_no_documented_epilepsy,1,sfari,,606320,,0,
HGNC:8677,PCDHAC2,"protocadherin alpha subfamily C, 2",ndd_only,,T2,ndd_no_documented_epilepsy,1,sfari,,606321,,0,
HGNC:8689,PCDHB4,protocadherin beta 4,ndd_only,,T3,ndd_with_epilepsy,2,panelapp_ge_epilepsy;sysndd,,606330,,0,
HGNC:8697,PCDHGA10,"protocadherin gamma subfamily A, 10",ndd_only,,T3,ndd_no_documented_epilepsy,1,sysndd,,606297,,0,
HGNC:8703,PCDHGA5,"protocadherin gamma subfamily A, 5",ndd_only,,T3,ndd_no_documented_epilepsy,1,sysndd,,606292,,0,
HGNC:12929,PCGF2,polycomb group ring finger 2,ndd_only,,T1,ndd_no_documented_epilepsy,6,clingen;g2p_dd;orphadata_genes;panelapp_au_id;panelapp_ge_id;sysndd,688642,600346,MONDO:0032707,0,
HGNC:8727,PCM1,pericentriolar material 1,ndd_only,,T2,ndd_no_documented_epilepsy,2,orphadata_genes;sfari,146,600299,MONDO:0015447,0,
HGNC:8729,PCNA,proliferating cell nuclear antigen,ndd_only,,T2,ndd_no_documented_epilepsy,3,clingen;orphadata_genes;panelapp_au_id,438134,176740,MONDO:0014399,0,
HGNC:16068,PCNT,pericentrin,ndd_only,,T1,ndd_no_documented_epilepsy,6,clingen;g2p_dd;orphadata_genes;panelapp_au_id;panelapp_ge_id;sysndd,2637;808,605925,MONDO:0008872;MONDO:0019342,0,
HGNC:8738,PCOLCE,procollagen C-endopeptidase enhancer,ndd_only,,T3,ndd_no_documented_epilepsy,1,sysndd,,600270,,0,
HGNC:8754,PCYT1A,"phosphate cytidylyltransferase 1A, choline",ndd_only,,T1,ndd_no_documented_epilepsy,4,clingen;g2p_dd;orphadata_genes;panelapp_ge_id,65;85167,123695,MONDO:0012160;MONDO:0018998,0,
HGNC:8760,PDCD1,programmed cell death 1,ndd_only,,T2,ndd_no_documented_epilepsy,4,clingen;orphadata_genes;sfari;sysndd,536,600244,MONDO:0007915,0,
HGNC:8766,PDCD6IP,programmed cell death 6 interacting protein,ndd_only,,T2,ndd_no_documented_epilepsy,4,orphadata_genes;panelapp_au_id;panelapp_ge_id;sysndd,2512,608074,MONDO:0016660,0,
HGNC:8772,PDE10A,phosphodiesterase 10A,ndd_only,,T1,ndd_no_documented_epilepsy,5,g2p_dd;orphadata_genes;panelapp_au_id;panelapp_ge_id;sysndd,494526;494541,610652,MONDO:0044332;MONDO:0044637,0,
HGNC:8773,PDE11A,phosphodiesterase 11A,ndd_only,,T3,ndd_no_documented_epilepsy,2,orphadata_genes;panelapp_au_id,1359;647772;647782,604961,MONDO:0015285;MONDO:0958262;MONDO:0958263,0,
HGNC:8775,PDE1B,phosphodiesterase 1B,ndd_only,,T1,ndd_no_documented_epilepsy,3,panelapp_au_id;panelapp_ge_id;sysndd,,171891,,0,
HGNC:8776,PDE1C,phosphodiesterase 1C,ndd_only,,T2,ndd_no_documented_epilepsy,3,clingen;orphadata_genes;sfari,90635,602987,MONDO:0019587,0,
HGNC:8779,PDE3B,phosphodiesterase 3B,ndd_only,,T3,ndd_no_documented_epilepsy,1,sfari,,602047,,0,
HGNC:8783,PDE4D,phosphodiesterase 4D,ndd_only,,T1,ndd_no_documented_epilepsy,5,g2p_dd;orphadata_genes;panelapp_au_id;panelapp_ge_id;sysndd,439822;950,600129,MONDO:0014298;MONDO:0019797,0,
HGNC:15580,PDE4DIP,phosphodiesterase 4D interacting protein,ndd_only,,T3,ndd_no_documented_epilepsy,1,sysndd,,608117,,0,
HGNC:8788,PDE6D,phosphodiesterase 6D,ndd_only,,T2,ndd_no_documented_epilepsy,5,clingen;orphadata_genes;panelapp_au_id;panelapp_ge_id;sysndd,2754;475,602676,MONDO:0010176;MONDO:0018772,0,
HGNC:8789,PDE6G,phosphodiesterase 6G,ndd_only,,T1,ndd_no_documented_epilepsy,4,clingen;g2p_dd;orphadata_genes;panelapp_ge_id,791,180073,MONDO:0019200,0,
HGNC:8790,PDE6H,phosphodiesterase 6H,ndd_only,,T1,ndd_no_documented_epilepsy,2,g2p_dd;orphadata_genes,49382,601190,MONDO:0018852,0,
HGNC:8800,PDGFB,platelet derived growth factor subunit B,ndd_only,,T3,ndd_no_documented_epilepsy,3,orphadata_genes;panelapp_au_id;panelapp_ge_id,1980;2495;263662;31112,190040,MONDO:0008947;MONDO:0011934;MONDO:0016642;MONDO:0016995,0,
HGNC:8804,PDGFRB,platelet derived growth factor receptor beta,ndd_only,,T1,ndd_no_documented_epilepsy,5,g2p_dd;orphadata_genes;panelapp_au_id;panelapp_ge_id;sysndd,168950;1980;2591;314950;363665;477831;86830,173410,MONDO:0008947;MONDO:0011150;MONDO:0014704;MONDO:0015690;MONDO:0016824;MONDO:0017833;MONDO:0019452,0,
HGNC:8808,PDHB,pyruvate dehydrogenase E1 subunit beta,ndd_only,,T1,ndd_no_documented_epilepsy,4,clingen;orphadata_genes;panelapp_au_id;panelapp_ge_id,255138,179060,MONDO:0013580,0,
HGNC:4606,PDIA3,protein disulfide isomerase family A member 3,ndd_only,,T3,ndd_no_documented_epilepsy,1,sysndd,,602046,,0,
HGNC:30168,PDIA6,protein disulfide isomerase family A member 6,ndd_only,,T3,ndd_no_documented_epilepsy,1,g2p_dd,,611099,,0,
HGNC:8810,PDK2,pyruvate dehydrogenase kinase 2,ndd_only,,T2,ndd_no_documented_epilepsy,2,sfari;sysndd,,602525,,0,
HGNC:9279,PDP1,pyruvate dehydrogenase phosphatase catalytic subunit 1,ndd_only,,T2,ndd_no_documented_epilepsy,4,orphadata_genes;panelapp_au_id;panelapp_ge_id;sysndd,79246,605993,MONDO:0012120,0,
HGNC:30264,PDPR,pyruvate dehydrogenase phosphatase regulatory subunit,ndd_only,,T3,ndd_no_documented_epilepsy,1,sysndd,,617835,,0,
HGNC:29088,PDS5A,PDS5 cohesin associated factor A,ndd_only,,T2,ndd_no_documented_epilepsy,3,panelapp_au_id;panelapp_ge_id;sysndd,,613200,,0,
HGNC:20418,PDS5B,PDS5 cohesin associated factor B,ndd_only,,T2,ndd_no_documented_epilepsy,2,panelapp_au_id;panelapp_ge_id,,605333,,0,
HGNC:17759,PDSS1,decaprenyl diphosphate synthase subunit 1,ndd_only,,T1,ndd_no_documented_epilepsy,6,clingen;g2p_dd;orphadata_genes;panelapp_au_id;panelapp_ge_id;sysndd,254898,607429,MONDO:0013837,0,
HGNC:8820,PDYN,prodynorphin,ndd_only,,T3,ndd_no_documented_epilepsy,3,clingen;orphadata_genes;panelapp_ge_id,101108,131340,MONDO:0012449,0,
HGNC:26974,PDZD8,PDZ domain containing 8,ndd_only,,T1,ndd_no_documented_epilepsy,4,panelapp_au_id;panelapp_ge_id;sfari;sysndd,,614235,,0,
HGNC:28319,PEBP4,phosphatidylethanolamine binding protein 4,ndd_only,,T3,ndd_no_documented_epilepsy,1,sfari,,612473,,0,
HGNC:18281,PECR,peroxisomal trans-2-enoyl-CoA reductase,ndd_only,,T3,ndd_no_documented_epilepsy,3,g2p_dd;panelapp_ge_id;sysndd,,605843,,0,
HGNC:16735,PEDS1,plasmanylethanolamine desaturase 1,ndd_only,,T2,ndd_no_documented_epilepsy,2,panelapp_au_id;sysndd,,610994,,0,
HGNC:8840,PEPD,peptidase D,ndd_only,,T1,ndd_no_documented_epilepsy,6,clingen;g2p_dd;orphadata_genes;panelapp_au_id;panelapp_ge_id;sysndd,742,613230,MONDO:0008221,0,
HGNC:8845,PER1,period circadian regulator 1,ndd_only,,T2,ndd_no_documented_epilepsy,1,sfari,,602260,,0,
HGNC:8846,PER2,period circadian regulator 2,ndd_only,,T2,ndd_no_documented_epilepsy,2,orphadata_genes;sfari,164736,603426,MONDO:0015609,0,
HGNC:40045,PET117,PET117 cytochrome c oxidase chaperone,ndd_only,,T3,ndd_no_documented_epilepsy,3,clingen;orphadata_genes;sysndd,254905,614771,MONDO:0033885,0,
HGNC:8853,PEX11B,peroxisomal biogenesis factor 11 beta,ndd_only,,T1,ndd_no_documented_epilepsy,6,clingen;g2p_dd;orphadata_genes;panelapp_au_id;panelapp_ge_id;sysndd,44;772;912,603867,MONDO:0018598;MONDO:0019609,0,
HGNC:8856,PEX14,peroxisomal biogenesis factor 14,ndd_only,,T1,ndd_no_documented_epilepsy,6,clingen;g2p_dd;orphadata_genes;panelapp_au_id;panelapp_ge_id;sysndd,44;772;912,601791,MONDO:0018598;MONDO:0019609,0,
HGNC:8857,PEX16,peroxisomal biogenesis factor 16,ndd_only,,T1,ndd_no_documented_epilepsy,6,clingen;g2p_dd;orphadata_genes;panelapp_au_id;panelapp_ge_id;sysndd,44;642954;772;912,603360,MONDO:0018598;MONDO:0019609;MONDO:0957442,0,
HGNC:8863,PFAS,phosphoribosylformylglycinamidine synthase,ndd_only,,T2,ndd_no_documented_epilepsy,2,orphadata_genes;panelapp_au_id,708651,602133,,0,
HGNC:8887,PGA5,pepsinogen A5,ndd_only,,T3,ndd_no_documented_epilepsy,1,sysndd,,169730,,0,
HGNC:28763,PGAM5,"PGAM family member 5, mitochondrial serine/threonine protein phosphatase",ndd_only,,T3,ndd_no_documented_epilepsy,1,sysndd,,614939,,0,
HGNC:25712,PGAP1,post-GPI attachment to proteins inositol deacylase 1,ndd_only,,T1,ndd_no_documented_epilepsy,5,g2p_dd;orphadata_genes;panelapp_au_id;panelapp_ge_id;sysndd,401820;88616,611655,MONDO:0018419;MONDO:0019502,0,
HGNC:19405,PGBD5,piggyBac transposable element derived 5,ndd_only,,T1,ndd_with_epilepsy,4,panelapp_au_epilepsy;panelapp_au_id;panelapp_ge_epilepsy;panelapp_ge_id,,616791,,0,
HGNC:8905,PGM1,phosphoglucomutase 1,ndd_only,,T1,ndd_no_documented_epilepsy,5,clingen;g2p_dd;orphadata_genes;panelapp_ge_id;sysndd,319646,171900,MONDO:0013968,0,
HGNC:8907,PGM3,phosphoglucomutase 3,ndd_only,,T1,ndd_with_epilepsy,7,clingen;g2p_dd;orphadata_genes;panelapp_au_epilepsy;panelapp_au_id;panelapp_ge_id;sysndd,443811,172100,MONDO:0014353,0,
HGNC:16090,PGRMC1,progesterone receptor membrane component 1,ndd_only,,T3,ndd_no_documented_epilepsy,2,orphadata_genes;panelapp_ge_id,98994,300435,MONDO:0021548,0,
HGNC:25793,PHACTR4,phosphatase and actin regulator 4,ndd_only,,T2,ndd_no_documented_epilepsy,2,panelapp_au_id;sysndd,,608726,,0,
HGNC:8912,PHB1,prohibitin 1,ndd_only,,T2,ndd_no_documented_epilepsy,1,sfari,,176705,,0,
HGNC:3182,PHC1,polyhomeotic homolog 1,ndd_only,,T2,ndd_no_documented_epilepsy,5,g2p_dd;orphadata_genes;panelapp_au_id;panelapp_ge_id;sysndd,2512,602978,MONDO:0016660,0,
HGNC:8918,PHEX,phosphate regulating endopeptidase X-linked,ndd_only,,T1,ndd_no_documented_epilepsy,3,clingen;g2p_dd;orphadata_genes,89936,300550,MONDO:0010619,0,
HGNC:18250,PHF10,PHD finger protein 10,ndd_only,,T3,ndd_no_documented_epilepsy,1,panelapp_ge_id,,613069,,0,
HGNC:20816,PHF12,PHD finger protein 12,ndd_only,,T1,ndd_no_documented_epilepsy,5,clingen;g2p_dd;panelapp_ge_id;sfari;sysndd,,618645,,0,
HGNC:22203,PHF14,PHD finger protein 14,ndd_only,,T2,ndd_no_documented_epilepsy,2,panelapp_ge_id;sfari,,619907,,0,
HGNC:8920,PHF2,PHD finger protein 2,ndd_only,,T2,ndd_no_documented_epilepsy,2,sfari;sysndd,,604351,,0,
HGNC:16098,PHF20,PHD finger protein 20,ndd_only,,T3,ndd_no_documented_epilepsy,2,g2p_dd;sysndd,,610335,,0,
HGNC:8921,PHF3,PHD finger protein 3,ndd_only,,T2,ndd_no_documented_epilepsy,2,sfari;sysndd,,607789,,0,
HGNC:18000,PHF5A,PHD finger protein 5A,ndd_only,,T1,ndd_no_documented_epilepsy,4,g2p_dd;panelapp_au_id;panelapp_ge_id;sysndd,,617846,,0,
HGNC:18458,PHF7,PHD finger protein 7,ndd_only,,T2,ndd_no_documented_epilepsy,2,sfari;sysndd,,620057,,0,
HGNC:20672,PHF8,PHD finger protein 8,ndd_only,,T1,ndd_no_documented_epilepsy,7,clingen;g2p_dd;orphadata_genes;panelapp_au_id;panelapp_ge_id;sfari;sysndd,85287,300560,MONDO:0010286,0,
HGNC:15673,PHIP,PHIP subunit of CUL4-Ring ligase complex,ndd_only,,T1,ndd_no_documented_epilepsy,7,clingen;g2p_dd;orphadata_genes;panelapp_au_id;panelapp_ge_id;sfari;sysndd,589905,612870,MONDO:0035133,0,
HGNC:8925,PHKA1,phosphorylase kinase regulatory subunit alpha 1,ndd_only,,T1,ndd_no_documented_epilepsy,3,clingen;orphadata_genes;panelapp_ge_id,715,311870,MONDO:0010362,0,
HGNC:8926,PHKA2,phosphorylase kinase regulatory subunit alpha 2,ndd_only,,T3,ndd_no_documented_epilepsy,3,orphadata_genes;panelapp_au_id;panelapp_ge_id,264580,300798,MONDO:0020693,0,
HGNC:8931,PHKG2,phosphorylase kinase catalytic subunit gamma 2,ndd_only,,T1,ndd_no_documented_epilepsy,4,clingen;orphadata_genes;panelapp_au_id;panelapp_ge_id,264580,172471,MONDO:0020693,0,
HGNC:20610,PHLPP1,PH domain and leucine rich repeat protein phosphatase 1,ndd_only,,T3,ndd_no_documented_epilepsy,2,sfari;sysndd,,609396,,0,
HGNC:9143,PHOX2B,paired like homeobox 2B,ndd_only,,T1,ndd_no_documented_epilepsy,4,clingen;g2p_dd;orphadata_genes;panelapp_ge_id,2151;635;661;99803,603851,MONDO:0005072;MONDO:0013082;MONDO:0020493;MONDO:0800026,0,
HGNC:24351,PHRF1,PHD and ring finger domains 1,ndd_only,,T2,ndd_no_documented_epilepsy,1,sfari,,611780,,0,
HGNC:8983,PI4KA,phosphatidylinositol 4-kinase alpha,ndd_only,,T1,ndd_no_documented_epilepsy,5,g2p_dd;orphadata_genes;panelapp_au_id;panelapp_ge_id;sysndd,436252;631079;98889,600286,MONDO:0020340;MONDO:0030482;MONDO:0030831,0,
HGNC:25338,PIANP,PILR alpha associated neural protein,ndd_only,,T3,ndd_no_documented_epilepsy,1,sysndd,,616065,,0,
HGNC:17002,PIAS4,protein inhibitor of activated STAT 4,ndd_only,,T3,ndd_no_documented_epilepsy,1,sysndd,,605989,,0,
HGNC:23352,PIBF1,progesterone immunomodulatory binding factor 1,ndd_only,,T1,ndd_no_documented_epilepsy,5,g2p_dd;orphadata_genes;panelapp_au_id;panelapp_ge_id;sysndd,475,607532,MONDO:0018772,0,
HGNC:28993,PIEZO1,piezo type mechanosensitive ion channel component 1 (Er blood group),ndd_only,,T1,ndd_no_documented_epilepsy,3,clingen;g2p_dd;orphadata_genes,3202;568062,611184,MONDO:0014797;MONDO:0017910,0,
HGNC:26270,PIEZO2,piezo type mechanosensitive ion channel component 2,ndd_only,,T1,ndd_no_documented_epilepsy,5,g2p_dd;orphadata_genes;panelapp_au_id;panelapp_ge_id;sysndd,1154;2461;376;707937,613629,MONDO:0007158;MONDO:0007252;MONDO:0009564,0,
HGNC:28213,PIGY,phosphatidylinositol glycan anchor biosynthesis class Y,ndd_only,,T1,ndd_no_documented_epilepsy,6,clingen;g2p_dd;orphadata_genes;panelapp_au_id;panelapp_ge_id;sysndd,247262,610662,MONDO:0016596,0,
HGNC:30034,PIK3AP1,phosphoinositide-3-kinase adaptor protein 1,ndd_only,,T3,ndd_no_documented_epilepsy,1,sysndd,,607942,,0,
HGNC:8971,PIK3C2A,phosphatidylinositol-4-phosphate 3-kinase catalytic subunit type 2 alpha,ndd_only,,T2,ndd_no_documented_epilepsy,3,orphadata_genes;panelapp_au_id;panelapp_ge_id,557003,603601,MONDO:0034145,0,
HGNC:8974,PIK3C3,phosphatidylinositol 3-kinase catalytic subunit type 3,ndd_only,,T3,ndd_no_documented_epilepsy,3,panelapp_au_id;panelapp_ge_id;sysndd,,602609,,0,
HGNC:8978,PIK3CG,"phosphatidylinositol-4,5-bisphosphate 3-kinase catalytic subunit gamma",ndd_only,,T2,ndd_no_documented_epilepsy,2,clingen;sfari,,601232,,0,
HGNC:8979,PIK3R1,phosphoinositide-3-kinase regulatory subunit 1,ndd_only,,T1,ndd_no_documented_epilepsy,6,clingen;g2p_dd;orphadata_genes;panelapp_au_id;panelapp_ge_id;sysndd,3163;33110;693681,171833,MONDO:0010026;MONDO:0011096;MONDO:0014453,0,
HGNC:8992,PIN4,"peptidylprolyl cis/trans isomerase, NIMA-interacting 4",ndd_only,,T3,ndd_no_documented_epilepsy,1,panelapp_ge_id,,300252,,0,
HGNC:8994,PIP5K1A,phosphatidylinositol-4-phosphate 5-kinase type 1 alpha,ndd_only,,T3,ndd_no_documented_epilepsy,1,sysndd,,603275,,0,
HGNC:8995,PIP5K1B,phosphatidylinositol-4-phosphate 5-kinase type 1 beta,ndd_only,,T3,ndd_no_documented_epilepsy,1,panelapp_au_id,,602745,,0,
HGNC:8999,PISD,phosphatidylserine decarboxylase,ndd_only,,T1,ndd_no_documented_epilepsy,6,clingen;g2p_dd;orphadata_genes;panelapp_au_id;panelapp_ge_id;sysndd,589442,612770,MONDO:0030045,0,
HGNC:17663,PITRM1,pitrilysin metallopeptidase 1,ndd_only,,T1,ndd_no_documented_epilepsy,3,panelapp_au_id;panelapp_ge_id;sysndd,,618211,,0,
HGNC:9004,PITX1,paired like homeodomain 1,ndd_only,,T1,ndd_no_documented_epilepsy,3,g2p_dd;orphadata_genes;sfari,1275;293144;293150;498494,602149,MONDO:0008520;MONDO:0017382;MONDO:0017383;MONDO:0700479,0,
HGNC:9005,PITX2,paired like homeodomain 2,ndd_only,,T1,ndd_no_documented_epilepsy,4,clingen;g2p_dd;orphadata_genes;panelapp_ge_id,334;708;782;91481;91483;98978,601542,MONDO:0008387;MONDO:0011414;MONDO:0018054;MONDO:0019187;MONDO:0019628;MONDO:0020368,0,
HGNC:9006,PITX3,paired like homeodomain 3,ndd_only,,T1,ndd_no_documented_epilepsy,4,g2p_dd;orphadata_genes;panelapp_ge_id;sysndd,162;98993,602669,MONDO:0015567;MONDO:0020378,0,
HGNC:9007,PIWIL1,piwi like RNA-mediated gene silencing 1,ndd_only,,T3,ndd_no_documented_epilepsy,1,sysndd,,605571,,0,
HGNC:16648,PJA1,praja ring finger ubiquitin ligase 1,ndd_only,,T2,ndd_no_documented_epilepsy,4,panelapp_au_id;panelapp_ge_id;sfari;sysndd,,300420,,0,
HGNC:9008,PKD1,"polycystin 1, transient receptor potential channel interacting",ndd_only,,T1,ndd_no_documented_epilepsy,3,clingen;orphadata_genes;sfari,730;88924,601313,MONDO:0004691;MONDO:0010856,0,
HGNC:18053,PKD1L1,"polycystin 1 like 1, transient receptor potential channel interacting",ndd_only,,T1,ndd_no_documented_epilepsy,3,g2p_dd;orphadata_genes;panelapp_ge_id,101063,609721,MONDO:0010029,0,
HGNC:25123,PKDCC,"protein kinase domain containing, cytoplasmic",ndd_only,,T2,ndd_no_documented_epilepsy,1,g2p_dd,,614150,,0,
HGNC:9016,PKHD1,PKHD1 ciliary IPT domain containing fibrocystin/polyductin,ndd_only,,T1,ndd_no_documented_epilepsy,4,clingen;g2p_dd;orphadata_genes;panelapp_ge_id,53035;731,606702,MONDO:0009889;MONDO:0010913,0,
HGNC:9406,PKN2,protein kinase N2,ndd_only,,T3,ndd_no_documented_epilepsy,1,sysndd,,602549,,0,
HGNC:17825,PLAAT3,phospholipase A and acyltransferase 3,ndd_only,,T2,ndd_no_documented_epilepsy,4,g2p_dd;orphadata_genes;panelapp_au_id;panelapp_ge_id,686999,613867,MONDO:0958034,0,
HGNC:31746,PLAC8L1,PLAC8 like 1,ndd_only,,T3,ndd_no_documented_epilepsy,1,sysndd,,,,0,
HGNC:9045,PLAG1,PLAG1 zinc finger,ndd_only,,T1,ndd_no_documented_epilepsy,2,g2p_dd;orphadata_genes,276148;397590,603026,MONDO:0017168;MONDO:0018336,0,
HGNC:9051,PLAT,"plasminogen activator, tissue type",ndd_only,,T2,ndd_no_documented_epilepsy,4,clingen;orphadata_genes;panelapp_au_id;panelapp_ge_id,480528,173370,MONDO:0018810,0,
HGNC:9053,PLAUR,"plasminogen activator, urokinase receptor",ndd_only,,T2,ndd_no_documented_epilepsy,1,sfari,,173391,,0,
HGNC:9056,PLCB3,phospholipase C beta 3,ndd_only,,T3,ndd_no_documented_epilepsy,2,orphadata_genes;sysndd,589435,600230,MONDO:0030074,0,
HGNC:9059,PLCB4,phospholipase C beta 4,ndd_only,,T1,ndd_no_documented_epilepsy,3,clingen;g2p_dd;orphadata_genes,137888,600810,MONDO:0000107,0,
HGNC:9060,PLCD1,phospholipase C delta 1,ndd_only,,T3,ndd_no_documented_epilepsy,2,orphadata_genes;sysndd,2387,602142,MONDO:0016557,0,
HGNC:9062,PLCD4,phospholipase C delta 4,ndd_only,,T2,ndd_no_documented_epilepsy,1,sfari,,605939,,0,
HGNC:17175,PLCE1,phospholipase C epsilon 1,ndd_only,,T1,ndd_no_documented_epilepsy,4,clingen;g2p_dd;orphadata_genes;panelapp_ge_id,656,608414,MONDO:0019006,0,
HGNC:9066,PLCG2,phospholipase C gamma 2,ndd_only,,T3,ndd_no_documented_epilepsy,3,g2p_dd;orphadata_genes;sysndd,300359;324530,600220,MONDO:0013766;MONDO:0013944,0,
HGNC:29185,PLCH1,phospholipase C eta 1,ndd_only,,T1,ndd_no_documented_epilepsy,4,g2p_dd;orphadata_genes;panelapp_au_id;sysndd,93925,612835,MONDO:0019757,0,
HGNC:29037,PLCH2,phospholipase C eta 2,ndd_only,,T3,ndd_no_documented_epilepsy,1,sysndd,,612836,,0,
HGNC:9063,PLCL1,phospholipase C like 1 (inactive),ndd_only,,T3,ndd_no_documented_epilepsy,1,sysndd,,600597,,0,
HGNC:23148,PLCXD1,phosphatidylinositol specific phospholipase C X domain containing 1,ndd_only,,T3,ndd_no_documented_epilepsy,1,panelapp_ge_id,,300974,,0,
HGNC:9067,PLD1,phospholipase D1,ndd_only,,T1,ndd_no_documented_epilepsy,2,clingen;g2p_dd,,602382,,0,
HGNC:9069,PLEC,plectin,ndd_only,,T1,ndd_no_documented_epilepsy,4,clingen;g2p_dd;orphadata_genes;panelapp_ge_id,1114;158684;254361;257;79401,601282,MONDO:0007145;MONDO:0007555;MONDO:0009181;MONDO:0012807;MONDO:0013390,0,
HGNC:30037,PLEKHA8,pleckstrin homology domain containing A8,ndd_only,,T3,ndd_no_documented_epilepsy,1,sfari,,608639,,0,
HGNC:20884,PLEKHG1,pleckstrin homology and RhoGEF domain containing G1,ndd_only,,T3,ndd_no_documented_epilepsy,1,panelapp_ge_id,,620134,,0,
HGNC:29515,PLEKHG2,pleckstrin homology and RhoGEF domain containing G2,ndd_only,,T1,ndd_no_documented_epilepsy,3,panelapp_au_id;panelapp_ge_id;sysndd,,611893,,0,
HGNC:9076,PLIN1,perilipin 1,ndd_only,,T1,ndd_no_documented_epilepsy,3,clingen;orphadata_genes;sysndd,280356,170290,MONDO:0013478,0,
HGNC:19699,PLK2,polo like kinase 2,ndd_only,,T3,ndd_no_documented_epilepsy,1,sysndd,,607023,,0,
HGNC:11397,PLK4,polo like kinase 4,ndd_only,,T1,ndd_no_documented_epilepsy,5,g2p_dd;orphadata_genes;panelapp_au_id;panelapp_ge_id;sysndd,2518;808,605031,MONDO:0009624;MONDO:0019342,0,
HGNC:27001,PLK5,polo like kinase 5 (inactive),ndd_only,,T3,ndd_no_documented_epilepsy,1,sysndd,,621048,,0,
HGNC:9080,PLN,phospholamban,ndd_only,,T1,ndd_no_documented_epilepsy,3,clingen;orphadata_genes;sfari,154;293910,172405,MONDO:0017403;MONDO:0700335,0,
HGNC:9081,PLOD1,"procollagen-lysine,2-oxoglutarate 5-dioxygenase 1",ndd_only,,T1,ndd_no_documented_epilepsy,3,g2p_dd;orphadata_genes;panelapp_ge_id,1900,153454,MONDO:0016002,0,
HGNC:9082,PLOD2,"procollagen-lysine,2-oxoglutarate 5-dioxygenase 2",ndd_only,,T1,ndd_no_documented_epilepsy,3,g2p_dd;orphadata_genes;panelapp_ge_id,2771,601865,MONDO:0017195,0,
HGNC:9083,PLOD3,"procollagen-lysine,2-oxoglutarate 5-dioxygenase 3",ndd_only,,T2,ndd_no_documented_epilepsy,5,g2p_dd;orphadata_genes;panelapp_au_id;panelapp_ge_id;sysndd,300284,603066,MONDO:0012892,0,
HGNC:23496,PLPPR4,phospholipid phosphatase related 4,ndd_only,,T3,ndd_no_documented_epilepsy,2,sfari;sysndd,,607813,,0,
HGNC:9091,PLS3,plastin 3,ndd_only,,T1,ndd_no_documented_epilepsy,3,g2p_dd;orphadata_genes;sysndd,391330,300131,MONDO:0018315,0,
HGNC:9100,PLXNA2,plexin A2,ndd_only,,T2,ndd_no_documented_epilepsy,3,panelapp_au_id;panelapp_ge_id;sysndd,,601054,,0,
HGNC:9101,PLXNA3,plexin A3,ndd_only,,T1,ndd_no_documented_epilepsy,2,sfari;sysndd,,300022,,0,
HGNC:9102,PLXNA4,plexin A4,ndd_only,,T2,ndd_no_documented_epilepsy,1,sfari,,604280,,0,
HGNC:9103,PLXNB1,plexin B1,ndd_only,,T2,ndd_no_documented_epilepsy,2,sfari;sysndd,,601053,,0,
HGNC:9104,PLXNB2,plexin B2,ndd_only,,T1,ndd_no_documented_epilepsy,4,g2p_dd;panelapp_au_id;panelapp_ge_id;sysndd,,604293,,0,
HGNC:9105,PLXNB3,plexin B3,ndd_only,,T3,ndd_no_documented_epilepsy,1,panelapp_ge_id,,300214,,0,
HGNC:9107,PLXND1,plexin D1,ndd_only,,T1,ndd_no_documented_epilepsy,3,g2p_dd;orphadata_genes;sysndd,3384;570,604282,MONDO:0008006;MONDO:0018072,0,
HGNC:9118,PMP22,peripheral myelin protein 22,ndd_only,,T1,ndd_no_documented_epilepsy,3,clingen;orphadata_genes;panelapp_ge_id,101081;3115;640;64748;90658;98916,601097,MONDO:0007309;MONDO:0007311;MONDO:0007790;MONDO:0008087;MONDO:0008392;MONDO:0020347,0,
HGNC:18667,PMPCA,"peptidase, mitochondrial processing subunit alpha",ndd_only,,T1,ndd_no_documented_epilepsy,5,clingen;orphadata_genes;panelapp_au_id;panelapp_ge_id;sysndd,1170,613036,MONDO:0008943,0,
HGNC:9122,PMS2,"PMS1 homolog 2, mismatch repair system component",ndd_only,,T1,ndd_no_documented_epilepsy,4,clingen;g2p_dd;orphadata_genes;panelapp_ge_id,144;252202,600259,MONDO:0005835;MONDO:0031219,0,
HGNC:21222,PNISR,PNN interacting serine and arginine rich protein,ndd_only,,T3,ndd_no_documented_epilepsy,1,sysndd,,616653,,0,
HGNC:9153,PNKD,PNKD metallo-beta-lactamase domain containing,ndd_only,,T3,ndd_no_documented_epilepsy,2,orphadata_genes;panelapp_ge_id,98810,609023,MONDO:0700088,0,
HGNC:7892,PNP,purine nucleoside phosphorylase,ndd_only,,T1,ndd_no_documented_epilepsy,5,clingen;orphadata_genes;panelapp_au_id;panelapp_ge_id;sysndd,760,164050,MONDO:0013171,0,
HGNC:21246,PNPLA1,"patatin like domain 1, omega-hydroxyceramide transacylase ",ndd_only,,T1,ndd_no_documented_epilepsy,2,g2p_dd;orphadata_genes,79394,612121,MONDO:0019306,0,
HGNC:30802,PNPLA2,"patatin like domain 2, triacylglycerol lipase",ndd_only,,T1,ndd_no_documented_epilepsy,3,clingen;g2p_dd;orphadata_genes,565612;98908,609059,MONDO:0012545;MONDO:0035423,0,
HGNC:16268,PNPLA6,"patatin like domain 6, lysophospholipase ",ndd_only,,T1,ndd_no_documented_epilepsy,6,clingen;g2p_dd;orphadata_genes;panelapp_au_id;panelapp_ge_id;sysndd,1173;1180;139480;2377;3363,603197,MONDO:0008935;MONDO:0008980;MONDO:0009514;MONDO:0010152;MONDO:0012787,0,
HGNC:24768,PNPLA7,"patatin like domain 7, lysophospholipase",ndd_only,,T2,ndd_no_documented_epilepsy,1,sfari,,612122,,0,
HGNC:24488,POC1A,POC1 centriolar protein A,ndd_only,,T1,ndd_no_documented_epilepsy,5,g2p_dd;orphadata_genes;panelapp_au_id;panelapp_ge_id;sysndd,314394,614783,MONDO:0013894,0,
HGNC:30836,POC1B,POC1 centriolar protein B,ndd_only,,T1,ndd_no_documented_epilepsy,4,clingen;g2p_dd;orphadata_genes;panelapp_ge_id,1872,614784,MONDO:0015993,0,
HGNC:14988,POFUT1,protein O-fucosyltransferase 1,ndd_only,,T1,ndd_no_documented_epilepsy,3,clingen;orphadata_genes;sysndd,79145,607491,MONDO:0008371,0,
HGNC:22954,POGLUT1,protein O-glucosyltransferase 1,ndd_only,,T1,ndd_no_documented_epilepsy,3,clingen;orphadata_genes;panelapp_ge_id,480682;79145,615618,MONDO:0008371;MONDO:0014977,0,
HGNC:9173,POLA1,"DNA polymerase alpha 1, catalytic subunit",ndd_only,,T1,ndd_no_documented_epilepsy,6,clingen;g2p_dd;orphadata_genes;panelapp_au_id;panelapp_ge_id;sysndd,163976;85453,312040,MONDO:0010523;MONDO:0015601,0,
HGNC:30073,POLA2,"DNA polymerase alpha 2, accessory subunit",ndd_only,,T2,ndd_no_documented_epilepsy,1,sfari,,620063,,0,
HGNC:9175,POLD1,"DNA polymerase delta 1, catalytic subunit",ndd_only,,T1,ndd_no_documented_epilepsy,5,clingen;g2p_dd;orphadata_genes;panelapp_au_id;panelapp_ge_id,363649;440437;447877;718047,174761,MONDO:0014157;MONDO:0018604;MONDO:0018653,0,
HGNC:9176,POLD2,"DNA polymerase delta 2, accessory subunit",ndd_only,,T3,ndd_no_documented_epilepsy,3,clingen;orphadata_genes;panelapp_au_id,718047,600815,,0,
HGNC:20932,POLD3,"DNA polymerase delta 3, accessory subunit",ndd_only,,T3,ndd_no_documented_epilepsy,2,clingen;sysndd,,611415,,0,
HGNC:9177,POLE,"DNA polymerase epsilon, catalytic subunit",ndd_only,,T1,ndd_no_documented_epilepsy,3,clingen;g2p_dd;orphadata_genes,352712;440437;447877;85173,174762,MONDO:0013873;MONDO:0014058;MONDO:0018604;MONDO:0018653,0,
HGNC:20194,POLR1C,RNA polymerase I and III subunit C,ndd_only,,T1,ndd_no_documented_epilepsy,6,clingen;g2p_dd;orphadata_genes;panelapp_au_id;panelapp_ge_id;sysndd,861;88637,610060,MONDO:0002457;MONDO:0019505,0,
HGNC:20422,POLR1D,RNA polymerase I and III subunit D,ndd_only,,T1,ndd_no_documented_epilepsy,4,clingen;g2p_dd;orphadata_genes;panelapp_ge_id,861,613715,MONDO:0002457,0,
HGNC:9187,POLR2A,RNA polymerase II subunit A,ndd_only,,T1,ndd_no_documented_epilepsy,7,clingen;g2p_dd;orphadata_genes;panelapp_au_id;panelapp_ge_id;sfari;sysndd,708208,180660,,0,
HGNC:30074,POLR3A,RNA polymerase III subunit A,ndd_only,,T1,ndd_no_documented_epilepsy,7,clingen;g2p_dd;orphadata_genes;panelapp_au_id;panelapp_ge_id;sfari;sysndd,137639;3455;447893;447896;77295;88637,614258,MONDO:0009910;MONDO:0018655;MONDO:0018656;MONDO:0019177;MONDO:0019505;MONDO:0100600,0,
HGNC:1080,POLR3D,RNA polymerase III subunit D,ndd_only,,T3,ndd_no_documented_epilepsy,1,panelapp_au_id,,187280,,0,
HGNC:28466,POLR3GL,RNA polymerase III subunit GL,ndd_only,,T3,ndd_no_documented_epilepsy,2,g2p_dd;sysndd,,617457,,0,
HGNC:14121,POLR3K,RNA polymerase III subunit K,ndd_only,,T2,ndd_no_documented_epilepsy,3,clingen;panelapp_au_id;sysndd,,606007,,0,
HGNC:9200,POLRMT,RNA polymerase mitochondrial,ndd_only,,T1,ndd_no_documented_epilepsy,3,panelapp_au_id;panelapp_ge_id;sysndd,,601778,,0,
HGNC:20330,POMP,proteasome maturation protein,ndd_only,,T3,ndd_no_documented_epilepsy,2,g2p_dd;orphadata_genes,281201,613386,MONDO:0011169,0,
HGNC:9204,PON1,paraoxonase 1,ndd_only,,T2,ndd_no_documented_epilepsy,1,sfari,,168820,,0,
HGNC:9206,PON3,paraoxonase 3,ndd_only,,T3,ndd_no_documented_epilepsy,1,panelapp_au_id,,602720,,0,
HGNC:30129,POP1,POP1 ribonuclease P/MRP subunit,ndd_only,,T1,ndd_no_documented_epilepsy,4,g2p_dd;orphadata_genes;panelapp_au_id;sysndd,93347,602486,MONDO:0011773,0,
HGNC:9208,POR,cytochrome p450 oxidoreductase,ndd_only,,T1,ndd_no_documented_epilepsy,3,clingen;orphadata_genes;sysndd,63269;95699,124015,MONDO:0008726;MONDO:0013310,0,
HGNC:17652,PORCN,porcupine O-acyltransferase,ndd_only,,T1,ndd_no_documented_epilepsy,6,clingen;g2p_dd;orphadata_genes;panelapp_au_id;panelapp_ge_id;sysndd,2092;98938,300651,MONDO:0000170;MONDO:0010592,0,
HGNC:17284,POT1,protection of telomeres 1,ndd_only,,T1,ndd_no_documented_epilepsy,4,clingen;g2p_dd;orphadata_genes;sfari,251627;251630;618;67038,606478,MONDO:0004948;MONDO:0016695;MONDO:0016696;MONDO:0018961,0,
HGNC:9210,POU1F1,POU class 1 homeobox 1,ndd_only,,T1,ndd_no_documented_epilepsy,5,g2p_dd;orphadata_genes;panelapp_au_id;panelapp_ge_id;sysndd,226307;231679;95494,173110,MONDO:0008250;MONDO:0013099;MONDO:0016411,0,
HGNC:9215,POU3F2,POU class 3 homeobox 2,ndd_only,,T1,ndd_no_documented_epilepsy,3,panelapp_au_id;panelapp_ge_id;sysndd,,600494,,0,
HGNC:9218,POU4F1,POU class 4 homeobox 1,ndd_only,,T1,ndd_no_documented_epilepsy,3,g2p_dd;orphadata_genes;sysndd,314647,601632,MONDO:0013886,0,
HGNC:28883,PPA2,inorganic pyrophosphatase 2,ndd_only,,T1,ndd_no_documented_epilepsy,3,clingen;g2p_dd;panelapp_ge_id,,609988,,0,
HGNC:9237,PPARGC1A,PPARG coactivator 1 alpha,ndd_only,,T3,ndd_no_documented_epilepsy,1,sysndd,,604517,,0,
HGNC:9245,PPFIA1,PPFI scaffold protein A1,ndd_only,,T2,ndd_no_documented_epilepsy,2,sfari;sysndd,,611054,,0,
HGNC:9246,PPFIA2,PPFI scaffold protein A2,ndd_only,,T1,ndd_no_documented_epilepsy,2,panelapp_au_id;sysndd,,603143,,0,
HGNC:9257,PPID,peptidylprolyl isomerase D,ndd_only,,T3,ndd_no_documented_epilepsy,1,panelapp_au_id,,601753,,0,
HGNC:9277,PPM1D,"protein phosphatase, Mg2+/Mn2+ dependent 1D",ndd_only,,T1,ndd_no_documented_epilepsy,7,clingen;g2p_dd;orphadata_genes;panelapp_au_id;panelapp_ge_id;sfari;sysndd,653767,605100,MONDO:0044318,0,
HGNC:25415,PPM1K,"protein phosphatase, Mg2+/Mn2+ dependent 1K",ndd_only,,T2,ndd_no_documented_epilepsy,4,clingen;g2p_dd;orphadata_genes;panelapp_au_id,268162,611065,MONDO:0017052,0,
HGNC:9280,PPOX,protoporphyrinogen oxidase,ndd_only,,T1,ndd_with_epilepsy,6,clingen;orphadata_genes;panelapp_au_id;panelapp_ge_epilepsy;panelapp_ge_id;sysndd,79473,600923,MONDO:0008297,0,
HGNC:9282,PPP1CB,protein phosphatase 1 catalytic subunit beta,ndd_only,,T1,ndd_with_epilepsy,7,clingen;g2p_dd;orphadata_genes;panelapp_au_epilepsy;panelapp_au_id;panelapp_ge_id;sysndd,2701,600590,MONDO:0011899,0,
HGNC:7618,PPP1R12A,protein phosphatase 1 regulatory subunit 12A,ndd_only,,T1,ndd_no_documented_epilepsy,5,clingen;g2p_dd;panelapp_au_id;panelapp_ge_id;sysndd,,602021,,0,
HGNC:18838,PPP1R13L,protein phosphatase 1 regulatory subunit 13 like,ndd_only,,T1,ndd_no_documented_epilepsy,2,clingen;g2p_dd,,607463,,0,
HGNC:14951,PPP1R15B,protein phosphatase 1 regulatory subunit 15B,ndd_only,,T1,ndd_no_documented_epilepsy,5,g2p_dd;orphadata_genes;panelapp_au_id;panelapp_ge_id;sysndd,391408,613257,MONDO:0018320,0,
HGNC:9287,PPP1R1B,protein phosphatase 1 regulatory inhibitor subunit 1B,ndd_only,,T2,ndd_no_documented_epilepsy,3,panelapp_ge_id;sfari;sysndd,,604399,,0,
HGNC:9288,PPP1R2,protein phosphatase 1 regulatory inhibitor subunit 2,ndd_only,,T3,ndd_no_documented_epilepsy,1,panelapp_au_id,,601792,,0,
HGNC:30595,PPP1R21,protein phosphatase 1 regulatory subunit 21,ndd_only,,T1,ndd_no_documented_epilepsy,5,clingen;g2p_dd;panelapp_au_id;panelapp_ge_id;sysndd,,618159,,0,
HGNC:28320,PPP1R35,protein phosphatase 1 regulatory subunit 35,ndd_only,,T3,ndd_no_documented_epilepsy,1,sysndd,,618937,,0,
HGNC:14944,PPP1R3F,protein phosphatase 1 regulatory subunit 3F,ndd_only,,T1,ndd_with_epilepsy,6,g2p_dd;panelapp_au_epilepsy;panelapp_au_id;panelapp_ge_epilepsy;panelapp_ge_id;sysndd,,301104,,0,
HGNC:9298,PPP1R9B,protein phosphatase 1 regulatory subunit 9B,ndd_only,,T2,ndd_no_documented_epilepsy,2,sfari;sysndd,,603325,,0,
HGNC:9303,PPP2R1B,protein phosphatase 2 scaffold subunit Abeta,ndd_only,,T2,ndd_no_documented_epilepsy,1,sfari,,603113,,0,
HGNC:9305,PPP2R2B,protein phosphatase 2 regulatory subunit Bbeta,ndd_only,,T1,ndd_with_epilepsy,7,g2p_dd;orphadata_genes;panelapp_au_epilepsy;panelapp_au_id;panelapp_ge_epilepsy;panelapp_ge_id;sysndd,98762,604325,MONDO:0011439,0,
HGNC:9309,PPP2R5A,protein phosphatase 2 regulatory subunit B'alpha,ndd_only,,T3,ndd_no_documented_epilepsy,1,sysndd,,601643,,0,
HGNC:9310,PPP2R5B,protein phosphatase 2 regulatory subunit B'beta,ndd_only,,T3,ndd_no_documented_epilepsy,1,sysndd,,601644,,0,
HGNC:9313,PPP2R5E,protein phosphatase 2 regulatory subunit B'epsilon,ndd_only,,T3,ndd_no_documented_epilepsy,2,panelapp_au_id;sysndd,,601647,,0,
HGNC:9322,PPP5C,protein phosphatase 5 catalytic subunit,ndd_only,,T2,ndd_no_documented_epilepsy,3,panelapp_au_id;sfari;sysndd,,600658,,0,
HGNC:30025,PPRC1,PPARG related coactivator 1,ndd_only,,T3,ndd_no_documented_epilepsy,1,sysndd,,617462,,0,
HGNC:9330,PQBP1,polyglutamine binding protein 1,ndd_only,,T1,ndd_no_documented_epilepsy,6,clingen;g2p_dd;orphadata_genes;panelapp_au_id;panelapp_ge_id;sysndd,93945;93946;93947;93950,300463,MONDO:0019766;MONDO:0019767;MONDO:0019768;MONDO:0019769,0,
HGNC:9339,PRB3,proline rich protein BstNI subfamily 3,ndd_only,,T3,ndd_no_documented_epilepsy,1,sysndd,,168840,,0,
HGNC:13997,PRDM12,PR/SET domain 12,ndd_only,,T1,ndd_no_documented_epilepsy,3,g2p_dd;orphadata_genes;panelapp_ge_id,478664,616458,MONDO:0014662,0,
HGNC:13998,PRDM13,PR/SET domain 13,ndd_only,,T1,ndd_no_documented_epilepsy,5,g2p_dd;orphadata_genes;panelapp_au_id;panelapp_ge_id;sysndd,728521,616741,,0,
HGNC:13999,PRDM15,PR/SET domain 15,ndd_only,,T1,ndd_no_documented_epilepsy,2,g2p_dd;sysndd,,617692,,0,
HGNC:9350,PRDM6,PR/SET domain 6,ndd_only,,T3,ndd_no_documented_epilepsy,2,g2p_dd;orphadata_genes,466729,616982,MONDO:0011827,0,
HGNC:9354,PRDX3,peroxiredoxin 3,ndd_only,,T2,ndd_no_documented_epilepsy,2,g2p_dd;sysndd,,604769,,0,
HGNC:17169,PRDX4,peroxiredoxin 4,ndd_only,,T3,ndd_no_documented_epilepsy,1,panelapp_ge_id,,300927,,0,
HGNC:9358,PREP,prolyl endopeptidase,ndd_only,,T1,ndd_with_epilepsy,3,panelapp_au_epilepsy;panelapp_au_id;sysndd,,600400,,0,
HGNC:30228,PREPL,prolyl endopeptidase like,ndd_only,,T1,ndd_no_documented_epilepsy,5,g2p_dd;orphadata_genes;panelapp_au_id;panelapp_ge_id;sysndd,163690;163693;238523;369881;716893,609557,MONDO:0011669;MONDO:0015583;MONDO:0016539;MONDO:0018245,0,
HGNC:32594,PREX1,"phosphatidylinositol-3,4,5-trisphosphate dependent Rac exchange factor 1",ndd_only,,T2,ndd_with_epilepsy,3,panelapp_au_epilepsy;panelapp_au_id;sfari,,606905,,0,
HGNC:9360,PRF1,perforin 1,ndd_only,,T1,ndd_no_documented_epilepsy,3,clingen;orphadata_genes;panelapp_au_id,391343;540;88,170280,MONDO:0012197;MONDO:0015541;MONDO:0018316,0,
HGNC:17019,PRICKLE1,prickle planar cell polarity protein 1,ndd_only,,T2,ndd_with_epilepsy,8,clingen;orphadata_genes;panelapp_au_epilepsy;panelapp_au_id;panelapp_ge_epilepsy;panelapp_ge_id;sfari;sysndd,308,608500,MONDO:0009698,0,
HGNC:20340,PRICKLE2,prickle planar cell polarity protein 2,ndd_only,,T1,ndd_with_epilepsy,8,clingen;orphadata_genes;panelapp_au_epilepsy;panelapp_au_id;panelapp_ge_epilepsy;panelapp_ge_id;sfari;sysndd,178469;402082,608501,MONDO:0011835;MONDO:0015802,0,
HGNC:6645,PRICKLE3,prickle planar cell polarity protein 3,ndd_only,,T3,ndd_no_documented_epilepsy,1,panelapp_ge_id,,300111,,0,
HGNC:9369,PRIM1,DNA primase subunit 1,ndd_only,,T1,ndd_no_documented_epilepsy,3,clingen;g2p_dd;orphadata_genes,718037,176635,,0,
HGNC:9380,PRKACA,protein kinase cAMP-activated catalytic subunit alpha,ndd_only,,T1,ndd_no_documented_epilepsy,3,g2p_dd;orphadata_genes;sysndd,289;401920,601639,MONDO:0006210;MONDO:0009162,0,
HGNC:9381,PRKACB,protein kinase cAMP-activated catalytic subunit beta,ndd_only,,T1,ndd_no_documented_epilepsy,5,g2p_dd;orphadata_genes;panelapp_au_id;panelapp_ge_id;sysndd,289,176892,MONDO:0009162,0,
HGNC:9388,PRKAR1A,protein kinase cAMP-dependent type I regulatory subunit alpha,ndd_only,,T1,ndd_no_documented_epilepsy,5,clingen;g2p_dd;orphadata_genes;panelapp_au_id;panelapp_ge_id,1359;1501;520;615;647772;950,188830,MONDO:0006639;MONDO:0009719;MONDO:0012883;MONDO:0015285;MONDO:0019797;MONDO:0958262,0,
HGNC:9390,PRKAR1B,protein kinase cAMP-dependent type I regulatory subunit beta,ndd_only,,T1,ndd_no_documented_epilepsy,6,g2p_dd;orphadata_genes;panelapp_au_id;panelapp_ge_id;sfari;sysndd,412066;692173,176911,MONDO:0018475;MONDO:0859214,0,
HGNC:9392,PRKAR2B,protein kinase cAMP-dependent type II regulatory subunit beta,ndd_only,,T3,ndd_no_documented_epilepsy,1,sysndd,,176912,,0,
HGNC:9393,PRKCA,protein kinase C alpha,ndd_only,,T2,ndd_no_documented_epilepsy,2,sfari;sysndd,,176960,,0,
HGNC:9395,PRKCB,protein kinase C beta,ndd_only,,T2,ndd_no_documented_epilepsy,1,sfari,,176970,,0,
HGNC:9402,PRKCG,protein kinase C gamma,ndd_only,,T1,ndd_no_documented_epilepsy,3,orphadata_genes;panelapp_ge_id;sysndd,98763,176980,MONDO:0011540,0,
HGNC:9404,PRKCI,protein kinase C iota,ndd_only,,T1,ndd_no_documented_epilepsy,1,sysndd,,600539,,0,
HGNC:9407,PRKD1,protein kinase D1,ndd_only,,T1,ndd_no_documented_epilepsy,7,clingen;g2p_dd;orphadata_genes;panelapp_au_id;panelapp_ge_id;sfari;sysndd,276145;708019,605435,MONDO:0017167,0,
HGNC:17293,PRKD2,protein kinase D2,ndd_only,,T2,ndd_no_documented_epilepsy,1,sfari,,607074,,0,
HGNC:9413,PRKDC,"protein kinase, DNA-activated, catalytic subunit",ndd_only,,T1,ndd_no_documented_epilepsy,5,clingen;orphadata_genes;panelapp_au_id;sfari;sysndd,317425,600899,MONDO:0014423,0,
HGNC:9416,PRKG2,protein kinase cGMP-dependent 2,ndd_only,,T1,ndd_no_documented_epilepsy,1,g2p_dd,,601591,,0,
HGNC:8607,PRKN,parkin RBR E3 ubiquitin protein ligase,ndd_only,,T1,ndd_no_documented_epilepsy,6,clingen;orphadata_genes;panelapp_au_id;panelapp_ge_id;sfari;sysndd,2828,602544,MONDO:0017279,0,
HGNC:9438,PRKRA,protein activator of interferon induced protein kinase EIF2AK2,ndd_only,,T1,ndd_no_documented_epilepsy,4,orphadata_genes;panelapp_au_id;panelapp_ge_id;sysndd,210571,603424,MONDO:0012789,0,
HGNC:5187,PRMT1,protein arginine methyltransferase 1,ndd_only,,T2,ndd_no_documented_epilepsy,1,panelapp_au_id,,602950,,0,
HGNC:28600,PROCA1,protein interacting with cyclin A1,ndd_only,,T3,ndd_no_documented_epilepsy,1,sysndd,,617376,,0,
HGNC:15836,PROKR2,prokineticin receptor 2,ndd_only,,T1,ndd_no_documented_epilepsy,3,clingen;orphadata_genes;sysndd,3157;432;478;95496,607123,MONDO:0008428;MONDO:0018555;MONDO:0018800;MONDO:0019828,0,
HGNC:9455,PROP1,PROP paired-like homeobox 1,ndd_only,,T1,ndd_no_documented_epilepsy,3,g2p_dd;orphadata_genes;panelapp_ge_id,226307;90695;95494,601538,MONDO:0013099;MONDO:0016411;MONDO:0019591,0,
HGNC:19958,PRORP,protein only RNase P catalytic subunit,ndd_only,,T1,ndd_no_documented_epilepsy,5,clingen;g2p_dd;orphadata_genes;panelapp_au_id;sysndd,642945;642976,609947,MONDO:0009300;MONDO:0013972,0,
HGNC:20291,PROSER1,proline and serine rich 1,ndd_only,,T1,ndd_no_documented_epilepsy,3,g2p_dd;panelapp_au_id;sysndd,,620773,,0,
HGNC:26715,PROX2,prospero homeobox 2,ndd_only,,T3,ndd_no_documented_epilepsy,2,panelapp_ge_id;sysndd,,615094,,0,
HGNC:17351,PRPF18,pre-mRNA processing factor 18,ndd_only,,T3,ndd_no_documented_epilepsy,1,sysndd,,604993,,0,
HGNC:17896,PRPF19,pre-mRNA processing factor 19,ndd_only,,T1,ndd_no_documented_epilepsy,4,g2p_dd;panelapp_au_id;sfari;sysndd,,608330,,0,
HGNC:20314,PRPF39,pre-mRNA processing factor 39,ndd_only,,T2,ndd_no_documented_epilepsy,1,sfari,,614907,,0,
HGNC:9462,PRPS1,phosphoribosyl pyrophosphate synthetase 1,ndd_only,,T1,ndd_no_documented_epilepsy,6,clingen;g2p_dd;orphadata_genes;panelapp_au_id;panelapp_ge_id;sysndd,1187;411536;411543;423479;90625;99014,311850,MONDO:0010533;MONDO:0010699;MONDO:0018463;MONDO:0018464;MONDO:0018495;MONDO:0019586,0,
HGNC:29217,PRR12,proline rich 12,ndd_only,,T1,ndd_no_documented_epilepsy,7,clingen;g2p_dd;orphadata_genes;panelapp_au_id;panelapp_ge_id;sfari;sysndd,659904,616633,MONDO:0971007,0,
HGNC:28738,PRR14L,proline rich 14 like,ndd_only,,T2,ndd_no_documented_epilepsy,1,sfari,,621035,,0,
HGNC:37230,PRR25,proline rich 25,ndd_only,,T3,ndd_no_documented_epilepsy,1,sfari,,,,0,
HGNC:9469,PRRG1,proline rich and Gla domain 1,ndd_only,,T3,ndd_no_documented_epilepsy,1,panelapp_ge_id,,300935,,0,
HGNC:30798,PRRG3,proline rich and Gla domain 3,ndd_only,,T3,ndd_no_documented_epilepsy,1,panelapp_ge_id,,300685,,0,
HGNC:9142,PRRX1,paired related homeobox 1,ndd_only,,T2,ndd_no_documented_epilepsy,4,g2p_dd;orphadata_genes;panelapp_au_id;sysndd,990,167420,MONDO:0008740,0,
HGNC:9477,PRSS12,serine protease 12,ndd_only,,T1,ndd_no_documented_epilepsy,6,clingen;g2p_dd;orphadata_genes;panelapp_au_id;panelapp_ge_id;sysndd,88616,606709,MONDO:0019502,0,
HGNC:39433,PRSS56,serine protease 56,ndd_only,,T1,ndd_no_documented_epilepsy,4,clingen;g2p_dd;orphadata_genes;panelapp_ge_id,35612,613858,MONDO:0005514,0,
HGNC:25209,PRUNE2,prune homolog 2 with BCH domain,ndd_only,,T2,ndd_no_documented_epilepsy,1,sfari,,610691,,0,
HGNC:13797,PRX,periaxin,ndd_only,,T1,ndd_no_documented_epilepsy,4,clingen;orphadata_genes;panelapp_au_id;panelapp_ge_id,64748;99952,605725,MONDO:0007790;MONDO:0013959,0,
HGNC:19093,PSD3,pleckstrin and Sec7 domain containing 3,ndd_only,,T2,ndd_no_documented_epilepsy,2,clingen;sfari,,614440,,0,
HGNC:9508,PSEN1,presenilin 1,ndd_only,,T3,ndd_no_documented_epilepsy,3,clingen;orphadata_genes;panelapp_ge_id,100069;100070;1020;154;275864,104311,MONDO:0010857;MONDO:0015059;MONDO:0015140;MONDO:0017160;MONDO:0700335,0,
HGNC:9529,PSKH1,protein serine kinase H1,ndd_only,,T2,ndd_no_documented_epilepsy,1,g2p_dd,,177015,,0,
HGNC:9536,PSMA7,proteasome 20S subunit alpha 7,ndd_only,,T3,ndd_no_documented_epilepsy,2,panelapp_ge_id;sysndd,,606607,,0,
HGNC:9537,PSMB1,proteasome 20S subunit beta 1,ndd_only,,T2,ndd_no_documented_epilepsy,2,panelapp_au_id;sysndd,,602017,,0,
HGNC:9545,PSMB8,proteasome 20S subunit beta 8,ndd_only,,T1,ndd_with_epilepsy,4,g2p_dd;orphadata_genes;panelapp_ge_epilepsy;panelapp_ge_id,324977,177046,MONDO:0009726,0,
HGNC:9547,PSMC1,"proteasome 26S subunit, ATPase 1",ndd_only,,T3,ndd_no_documented_epilepsy,3,g2p_dd;panelapp_au_id;sysndd,,602706,,0,
HGNC:9549,PSMC3,"proteasome 26S subunit, ATPase 3",ndd_only,,T1,ndd_no_documented_epilepsy,4,g2p_dd;panelapp_au_id;panelapp_ge_id;sysndd,,186852,,0,
HGNC:9555,PSMD10,"proteasome 26S subunit, non-ATPase 10",ndd_only,,T3,ndd_no_documented_epilepsy,1,panelapp_ge_id,,300880,,0,
HGNC:9556,PSMD11,"proteasome 26S subunit, non-ATPase 11",ndd_only,,T1,ndd_no_documented_epilepsy,4,g2p_dd;panelapp_au_id;sfari;sysndd,,604449,,0,
HGNC:9557,PSMD12,"proteasome 26S subunit, non-ATPase 12",ndd_only,,T1,ndd_no_documented_epilepsy,7,clingen;g2p_dd;orphadata_genes;panelapp_au_id;panelapp_ge_id;sfari;sysndd,528084;529962,604450,MONDO:0035151;MONDO:0100038,0,
HGNC:9561,PSMD4,"proteasome 26S subunit ubiquitin receptor, non-ATPase 4",ndd_only,,T3,ndd_no_documented_epilepsy,1,sysndd,,601648,,0,
HGNC:9564,PSMD6,"proteasome 26S subunit, non-ATPase 6",ndd_only,,T2,ndd_no_documented_epilepsy,1,sfari,,617857,,0,
HGNC:9571,PSMF1,proteasome inhibitor subunit 1,ndd_only,,T1,ndd_no_documented_epilepsy,2,panelapp_au_id;sysndd,,617858,,0,
HGNC:21108,PSMG4,proteasome assembly chaperone 4,ndd_only,,T3,ndd_no_documented_epilepsy,1,sysndd,,617550,,0,
HGNC:17662,PTBP2,polypyrimidine tract binding protein 2,ndd_only,,T2,ndd_no_documented_epilepsy,3,panelapp_au_id;sfari;sysndd,,608449,,0,
HGNC:24717,PTCD3,pentatricopeptide repeat domain 3,ndd_only,,T1,ndd_with_epilepsy,4,clingen;panelapp_au_id;panelapp_ge_epilepsy;sysndd,,614918,,0,
HGNC:26392,PTCHD1,patched domain containing 1,ndd_only,,T1,ndd_no_documented_epilepsy,7,clingen;g2p_dd;orphadata_genes;panelapp_au_id;panelapp_ge_id;sfari;sysndd,777,300828,MONDO:0019181,0,
HGNC:37703,PTCHD1-AS,PTCHD1 and PHEX antisense RNA,ndd_only,,T2,ndd_no_documented_epilepsy,1,sfari,,301140,,0,
HGNC:9587,PTDSS1,phosphatidylserine synthase 1,ndd_only,,T1,ndd_no_documented_epilepsy,6,g2p_dd;orphadata_genes;panelapp_au_id;panelapp_ge_id;sfari;sysndd,2658,612792,MONDO:0007892,0,
HGNC:9605,PTGS2,prostaglandin-endoperoxide synthase 2,ndd_only,,T2,ndd_no_documented_epilepsy,1,sfari,,600262,,0,
HGNC:9606,PTH,parathyroid hormone,ndd_only,,T1,ndd_no_documented_epilepsy,2,g2p_dd;orphadata_genes,189466,168450,MONDO:0016000,0,
HGNC:9608,PTH1R,parathyroid hormone 1 receptor,ndd_only,,T1,ndd_no_documented_epilepsy,3,g2p_dd;orphadata_genes;panelapp_ge_id,296;33067;412206;50945;79106,168468,MONDO:0007434;MONDO:0007982;MONDO:0008145;MONDO:0008970;MONDO:0010803,0,
HGNC:9609,PTH2R,parathyroid hormone 2 receptor,ndd_only,,T3,ndd_no_documented_epilepsy,1,sysndd,,601469,,0,
HGNC:9607,PTHLH,parathyroid hormone like hormone,ndd_only,,T1,ndd_no_documented_epilepsy,3,g2p_dd;orphadata_genes;panelapp_ge_id,93387,168470,MONDO:0019677,0,
HGNC:9618,PTK7,protein tyrosine kinase 7 (inactive),ndd_only,,T2,ndd_no_documented_epilepsy,2,sfari;sysndd,,601890,,0,
HGNC:9308,PTPA,protein phosphatase 2 phosphatase activator,ndd_only,,T2,ndd_no_documented_epilepsy,3,panelapp_au_id;panelapp_ge_id;sysndd,,600756,,0,
HGNC:9642,PTPN1,protein tyrosine phosphatase non-receptor type 1,ndd_only,,T2,ndd_no_documented_epilepsy,2,panelapp_au_id;panelapp_ge_id,,176885,,0,
HGNC:9644,PTPN11,protein tyrosine phosphatase non-receptor type 11,ndd_only,,T1,ndd_no_documented_epilepsy,7,clingen;g2p_dd;orphadata_genes;panelapp_au_id;panelapp_ge_id;sfari;sysndd,2499;500;648;86834,176876,MONDO:0007893;MONDO:0007979;MONDO:0011908;MONDO:0018997,1,RASopathies Network
HGNC:9647,PTPN14,protein tyrosine phosphatase non-receptor type 14,ndd_only,,T1,ndd_no_documented_epilepsy,2,g2p_dd;orphadata_genes,99141,603155,MONDO:0013324,0,
HGNC:9651,PTPN21,protein tyrosine phosphatase non-receptor type 21,ndd_only,,T3,ndd_no_documented_epilepsy,1,panelapp_ge_id,,603271,,0,
HGNC:9656,PTPN4,protein tyrosine phosphatase non-receptor type 4,ndd_only,,T1,ndd_no_documented_epilepsy,4,panelapp_au_id;panelapp_ge_id;sfari;sysndd,,176878,,0,
HGNC:9665,PTPRB,protein tyrosine phosphatase receptor type B,ndd_only,,T2,ndd_no_documented_epilepsy,1,sfari,,176882,,0,
HGNC:9666,PTPRC,protein tyrosine phosphatase receptor type C,ndd_only,,T1,ndd_no_documented_epilepsy,3,clingen;orphadata_genes;sfari,169157,151460,MONDO:0015702,0,
HGNC:9668,PTPRD,protein tyrosine phosphatase receptor type D,ndd_only,,T2,ndd_no_documented_epilepsy,3,panelapp_au_id;sfari;sysndd,,601598,,0,
HGNC:9670,PTPRF,protein tyrosine phosphatase receptor type F,ndd_only,,T3,ndd_no_documented_epilepsy,2,g2p_dd;orphadata_genes,180188,179590,MONDO:0015855,0,
HGNC:9671,PTPRG,protein tyrosine phosphatase receptor type G,ndd_only,,T2,ndd_no_documented_epilepsy,1,panelapp_au_id,,176886,,0,
HGNC:9674,PTPRK,protein tyrosine phosphatase receptor type K,ndd_only,,T3,ndd_no_documented_epilepsy,1,sysndd,,602545,,0,
HGNC:9681,PTPRS,protein tyrosine phosphatase receptor type S,ndd_only,,T3,ndd_no_documented_epilepsy,1,sfari,,601576,,0,
HGNC:9682,PTPRT,protein tyrosine phosphatase receptor type T,ndd_only,,T2,ndd_no_documented_epilepsy,2,sfari;sysndd,,608712,,0,
HGNC:24265,PTRH2,peptidyl-tRNA hydrolase 2,ndd_only,,T1,ndd_no_documented_epilepsy,5,g2p_dd;orphadata_genes;panelapp_au_id;panelapp_ge_id;sysndd,456312,608625,MONDO:8000012,0,
HGNC:33782,PTRHD1,peptidyl-tRNA hydrolase domain containing 1,ndd_only,,T1,ndd_no_documented_epilepsy,3,panelapp_au_id;panelapp_ge_id;sysndd,,617342,,0,
HGNC:16818,PUDP,pseudouridine 5'-phosphatase,ndd_only,,T3,ndd_no_documented_epilepsy,1,panelapp_ge_id,,306480,,0,
HGNC:14958,PUM2,pumilio RNA binding family member 2,ndd_only,,T3,ndd_no_documented_epilepsy,1,sysndd,,607205,,0,
HGNC:15508,PUS1,pseudouridine synthase 1,ndd_only,,T1,ndd_no_documented_epilepsy,6,clingen;g2p_dd;orphadata_genes;panelapp_au_id;panelapp_ge_id;sysndd,2598,608109,MONDO:0000863,0,
HGNC:26033,PUS7,pseudouridine synthase 7,ndd_only,,T1,ndd_no_documented_epilepsy,5,g2p_dd;orphadata_genes;panelapp_au_id;panelapp_ge_id;sysndd,528084,616261,MONDO:0100038,0,
HGNC:26914,PUSL1,pseudouridine synthase like 1,ndd_only,,T2,ndd_no_documented_epilepsy,1,panelapp_au_id,,,,0,
HGNC:9711,PWP2,PWP2 small subunit processome component,ndd_only,,T3,ndd_no_documented_epilepsy,1,sysndd,,601475,,0,
HGNC:14966,PXDN,peroxidasin,ndd_only,,T1,ndd_no_documented_epilepsy,4,clingen;g2p_dd;orphadata_genes;sfari,289499;699850,605158,MONDO:0010015;MONDO:0979353,0,
HGNC:9721,PYCR1,pyrroline-5-carboxylate reductase 1,ndd_only,,T1,ndd_no_documented_epilepsy,6,clingen;g2p_dd;orphadata_genes;panelapp_au_id;panelapp_ge_id;sysndd,2078;293633;357064,179035,MONDO:0009271;MONDO:0013051;MONDO:0013755,0,
HGNC:30262,PYCR2,pyrroline-5-carboxylate reductase 2,ndd_only,,T1,ndd_no_documented_epilepsy,5,g2p_dd;orphadata_genes;panelapp_au_id;panelapp_ge_id;sysndd,2512;481152,616406,MONDO:0014632;MONDO:0016660,0,
HGNC:9725,PYGL,glycogen phosphorylase L,ndd_only,,T1,ndd_no_documented_epilepsy,5,clingen;g2p_dd;orphadata_genes;panelapp_au_id;panelapp_ge_id,369,613741,MONDO:0009294,0,
HGNC:28894,PYHIN1,pyrin and HIN domain family member 1,ndd_only,,T2,ndd_no_documented_epilepsy,1,sfari,,612677,,0,
HGNC:26162,PYROXD1,pyridine nucleotide-disulphide oxidoreductase domain 1,ndd_only,,T1,ndd_no_documented_epilepsy,2,clingen;g2p_dd,,617220,,0,
HGNC:21100,QKI,"QKI, KH domain containing RNA binding",ndd_only,,T3,ndd_no_documented_epilepsy,3,g2p_dd;orphadata_genes;panelapp_ge_id,251671,609590,MONDO:0016705,0,
HGNC:15565,QRFPR,pyroglutamylated RFamide peptide receptor,ndd_only,,T3,ndd_no_documented_epilepsy,1,sysndd,,606925,,0,
HGNC:24713,QRICH1,glutamine rich 1,ndd_only,,T1,ndd_no_documented_epilepsy,7,clingen;g2p_dd;orphadata_genes;panelapp_au_id;panelapp_ge_id;sfari;sysndd,580940,617387,MONDO:0060707,0,
HGNC:21020,QRSL1,glutaminyl-tRNA amidotransferase subunit QRSL1,ndd_only,,T3,ndd_no_documented_epilepsy,2,orphadata_genes;sysndd,570491,617209,MONDO:0030006,0,
HGNC:26154,QSER1,glutamine and serine rich 1,ndd_only,,T2,ndd_no_documented_epilepsy,2,panelapp_au_id;sysndd,,619440,,0,
HGNC:20887,QTMAN,queuosine-tRNA mannosyltransferase,ndd_only,,T3,ndd_no_documented_epilepsy,1,sysndd,,610165,,0,
HGNC:9757,R3HDM1,R3H domain containing 1,ndd_only,,T3,ndd_no_documented_epilepsy,1,sysndd,,619474,,0,
HGNC:30267,RAB11FIP4,RAB11 family interacting protein 4,ndd_only,,T3,ndd_no_documented_epilepsy,1,sfari,,611999,,0,
HGNC:24845,RAB11FIP5,RAB11 family interacting protein 5,ndd_only,,T2,ndd_no_documented_epilepsy,1,sfari,,605536,,0,
HGNC:16524,RAB14,"RAB14, member RAS oncogene family",ndd_only,,T2,ndd_no_documented_epilepsy,4,g2p_dd;panelapp_au_id;panelapp_ge_id;sysndd,,612673,,0,
HGNC:9758,RAB1A,"RAB1A, member RAS oncogene family",ndd_only,,T1,ndd_no_documented_epilepsy,4,g2p_dd;orphadata_genes;panelapp_au_id;sysndd,717830,179508,,0,
HGNC:14263,RAB23,"RAB23, member RAS oncogene family",ndd_only,,T1,ndd_no_documented_epilepsy,6,clingen;g2p_dd;orphadata_genes;panelapp_au_id;panelapp_ge_id;sysndd,65759,606144,MONDO:0019012,0,
HGNC:9766,RAB27A,"RAB27A, member RAS oncogene family",ndd_only,,T1,ndd_no_documented_epilepsy,5,clingen;orphadata_genes;panelapp_au_id;panelapp_ge_id;sysndd,79477,603868,MONDO:0011872,0,
HGNC:9763,RAB2A,"RAB2A, member RAS oncogene family",ndd_only,,T2,ndd_no_documented_epilepsy,2,sfari;sysndd,,179509,,0,
HGNC:16519,RAB34,"RAB34, member RAS oncogene family",ndd_only,,T2,ndd_no_documented_epilepsy,1,g2p_dd,,610917,,0,
HGNC:9774,RAB35,"RAB35, member RAS oncogene family",ndd_only,,T3,ndd_no_documented_epilepsy,1,sysndd,,604199,,0,
HGNC:9777,RAB3A,"RAB3A, member RAS oncogene family",ndd_only,,T2,ndd_no_documented_epilepsy,3,panelapp_au_id;panelapp_ge_id;sysndd,,179490,,0,
HGNC:25410,RAB40AL,RAB40A like,ndd_only,,T3,ndd_no_documented_epilepsy,4,clingen;panelapp_au_id;panelapp_ge_id;sysndd,,300405,,0,
HGNC:19983,RAB43,"RAB43, member RAS oncogene family",ndd_only,,T2,ndd_no_documented_epilepsy,1,sfari,,,,0,
HGNC:15870,RAB5IF,RAB5 interacting factor,ndd_only,,T3,ndd_no_documented_epilepsy,2,panelapp_au_id;panelapp_ge_id,,619960,,0,
HGNC:30273,RAB8B,"RAB8B, member RAS oncogene family",ndd_only,,T3,ndd_no_documented_epilepsy,1,sysndd,,613532,,0,
HGNC:9795,RABGGTA,Rab geranylgeranyltransferase subunit alpha,ndd_only,,T3,ndd_no_documented_epilepsy,1,sysndd,,601905,,0,
HGNC:24703,RABL6,"RAB, member RAS oncogene family like 6",ndd_only,,T3,ndd_no_documented_epilepsy,3,g2p_dd;panelapp_ge_id;sysndd,,610615,,0,
HGNC:9801,RAC1,Rac family small GTPase 1,ndd_only,,T1,ndd_no_documented_epilepsy,7,clingen;g2p_dd;orphadata_genes;panelapp_au_id;panelapp_ge_id;sfari;sysndd,500159,602048,MONDO:0030913,0,
HGNC:9811,RAD21,RAD21 cohesin complex component,ndd_only,,T1,ndd_no_documented_epilepsy,7,clingen;g2p_dd;orphadata_genes;panelapp_au_id;panelapp_ge_id;sfari;sysndd,199;502,606462,MONDO:0007874;MONDO:0016033,1,"Cornelia de Lange Syndrome Foundation, Inc."
HGNC:16271,RAD21L1,RAD21 cohesin complex component like 1,ndd_only,,T2,ndd_no_documented_epilepsy,2,sfari;sysndd,,619533,,0,
HGNC:9816,RAD50,RAD50 double strand break repair protein,ndd_only,,T3,ndd_no_documented_epilepsy,5,clingen;g2p_dd;orphadata_genes;panelapp_ge_id;sysndd,145;240760,604040,MONDO:0003582;MONDO:0013118,0,
HGNC:9817,RAD51,RAD51 recombinase,ndd_only,,T2,ndd_no_documented_epilepsy,3,g2p_dd;orphadata_genes;panelapp_ge_id,145;238722;84,179617,MONDO:0003582;MONDO:0016558;MONDO:0019391,0,
HGNC:9820,RAD51C,RAD51 paralog C,ndd_only,,T1,ndd_no_documented_epilepsy,4,clingen;g2p_dd;orphadata_genes;panelapp_ge_id,145;84,602774,MONDO:0003582;MONDO:0019391,0,
HGNC:9829,RAF1,"Raf-1 proto-oncogene, serine/threonine kinase",ndd_only,,T1,ndd_no_documented_epilepsy,6,clingen;g2p_dd;orphadata_genes;panelapp_au_id;panelapp_ge_id;sysndd,154;251615;500;626;648,164760,MONDO:0007893;MONDO:0016692;MONDO:0018997;MONDO:0044792;MONDO:0700335,1,RASopathies Network
HGNC:29221,RALGAPB,Ral GTPase activating protein non-catalytic subunit beta,ndd_only,,T2,ndd_with_epilepsy,5,panelapp_au_epilepsy;panelapp_au_id;panelapp_ge_epilepsy;sfari;sysndd,,618833,,0,
HGNC:9842,RALGDS,ral guanine nucleotide dissociation stimulator,ndd_only,,T3,ndd_no_documented_epilepsy,3,g2p_dd;panelapp_ge_id;sysndd,,601619,,0,
HGNC:14428,RANBP17,RAN binding protein 17,ndd_only,,T2,ndd_no_documented_epilepsy,2,panelapp_ge_id;sfari,,606141,,0,
HGNC:13727,RANBP9,RAN binding protein 9,ndd_only,,T3,ndd_no_documented_epilepsy,1,sfari,,603854,,0,
HGNC:9855,RAP1A,"RAP1A, member of RAS oncogene family",ndd_only,,T3,ndd_no_documented_epilepsy,2,sfari;sysndd,,179520,,0,
HGNC:9857,RAP1B,"RAP1B, member of RAS oncogene family",ndd_only,,T1,ndd_no_documented_epilepsy,5,clingen;g2p_dd;panelapp_au_id;panelapp_ge_id;sysndd,,179530,,0,
HGNC:9859,RAP1GDS1,Rap1 GTPase-GDP dissociation stimulator 1,ndd_only,,T1,ndd_no_documented_epilepsy,3,panelapp_au_id;panelapp_ge_id;sysndd,,179502,,0,
HGNC:4568,RAPGEF1,Rap guanine nucleotide exchange factor 1,ndd_only,,T3,ndd_no_documented_epilepsy,2,panelapp_ge_id;sysndd,,600303,,0,
HGNC:16626,RAPGEF4,Rap guanine nucleotide exchange factor 4,ndd_only,,T2,ndd_no_documented_epilepsy,1,sfari,,606058,,0,
HGNC:9863,RAPSN,receptor associated protein of the synapse,ndd_only,,T1,ndd_no_documented_epilepsy,4,g2p_dd;orphadata_genes;panelapp_au_id;panelapp_ge_id,33108;719880;994,601592,MONDO:0009668;MONDO:0100101,0,
HGNC:9864,RARA,retinoic acid receptor alpha,ndd_only,,T3,ndd_no_documented_epilepsy,2,orphadata_genes;sysndd,520,180240,MONDO:0012883,0,
HGNC:9865,RARB,retinoic acid receptor beta,ndd_only,,T1,ndd_no_documented_epilepsy,6,clingen;g2p_dd;orphadata_genes;panelapp_au_id;panelapp_ge_id;sysndd,689829,180220,MONDO:0014229,0,
HGNC:9870,RARS1,arginyl-tRNA synthetase 1,ndd_only,,T1,ndd_with_epilepsy,8,clingen;g2p_dd;orphadata_genes;panelapp_au_epilepsy;panelapp_au_id;panelapp_ge_epilepsy;panelapp_ge_id;sysndd,438114,107820,MONDO:0014506,1,CureARS
HGNC:9871,RASA1,RAS p21 protein activator 1,ndd_only,,T3,ndd_no_documented_epilepsy,5,clingen;g2p_dd;orphadata_genes;panelapp_au_id;panelapp_ge_id,693907;90307,139150,MONDO:0020783;MONDO:0700325,0,
HGNC:9874,RASAL2,RAS protein activator like 2,ndd_only,,T3,ndd_no_documented_epilepsy,1,sysndd,,606136,,0,
HGNC:26129,RASAL3,RAS protein activator like 3,ndd_only,,T3,ndd_no_documented_epilepsy,1,sysndd,,616561,,0,
HGNC:17609,RASSF5,Ras association domain family member 5,ndd_only,,T2,ndd_no_documented_epilepsy,1,sfari,,607020,,0,
HGNC:18662,RAX,retina and anterior neural fold homeobox,ndd_only,,T1,ndd_no_documented_epilepsy,5,g2p_dd;orphadata_genes;panelapp_au_id;panelapp_ge_id;sysndd,35612;98938,601881,MONDO:0000170;MONDO:0005514,0,
HGNC:9888,RBBP5,"RB binding protein 5, histone lysine methyltransferase complex subunit",ndd_only,,T1,ndd_no_documented_epilepsy,5,g2p_dd;panelapp_au_id;panelapp_ge_id;sfari;sysndd,,600697,,0,
HGNC:9891,RBBP8,"RB binding protein 8, endonuclease",ndd_only,,T1,ndd_no_documented_epilepsy,5,g2p_dd;orphadata_genes;panelapp_au_id;panelapp_ge_id;sysndd,313795;808,604124,MONDO:0009622;MONDO:0019342,0,
HGNC:15864,RBCK1,RANBP2-type and C3HC4-type zinc finger containing 1,ndd_only,,T1,ndd_no_documented_epilepsy,3,clingen;g2p_dd;orphadata_genes,329173;397937,610924,MONDO:0014389;MONDO:0017992,0,
HGNC:18222,RBFOX1,RNA binding fox-1 homolog 1,ndd_only,,T1,ndd_with_epilepsy,6,g2p_dd;panelapp_au_epilepsy;panelapp_au_id;panelapp_ge_id;sfari;sysndd,,605104,,0,
HGNC:27097,RBFOX3,RNA binding fox-1 homolog 3,ndd_only,,T2,ndd_with_epilepsy,3,clingen;panelapp_au_epilepsy;panelapp_au_id,,616999,,0,
HGNC:9896,RBM10,RNA binding motif protein 10,ndd_only,,T1,ndd_no_documented_epilepsy,6,clingen;g2p_dd;orphadata_genes;panelapp_au_id;panelapp_ge_id;sysndd,2886,300080,MONDO:0010711,0,
HGNC:9898,RBM12,RNA binding motif protein 12,ndd_only,,T3,ndd_no_documented_epilepsy,1,sysndd,,607179,,0,
HGNC:20327,RBM26,RNA binding motif protein 26,ndd_only,,T3,ndd_no_documented_epilepsy,1,sysndd,,620081,,0,
HGNC:29243,RBM27,RNA binding motif protein 27,ndd_only,,T2,ndd_no_documented_epilepsy,2,sfari;sysndd,,620082,,0,
HGNC:21863,RBM28,RNA binding motif protein 28,ndd_only,,T2,ndd_no_documented_epilepsy,5,g2p_dd;orphadata_genes;panelapp_au_id;panelapp_ge_id;sysndd,157954,612074,MONDO:0012794,0,
HGNC:28117,RBM42,RNA binding motif protein 42,ndd_only,,T3,ndd_no_documented_epilepsy,1,sysndd,,613232,,0,
HGNC:9905,RBM8A,RNA binding motif protein 8A,ndd_only,,T1,ndd_no_documented_epilepsy,5,clingen;g2p_dd;orphadata_genes;panelapp_au_id;panelapp_ge_id,3320,605313,MONDO:0010121,0,
HGNC:13427,RBMS3,RNA binding motif single stranded interacting protein 3,ndd_only,,T3,ndd_no_documented_epilepsy,1,sysndd,,605786,,0,
HGNC:9910,RBMX,RNA binding motif protein X-linked,ndd_only,,T1,ndd_with_epilepsy,4,orphadata_genes;panelapp_au_epilepsy;panelapp_au_id;sysndd,3078;85286,300199,MONDO:0010277;MONDO:0010661,0,
HGNC:5724,RBPJ,recombination signal binding protein for immunoglobulin kappa J region,ndd_only,,T1,ndd_no_documented_epilepsy,5,g2p_dd;orphadata_genes;panelapp_au_id;panelapp_ge_id;sysndd,974,147183,MONDO:0007034,0,
HGNC:20759,RBSN,"rabenosyn, RAB effector",ndd_only,,T1,ndd_no_documented_epilepsy,3,orphadata_genes;panelapp_au_id;panelapp_ge_id,675775;675782,609511,MONDO:0971137;MONDO:0971138,0,
HGNC:3040,RCAN1,regulator of calcineurin 1,ndd_only,,T3,ndd_no_documented_epilepsy,1,sysndd,,602917,,0,
HGNC:18243,RCBTB1,RCC1 and BTB domain containing protein 1,ndd_only,,T1,ndd_no_documented_epilepsy,3,clingen;orphadata_genes;sysndd,99002,607867,MONDO:0009979,0,
HGNC:1913,RCC1,regulator of chromosome condensation 1,ndd_only,,T2,ndd_no_documented_epilepsy,1,g2p_dd,,179710,,0,
HGNC:17687,RCL1,RNA terminal phosphate cyclase like 1,ndd_only,,T3,ndd_no_documented_epilepsy,1,sysndd,,611405,,0,
HGNC:17964,RDH11,retinol dehydrogenase 11,ndd_only,,T1,ndd_no_documented_epilepsy,4,orphadata_genes;panelapp_au_id;panelapp_ge_id;sysndd,436245,607849,MONDO:0014495,0,
HGNC:19979,RDH14,retinol dehydrogenase 14,ndd_only,,T3,ndd_no_documented_epilepsy,2,panelapp_au_id;sysndd,,616796,,0,
HGNC:9949,RECQL4,RecQ like helicase 4,ndd_only,,T1,ndd_no_documented_epilepsy,5,clingen;g2p_dd;orphadata_genes;panelapp_au_id;panelapp_ge_id,1225;221016;3021,603780,MONDO:0009039;MONDO:0009955;MONDO:0016369,0,
HGNC:25786,REEP1,receptor accessory protein 1,ndd_only,,T3,ndd_no_documented_epilepsy,2,orphadata_genes;panelapp_ge_id,101011;139536,609139,MONDO:0012453;MONDO:0100350,0,
HGNC:17975,REEP2,receptor accessory protein 2,ndd_only,,T3,ndd_no_documented_epilepsy,2,orphadata_genes;panelapp_ge_id,401849,609347,MONDO:0014282,0,
HGNC:23711,REEP3,receptor accessory protein 3,ndd_only,,T2,ndd_no_documented_epilepsy,1,sfari,,609348,,0,
HGNC:9959,RENBP,renin binding protein,ndd_only,,T3,ndd_no_documented_epilepsy,1,panelapp_ge_id,,312420,,0,
HGNC:9963,REPS2,RALBP1 associated Eps domain containing 2,ndd_only,,T2,ndd_no_documented_epilepsy,1,panelapp_au_id,,300317,,0,
HGNC:9966,REST,RE1 silencing transcription factor,ndd_only,,T2,ndd_no_documented_epilepsy,2,g2p_dd;orphadata_genes,2024;654,600571,MONDO:0016070;MONDO:0019004,0,
HGNC:9967,RET,ret proto-oncogene,ndd_only,,T1,ndd_no_documented_epilepsy,5,clingen;g2p_dd;orphadata_genes;panelapp_au_id;panelapp_ge_id,146;1848;247698;247709;276621;29072;388;93100;99361;99803,164761,MONDO:0007958;MONDO:0008082;MONDO:0008234;MONDO:0015447;MONDO:0015986;MONDO:0017190;MONDO:0017366;MONDO:0018309;MONDO:0019636;MONDO:0020493,0,
HGNC:25964,RETREG1,reticulophagy regulator 1,ndd_only,,T1,ndd_no_documented_epilepsy,4,clingen;g2p_dd;orphadata_genes;panelapp_ge_id,970,613114,MONDO:0019941,0,
HGNC:9968,REV3L,"REV3 like, DNA directed polymerase zeta catalytic subunit",ndd_only,,T3,ndd_no_documented_epilepsy,2,orphadata_genes;sysndd,570,602776,MONDO:0008006,0,
HGNC:9972,RFC4,replication factor C subunit 4,ndd_only,,T2,ndd_no_documented_epilepsy,3,orphadata_genes;panelapp_au_id;sysndd,715623,102577,,0,
HGNC:9985,RFX4,regulatory factor X4,ndd_only,,T1,ndd_no_documented_epilepsy,5,g2p_dd;panelapp_au_id;panelapp_ge_id;sfari;sysndd,,603958,,0,
HGNC:21478,RFX6,regulatory factor X6,ndd_only,,T1,ndd_no_documented_epilepsy,5,clingen;g2p_dd;orphadata_genes;panelapp_au_id;panelapp_ge_id,293864,612659,MONDO:0017400,0,
HGNC:25777,RFX7,regulatory factor X7,ndd_only,,T1,ndd_no_documented_epilepsy,6,clingen;g2p_dd;panelapp_au_id;panelapp_ge_id;sfari;sysndd,,612660,,0,
HGNC:37253,RFX8,regulatory factor X8,ndd_only,,T3,ndd_no_documented_epilepsy,1,sysndd,,,,0,
HGNC:30281,RGL1,ral guanine nucleotide dissociation stimulator like 1,ndd_only,,T3,ndd_no_documented_epilepsy,1,sysndd,,605667,,0,
HGNC:30308,RGMA,repulsive guidance molecule BMP co-receptor a,ndd_only,,T3,ndd_no_documented_epilepsy,1,sysndd,,607362,,0,
HGNC:9989,RGN,regucalcin,ndd_only,,T3,ndd_no_documented_epilepsy,1,panelapp_ge_id,,300212,,0,
HGNC:9990,RGR,retinal G protein coupled receptor,ndd_only,,T3,ndd_no_documented_epilepsy,2,orphadata_genes;sysndd,791,600342,MONDO:0019200,0,
HGNC:10002,RGS6,regulator of G protein signaling 6,ndd_only,,T1,ndd_no_documented_epilepsy,1,sysndd,,603894,,0,
HGNC:10003,RGS7,regulator of G protein signaling 7,ndd_only,,T2,ndd_no_documented_epilepsy,4,g2p_dd;panelapp_ge_id;sfari;sysndd,,602517,,0,
HGNC:10011,RHEB,"Ras homolog, mTORC1 binding",ndd_only,,T1,ndd_with_epilepsy,6,panelapp_au_epilepsy;panelapp_au_id;panelapp_ge_epilepsy;panelapp_ge_id;sfari;sysndd,,601293,,0,
HGNC:667,RHOA,ras homolog family member A,ndd_only,,T3,ndd_no_documented_epilepsy,2,orphadata_genes;sysndd,589608,165390,MONDO:0035124,0,
HGNC:15703,RHOF,"ras homolog family member F, filopodia associated",ndd_only,,T3,ndd_no_documented_epilepsy,1,sysndd,,618867,,0,
HGNC:29993,RHOXF1,Rhox homeobox family member 1,ndd_only,,T2,ndd_no_documented_epilepsy,1,sfari,,300446,,0,
HGNC:17686,RIC1,RIC1 partner of RAB6A GEF complex,ndd_only,,T1,ndd_no_documented_epilepsy,4,orphadata_genes;panelapp_au_id;panelapp_ge_id;sysndd,199306,610354,MONDO:0016044,0,
HGNC:28611,RICTOR,RPTOR independent companion of MTOR complex 2,ndd_only,,T1,ndd_no_documented_epilepsy,4,g2p_dd;panelapp_au_id;sfari;sysndd,,609022,,0,
HGNC:23207,RIF1,replication timing regulatory factor 1,ndd_only,,T3,ndd_no_documented_epilepsy,1,sysndd,,608952,,0,
HGNC:19102,RIGI,RNA sensor RIG-I,ndd_only,,T3,ndd_no_documented_epilepsy,3,g2p_dd;orphadata_genes;panelapp_ge_id,85191,609631,MONDO:0008429,0,
HGNC:28787,RILPL2,Rab interacting lysosomal protein like 2,ndd_only,,T3,ndd_no_documented_epilepsy,1,sysndd,,614093,,0,
HGNC:17282,RIMS1,regulating synaptic membrane exocytosis 1,ndd_only,,T2,ndd_no_documented_epilepsy,5,orphadata_genes;panelapp_au_id;panelapp_ge_id;sfari;sysndd,1872,606629,MONDO:0015993,0,
HGNC:17283,RIMS2,regulating synaptic membrane exocytosis 2,ndd_only,,T1,ndd_no_documented_epilepsy,3,g2p_dd;sfari;sysndd,,606630,,0,
HGNC:21292,RIMS3,regulating synaptic membrane exocytosis 3,ndd_only,,T2,ndd_no_documented_epilepsy,1,sfari,,611600,,0,
HGNC:18750,RIN2,Ras and Rab interactor 2,ndd_only,,T1,ndd_no_documented_epilepsy,5,clingen;g2p_dd;orphadata_genes;panelapp_au_id;sysndd,217335,610222,MONDO:0013115,0,
HGNC:10018,RING1,ring finger protein 1,ndd_only,,T1,ndd_with_epilepsy,3,panelapp_au_epilepsy;panelapp_au_id;panelapp_ge_id,,602045,,0,
HGNC:21876,RINT1,RAD50 interactor 1,ndd_only,,T1,ndd_no_documented_epilepsy,3,clingen;g2p_dd;orphadata_genes,464724,610089,MONDO:0000023,0,
HGNC:10019,RIPK1,receptor interacting serine/threonine kinase 1,ndd_only,,T1,ndd_no_documented_epilepsy,3,clingen;orphadata_genes;sysndd,529977,603453,MONDO:0033968,0,
HGNC:496,RIPK4,receptor interacting serine/threonine kinase 4,ndd_only,,T1,ndd_no_documented_epilepsy,3,g2p_dd;orphadata_genes;panelapp_ge_id,1234;1401,605706,MONDO:0008959;MONDO:0009901,0,
HGNC:25117,RIPPLY1,ripply transcriptional repressor 1,ndd_only,,T3,ndd_no_documented_epilepsy,1,sysndd,,300575,,0,
HGNC:10023,RIT1,Ras like without CAAX 1,ndd_only,,T1,ndd_no_documented_epilepsy,6,clingen;g2p_dd;orphadata_genes;panelapp_au_id;panelapp_ge_id;sysndd,648,609591,MONDO:0018997,0,
HGNC:10017,RIT2,Ras like without CAAX 2,ndd_only,,T2,ndd_no_documented_epilepsy,1,sfari,,609592,,0,
HGNC:10025,RLF,RLF zinc finger,ndd_only,,T2,ndd_no_documented_epilepsy,1,panelapp_au_id,,180610,,0,
HGNC:13429,RLIM,"ring finger protein, LIM domain interacting",ndd_only,,T1,ndd_no_documented_epilepsy,6,g2p_dd;orphadata_genes;panelapp_au_id;panelapp_ge_id;sfari;sysndd,528084,300379,MONDO:0100038,0,
HGNC:25764,RMI1,RecQ mediated genome instability 1,ndd_only,,T3,ndd_no_documented_epilepsy,1,g2p_dd,,610404,,0,
HGNC:24496,RMP64,ribonuclease MRP subunit p64,ndd_only,,T3,ndd_no_documented_epilepsy,2,orphadata_genes;sysndd,93347,617089,MONDO:0011773,0,
HGNC:10031,RMRP,RNA component of mitochondrial RNA processing endoribonuclease,ndd_only,,T1,ndd_no_documented_epilepsy,6,clingen;g2p_dd;orphadata_genes;panelapp_au_id;panelapp_ge_id;sysndd,175;39041;93347,157660,MONDO:0009595;MONDO:0011338;MONDO:0011773,0,
HGNC:21150,RNF125,ring finger protein 125,ndd_only,,T1,ndd_no_documented_epilepsy,4,g2p_dd;panelapp_au_id;panelapp_ge_id;sysndd,,610432,,0,
HGNC:21158,RNF135,ring finger protein 135,ndd_only,,T2,ndd_no_documented_epilepsy,6,g2p_dd;orphadata_genes;panelapp_au_id;panelapp_ge_id;sfari;sysndd,137634,611358,MONDO:0013357,0,
HGNC:26661,RNF168,ring finger protein 168,ndd_only,,T1,ndd_no_documented_epilepsy,5,clingen;g2p_dd;orphadata_genes;panelapp_ge_id;sysndd,420741,612688,MONDO:0012764,0,
HGNC:10061,RNF2,ring finger protein 2,ndd_only,,T1,ndd_with_epilepsy,6,orphadata_genes;panelapp_au_epilepsy;panelapp_au_id;panelapp_ge_epilepsy;panelapp_ge_id;sysndd,528084,608985,MONDO:0100038,0,
HGNC:14539,RNF213,ring finger protein 213,ndd_only,,T1,ndd_no_documented_epilepsy,3,g2p_dd;orphadata_genes;sysndd,2573,613768,MONDO:0016820,0,
HGNC:21698,RNF216,ring finger protein 216,ndd_only,,T3,ndd_no_documented_epilepsy,2,orphadata_genes;panelapp_ge_id,1173,609948,MONDO:0008935,0,
HGNC:25552,RNF220,ring finger protein 220,ndd_only,,T1,ndd_no_documented_epilepsy,3,panelapp_au_id;panelapp_ge_id;sysndd,,616136,,0,
HGNC:14662,RNF25,ring finger protein 25,ndd_only,,T2,ndd_no_documented_epilepsy,1,sfari,,616014,,0,
HGNC:18052,RNF38,ring finger protein 38,ndd_only,,T2,ndd_no_documented_epilepsy,2,sfari;sysndd,,612488,,0,
HGNC:10068,RNF5,ring finger protein 5,ndd_only,,T3,ndd_no_documented_epilepsy,1,sysndd,,602677,,0,
HGNC:25905,RNFT2,"ring finger protein, transmembrane 2",ndd_only,,T1,ndd_no_documented_epilepsy,1,sysndd,,620254,,0,
HGNC:10074,RNH1,ribonuclease/angiogenin inhibitor 1,ndd_only,,T1,ndd_with_epilepsy,4,g2p_dd;panelapp_au_epilepsy;panelapp_au_id;sysndd,,173320,,0,
HGNC:18666,RNPC3,"RNA binding region (RNP1, RRM) containing 3",ndd_only,,T1,ndd_no_documented_epilepsy,5,g2p_dd;orphadata_genes;panelapp_au_id;panelapp_ge_id;sysndd,231662,618016,MONDO:0009876,0,
HGNC:19380,RNU12,"RNA, U12 small nuclear",ndd_only,,T2,ndd_with_epilepsy,5,clingen;g2p_dd;orphadata_genes;panelapp_ge_epilepsy;sysndd,512260;85199,620204,MONDO:0011287;MONDO:0033717,0,
HGNC:10211,RNU5A-1,"RNA, U5A small nuclear 1",ndd_only,,T2,ndd_with_epilepsy,4,panelapp_au_id;panelapp_ge_epilepsy;panelapp_ge_id;sysndd,,180691,,0,
HGNC:10212,RNU5B-1,"RNA, U5B small nuclear 1",ndd_only,,T1,ndd_with_epilepsy,7,clingen;g2p_dd;panelapp_au_id;panelapp_ge_epilepsy;panelapp_ge_id;sfari;sysndd,,621090,,0,
HGNC:34017,RNU6ATAC,"RNA, U6atac small nuclear",ndd_only,,T1,ndd_with_epilepsy,5,panelapp_au_epilepsy;panelapp_au_id;panelapp_ge_epilepsy;panelapp_ge_id;sysndd,,601429,,0,
HGNC:34033,RNU7-1,"RNA, U7 small nuclear 1",ndd_only,,T1,ndd_no_documented_epilepsy,4,clingen;orphadata_genes;panelapp_au_id;panelapp_ge_id,51,617876,MONDO:0018866,0,
HGNC:11313,RO60,"Ro60, Y RNA binding protein",ndd_only,,T3,ndd_no_documented_epilepsy,1,sysndd,,600063,,0,
HGNC:10249,ROBO1,roundabout guidance receptor 1,ndd_only,,T1,ndd_no_documented_epilepsy,6,clingen;g2p_dd;orphadata_genes;panelapp_au_id;panelapp_ge_id;sysndd,95496,602430,MONDO:0019828,0,
HGNC:10250,ROBO2,roundabout guidance receptor 2,ndd_only,,T2,ndd_no_documented_epilepsy,2,orphadata_genes;sfari,289365,602431,MONDO:0017329,0,
HGNC:13433,ROBO3,roundabout guidance receptor 3,ndd_only,,T1,ndd_no_documented_epilepsy,5,clingen;g2p_dd;orphadata_genes;panelapp_ge_id;sysndd,2744,608630,MONDO:0011810,0,
HGNC:17985,ROBO4,roundabout guidance receptor 4,ndd_only,,T1,ndd_no_documented_epilepsy,3,clingen;g2p_dd;orphadata_genes,402075,607528,MONDO:0007194,0,
HGNC:10252,ROCK2,Rho associated coiled-coil containing protein kinase 2,ndd_only,,T3,ndd_no_documented_epilepsy,2,clingen;sysndd,,604002,,0,
HGNC:10257,ROR2,ROR family WNT receptor 2,ndd_only,,T1,ndd_no_documented_epilepsy,4,g2p_dd;orphadata_genes;panelapp_au_id;panelapp_ge_id,1507;572385,602337,MONDO:0007220;MONDO:0009999,0,
HGNC:10261,ROS1,"ROS proto-oncogene 1, receptor tyrosine kinase",ndd_only,,T3,ndd_no_documented_epilepsy,2,orphadata_genes;sysndd,251579;70567;715701,165020,MONDO:0016682;MONDO:0019087,0,
HGNC:10290,RPA2,replication protein A2,ndd_only,,T3,ndd_no_documented_epilepsy,1,sysndd,,179836,,0,
HGNC:10294,RPE65,retinoid isomerohydrolase RPE65,ndd_only,,T1,ndd_no_documented_epilepsy,4,clingen;g2p_dd;orphadata_genes;panelapp_ge_id,364055;65;791,180069,MONDO:0009549;MONDO:0018998;MONDO:0019200,0,
HGNC:10295,RPGR,retinitis pigmentosa GTPase regulator,ndd_only,,T1,ndd_no_documented_epilepsy,3,clingen;orphadata_genes;panelapp_ge_id,1872;244;247522;49382;791,312610,MONDO:0010330;MONDO:0015993;MONDO:0016575;MONDO:0018852;MONDO:0019200,0,
HGNC:13436,RPGRIP1,RPGR interacting protein 1,ndd_only,,T1,ndd_no_documented_epilepsy,4,g2p_dd;orphadata_genes;panelapp_ge_id;sysndd,1872;564;65,605446,MONDO:0015993;MONDO:0018921;MONDO:0018998,0,
HGNC:29168,RPGRIP1L,RPGRIP1 like,ndd_only,,T1,ndd_no_documented_epilepsy,6,clingen;g2p_dd;orphadata_genes;panelapp_au_id;panelapp_ge_id;sysndd,1454;220497;564,610937,MONDO:0012308;MONDO:0018921;MONDO:0100349,0,
HGNC:10298,RPL10,ribosomal protein L10,ndd_only,,T1,ndd_no_documented_epilepsy,7,clingen;g2p_dd;orphadata_genes;panelapp_au_id;panelapp_ge_id;sfari;sysndd,435938;459070,312173,MONDO:0018569;MONDO:0018724,0,
HGNC:10301,RPL11,ribosomal protein L11,ndd_only,,T1,ndd_no_documented_epilepsy,3,g2p_dd;orphadata_genes;panelapp_au_id,124,604175,MONDO:0015253,0,
HGNC:10303,RPL13,ribosomal protein L13,ndd_only,,T3,ndd_no_documented_epilepsy,2,g2p_dd;orphadata_genes,370015,113703,MONDO:0018254,0,
HGNC:10327,RPL26,ribosomal protein L26,ndd_only,,T2,ndd_no_documented_epilepsy,3,g2p_dd;orphadata_genes;sysndd,124,603704,MONDO:0015253,0,
HGNC:10372,RPLP1,ribosomal protein lateral stalk subunit P1,ndd_only,,T3,ndd_no_documented_epilepsy,1,sysndd,,180520,,0,
HGNC:10381,RPN1,ribophorin I,ndd_only,,T3,ndd_no_documented_epilepsy,2,orphadata_genes;sysndd,402020,180470,MONDO:0018435,0,
HGNC:10402,RPS19,ribosomal protein S19,ndd_only,,T1,ndd_no_documented_epilepsy,5,clingen;g2p_dd;orphadata_genes;panelapp_au_id;panelapp_ge_id,124,603474,MONDO:0015253,0,
HGNC:10410,RPS23,ribosomal protein S23,ndd_only,,T1,ndd_no_documented_epilepsy,4,g2p_dd;panelapp_au_id;panelapp_ge_id;sysndd,,603683,,0,
HGNC:10414,RPS26,ribosomal protein S26,ndd_only,,T1,ndd_no_documented_epilepsy,2,g2p_dd;orphadata_genes,124,603701,MONDO:0015253,0,
HGNC:10418,RPS28,ribosomal protein S28,ndd_only,,T3,ndd_no_documented_epilepsy,2,orphadata_genes;panelapp_au_id,124,603685,MONDO:0015253,0,
HGNC:10424,RPS4X,ribosomal protein S4 X-linked,ndd_only,,T2,ndd_no_documented_epilepsy,1,panelapp_au_id,,312760,,0,
HGNC:10431,RPS6KA2,ribosomal protein S6 kinase A2,ndd_only,,T2,ndd_no_documented_epilepsy,1,sfari,,601685,,0,
HGNC:10439,RPS6KC1,ribosomal protein S6 kinase C1,ndd_only,,T1,ndd_with_epilepsy,6,g2p_dd;panelapp_au_epilepsy;panelapp_au_id;panelapp_ge_epilepsy;panelapp_ge_id;sysndd,,617517,,0,
HGNC:19902,RRAGC,Ras related GTP binding C,ndd_only,,T2,ndd_no_documented_epilepsy,2,g2p_dd;sysndd,,608267,,0,
HGNC:10447,RRAS,RAS related,ndd_only,,T1,ndd_no_documented_epilepsy,4,clingen;g2p_dd;orphadata_genes;panelapp_ge_id,648;86834,165090,MONDO:0011908;MONDO:0018997,0,
HGNC:17271,RRAS2,RAS related 2,ndd_only,,T1,ndd_no_documented_epilepsy,5,clingen;g2p_dd;orphadata_genes;panelapp_au_id;sysndd,648,600098,MONDO:0018997,0,
HGNC:10449,RREB1,ras responsive element binding protein 1,ndd_only,,T1,ndd_no_documented_epilepsy,5,g2p_dd;orphadata_genes;panelapp_au_id;panelapp_ge_id;sysndd,567,602209,MONDO:0018923,0,
HGNC:10451,RRM1,ribonucleotide reductase catalytic subunit M1,ndd_only,,T3,ndd_no_documented_epilepsy,2,g2p_dd;orphadata_genes,254886,180410,MONDO:0016810,0,
HGNC:24286,RRP7A,ribosomal RNA processing 7 homolog A,ndd_only,,T3,ndd_no_documented_epilepsy,1,sysndd,,619449,,0,
HGNC:29030,RRP8,ribosomal RNA processing 8,ndd_only,,T3,ndd_no_documented_epilepsy,1,sysndd,,615818,,0,
HGNC:12371,RSPH1,radial spoke head component 1,ndd_only,,T1,ndd_no_documented_epilepsy,4,clingen;g2p_dd;orphadata_genes;panelapp_ge_id,244,609314,MONDO:0016575,0,
HGNC:21054,RSPH3,radial spoke head 3,ndd_only,,T1,ndd_no_documented_epilepsy,4,clingen;g2p_dd;orphadata_genes;panelapp_ge_id,244,615876,MONDO:0016575,0,
HGNC:28583,RSPO2,R-spondin 2,ndd_only,,T1,ndd_no_documented_epilepsy,2,g2p_dd;orphadata_genes,3301,610575,MONDO:0010110,0,
HGNC:16175,RSPO4,R-spondin 4,ndd_only,,T1,ndd_no_documented_epilepsy,3,g2p_dd;orphadata_genes;panelapp_ge_id,94150,610573,MONDO:0008798,0,
HGNC:29420,RSPRY1,ring finger and SPRY domain containing 1,ndd_only,,T1,ndd_no_documented_epilepsy,5,g2p_dd;orphadata_genes;panelapp_au_id;panelapp_ge_id;sysndd,457395,616585,MONDO:0014748,0,
HGNC:24152,RSRC1,arginine and serine rich coiled-coil 1,ndd_only,,T1,ndd_no_documented_epilepsy,7,clingen;g2p_dd;orphadata_genes;panelapp_au_id;panelapp_ge_id;sfari;sysndd,88616,613352,MONDO:0019502,0,
HGNC:15888,RTEL1,regulator of telomere elongation helicase 1,ndd_only,,T1,ndd_with_epilepsy,7,clingen;g2p_dd;orphadata_genes;panelapp_au_id;panelapp_ge_epilepsy;panelapp_ge_id;sysndd,1775;2032;3322,608833,MONDO:0015780;MONDO:0018045;MONDO:0800504,0,
HGNC:28996,RTF1,"RTF1 homolog, Paf1/RNA polymerase II complex component",ndd_only,,T2,ndd_no_documented_epilepsy,2,panelapp_au_id;sysndd,,611633,,0,
HGNC:29245,RTL9,retrotransposon Gag like 9,ndd_only,,T3,ndd_no_documented_epilepsy,1,panelapp_ge_id,,300965,,0,
HGNC:10468,RTN2,reticulon 2,ndd_only,,T3,ndd_no_documented_epilepsy,2,orphadata_genes;panelapp_ge_id,100993,603183,MONDO:0011489,0,
HGNC:28991,RUBCN,rubicon autophagy regulator,ndd_only,,T1,ndd_with_epilepsy,6,g2p_dd;orphadata_genes;panelapp_au_id;panelapp_ge_epilepsy;panelapp_ge_id;sysndd,404499,613516,MONDO:0014311,0,
HGNC:1535,RUNX1T1,RUNX1 partner transcriptional co-repressor 1,ndd_only,,T2,ndd_no_documented_epilepsy,5,orphadata_genes;panelapp_au_id;panelapp_ge_id;sfari;sysndd,102724,133435,MONDO:0015166,0,
HGNC:10472,RUNX2,RUNX family transcription factor 2,ndd_only,,T1,ndd_no_documented_epilepsy,3,g2p_dd;orphadata_genes;panelapp_ge_id,1452;2504,600211,MONDO:0007340;MONDO:0007984,0,
HGNC:10478,RXRB,retinoid X receptor beta,ndd_only,,T3,ndd_no_documented_epilepsy,1,sysndd,,180246,,0,
HGNC:10480,RYBP,RING1 and YY1 binding protein,ndd_only,,T1,ndd_no_documented_epilepsy,4,g2p_dd;orphadata_genes;panelapp_au_id;sysndd,730355,607535,,0,
HGNC:10483,RYR1,ryanodine receptor 1,ndd_only,,T1,ndd_no_documented_epilepsy,4,clingen;g2p_dd;orphadata_genes;panelapp_ge_id,169186;169189;178145;324581;33108;423;424107;466650;597;700188;98905;99741,180901,MONDO:0007294;MONDO:0008048;MONDO:0009668;MONDO:0009712;MONDO:0015705;MONDO:0015793;MONDO:0017936;MONDO:0018493;MONDO:0018528;MONDO:0018752;MONDO:0020485;MONDO:0979362,0,
HGNC:10484,RYR2,ryanodine receptor 2,ndd_only,,T1,ndd_with_epilepsy,6,clingen;g2p_dd;orphadata_genes;panelapp_ge_epilepsy;panelapp_ge_id;sysndd,726788;730618,180902,,0,
HGNC:30660,SAE1,SUMO1 activating enzyme subunit 1,ndd_only,,T2,ndd_no_documented_epilepsy,1,sfari,,613294,,0,
HGNC:10524,SALL1,spalt like transcription factor 1,ndd_only,,T1,ndd_no_documented_epilepsy,6,clingen;g2p_dd;orphadata_genes;panelapp_au_id;panelapp_ge_id;sysndd,857,602218,MONDO:0007142,0,
HGNC:15924,SALL4,spalt like transcription factor 4,ndd_only,,T1,ndd_no_documented_epilepsy,3,g2p_dd;orphadata_genes;panelapp_ge_id,2307;233;261638;261647;959,607343,MONDO:0007473;MONDO:0007836;MONDO:0011812;MONDO:0016863;MONDO:0016864,0,
HGNC:28706,SAMD11,sterile alpha motif domain containing 11,ndd_only,,T2,ndd_no_documented_epilepsy,1,sfari,,616765,,0,
HGNC:1348,SAMD9,sterile alpha motif domain containing 9,ndd_only,,T1,ndd_no_documented_epilepsy,6,clingen;g2p_dd;orphadata_genes;panelapp_au_id;panelapp_ge_id;sysndd,306658;494433,610456,MONDO:0012502;MONDO:0014888,0,
HGNC:1349,SAMD9L,sterile alpha motif domain containing 9 like,ndd_only,,T1,ndd_no_documented_epilepsy,5,clingen;g2p_dd;orphadata_genes;panelapp_au_id;panelapp_ge_id,2585;619367;631106,611170,MONDO:0008038;MONDO:0030805;MONDO:0850066,0,
HGNC:10535,SAR1B,secretion associated Ras related GTPase 1B,ndd_only,,T3,ndd_no_documented_epilepsy,2,orphadata_genes;sysndd,71,607690,MONDO:0009528,0,
HGNC:10537,SARS1,seryl-tRNA synthetase 1,ndd_only,,T1,ndd_with_epilepsy,7,clingen;g2p_dd;orphadata_genes;panelapp_au_id;panelapp_ge_epilepsy;panelapp_ge_id;sysndd,2512;88616,607529,MONDO:0016660;MONDO:0019502,1,CureARS
HGNC:17697,SARS2,"seryl-tRNA synthetase 2, mitochondrial",ndd_only,,T1,ndd_no_documented_epilepsy,6,clingen;g2p_dd;orphadata_genes;panelapp_au_id;panelapp_ge_id;sysndd,363694,612804,MONDO:0013458,0,
HGNC:16860,SART3,"spliceosome associated factor 3, U4/U6 recycling protein",ndd_only,,T1,ndd_with_epilepsy,4,g2p_dd;panelapp_au_epilepsy;panelapp_au_id;sysndd,,611684,,0,
HGNC:19182,SASH1,SAM and SH3 domain containing 1,ndd_only,,T2,ndd_no_documented_epilepsy,2,orphadata_genes;sfari,231040;447961,607955,MONDO:0007891;MONDO:0018657,0,
HGNC:25403,SASS6,SAS-6 centriolar assembly protein,ndd_only,,T1,ndd_no_documented_epilepsy,4,g2p_dd;orphadata_genes;panelapp_au_id;sysndd,2512,609321,MONDO:0016660,0,
HGNC:19440,SBDS,SBDS ribosome maturation factor,ndd_only,,T1,ndd_no_documented_epilepsy,6,clingen;g2p_dd;orphadata_genes;panelapp_au_id;panelapp_ge_id;sysndd,622934;811;88,607444,MONDO:0009833;MONDO:0012197;MONDO:0850096,0,
HGNC:10542,SBF1,SET binding factor 1,ndd_only,,T1,ndd_no_documented_epilepsy,6,clingen;orphadata_genes;panelapp_au_id;panelapp_ge_id;sfari;sysndd,363981,603560,MONDO:0014117,0,
HGNC:2135,SBF2,SET binding factor 2,ndd_only,,T1,ndd_no_documented_epilepsy,3,clingen;orphadata_genes;panelapp_ge_id,99956,607697,MONDO:0011475,0,
HGNC:10547,SC5D,sterol-C5-desaturase,ndd_only,,T1,ndd_no_documented_epilepsy,5,g2p_dd;orphadata_genes;panelapp_au_id;panelapp_ge_id;sysndd,46059,602286,MONDO:0011816,0,
HGNC:30403,SCAF1,SR-related CTD associated factor 1,ndd_only,,T2,ndd_no_documented_epilepsy,2,sfari;sysndd,,617264,,0,
HGNC:13081,SCAPER,S-phase cyclin A associated protein in the ER,ndd_only,,T1,ndd_no_documented_epilepsy,6,clingen;g2p_dd;orphadata_genes;panelapp_au_id;panelapp_ge_id;sysndd,110;791,611611,MONDO:0015229;MONDO:0019200,0,
HGNC:19869,SCARF2,scavenger receptor class F member 2,ndd_only,,T1,ndd_no_documented_epilepsy,3,g2p_dd;orphadata_genes;panelapp_ge_id,2460,613619,MONDO:0010959,0,
HGNC:30676,SCFD2,sec1 family domain containing 2,ndd_only,,T2,ndd_no_documented_epilepsy,1,sfari,,,,0,
HGNC:10575,SCG2,secretogranin II,ndd_only,,T3,ndd_no_documented_epilepsy,1,sysndd,,118930,,0,
HGNC:16941,SCGN,"secretagogin, EF-hand calcium binding protein",ndd_only,,T3,ndd_no_documented_epilepsy,3,orphadata_genes;sfari;sysndd,714481,609202,,0,
HGNC:15678,SCHIP1,schwannomin interacting protein 1,ndd_only,,T3,ndd_no_documented_epilepsy,1,sysndd,,619206,,0,
HGNC:10583,SCN11A,sodium voltage-gated channel alpha subunit 11,ndd_only,,T1,ndd_no_documented_epilepsy,5,clingen;g2p_dd;orphadata_genes;panelapp_au_id;panelapp_ge_id,306577;391392;391397;46348;88642;90026,604385,MONDO:0007571;MONDO:0008179;MONDO:0009459;MONDO:0014244;MONDO:0014247;MONDO:0017629,0,
HGNC:20665,SCN3B,sodium voltage-gated channel beta subunit 3,ndd_only,,T2,ndd_no_documented_epilepsy,4,clingen;orphadata_genes;panelapp_au_id;sysndd,130;334,608214,MONDO:0015263;MONDO:0018054,0,
HGNC:10591,SCN4A,sodium voltage-gated channel alpha subunit 4,ndd_only,,T1,ndd_no_documented_epilepsy,5,clingen;g2p_dd;orphadata_genes;panelapp_ge_id;sfari,681;682;684;716881;99734;99735;99736,603967,MONDO:0008195;MONDO:0008223;MONDO:0008224;MONDO:0020481;MONDO:0020482;MONDO:0020483,0,
HGNC:10594,SCN7A,sodium voltage-gated channel alpha subunit 7,ndd_only,,T3,ndd_no_documented_epilepsy,1,sysndd,,182392,,0,
HGNC:10597,SCN9A,sodium voltage-gated channel alpha subunit 9,ndd_only,,T2,ndd_with_epilepsy,7,clingen;orphadata_genes;panelapp_au_epilepsy;panelapp_au_id;panelapp_ge_epilepsy;panelapp_ge_id;sfari,306577;33069;36387;46348;88642;90026;970,603415,MONDO:0007571;MONDO:0008179;MONDO:0009459;MONDO:0011794;MONDO:0017629;MONDO:0018214;MONDO:0019941,0,
HGNC:23136,SCNM1,sodium channel modifier 1,ndd_only,,T2,ndd_no_documented_epilepsy,3,g2p_dd;panelapp_ge_id;sysndd,,608095,,0,
HGNC:10606,SCP2,sterol carrier protein 2,ndd_only,,T1,ndd_no_documented_epilepsy,4,clingen;orphadata_genes;sfari;sysndd,163684,184755,MONDO:0013391,0,
HGNC:30377,SCRIB,scribble planar cell polarity protein,ndd_only,,T3,ndd_no_documented_epilepsy,2,g2p_dd;panelapp_ge_id,,607733,,0,
HGNC:30425,SCUBE2,"signal peptide, CUB domain and EGF like domain containing 2",ndd_only,,T3,ndd_no_documented_epilepsy,1,sysndd,,611747,,0,
HGNC:13655,SCUBE3,"signal peptide, CUB domain and EGF like domain containing 3",ndd_only,,T1,ndd_no_documented_epilepsy,2,g2p_dd;sysndd,,614708,,0,
HGNC:14372,SCYL1,SCY1 like pseudokinase 1,ndd_only,,T1,ndd_no_documented_epilepsy,4,g2p_dd;orphadata_genes;panelapp_ge_id;sysndd,466794,607982,MONDO:0014744,0,
HGNC:19286,SCYL2,SCY1 like pseudokinase 2,ndd_only,,T1,ndd_with_epilepsy,4,orphadata_genes;panelapp_au_epilepsy;panelapp_au_id;sysndd,1143,616365,MONDO:0008823,0,
HGNC:10659,SDC2,syndecan 2,ndd_only,,T2,ndd_no_documented_epilepsy,1,sfari,,142460,,0,
HGNC:10671,SDCCAG8,SHH signaling and ciliogenesis regulator SDCCAG8,ndd_only,,T1,ndd_no_documented_epilepsy,6,clingen;g2p_dd;orphadata_genes;panelapp_au_id;panelapp_ge_id;sysndd,110;3156,613524,MONDO:0015229;MONDO:0017842,0,
HGNC:33867,SDHAF1,succinate dehydrogenase complex assembly factor 1,ndd_only,,T1,ndd_no_documented_epilepsy,6,clingen;g2p_dd;orphadata_genes;panelapp_au_id;panelapp_ge_id;sysndd,3208,612848,MONDO:0100294,0,
HGNC:10681,SDHB,succinate dehydrogenase complex iron sulfur subunit B,ndd_only,,T1,ndd_no_documented_epilepsy,3,clingen;orphadata_genes;sysndd,139411;276621;29072;3208;44890;97286,185470,MONDO:0011424;MONDO:0011719;MONDO:0011740;MONDO:0017190;MONDO:0017366;MONDO:0100294,0,
HGNC:10683,SDHD,succinate dehydrogenase complex subunit D,ndd_only,,T1,ndd_no_documented_epilepsy,3,clingen;orphadata_genes;sysndd,100093;276621;29072;3208;97286,602690,MONDO:0011740;MONDO:0017190;MONDO:0017366;MONDO:0100294;MONDO:0100347,0,
HGNC:19308,SDK2,sidekick cell adhesion molecule 2,ndd_only,,T3,ndd_no_documented_epilepsy,1,sysndd,,607217,,0,
HGNC:29006,SEC16A,"SEC16 homolog A, endoplasmic reticulum export factor",ndd_only,,T3,ndd_no_documented_epilepsy,1,sysndd,,612854,,0,
HGNC:10701,SEC23A,"SEC23 homolog A, COPII component",ndd_only,,T3,ndd_no_documented_epilepsy,2,g2p_dd;orphadata_genes,50814,610511,MONDO:0011911,0,
HGNC:10702,SEC23B,"SEC23 homolog B, COPII component",ndd_only,,T1,ndd_no_documented_epilepsy,4,clingen;g2p_dd;orphadata_genes;panelapp_ge_id,98873,610512,MONDO:0009134,0,
HGNC:17018,SEC23IP,SEC23 interacting protein,ndd_only,,T3,ndd_no_documented_epilepsy,1,sysndd,,617852,,0,
HGNC:10705,SEC24C,"SEC24 homolog C, COPII component",ndd_only,,T3,ndd_with_epilepsy,4,orphadata_genes;panelapp_au_epilepsy;panelapp_au_id;sysndd,567,607185,MONDO:0018923,0,
HGNC:10706,SEC24D,"SEC24 homolog D, COPII component",ndd_only,,T1,ndd_with_epilepsy,4,g2p_dd;orphadata_genes;panelapp_ge_epilepsy;sysndd,2050;216796,607186,MONDO:0008146;MONDO:0016085,0,
HGNC:17052,SEC31A,"SEC31 homolog A, COPII component",ndd_only,,T1,ndd_with_epilepsy,5,panelapp_au_epilepsy;panelapp_au_id;panelapp_ge_epilepsy;panelapp_ge_id;sysndd,,610257,,0,
HGNC:18276,SEC61A1,SEC61 translocon subunit alpha 1,ndd_only,,T2,ndd_no_documented_epilepsy,4,clingen;g2p_dd;orphadata_genes;sysndd,697417,609213,MONDO:0958013,0,
HGNC:30972,SECISBP2,SECIS binding protein 2,ndd_only,,T1,ndd_with_epilepsy,5,g2p_dd;orphadata_genes;panelapp_au_epilepsy;panelapp_au_id;sysndd,171706,607693,MONDO:0800046,0,
HGNC:10717,SEL1L,SEL1L adaptor subunit of SYVN1 ubiquitin ligase,ndd_only,,T1,ndd_no_documented_epilepsy,3,panelapp_au_id;panelapp_ge_id;sysndd,,602329,,0,
HGNC:29361,SELENOI,selenoprotein I,ndd_only,,T1,ndd_with_epilepsy,6,g2p_dd;orphadata_genes;panelapp_au_epilepsy;panelapp_au_id;panelapp_ge_id;sysndd,506353,607915,MONDO:0044737,0,
HGNC:15999,SELENON,selenoprotein N,ndd_only,,T1,ndd_no_documented_epilepsy,5,clingen;g2p_dd;orphadata_genes;panelapp_au_id;sysndd,2020;324604;84132;97244,606210,MONDO:0009711;MONDO:0017939;MONDO:0019951;MONDO:0100100,1,SELENON-Related Myopathy registry (Citizen Health)
HGNC:10723,SEMA3A,semaphorin 3A,ndd_only,,T1,ndd_no_documented_epilepsy,2,g2p_dd;orphadata_genes,130;478,603961,MONDO:0015263;MONDO:0018800,0,
HGNC:10727,SEMA3E,semaphorin 3E,ndd_only,,T2,ndd_no_documented_epilepsy,5,clingen;orphadata_genes;panelapp_au_id;panelapp_ge_id;sysndd,138,608166,MONDO:0008965,0,
HGNC:10736,SEMA5A,semaphorin 5A,ndd_only,,T2,ndd_no_documented_epilepsy,4,orphadata_genes;panelapp_au_id;sfari;sysndd,281,609297,MONDO:0007404,0,
HGNC:10738,SEMA6A,semaphorin 6A,ndd_only,,T2,ndd_no_documented_epilepsy,2,panelapp_au_id;sysndd,,605885,,0,
HGNC:17927,SENP1,SUMO specific peptidase 1,ndd_only,,T3,ndd_no_documented_epilepsy,1,sfari,,612157,,0,
HGNC:20944,SENP6,SUMO specific peptidase 6,ndd_only,,T3,ndd_no_documented_epilepsy,1,sfari,,605003,,0,
HGNC:30402,SENP7,SUMO specific peptidase 7,ndd_only,,T1,ndd_no_documented_epilepsy,1,sysndd,,612846,,0,
HGNC:19685,SEPHS1,selenophosphate synthetase 1,ndd_only,,T1,ndd_no_documented_epilepsy,4,g2p_dd;panelapp_au_id;panelapp_ge_id;sysndd,,600902,,0,
HGNC:14349,SEPTIN10,septin 10,ndd_only,,T3,ndd_no_documented_epilepsy,1,sysndd,,611737,,0,
HGNC:7729,SEPTIN2,septin 2,ndd_only,,T2,ndd_no_documented_epilepsy,1,panelapp_au_id,,601506,,0,
HGNC:15848,SEPTIN6,septin 6,ndd_only,,T3,ndd_no_documented_epilepsy,1,sysndd,,300683,,0,
HGNC:8583,SERPINE1,serpin family E member 1,ndd_only,,T1,ndd_no_documented_epilepsy,3,clingen;orphadata_genes;sfari,465;673556,173360,MONDO:0013227;MONDO:0975754,0,
HGNC:10760,SET,SET nuclear proto-oncogene,ndd_only,,T1,ndd_no_documented_epilepsy,7,clingen;g2p_dd;orphadata_genes;panelapp_au_id;panelapp_ge_id;sfari;sysndd,178469;99861,600960,MONDO:0015802;MONDO:0020512,0,
HGNC:18420,SETD2,"SET domain containing 2, histone lysine methyltransferase",ndd_only,,T1,ndd_no_documented_epilepsy,7,clingen;g2p_dd;orphadata_genes;panelapp_au_id;panelapp_ge_id;sfari;sysndd,597738;597743,612778,MONDO:0014791;MONDO:0035706,0,
HGNC:10761,SETDB1,SET domain bifurcated histone lysine methyltransferase 1,ndd_only,,T2,ndd_no_documented_epilepsy,1,sfari,,604396,,0,
HGNC:20263,SETDB2,SET domain bifurcated histone lysine methyltransferase 2,ndd_only,,T2,ndd_no_documented_epilepsy,2,panelapp_ge_id;sfari,,607865,,0,
HGNC:445,SETX,senataxin,ndd_only,,T1,ndd_no_documented_epilepsy,3,clingen;orphadata_genes;panelapp_ge_id,357043;64753,608465,MONDO:0011223;MONDO:0018996,0,
HGNC:30844,SEZ6L2,seizure related 6 homolog like 2,ndd_only,,T2,ndd_no_documented_epilepsy,1,sfari,,616667,,0,
HGNC:10769,SF3B2,splicing factor 3b subunit 2,ndd_only,,T3,ndd_no_documented_epilepsy,1,sysndd,,605591,,0,
HGNC:10770,SF3B3,splicing factor 3b subunit 3,ndd_only,,T2,ndd_no_documented_epilepsy,3,panelapp_au_id;sfari;sysndd,,605592,,0,
HGNC:10771,SF3B4,splicing factor 3b subunit 4,ndd_only,,T1,ndd_no_documented_epilepsy,5,clingen;g2p_dd;orphadata_genes;panelapp_au_id;panelapp_ge_id,1788;245,605593,MONDO:0007943;MONDO:0008714,0,
HGNC:10802,SFTPC,surfactant protein C,ndd_only,,T1,ndd_no_documented_epilepsy,3,clingen;orphadata_genes;sysndd,2032;217566;440392;685082,178620,MONDO:0016323;MONDO:0018603;MONDO:0100131;MONDO:0800504,0,
HGNC:16088,SFXN4,sideroflexin 4,ndd_only,,T1,ndd_no_documented_epilepsy,5,clingen;orphadata_genes;panelapp_au_id;panelapp_ge_id;sysndd,391348,615564,MONDO:0014261,0,
HGNC:10805,SGCA,sarcoglycan alpha,ndd_only,,T1,ndd_no_documented_epilepsy,4,clingen;orphadata_genes;panelapp_au_id;panelapp_ge_id,62,600119,MONDO:0011968,0,
HGNC:10808,SGCE,sarcoglycan epsilon,ndd_only,,T2,ndd_with_epilepsy,4,orphadata_genes;panelapp_au_epilepsy;panelapp_ge_id;sysndd,36899,604149,MONDO:0000903,0,
HGNC:25412,SGIP1,SH3GL interacting endocytic adaptor 1,ndd_only,,T3,ndd_no_documented_epilepsy,1,sysndd,,611540,,0,
HGNC:29799,SGMS1,sphingomyelin synthase 1,ndd_only,,T3,ndd_no_documented_epilepsy,1,sysndd,,611573,,0,
HGNC:10817,SGPL1,sphingosine-1-phosphate lyase 1,ndd_only,,T1,ndd_no_documented_epilepsy,5,clingen;orphadata_genes;panelapp_au_id;panelapp_ge_id;sysndd,506334,603729,MONDO:0033203,0,
HGNC:25228,SGSM3,small G protein signaling modulator 3,ndd_only,,T1,ndd_no_documented_epilepsy,5,g2p_dd;panelapp_au_id;panelapp_ge_id;sfari;sysndd,,610440,,0,
HGNC:29605,SH2B3,SH2B adaptor protein 3,ndd_only,,T1,ndd_no_documented_epilepsy,3,clingen;orphadata_genes;sysndd,3318;391366,605093,MONDO:0005029;MONDO:0018317,0,
HGNC:10825,SH3BP2,SH3 domain binding protein 2,ndd_only,,T3,ndd_no_documented_epilepsy,2,g2p_dd;orphadata_genes,184,602104,MONDO:0007315,0,
HGNC:29242,SH3PXD2B,SH3 and PX domains 2B,ndd_only,,T1,ndd_no_documented_epilepsy,4,clingen;g2p_dd;orphadata_genes;panelapp_ge_id,137834,613293,MONDO:0009579,0,
HGNC:17650,SH3RF1,SH3 domain containing ring finger 1,ndd_only,,T3,ndd_no_documented_epilepsy,1,sfari,,618642,,0,
HGNC:24699,SH3RF3,SH3 domain containing ring finger 3,ndd_only,,T2,ndd_no_documented_epilepsy,1,sfari,,618933,,0,
HGNC:29427,SH3TC2,SH3 domain and tetratricopeptide repeats 2,ndd_only,,T1,ndd_no_documented_epilepsy,4,clingen;orphadata_genes;panelapp_au_id;panelapp_ge_id,99949,608206,MONDO:0011113,0,
HGNC:15474,SHANK1,SH3 and multiple ankyrin repeat domains 1,ndd_only,,T1,ndd_no_documented_epilepsy,6,clingen;g2p_dd;panelapp_au_id;panelapp_ge_id;sfari;sysndd,,604999,,1,CureSHANK
HGNC:14295,SHANK2,SH3 and multiple ankyrin repeat domains 2,ndd_only,,T1,ndd_no_documented_epilepsy,6,clingen;g2p_dd;panelapp_au_id;panelapp_ge_id;sfari;sysndd,,603290,,1,CureSHANK
HGNC:34491,SHISA6,shisa family member 6,ndd_only,,T3,ndd_no_documented_epilepsy,1,sysndd,,617327,,0,
HGNC:10852,SHMT2,serine hydroxymethyltransferase 2,ndd_only,,T1,ndd_no_documented_epilepsy,5,clingen;g2p_dd;panelapp_au_id;panelapp_ge_id;sysndd,,138450,,0,
HGNC:15454,SHOC2,SHOC2 leucine rich repeat scaffold protein,ndd_only,,T1,ndd_no_documented_epilepsy,6,clingen;g2p_dd;orphadata_genes;panelapp_au_id;panelapp_ge_id;sysndd,2701,602775,MONDO:0011899,1,RASopathies Network
HGNC:10853,SHOX,SHOX homeobox,ndd_only,,T1,ndd_no_documented_epilepsy,4,g2p_dd;orphadata_genes;panelapp_ge_id;sfari,240;2632;314795,"""312865|400020""",MONDO:0007481;MONDO:0009588;MONDO:0010367,0,
HGNC:25543,SHQ1,"SHQ1, H/ACA ribonucleoprotein assembly factor",ndd_only,,T1,ndd_with_epilepsy,4,orphadata_genes;panelapp_ge_epilepsy;panelapp_ge_id;sysndd,256,613663,MONDO:0007492,0,
HGNC:630,SHROOM2,shroom family member 2,ndd_only,,T3,ndd_no_documented_epilepsy,1,panelapp_ge_id,,300103,,0,
HGNC:30422,SHROOM3,shroom family member 3,ndd_only,,T1,ndd_no_documented_epilepsy,1,g2p_dd,,604570,,0,
HGNC:29215,SHROOM4,shroom family member 4,ndd_only,,T1,ndd_with_epilepsy,7,clingen;orphadata_genes;panelapp_au_epilepsy;panelapp_au_id;panelapp_ge_epilepsy;panelapp_ge_id;sysndd,85288,300579,MONDO:0010325,0,
HGNC:10857,SIAH1,siah E3 ubiquitin protein ligase 1,ndd_only,,T1,ndd_no_documented_epilepsy,5,g2p_dd;orphadata_genes;panelapp_au_id;panelapp_ge_id;sysndd,528084,602212,MONDO:0100038,0,
HGNC:24272,SIDT2,SID1 transmembrane family member 2,ndd_only,,T3,ndd_no_documented_epilepsy,1,sysndd,,617551,,0,
HGNC:8157,SIGMAR1,sigma receptor chaperone 1,ndd_only,,T3,ndd_no_documented_epilepsy,2,orphadata_genes;panelapp_ge_id,139552;300605,601978,MONDO:0011585;MONDO:0017593,0,
HGNC:24624,SIL1,SIL1 nucleotide exchange factor,ndd_only,,T1,ndd_no_documented_epilepsy,6,clingen;g2p_dd;orphadata_genes;panelapp_au_id;panelapp_ge_id;sysndd,559,608005,MONDO:0009567,0,
HGNC:10882,SIM1,SIM bHLH transcription factor 1,ndd_only,,T1,ndd_no_documented_epilepsy,2,g2p_dd;orphadata_genes,171829;369873;398079,603128,MONDO:0015749;MONDO:0018244;MONDO:0018355,0,
HGNC:10883,SIM2,SIM bHLH transcription factor 2,ndd_only,,T3,ndd_no_documented_epilepsy,1,sysndd,,600892,,0,
HGNC:19353,SIN3A,SIN3 transcription regulator family member A,ndd_only,,T1,ndd_no_documented_epilepsy,7,clingen;g2p_dd;orphadata_genes;panelapp_au_id;panelapp_ge_id;sfari;sysndd,500166;94065,607776,MONDO:0013256;MONDO:0044700,0,
HGNC:19354,SIN3B,SIN3 transcription regulator family member B,ndd_only,,T1,ndd_no_documented_epilepsy,6,g2p_dd;orphadata_genes;panelapp_au_id;panelapp_ge_id;sfari;sysndd,500166,607777,MONDO:0044700,0,
HGNC:10886,SIRT2,sirtuin 2,ndd_only,,T3,ndd_no_documented_epilepsy,1,sysndd,,604480,,0,
HGNC:10887,SIX1,SIX homeobox 1,ndd_only,,T1,ndd_no_documented_epilepsy,4,clingen;g2p_dd;orphadata_genes;panelapp_ge_id,107;52429;90635,601205,MONDO:0007029;MONDO:0018878;MONDO:0019587,0,
HGNC:10890,SIX4,SIX homeobox 4,ndd_only,,T3,ndd_no_documented_epilepsy,1,sysndd,,606342,,0,
HGNC:10891,SIX5,SIX homeobox 5,ndd_only,,T1,ndd_no_documented_epilepsy,4,clingen;g2p_dd;orphadata_genes;panelapp_ge_id,107,600963,MONDO:0007029,0,
HGNC:10892,SIX6,SIX homeobox 6,ndd_only,,T3,ndd_no_documented_epilepsy,2,g2p_dd;orphadata_genes,35612;435930;98938,606326,MONDO:0000170;MONDO:0005514;MONDO:0008927,0,
HGNC:28109,SKA1,spindle and kinetochore associated complex subunit 1,ndd_only,,T3,ndd_no_documented_epilepsy,1,sysndd,,616673,,0,
HGNC:10896,SKI,SKI proto-oncogene,ndd_only,,T1,ndd_no_documented_epilepsy,7,clingen;g2p_dd;orphadata_genes;panelapp_au_id;panelapp_ge_id;sfari;sysndd,1606;2462,164780,MONDO:0008426;MONDO:0011929,0,
HGNC:10898,SKIC2,SKI2 subunit of superkiller complex,ndd_only,,T1,ndd_no_documented_epilepsy,4,clingen;g2p_dd;orphadata_genes;panelapp_ge_id,84064,600478,MONDO:0009105,0,
HGNC:23639,SKIC3,SKI3 subunit of superkiller complex,ndd_only,,T1,ndd_no_documented_epilepsy,6,clingen;g2p_dd;orphadata_genes;panelapp_au_id;panelapp_ge_id;sysndd,84064,614589,MONDO:0009105,0,
HGNC:32697,SKIDA1,SKI/DACH domain containing 1,ndd_only,,T3,ndd_no_documented_epilepsy,1,sysndd,,,,0,
HGNC:32695,SKOR2,SKI family transcriptional corepressor 2,ndd_only,,T1,ndd_no_documented_epilepsy,3,panelapp_au_id;panelapp_ge_id;sysndd,,617138,,0,
HGNC:26387,SLAIN1,SLAIN family member 1,ndd_only,,T3,ndd_no_documented_epilepsy,1,sysndd,,610491,,0,
HGNC:23088,SLC10A7,solute carrier family 10 member 7,ndd_only,,T1,ndd_no_documented_epilepsy,2,clingen;g2p_dd,,611459,,0,
HGNC:10910,SLC12A1,solute carrier family 12 member 1,ndd_only,,T1,ndd_no_documented_epilepsy,3,clingen;orphadata_genes;panelapp_au_id,620217,600839,MONDO:0100344,0,
HGNC:10911,SLC12A2,solute carrier family 12 member 2,ndd_only,,T1,ndd_no_documented_epilepsy,4,orphadata_genes;panelapp_au_id;panelapp_ge_id;sysndd,633021;633024,600840,MONDO:0033664;MONDO:0033667,0,
HGNC:10914,SLC12A6,solute carrier family 12 member 6,ndd_only,,T1,ndd_no_documented_epilepsy,5,g2p_dd;orphadata_genes;panelapp_au_id;panelapp_ge_id;sysndd,1496,604878,MONDO:0000902,0,
HGNC:17435,SLC12A9,solute carrier family 12 member 9,ndd_only,,T2,ndd_no_documented_epilepsy,4,g2p_dd;panelapp_au_id;panelapp_ge_id;sysndd,,616861,,0,
HGNC:10916,SLC13A1,solute carrier family 13 member 1,ndd_only,,T2,ndd_no_documented_epilepsy,1,g2p_dd,,606193,,0,
HGNC:10933,SLC17A5,solute carrier family 17 member 5,ndd_only,,T1,ndd_no_documented_epilepsy,6,clingen;g2p_dd;orphadata_genes;panelapp_au_id;panelapp_ge_id;sysndd,309324;309331;309334,604322,MONDO:0010027;MONDO:0011449;MONDO:0017737,0,
HGNC:10935,SLC18A2,solute carrier family 18 member A2,ndd_only,,T1,ndd_no_documented_epilepsy,5,clingen;g2p_dd;orphadata_genes;panelapp_au_id;sysndd,352649,193001,MONDO:0018130,0,
HGNC:10938,SLC19A2,solute carrier family 19 member 2,ndd_only,,T3,ndd_no_documented_epilepsy,2,orphadata_genes;panelapp_au_id,49827,603941,MONDO:0009575,0,
HGNC:10939,SLC1A1,solute carrier family 1 member 1,ndd_only,,T2,ndd_no_documented_epilepsy,6,clingen;orphadata_genes;panelapp_au_id;panelapp_ge_id;sfari;sysndd,166412;2195,133550,MONDO:0009110;MONDO:0013229,0,
HGNC:10941,SLC1A3,solute carrier family 1 member 3,ndd_only,,T1,ndd_with_epilepsy,4,clingen;orphadata_genes;panelapp_au_epilepsy;panelapp_au_id,209967;2131,600111,MONDO:0012982;MONDO:0016241,0,
HGNC:10947,SLC20A2,solute carrier family 20 member 2,ndd_only,,T2,ndd_with_epilepsy,4,orphadata_genes;panelapp_au_epilepsy;panelapp_au_id;panelapp_ge_id,1980,158378,MONDO:0008947,0,
HGNC:20301,SLC22A15,solute carrier family 22 member 15,ndd_only,,T2,ndd_no_documented_epilepsy,1,sfari,,608275,,0,
HGNC:29867,SLC22A20P,"solute carrier family 22 member 20, pseudogene",ndd_only,,T3,ndd_no_documented_epilepsy,1,sysndd,,611696,,0,
HGNC:16261,SLC22A9,solute carrier family 22 member 9,ndd_only,,T2,ndd_no_documented_epilepsy,1,sfari,,607579,,0,
HGNC:10974,SLC23A1,solute carrier family 23 member 1,ndd_only,,T3,ndd_no_documented_epilepsy,1,sfari,,603790,,0,
HGNC:10976,SLC24A2,solute carrier family 24 member 2,ndd_only,,T2,ndd_no_documented_epilepsy,1,sfari,,609838,,0,
HGNC:10978,SLC24A4,solute carrier family 24 member 4,ndd_only,,T1,ndd_no_documented_epilepsy,2,g2p_dd;orphadata_genes,100032;100033,609840,MONDO:0015048;MONDO:0968955,0,
HGNC:10983,SLC25A13,solute carrier family 25 member 13,ndd_only,,T1,ndd_no_documented_epilepsy,5,clingen;g2p_dd;orphadata_genes;panelapp_au_id;panelapp_ge_id,247585;247598,603859,MONDO:0011601;MONDO:0016603,0,
HGNC:10985,SLC25A15,solute carrier family 25 member 15,ndd_only,,T1,ndd_no_documented_epilepsy,6,clingen;g2p_dd;orphadata_genes;panelapp_au_id;panelapp_ge_id;sysndd,415,603861,MONDO:0009393,0,
HGNC:14409,SLC25A19,solute carrier family 25 member 19,ndd_only,,T1,ndd_with_epilepsy,7,clingen;g2p_dd;orphadata_genes;panelapp_au_id;panelapp_ge_epilepsy;panelapp_ge_id;sysndd,217396;99742,606521,MONDO:0011790;MONDO:0013382,0,
HGNC:1421,SLC25A20,solute carrier family 25 member 20,ndd_only,,T1,ndd_no_documented_epilepsy,6,clingen;g2p_dd;orphadata_genes;panelapp_au_id;panelapp_ge_id;sysndd,159,613698,MONDO:0008918,0,
HGNC:19375,SLC25A23,solute carrier family 25 member 23,ndd_only,,T3,ndd_no_documented_epilepsy,1,sysndd,,608746,,0,
HGNC:20662,SLC25A24,solute carrier family 25 member 24,ndd_only,,T1,ndd_no_documented_epilepsy,6,clingen;g2p_dd;orphadata_genes;panelapp_au_id;panelapp_ge_id;sysndd,2095;2963,608744,MONDO:0012853,0,
HGNC:20661,SLC25A26,solute carrier family 25 member 26,ndd_only,,T1,ndd_no_documented_epilepsy,5,clingen;g2p_dd;orphadata_genes;panelapp_ge_id;sysndd,466784,611037,MONDO:0014775,0,
HGNC:21065,SLC25A27,solute carrier family 25 member 27,ndd_only,,T2,ndd_no_documented_epilepsy,1,sfari,,613725,,0,
HGNC:26054,SLC25A38,solute carrier family 25 member 38,ndd_only,,T1,ndd_no_documented_epilepsy,3,g2p_dd;orphadata_genes;panelapp_ge_id,260305,610819,MONDO:0016828,0,
HGNC:24279,SLC25A39,solute carrier family 25 member 39,ndd_only,,T2,ndd_no_documented_epilepsy,2,sfari;sysndd,,610820,,0,
HGNC:10990,SLC25A4,solute carrier family 25 member 4,ndd_only,,T1,ndd_no_documented_epilepsy,5,clingen;g2p_dd;orphadata_genes;panelapp_au_id;sysndd,1369;254892,103220,MONDO:0008003;MONDO:0008922,0,
HGNC:28380,SLC25A42,solute carrier family 25 member 42,ndd_only,,T1,ndd_no_documented_epilepsy,2,g2p_dd;sysndd,,610823,,0,
HGNC:25198,SLC25A46,solute carrier family 25 member 46,ndd_only,,T1,ndd_no_documented_epilepsy,3,clingen;orphadata_genes;sysndd,2254;90120,610826,MONDO:0016396;MONDO:0019551,0,
HGNC:31894,SLC25A53,solute carrier family 25 member 53,ndd_only,,T3,ndd_no_documented_epilepsy,1,panelapp_ge_id,,300941,,0,
HGNC:10992,SLC25A6,solute carrier family 25 member 6,ndd_only,,T3,ndd_no_documented_epilepsy,1,panelapp_ge_id,,"""300151|403000""",,0,
HGNC:10994,SLC26A2,solute carrier family 26 member 2,ndd_only,,T1,ndd_no_documented_epilepsy,4,clingen;g2p_dd;orphadata_genes;panelapp_ge_id,56304;628;93298;93307,606718,MONDO:0009107;MONDO:0009189;MONDO:0009727;MONDO:0010966,0,
HGNC:14469,SLC26A9,solute carrier family 26 member 9,ndd_only,,T3,ndd_no_documented_epilepsy,2,orphadata_genes;panelapp_ge_id,586,608481,MONDO:0009061,0,
HGNC:10997,SLC27A3,solute carrier family 27 member 3,ndd_only,,T3,ndd_no_documented_epilepsy,2,panelapp_au_id;sysndd,,604193,,0,
HGNC:10998,SLC27A4,solute carrier family 27 member 4,ndd_only,,T1,ndd_no_documented_epilepsy,4,g2p_dd;orphadata_genes;panelapp_ge_id;sfari,88621,604194,MONDO:0012089,0,
HGNC:23096,SLC29A3,solute carrier family 29 member 3,ndd_only,,T1,ndd_no_documented_epilepsy,3,clingen;orphadata_genes;panelapp_au_id,168569;1782,612373,MONDO:0009138;MONDO:0011273,0,
HGNC:23097,SLC29A4,solute carrier family 29 member 4,ndd_only,,T2,ndd_no_documented_epilepsy,1,sfari,,609149,,0,
HGNC:13444,SLC2A10,solute carrier family 2 member 10,ndd_only,,T1,ndd_no_documented_epilepsy,5,clingen;g2p_dd;orphadata_genes;panelapp_au_id;panelapp_ge_id,3342,606145,MONDO:0008818,0,
HGNC:11006,SLC2A2,solute carrier family 2 member 2,ndd_only,,T1,ndd_no_documented_epilepsy,4,g2p_dd;orphadata_genes;panelapp_au_id;panelapp_ge_id,2088,138160,MONDO:0009216,0,
HGNC:19089,SLC30A5,solute carrier family 30 member 5,ndd_only,,T3,ndd_no_documented_epilepsy,1,sysndd,,607819,,0,
HGNC:19306,SLC30A7,solute carrier family 30 member 7,ndd_only,,T2,ndd_no_documented_epilepsy,2,g2p_dd;sysndd,,611149,,0,
HGNC:1329,SLC30A9,solute carrier family 30 member 9,ndd_only,,T1,ndd_no_documented_epilepsy,5,clingen;orphadata_genes;panelapp_au_id;panelapp_ge_id;sysndd,505242,604604,MONDO:0044726,0,
HGNC:11016,SLC31A1,solute carrier family 31 member 1,ndd_only,,T1,ndd_with_epilepsy,6,g2p_dd;panelapp_au_epilepsy;panelapp_au_id;panelapp_ge_epilepsy;panelapp_ge_id;sysndd,,603085,,0,
HGNC:95,SLC33A1,solute carrier family 33 member 1,ndd_only,,T1,ndd_no_documented_epilepsy,5,g2p_dd;orphadata_genes;panelapp_au_id;panelapp_ge_id;sysndd,171863;300313,603690,MONDO:0012928;MONDO:0013772,0,
HGNC:20798,SLC35B1,solute carrier family 35 member B1,ndd_only,,T2,ndd_no_documented_epilepsy,1,sfari,,610790,,0,
HGNC:16872,SLC35B2,solute carrier family 35 member B2,ndd_only,,T1,ndd_no_documented_epilepsy,4,g2p_dd;panelapp_au_id;panelapp_ge_id;sysndd,,610788,,0,
HGNC:20197,SLC35C1,solute carrier family 35 member C1,ndd_only,,T1,ndd_no_documented_epilepsy,6,clingen;g2p_dd;orphadata_genes;panelapp_au_id;panelapp_ge_id;sysndd,99843,605881,MONDO:0009953,0,
HGNC:20800,SLC35D1,solute carrier family 35 member D1,ndd_only,,T1,ndd_no_documented_epilepsy,4,clingen;g2p_dd;orphadata_genes;panelapp_ge_id,3144,610804,MONDO:0010013,0,
HGNC:21483,SLC35F1,solute carrier family 35 member F1,ndd_only,,T2,ndd_no_documented_epilepsy,3,panelapp_au_id;panelapp_ge_id;sysndd,,620349,,0,
HGNC:26607,SLC35G1,solute carrier family 35 member G1,ndd_only,,T2,ndd_no_documented_epilepsy,1,sfari,,617167,,0,
HGNC:4061,SLC37A4,solute carrier family 37 member 4,ndd_only,,T1,ndd_no_documented_epilepsy,2,g2p_dd;orphadata_genes,79259,602671,MONDO:0009288,0,
HGNC:28237,SLC38A10,solute carrier family 38 member 10,ndd_only,,T2,ndd_no_documented_epilepsy,1,sfari,,616525,,0,
HGNC:20859,SLC39A13,solute carrier family 39 member 13,ndd_only,,T1,ndd_no_documented_epilepsy,4,clingen;g2p_dd;orphadata_genes;panelapp_ge_id,157965,608735,MONDO:0012873,0,
HGNC:20858,SLC39A14,solute carrier family 39 member 14,ndd_only,,T1,ndd_no_documented_epilepsy,5,g2p_dd;orphadata_genes;panelapp_au_id;panelapp_ge_id;sysndd,521406,608736,MONDO:0014864,0,
HGNC:17129,SLC39A4,solute carrier family 39 member 4,ndd_only,,T1,ndd_no_documented_epilepsy,3,clingen;orphadata_genes;panelapp_au_id,37,607059,MONDO:0008713,0,
HGNC:11026,SLC3A2,solute carrier family 3 member 2,ndd_only,,T3,ndd_no_documented_epilepsy,1,sysndd,,158070,,0,
HGNC:18798,SLC44A1,solute carrier family 44 member 1,ndd_only,,T1,ndd_no_documented_epilepsy,2,panelapp_au_id;sysndd,,606105,,0,
HGNC:11027,SLC4A1,solute carrier family 4 member 1 (Diego blood group),ndd_only,,T1,ndd_no_documented_epilepsy,3,g2p_dd;orphadata_genes;panelapp_ge_id,3202;398088;822;93608;93610;98868,109270,MONDO:0008165;MONDO:0008368;MONDO:0008494;MONDO:0012700;MONDO:0017910;MONDO:0019350,0,
HGNC:16438,SLC4A11,solute carrier family 4 member 11,ndd_only,,T1,ndd_no_documented_epilepsy,3,g2p_dd;orphadata_genes;panelapp_ge_id,1490;293603;98974,610206,MONDO:0005321;MONDO:0009015;MONDO:0009019,0,
HGNC:11030,SLC4A4,solute carrier family 4 member 4,ndd_only,,T1,ndd_with_epilepsy,6,g2p_dd;orphadata_genes;panelapp_au_epilepsy;panelapp_au_id;panelapp_ge_id;sysndd,93607,603345,MONDO:0011422,0,
HGNC:30224,SLC52A2,solute carrier family 52 member 2,ndd_only,,T1,ndd_no_documented_epilepsy,3,clingen;g2p_dd;orphadata_genes,572543,607882,MONDO:0024537,0,
HGNC:16187,SLC52A3,solute carrier family 52 member 3,ndd_only,,T1,ndd_no_documented_epilepsy,4,clingen;g2p_dd;orphadata_genes;panelapp_ge_id,572550,613350,MONDO:0013867,0,
HGNC:11037,SLC5A2,solute carrier family 5 member 2,ndd_only,,T3,ndd_no_documented_epilepsy,3,orphadata_genes;panelapp_au_id;panelapp_ge_id,69076,182381,MONDO:0009297,0,
HGNC:11040,SLC5A5,solute carrier family 5 member 5,ndd_only,,T1,ndd_no_documented_epilepsy,5,g2p_dd;orphadata_genes;panelapp_au_id;panelapp_ge_id;sysndd,95716,601843,MONDO:0010132,0,
HGNC:14025,SLC5A7,solute carrier family 5 member 7,ndd_only,,T1,ndd_no_documented_epilepsy,5,clingen;g2p_dd;orphadata_genes;panelapp_ge_id;sysndd,139589;716893,608761,MONDO:0015355,0,
HGNC:31399,SLC6A17,solute carrier family 6 member 17,ndd_only,,T1,ndd_no_documented_epilepsy,6,clingen;g2p_dd;orphadata_genes;panelapp_au_id;panelapp_ge_id;sysndd,457212,610299,MONDO:0014559,0,
HGNC:27960,SLC6A19,solute carrier family 6 member 19,ndd_only,,T1,ndd_with_epilepsy,7,clingen;orphadata_genes;panelapp_au_epilepsy;panelapp_au_id;panelapp_ge_epilepsy;panelapp_ge_id;sysndd,2116;42062,608893,MONDO:0009324;MONDO:0009448,0,
HGNC:11049,SLC6A3,solute carrier family 6 member 3,ndd_only,,T1,ndd_no_documented_epilepsy,7,clingen;g2p_dd;orphadata_genes;panelapp_au_id;panelapp_ge_id;sfari;sysndd,238455,126455,MONDO:0013150,0,
HGNC:11050,SLC6A4,solute carrier family 6 member 4,ndd_only,,T2,ndd_no_documented_epilepsy,4,clingen;panelapp_au_id;panelapp_ge_id;sfari,,182138,,0,
HGNC:11051,SLC6A5,solute carrier family 6 member 5,ndd_only,,T1,ndd_with_epilepsy,5,clingen;g2p_dd;orphadata_genes;panelapp_ge_epilepsy;panelapp_ge_id,3197,604159,MONDO:0021022,0,
HGNC:11056,SLC6A9,solute carrier family 6 member 9,ndd_only,,T1,ndd_with_epilepsy,6,clingen;g2p_dd;orphadata_genes;panelapp_au_id;panelapp_ge_id;sysndd,289860;289863,601019,MONDO:0015010;MONDO:0017354,0,
HGNC:11058,SLC7A10,solute carrier family 7 member 10,ndd_only,,T3,ndd_no_documented_epilepsy,1,sysndd,,607959,,0,
HGNC:11061,SLC7A3,solute carrier family 7 member 3,ndd_only,,T2,ndd_no_documented_epilepsy,1,sfari,,300443,,0,
HGNC:11063,SLC7A5,solute carrier family 7 member 5,ndd_only,,T2,ndd_no_documented_epilepsy,3,clingen;sfari;sysndd,,600182,,0,
HGNC:11065,SLC7A7,solute carrier family 7 member 7,ndd_only,,T1,ndd_no_documented_epilepsy,6,clingen;orphadata_genes;panelapp_au_id;panelapp_ge_id;sfari;sysndd,470,603593,MONDO:0009109,0,
HGNC:11066,SLC7A8,solute carrier family 7 member 8,ndd_only,,T3,ndd_no_documented_epilepsy,1,sysndd,,604235,,0,
HGNC:11071,SLC9A1,solute carrier family 9 member A1,ndd_only,,T2,ndd_no_documented_epilepsy,4,clingen;orphadata_genes;sfari;sysndd,448251,107310,MONDO:0014572,0,
HGNC:17123,SLC9A7,solute carrier family 9 member A7,ndd_only,,T1,ndd_no_documented_epilepsy,5,g2p_dd;orphadata_genes;panelapp_au_id;panelapp_ge_id;sysndd,777,300368,MONDO:0019181,0,
HGNC:20653,SLC9A9,solute carrier family 9 member A9,ndd_only,,T2,ndd_no_documented_epilepsy,6,clingen;g2p_dd;panelapp_au_id;panelapp_ge_id;sfari;sysndd,,608396,,0,
HGNC:10961,SLCO1B3,solute carrier organic anion transporter family member 1B3,ndd_only,,T2,ndd_no_documented_epilepsy,2,orphadata_genes;sfari,3111,605495,MONDO:0009379,0,
HGNC:13819,SLCO1C1,solute carrier organic anion transporter family member 1C1,ndd_only,,T3,ndd_no_documented_epilepsy,1,sysndd,,613389,,0,
HGNC:17814,SLF2,SMC5/6 complex localization factor 2,ndd_only,,T1,ndd_no_documented_epilepsy,3,g2p_dd;panelapp_au_id;sysndd,,610348,,0,
HGNC:28286,SLFN5,schlafen family member 5,ndd_only,,T3,ndd_no_documented_epilepsy,1,sfari,,614952,,0,
HGNC:20495,SLIRP,SRA stem-loop interacting RNA binding protein,ndd_only,,T3,ndd_no_documented_epilepsy,2,g2p_dd;sysndd,,610211,,0,
HGNC:11087,SLIT3,slit guidance ligand 3,ndd_only,,T3,ndd_no_documented_epilepsy,1,g2p_dd,,603745,,0,
HGNC:13449,SLITRK2,SLIT and NTRK like family member 2,ndd_only,,T1,ndd_with_epilepsy,6,clingen;panelapp_au_epilepsy;panelapp_au_id;panelapp_ge_id;sfari;sysndd,,300561,,0,
HGNC:20295,SLITRK5,SLIT and NTRK like family member 5,ndd_only,,T2,ndd_no_documented_epilepsy,2,sfari;sysndd,,609680,,0,
HGNC:11088,SLK,STE20 like kinase,ndd_only,,T2,ndd_no_documented_epilepsy,2,panelapp_au_id;sysndd,,616563,,0,
HGNC:23845,SLX4,SLX4 structure-specific endonuclease subunit,ndd_only,,T1,ndd_no_documented_epilepsy,6,clingen;g2p_dd;orphadata_genes;panelapp_au_id;panelapp_ge_id;sysndd,84,613278,MONDO:0019391,0,
HGNC:6768,SMAD2,SMAD family member 2,ndd_only,,T1,ndd_no_documented_epilepsy,4,clingen;g2p_dd;orphadata_genes;sysndd,60030;91387,601366,MONDO:0018954;MONDO:0019625,0,
HGNC:6769,SMAD3,SMAD family member 3,ndd_only,,T1,ndd_no_documented_epilepsy,3,g2p_dd;orphadata_genes;panelapp_ge_id,284984;60030;91387,603109,MONDO:0013426;MONDO:0018954;MONDO:0019625,0,
HGNC:6770,SMAD4,SMAD family member 4,ndd_only,,T1,ndd_no_documented_epilepsy,7,clingen;g2p_dd;orphadata_genes;panelapp_au_id;panelapp_ge_id;sfari;sysndd,1333;2588;329971;774;91387,600993,MONDO:0007688;MONDO:0008276;MONDO:0015278;MONDO:0019180;MONDO:0019625,0,
HGNC:6772,SMAD6,SMAD family member 6,ndd_only,,T1,ndd_no_documented_epilepsy,5,clingen;g2p_dd;orphadata_genes;panelapp_au_id;sysndd,402075,602931,MONDO:0007194,0,
HGNC:25082,SMAP2,small ArfGAP2,ndd_only,,T2,ndd_no_documented_epilepsy,1,sfari,,616916,,0,
HGNC:11101,SMARCA5,SNF2 related chromatin remodeling ATPase 5,ndd_only,,T1,ndd_no_documented_epilepsy,5,clingen;orphadata_genes;panelapp_au_id;panelapp_ge_id;sysndd,370334,603375,MONDO:0018270,0,
HGNC:11102,SMARCAL1,SNF2 related chromatin remodeling annealing helicase 1,ndd_only,,T1,ndd_no_documented_epilepsy,4,clingen;g2p_dd;orphadata_genes;panelapp_ge_id,1830,606622,MONDO:0009458,0,
HGNC:11104,SMARCC1,SWI/SNF related BAF chromatin remodeling complex subunit C1,ndd_only,,T1,ndd_no_documented_epilepsy,4,clingen;panelapp_au_id;panelapp_ge_id;sysndd,,601732,,0,
HGNC:11106,SMARCD1,SWI/SNF related BAF chromatin remodeling complex subunit D1,ndd_only,,T1,ndd_no_documented_epilepsy,5,g2p_dd;orphadata_genes;panelapp_au_id;panelapp_ge_id;sysndd,1465,601735,MONDO:0015452,0,
HGNC:11107,SMARCD2,SWI/SNF related BAF chromatin remodeling complex subunit D2,ndd_only,,T2,ndd_no_documented_epilepsy,4,orphadata_genes;panelapp_au_id;panelapp_ge_id;sysndd,169142,601736,MONDO:0009506,0,
HGNC:11108,SMARCD3,SWI/SNF related BAF chromatin remodeling complex subunit D3,ndd_only,,T3,ndd_no_documented_epilepsy,1,panelapp_ge_id,,601737,,0,
HGNC:2468,SMC3,structural maintenance of chromosomes 3,ndd_only,,T1,ndd_no_documented_epilepsy,7,clingen;g2p_dd;orphadata_genes;panelapp_au_id;panelapp_ge_id;sfari;sysndd,199,606062,MONDO:0016033,1,"Cornelia de Lange Syndrome Foundation, Inc."
HGNC:20465,SMC5,structural maintenance of chromosomes 5,ndd_only,,T2,ndd_no_documented_epilepsy,3,g2p_dd;panelapp_au_id;sysndd,,609386,,0,
HGNC:20466,SMC6,structural maintenance of chromosomes 6,ndd_only,,T2,ndd_no_documented_epilepsy,1,panelapp_au_id,,609387,,0,
HGNC:29090,SMCHD1,structural maintenance of chromosomes flexible hinge domain containing 1,ndd_only,,T1,ndd_no_documented_epilepsy,5,clingen;g2p_dd;orphadata_genes;panelapp_au_id;panelapp_ge_id,2250;269,614982,MONDO:0001347;MONDO:0011323,0,
HGNC:24644,SMG5,SMG5 nonsense mediated mRNA decay factor,ndd_only,,T3,ndd_no_documented_epilepsy,1,panelapp_au_id,,610962,,0,
HGNC:17809,SMG6,SMG6 nonsense mediated mRNA decay factor,ndd_only,,T2,ndd_no_documented_epilepsy,2,panelapp_au_id;sfari,,610963,,0,
HGNC:25551,SMG8,SMG8 nonsense mediated mRNA decay factor,ndd_only,,T1,ndd_no_documented_epilepsy,5,clingen;g2p_dd;panelapp_au_id;panelapp_ge_id;sysndd,,613175,,0,
HGNC:25763,SMG9,SMG9 nonsense mediated mRNA decay factor,ndd_only,,T1,ndd_no_documented_epilepsy,4,g2p_dd;panelapp_au_id;panelapp_ge_id;sysndd,,613176,,0,
HGNC:11119,SMO,"smoothened, frizzled class receptor",ndd_only,,T1,ndd_no_documented_epilepsy,5,clingen;g2p_dd;orphadata_genes;panelapp_ge_id;sysndd,1553;2495;388,601500,MONDO:0011134;MONDO:0016642;MONDO:0018309,0,
HGNC:20318,SMOC1,SPARC related modular calcium binding 1,ndd_only,,T1,ndd_no_documented_epilepsy,5,g2p_dd;orphadata_genes;panelapp_au_id;panelapp_ge_id;sysndd,1106,608488,MONDO:0008800,0,
HGNC:20323,SMOC2,SPARC related modular calcium binding 2,ndd_only,,T1,ndd_no_documented_epilepsy,2,g2p_dd;orphadata_genes,314721,607223,MONDO:0017819,0,
HGNC:11120,SMPD1,sphingomyelin phosphodiesterase 1,ndd_only,,T1,ndd_no_documented_epilepsy,6,clingen;g2p_dd;orphadata_genes;panelapp_au_id;panelapp_ge_id;sysndd,618891;77292;77293,607608,MONDO:0009756;MONDO:0011871;MONDO:0850058,0,
HGNC:32949,SMPD4,sphingomyelin phosphodiesterase 4,ndd_only,,T1,ndd_no_documented_epilepsy,5,g2p_dd;orphadata_genes;panelapp_au_id;panelapp_ge_id;sysndd,664923,610457,MONDO:0032838,0,
HGNC:16807,SMURF1,SMAD specific E3 ubiquitin protein ligase 1,ndd_only,,T2,ndd_no_documented_epilepsy,1,sfari,,605568,,0,
HGNC:16809,SMURF2,SMAD specific E3 ubiquitin protein ligase 2,ndd_only,,T3,ndd_no_documented_epilepsy,1,sysndd,,605532,,0,
HGNC:16258,SMYD5,SMYD family member 5,ndd_only,,T3,ndd_no_documented_epilepsy,1,sysndd,,619114,,0,
HGNC:11137,SNAPC4,small nuclear RNA activating complex polypeptide 4,ndd_only,,T1,ndd_no_documented_epilepsy,3,g2p_dd;panelapp_au_id;sysndd,,602777,,0,
HGNC:15484,SNAPC5,small nuclear RNA activating complex polypeptide 5,ndd_only,,T3,ndd_no_documented_epilepsy,1,sysndd,,605979,,0,
HGNC:17145,SNAPIN,SNAP associated protein,ndd_only,,T1,ndd_no_documented_epilepsy,2,panelapp_au_id;sysndd,,607007,,0,
HGNC:11138,SNCA,synuclein alpha,ndd_only,,T1,ndd_no_documented_epilepsy,3,clingen;orphadata_genes;panelapp_ge_id,171695;2828;411602,163890,MONDO:0008199;MONDO:0009830;MONDO:0017279,0,
HGNC:11139,SNCAIP,synuclein alpha interacting protein,ndd_only,,T3,ndd_no_documented_epilepsy,1,sfari,,603779,,0,
HGNC:30646,SND1,staphylococcal nuclease and tudor domain containing 1,ndd_only,,T2,ndd_no_documented_epilepsy,1,sfari,,602181,,0,
HGNC:33067,SNORD116-1,"small nucleolar RNA, C/D box 116-1",ndd_only,,T3,ndd_no_documented_epilepsy,1,panelapp_au_id,,605436,,0,
HGNC:11151,SNRPA,small nuclear ribonucleoprotein polypeptide A,ndd_only,,T3,ndd_no_documented_epilepsy,1,panelapp_au_id,,182285,,0,
HGNC:11153,SNRPB,small nuclear ribonucleoprotein polypeptides B and B1,ndd_only,,T1,ndd_no_documented_epilepsy,5,g2p_dd;orphadata_genes;panelapp_au_id;panelapp_ge_id;sysndd,1393,182282,MONDO:0007301,0,
HGNC:11161,SNRPE,small nuclear ribonucleoprotein polypeptide E,ndd_only,,T1,ndd_no_documented_epilepsy,4,g2p_dd;orphadata_genes;panelapp_au_id;sysndd,55654,128260,MONDO:0018914,0,
HGNC:11164,SNRPN,small nuclear ribonucleoprotein polypeptide N,ndd_only,,T2,ndd_no_documented_epilepsy,3,orphadata_genes;panelapp_au_id;sysndd,177901;177904;177907;177910;411515;98754,182279,MONDO:0015783;MONDO:0015784;MONDO:0015785;MONDO:0015786;MONDO:0018462;MONDO:0020298,0,
HGNC:13740,SNTG1,syntrophin gamma 1,ndd_only,,T3,ndd_no_documented_epilepsy,2,panelapp_ge_id;sysndd,,608714,,0,
HGNC:13741,SNTG2,syntrophin gamma 2,ndd_only,,T2,ndd_no_documented_epilepsy,1,sfari,,608715,,0,
HGNC:14245,SNUPN,snurportin 1,ndd_only,,T1,ndd_no_documented_epilepsy,3,clingen;g2p_dd;sysndd,,607902,,0,
HGNC:14977,SNX14,sorting nexin 14,ndd_only,,T1,ndd_no_documented_epilepsy,7,clingen;g2p_dd;orphadata_genes;panelapp_au_id;panelapp_ge_id;sfari;sysndd,397709,616105,MONDO:0014601,0,
HGNC:11174,SNX3,sorting nexin 3,ndd_only,,T3,ndd_no_documented_epilepsy,3,g2p_dd;panelapp_ge_id;sysndd,,605930,,0,
HGNC:14969,SNX5,sorting nexin 5,ndd_only,,T2,ndd_no_documented_epilepsy,2,sfari;sysndd,,605937,,0,
HGNC:29256,SOBP,sine oculis binding protein homolog,ndd_only,,T3,ndd_no_documented_epilepsy,6,clingen;g2p_dd;orphadata_genes;panelapp_au_id;panelapp_ge_id;sysndd,562559,613667,MONDO:0013353,0,
HGNC:11179,SOD1,superoxide dismutase 1,ndd_only,,T1,ndd_no_documented_epilepsy,6,clingen;orphadata_genes;panelapp_au_id;panelapp_ge_id;sfari;sysndd,803,147450,MONDO:0004976,0,
HGNC:16699,SORCS3,sortilin related VPS10 domain containing receptor 3,ndd_only,,T2,ndd_no_documented_epilepsy,2,sfari;sysndd,,606285,,0,
HGNC:11187,SOS1,SOS Ras/Rac guanine nucleotide exchange factor 1,ndd_only,,T1,ndd_no_documented_epilepsy,6,clingen;g2p_dd;orphadata_genes;panelapp_au_id;panelapp_ge_id;sysndd,2024;648,182530,MONDO:0016070;MONDO:0018997,1,RASopathies Network
HGNC:11188,SOS2,SOS Ras/Rho guanine nucleotide exchange factor 2,ndd_only,,T1,ndd_no_documented_epilepsy,7,clingen;g2p_dd;orphadata_genes;panelapp_au_id;panelapp_ge_id;sfari;sysndd,648,601247,MONDO:0018997,0,
HGNC:13771,SOST,sclerostin,ndd_only,,T3,ndd_no_documented_epilepsy,2,orphadata_genes;panelapp_au_id,1513;3152;3416,605740,MONDO:0009031;MONDO:0009395;MONDO:0017838,0,
HGNC:11190,SOX10,SRY-box transcription factor 10,ndd_only,,T1,ndd_with_epilepsy,7,clingen;g2p_dd;orphadata_genes;panelapp_au_epilepsy;panelapp_au_id;panelapp_ge_id;sysndd,163746;478;895;897,602229,MONDO:0012198;MONDO:0018800;MONDO:0019517;MONDO:0019518,0,
HGNC:11198,SOX12,SRY-box transcription factor 12,ndd_only,,T3,ndd_no_documented_epilepsy,1,sysndd,,601947,,0,
HGNC:18122,SOX17,SRY-box transcription factor 17,ndd_only,,T1,ndd_no_documented_epilepsy,4,clingen;g2p_dd;orphadata_genes;panelapp_ge_id,275777;289365,610928,MONDO:0017148;MONDO:0017329,0,
HGNC:11199,SOX3,SRY-box transcription factor 3,ndd_only,,T1,ndd_no_documented_epilepsy,6,clingen;g2p_dd;orphadata_genes;panelapp_au_id;panelapp_ge_id;sysndd,3157;393;67045;79495;90695,313430,MONDO:0008428;MONDO:0010614;MONDO:0019032;MONDO:0019591;MONDO:0100249,0,
HGNC:11200,SOX4,SRY-box transcription factor 4,ndd_only,,T1,ndd_no_documented_epilepsy,5,g2p_dd;orphadata_genes;panelapp_au_id;panelapp_ge_id;sysndd,1465,184430,MONDO:0015452,0,
HGNC:11201,SOX5,SRY-box transcription factor 5,ndd_only,,T1,ndd_no_documented_epilepsy,7,clingen;g2p_dd;orphadata_genes;panelapp_au_id;panelapp_ge_id;sfari;sysndd,313884;313892;626,604975,MONDO:0017781;MONDO:0017782;MONDO:0044792,0,
HGNC:16421,SOX6,SRY-box transcription factor 6,ndd_only,,T1,ndd_no_documented_epilepsy,6,clingen;g2p_dd;panelapp_au_id;panelapp_ge_id;sfari;sysndd,,607257,,0,
HGNC:11203,SOX8,SRY-box transcription factor 8,ndd_only,,T3,ndd_no_documented_epilepsy,1,panelapp_au_id,,605923,,0,
HGNC:11204,SOX9,SRY-box transcription factor 9,ndd_only,,T1,ndd_no_documented_epilepsy,6,clingen;g2p_dd;orphadata_genes;panelapp_au_id;panelapp_ge_id;sysndd,140;2138;242;251510;393;718,608160,MONDO:0007251;MONDO:0009869;MONDO:0010765;MONDO:0016281;MONDO:0016674;MONDO:0100249,0,
HGNC:11207,SP2,Sp2 transcription factor,ndd_only,,T3,ndd_no_documented_epilepsy,1,sysndd,,601801,,0,
HGNC:17321,SP7,Sp7 transcription factor,ndd_only,,T3,ndd_no_documented_epilepsy,2,orphadata_genes;panelapp_au_id,1513;216820,606633,MONDO:0008148;MONDO:0009031,0,
HGNC:11212,SPAG1,sperm associated antigen 1,ndd_only,,T1,ndd_no_documented_epilepsy,4,clingen;g2p_dd;orphadata_genes;panelapp_ge_id,244,603395,MONDO:0016575,0,
HGNC:26620,SPAG17,sperm associated antigen 17,ndd_only,,T3,ndd_no_documented_epilepsy,2,orphadata_genes;sysndd,276234;399805,616554,MONDO:0017173;MONDO:0018393,0,
HGNC:13452,SPAG5,sperm associated antigen 5,ndd_only,,T3,ndd_no_documented_epilepsy,1,sysndd,,615562,,0,
HGNC:14524,SPAG9,sperm associated antigen 9,ndd_only,,T3,ndd_no_documented_epilepsy,1,panelapp_au_id,,605430,,0,
HGNC:11219,SPARC,secreted protein acidic and cysteine rich,ndd_only,,T1,ndd_no_documented_epilepsy,3,g2p_dd;orphadata_genes;sysndd,216820,182120,MONDO:0008148,0,
HGNC:11220,SPARCL1,SPARC like 1,ndd_only,,T2,ndd_no_documented_epilepsy,2,orphadata_genes;sfari,101068,606041,MONDO:0012401,0,
HGNC:18514,SPART,spartin,ndd_only,,T1,ndd_no_documented_epilepsy,5,clingen;orphadata_genes;panelapp_au_id;panelapp_ge_id;sysndd,101000,607111,MONDO:0010156,0,
HGNC:11233,SPAST,spastin,ndd_only,,T1,ndd_no_documented_epilepsy,6,g2p_dd;orphadata_genes;panelapp_au_id;panelapp_ge_id;sfari;sysndd,100985,604277,MONDO:0008438,0,
HGNC:23222,SPATA13,spermatogenesis associated 13,ndd_only,,T3,ndd_no_documented_epilepsy,2,clingen;sysndd,,613324,,0,
HGNC:26010,SPDL1,spindle apparatus coiled-coil protein 1,ndd_only,,T3,ndd_no_documented_epilepsy,1,sysndd,,616401,,0,
HGNC:29022,SPECC1L,sperm antigen with calponin homology and coiled-coil domains 1 like,ndd_only,,T1,ndd_no_documented_epilepsy,5,g2p_dd;orphadata_genes;panelapp_au_id;panelapp_ge_id;sysndd,141258;141276;1519,614140,MONDO:0010850;MONDO:0013300;MONDO:0800025,0,
HGNC:16901,SPEG,striated muscle enriched protein kinase,ndd_only,,T1,ndd_no_documented_epilepsy,5,clingen;g2p_dd;orphadata_genes;panelapp_au_id;panelapp_ge_id,169186,615950,MONDO:0015705,0,
HGNC:17575,SPEN,spen family transcriptional repressor,ndd_only,,T1,ndd_with_epilepsy,8,clingen;g2p_dd;orphadata_genes;panelapp_au_epilepsy;panelapp_au_id;panelapp_ge_id;sfari;sysndd,1606;662234,613484,MONDO:0011929;MONDO:0859143,0,
HGNC:11226,SPG11,"SPG11 vesicle trafficking associated, spatacsin",ndd_only,,T1,ndd_no_documented_epilepsy,6,clingen;g2p_dd;orphadata_genes;panelapp_au_id;panelapp_ge_id;sysndd,2822;300605;466775,610844,MONDO:0011445;MONDO:0014726;MONDO:0017593,0,
HGNC:20373,SPG21,"SPG21 abhydrolase domain containing, maspardin",ndd_only,,T3,ndd_no_documented_epilepsy,2,orphadata_genes;panelapp_ge_id,101001,608181,MONDO:0009568,0,
HGNC:11237,SPG7,"SPG7 matrix AAA peptidase subunit, paraplegin",ndd_only,,T1,ndd_no_documented_epilepsy,4,clingen;orphadata_genes;panelapp_au_id;panelapp_ge_id,35689;99013,602783,MONDO:0011803;MONDO:0018155,0,
HGNC:15464,SPINK5,serine peptidase inhibitor Kazal type 5,ndd_only,,T1,ndd_no_documented_epilepsy,3,clingen;orphadata_genes;panelapp_au_id,634,605010,MONDO:0009735,0,
HGNC:30621,SPNS1,"SPNS lysolipid transporter 1, lysophospholipid",ndd_only,,T2,ndd_no_documented_epilepsy,1,panelapp_au_id,,612583,,0,
HGNC:11251,SPOCK1,"SPARC (osteonectin), cwcv and kazal like domains proteoglycan 1",ndd_only,,T3,ndd_no_documented_epilepsy,1,sysndd,,602264,,0,
HGNC:11254,SPOP,speckle type BTB/POZ protein,ndd_only,,T1,ndd_no_documented_epilepsy,6,clingen;g2p_dd;orphadata_genes;panelapp_au_id;panelapp_ge_id;sysndd,662175;662179,602650,MONDO:0032942;MONDO:0032943,0,
HGNC:11255,SPP1,secreted phosphoprotein 1,ndd_only,,T3,ndd_no_documented_epilepsy,2,orphadata_genes;sysndd,536;93552,166490,MONDO:0007915;MONDO:0019725,0,
HGNC:11256,SPP2,secreted phosphoprotein 2,ndd_only,,T2,ndd_no_documented_epilepsy,1,sfari,,602637,,0,
HGNC:20249,SPRED1,sprouty related EVH1 domain containing 1,ndd_only,,T1,ndd_no_documented_epilepsy,6,clingen;g2p_dd;orphadata_genes;panelapp_au_id;panelapp_ge_id;sysndd,137605,609291,MONDO:0012669,1,RASopathies Network
HGNC:17722,SPRED2,sprouty related EVH1 domain containing 2,ndd_only,,T1,ndd_no_documented_epilepsy,5,g2p_dd;orphadata_genes;panelapp_au_id;panelapp_ge_id;sysndd,648,609292,MONDO:0018997,0,
HGNC:25356,SPRTN,SprT-like N-terminal domain,ndd_only,,T3,ndd_no_documented_epilepsy,4,g2p_dd;orphadata_genes;panelapp_au_id;panelapp_ge_id,435953,616086,MONDO:0014527,0,
HGNC:11269,SPRY1,sprouty RTK signaling antagonist 1,ndd_only,,T3,ndd_no_documented_epilepsy,1,g2p_dd,,602465,,0,
HGNC:11270,SPRY2,sprouty RTK signaling antagonist 2,ndd_only,,T2,ndd_no_documented_epilepsy,2,sfari;sysndd,,602466,,0,
HGNC:11271,SPRY3,sprouty RTK signaling antagonist 3,ndd_only,,T3,ndd_no_documented_epilepsy,1,panelapp_ge_id,,300531,,0,
HGNC:11276,SPTBN2,"spectrin beta, non-erythrocytic 2",ndd_only,,T1,ndd_no_documented_epilepsy,6,clingen;g2p_dd;orphadata_genes;panelapp_au_id;panelapp_ge_id;sysndd,352403;98766,604985,MONDO:0010848;MONDO:0014159,0,
HGNC:15680,SPTBN5,"spectrin beta, non-erythrocytic 5",ndd_only,,T3,ndd_no_documented_epilepsy,2,panelapp_au_id;sysndd,,605916,,0,
HGNC:11277,SPTLC1,serine palmitoyltransferase long chain base subunit 1,ndd_only,,T1,ndd_no_documented_epilepsy,4,clingen;orphadata_genes;panelapp_au_id;panelapp_ge_id,300605;36386,605712,MONDO:0017593;MONDO:0018213,0,
HGNC:11278,SPTLC2,serine palmitoyltransferase long chain base subunit 2,ndd_only,,T1,ndd_no_documented_epilepsy,4,clingen;g2p_dd;orphadata_genes;panelapp_ge_id,300605;36386,605713,MONDO:0017593;MONDO:0018213,0,
HGNC:20361,SPTSSA,serine palmitoyltransferase small subunit A,ndd_only,,T2,ndd_no_documented_epilepsy,2,g2p_dd;sysndd,,613540,,0,
HGNC:11280,SQSTM1,sequestosome 1,ndd_only,,T2,ndd_no_documented_epilepsy,3,clingen;orphadata_genes;sysndd,275864;275872;603;803,601530,MONDO:0004976;MONDO:0011466;MONDO:0017160;MONDO:0017161,0,
HGNC:25812,SRD5A3,steroid 5 alpha-reductase 3,ndd_only,,T1,ndd_with_epilepsy,7,clingen;g2p_dd;orphadata_genes;panelapp_au_epilepsy;panelapp_au_id;panelapp_ge_id;sysndd,324737,611715,MONDO:0012885,0,
HGNC:11290,SREBF2,sterol regulatory element binding transcription factor 2,ndd_only,,T2,ndd_no_documented_epilepsy,4,g2p_dd;panelapp_au_id;panelapp_ge_id;sysndd,,600481,,0,
HGNC:17882,SREK1,splicing regulatory glutamic acid and lysine rich protein 1,ndd_only,,T2,ndd_no_documented_epilepsy,1,panelapp_au_id,,609268,,0,
HGNC:19744,SRGAP3,SLIT-ROBO Rho GTPase activating protein 3,ndd_only,,T2,ndd_no_documented_epilepsy,5,g2p_dd;orphadata_genes;panelapp_ge_id;sfari;sysndd,251615,606525,MONDO:0016692,0,
HGNC:11301,SRP54,signal recognition particle 54,ndd_only,,T1,ndd_no_documented_epilepsy,4,g2p_dd;orphadata_genes;panelapp_ge_id;sysndd,675767,604857,MONDO:0032899,0,
HGNC:11402,SRPK3,SRSF protein kinase 3,ndd_only,,T1,ndd_no_documented_epilepsy,3,panelapp_au_id;panelapp_ge_id;sysndd,,301002,,0,
HGNC:11307,SRPRA,SRP receptor subunit alpha,ndd_only,,T2,ndd_no_documented_epilepsy,1,sfari,,182180,,0,
HGNC:30668,SRPX2,sushi repeat containing protein X-linked 2,ndd_only,,T3,ndd_with_epilepsy,8,clingen;g2p_dd;orphadata_genes;panelapp_au_epilepsy;panelapp_au_id;panelapp_ge_epilepsy;panelapp_ge_id;sysndd,163721;1945;98889,300642,MONDO:0007295;MONDO:0015587;MONDO:0020340,0,
HGNC:16638,SRRM1,serine and arginine repetitive matrix 1,ndd_only,,T2,ndd_no_documented_epilepsy,2,panelapp_au_id;sysndd,,605975,,0,
HGNC:16639,SRRM2,serine/arginine repetitive matrix 2,ndd_only,,T1,ndd_no_documented_epilepsy,6,g2p_dd;orphadata_genes;panelapp_au_id;panelapp_ge_id;sfari;sysndd,652487,606032,MONDO:0957397,0,
HGNC:29389,SRRM4,serine/arginine repetitive matrix 4,ndd_only,,T1,ndd_with_epilepsy,3,panelapp_au_epilepsy;panelapp_au_id;sysndd,,613103,,0,
HGNC:10780,SRSF1,serine and arginine rich splicing factor 1,ndd_only,,T1,ndd_no_documented_epilepsy,5,g2p_dd;panelapp_au_id;panelapp_ge_id;sfari;sysndd,,600812,,0,
HGNC:10782,SRSF11,serine and arginine rich splicing factor 11,ndd_only,,T2,ndd_no_documented_epilepsy,2,sfari;sysndd,,602010,,0,
HGNC:11311,SRY,sex determining region Y,ndd_only,,T1,ndd_no_documented_epilepsy,3,g2p_dd;orphadata_genes;panelapp_ge_id,1772;2138;242;251510;393,480000,MONDO:0010765;MONDO:0015779;MONDO:0016281;MONDO:0016674;MONDO:0100249,0,
HGNC:11326,SSR4,signal sequence receptor subunit 4,ndd_only,,T1,ndd_no_documented_epilepsy,5,orphadata_genes;panelapp_au_id;panelapp_ge_id;sfari;sysndd,370927,300090,MONDO:0010490,0,
HGNC:11327,SSRP1,structure specific recognition protein 1,ndd_only,,T2,ndd_no_documented_epilepsy,1,sfari,,604328,,0,
HGNC:11330,SSTR1,somatostatin receptor 1,ndd_only,,T3,ndd_no_documented_epilepsy,1,sysndd,,182451,,0,
HGNC:11344,ST14,ST14 transmembrane serine protease matriptase,ndd_only,,T1,ndd_no_documented_epilepsy,2,g2p_dd;orphadata_genes,91132,606797,MONDO:0011218,0,
HGNC:11351,ST7,suppression of tumorigenicity 7,ndd_only,,T2,ndd_no_documented_epilepsy,3,panelapp_au_id;sfari;sysndd,,600833,,0,
HGNC:10870,ST8SIA2,"ST8 alpha-N-acetyl-neuraminide alpha-2,8-sialyltransferase 2",ndd_only,,T2,ndd_no_documented_epilepsy,1,sfari,,602546,,0,
HGNC:18629,STAB2,stabilin 2,ndd_only,,T3,ndd_no_documented_epilepsy,1,panelapp_ge_id,,608561,,0,
HGNC:28423,STAC3,SH3 and cysteine rich domain 3,ndd_only,,T1,ndd_no_documented_epilepsy,4,clingen;g2p_dd;orphadata_genes;panelapp_au_id,168572,615521,MONDO:0009722,0,
HGNC:11355,STAG2,STAG2 cohesin complex component,ndd_only,,T1,ndd_no_documented_epilepsy,5,g2p_dd;orphadata_genes;panelapp_au_id;panelapp_ge_id;sysndd,220386;521258;93925,300826,MONDO:0010507;MONDO:0019757;MONDO:0700419,0,
HGNC:11359,STAR,steroidogenic acute regulatory protein,ndd_only,,T1,ndd_no_documented_epilepsy,3,g2p_dd;orphadata_genes;panelapp_ge_id,325524;325529;361,600617,MONDO:0008733;MONDO:0017972;MONDO:0017973,0,
HGNC:19161,STARD8,StAR related lipid transfer domain containing 8,ndd_only,,T3,ndd_no_documented_epilepsy,1,panelapp_ge_id,,300689,,0,
HGNC:19162,STARD9,StAR related lipid transfer domain containing 9,ndd_only,,T2,ndd_with_epilepsy,2,panelapp_au_epilepsy;sysndd,,614642,,0,
HGNC:11362,STAT1,signal transducer and activator of transcription 1,ndd_only,,T1,ndd_no_documented_epilepsy,3,clingen;orphadata_genes;panelapp_ge_id,319595;391311;391487,600555,MONDO:0013427;MONDO:0013599;MONDO:0013956,0,
HGNC:11363,STAT2,signal transducer and activator of transcription 2,ndd_only,,T3,ndd_no_documented_epilepsy,2,g2p_dd;orphadata_genes,431166;714429,600556,MONDO:0014715,0,
HGNC:11367,STAT5B,signal transducer and activator of transcription 5B,ndd_only,,T1,ndd_no_documented_epilepsy,5,clingen;g2p_dd;orphadata_genes;panelapp_au_id;panelapp_ge_id,220465;520,604260,MONDO:0012883;MONDO:0100211,0,
HGNC:11373,STC1,stanniocalcin 1,ndd_only,,T3,ndd_no_documented_epilepsy,1,sysndd,,601185,,0,
HGNC:10879,STIL,STIL centriolar assembly protein,ndd_only,,T1,ndd_with_epilepsy,7,clingen;g2p_dd;orphadata_genes;panelapp_au_id;panelapp_ge_epilepsy;panelapp_ge_id;sysndd,220386;2512;280195;93924;93925;93926;99861,181590,MONDO:0016660;MONDO:0017218;MONDO:0019756;MONDO:0019757;MONDO:0019758;MONDO:0020512;MONDO:0700419,0,
HGNC:11386,STIM1,stromal interaction molecule 1,ndd_only,,T1,ndd_no_documented_epilepsy,4,clingen;g2p_dd;orphadata_genes;sysndd,2593;317430;3204,605921,MONDO:0008051;MONDO:0008497;MONDO:0013008,0,
HGNC:11406,STK3,serine/threonine kinase 3,ndd_only,,T3,ndd_no_documented_epilepsy,1,panelapp_au_id,,605030,,0,
HGNC:21332,STK32C,serine/threonine kinase 32C,ndd_only,,T3,ndd_no_documented_epilepsy,1,sysndd,,621308,,0,
HGNC:17717,STK39,serine/threonine kinase 39,ndd_only,,T2,ndd_no_documented_epilepsy,1,sfari,,607648,,0,
HGNC:26200,STN1,STN1 subunit of CST complex,ndd_only,,T1,ndd_no_documented_epilepsy,4,clingen;g2p_dd;orphadata_genes;panelapp_au_id,2032;313838,613128,MONDO:0012815;MONDO:0800504,0,
HGNC:30650,STRA6,signaling receptor and transporter of retinol STRA6,ndd_only,,T1,ndd_no_documented_epilepsy,5,g2p_dd;orphadata_genes;panelapp_au_id;panelapp_ge_id;sysndd,2470;98938,610745,MONDO:0000170;MONDO:0011010,0,
HGNC:11425,STS,steroid sulfatase,ndd_only,,T1,ndd_no_documented_epilepsy,3,g2p_dd;orphadata_genes;panelapp_ge_id,281090;461,300747,MONDO:0010622;MONDO:0017264,0,
HGNC:6172,STT3A,STT3 oligosaccharyltransferase complex catalytic subunit A,ndd_only,,T1,ndd_no_documented_epilepsy,6,clingen;g2p_dd;orphadata_genes;panelapp_au_id;panelapp_ge_id;sysndd,370921,601134,MONDO:0014270,0,
HGNC:30611,STT3B,STT3 oligosaccharyltransferase complex catalytic subunit B,ndd_only,,T3,ndd_no_documented_epilepsy,6,clingen;g2p_dd;orphadata_genes;panelapp_au_id;panelapp_ge_id;sysndd,370924,608605,MONDO:0014271,0,
HGNC:11427,STUB1,STIP1 homology and U-box containing protein 1,ndd_only,,T1,ndd_no_documented_epilepsy,3,orphadata_genes;panelapp_ge_id;sysndd,412057;631103,607207,MONDO:0014339;MONDO:0032526,0,
HGNC:11429,STX11,syntaxin 11,ndd_only,,T1,ndd_no_documented_epilepsy,4,clingen;orphadata_genes;panelapp_au_id;panelapp_ge_id,540,605014,MONDO:0015541,0,
HGNC:11438,STX3,syntaxin 3,ndd_only,,T3,ndd_no_documented_epilepsy,3,orphadata_genes;panelapp_ge_id;sysndd,2290,600876,MONDO:0009635,0,
HGNC:11440,STX5,syntaxin 5,ndd_only,,T3,ndd_no_documented_epilepsy,1,sysndd,,603189,,0,
HGNC:19665,STXBP5,syntaxin binding protein 5,ndd_only,,T2,ndd_no_documented_epilepsy,2,sfari;sysndd,,604586,,0,
HGNC:30757,STXBP5L,syntaxin binding protein 5L,ndd_only,,T3,ndd_no_documented_epilepsy,1,sysndd,,609381,,0,
HGNC:18889,STYK1,STY kinase 1,ndd_only,,T2,ndd_no_documented_epilepsy,1,sfari,,611433,,0,
HGNC:18165,STYXL1,serine/threonine/tyrosine interacting like 1,ndd_only,,T3,ndd_no_documented_epilepsy,1,sysndd,,616695,,0,
HGNC:1240,SUCO,SUN domain containing ossification factor,ndd_only,,T2,ndd_no_documented_epilepsy,1,panelapp_au_id,,619434,,0,
HGNC:16466,SUFU,SUFU negative regulator of hedgehog signaling,ndd_only,,T1,ndd_no_documented_epilepsy,6,clingen;g2p_dd;orphadata_genes;panelapp_au_id;panelapp_ge_id;sysndd,2495;251858;251863;263662;280200;377;475,607035,MONDO:0007187;MONDO:0016642;MONDO:0016710;MONDO:0016711;MONDO:0016995;MONDO:0017219;MONDO:0018772,0,
HGNC:14903,SULT4A1,sulfotransferase family 4A member 1,ndd_only,,T3,ndd_no_documented_epilepsy,1,sysndd,,608359,,0,
HGNC:20415,SUMF2,sulfatase modifying factor 2,ndd_only,,T3,ndd_no_documented_epilepsy,1,sysndd,,607940,,0,
HGNC:12502,SUMO1,small ubiquitin like modifier 1,ndd_only,,T3,ndd_no_documented_epilepsy,2,g2p_dd;orphadata_genes,99798,601912,MONDO:0005486,0,
HGNC:11465,SUPT16H,"SPT16 homolog, facilitates chromatin remodeling subunit",ndd_only,,T1,ndd_no_documented_epilepsy,6,g2p_dd;orphadata_genes;panelapp_au_id;panelapp_ge_id;sfari;sysndd,261229,605012,MONDO:0016835,0,
HGNC:11467,SUPT4H1,"SPT4 homolog, DSIF elongation factor subunit",ndd_only,,T1,ndd_no_documented_epilepsy,2,panelapp_au_id;sysndd,,603555,,0,
HGNC:11470,SUPT6H,"SPT6 homolog, histone chaperone and transcription elongation factor",ndd_only,,T2,ndd_no_documented_epilepsy,2,panelapp_au_id;sysndd,,601333,,0,
HGNC:30632,SUPT7L,"SPT7 like, STAGA complex subunit gamma",ndd_only,,T3,ndd_no_documented_epilepsy,1,sysndd,,612762,,0,
HGNC:11471,SUPV3L1,Suv3 like RNA helicase,ndd_only,,T2,ndd_no_documented_epilepsy,2,panelapp_ge_id;sysndd,,605122,,0,
HGNC:25470,SUSD4,sushi domain containing 4,ndd_only,,T3,ndd_no_documented_epilepsy,1,sysndd,,615827,,0,
HGNC:17287,SUV39H2,SUV39H2 histone lysine methyltransferase,ndd_only,,T3,ndd_no_documented_epilepsy,1,sysndd,,606503,,0,
HGNC:17101,SUZ12,SUZ12 polycomb repressive complex 2 subunit,ndd_only,,T1,ndd_no_documented_epilepsy,5,g2p_dd;orphadata_genes;panelapp_au_id;panelapp_ge_id;sysndd,213711;3447;659463,606245,MONDO:0006745;MONDO:0010193;MONDO:0032916,0,
HGNC:20566,SV2A,synaptic vesicle glycoprotein 2A,ndd_only,,T2,ndd_with_epilepsy,3,panelapp_au_epilepsy;panelapp_au_id;sysndd,,185860,,0,
HGNC:30670,SV2C,synaptic vesicle glycoprotein 2C,ndd_only,,T3,ndd_no_documented_epilepsy,1,sysndd,,610291,,0,
HGNC:29204,SVBP,small vasohibin binding protein,ndd_only,,T1,ndd_no_documented_epilepsy,4,orphadata_genes;panelapp_au_id;panelapp_ge_id;sysndd,528084,617853,MONDO:0100038,0,
HGNC:15985,SVEP1,"sushi, von Willebrand factor type A, EGF and pentraxin domain containing 1",ndd_only,,T3,ndd_no_documented_epilepsy,1,sysndd,,611691,,0,
HGNC:11480,SVIL,supervillin,ndd_only,,T3,ndd_no_documented_epilepsy,1,sysndd,,604126,,0,
HGNC:16273,SYAP1,synapse associated protein 1,ndd_only,,T2,ndd_no_documented_epilepsy,1,sfari,,,,0,
HGNC:26011,SYBU,syntabulin,ndd_only,,T3,ndd_no_documented_epilepsy,1,sfari,,611568,,0,
HGNC:28852,SYCE1,synaptonemal complex central element protein 1,ndd_only,,T1,ndd_no_documented_epilepsy,3,clingen;orphadata_genes;sfari,399805,611486,MONDO:0018393,0,
HGNC:18442,SYCN,syncollin,ndd_only,,T3,ndd_no_documented_epilepsy,1,sysndd,,620140,,0,
HGNC:25841,SYDE2,synapse defective Rho GTPase homolog 2,ndd_only,,T3,ndd_no_documented_epilepsy,1,sysndd,,620834,,0,
HGNC:11495,SYN2,synapsin II,ndd_only,,T2,ndd_no_documented_epilepsy,1,sfari,,600755,,0,
HGNC:16918,SYNCRIP,synaptotagmin binding cytoplasmic RNA interacting protein,ndd_only,,T1,ndd_with_epilepsy,9,clingen;g2p_dd;orphadata_genes;panelapp_au_epilepsy;panelapp_au_id;panelapp_ge_epilepsy;panelapp_ge_id;sfari;sysndd,528084,616686,MONDO:0100038,0,
HGNC:17084,SYNE2,spectrin repeat containing nuclear envelope protein 2,ndd_only,,T3,ndd_no_documented_epilepsy,4,orphadata_genes;panelapp_au_id;panelapp_ge_id;sysndd,98853,608442,MONDO:0020336,0,
HGNC:557,SYNRG,synergin gamma,ndd_only,,T3,ndd_no_documented_epilepsy,1,sysndd,,607291,,0,
HGNC:11506,SYP,synaptophysin,ndd_only,,T1,ndd_no_documented_epilepsy,7,clingen;g2p_dd;orphadata_genes;panelapp_au_id;panelapp_ge_id;sfari;sysndd,777,313475,MONDO:0019181,0,
HGNC:23143,SYT14,synaptotagmin 14,ndd_only,,T3,ndd_no_documented_epilepsy,4,orphadata_genes;panelapp_au_id;panelapp_ge_id;sysndd,284271,610949,MONDO:0013645,0,
HGNC:17167,SYT15,synaptotagmin 15,ndd_only,,T3,ndd_no_documented_epilepsy,1,sysndd,,608081,,0,
HGNC:24119,SYT17,synaptotagmin 17,ndd_only,,T2,ndd_no_documented_epilepsy,1,sfari,,,,0,
HGNC:11510,SYT2,synaptotagmin 2,ndd_only,,T1,ndd_no_documented_epilepsy,3,clingen;g2p_dd;orphadata_genes,716903;716908,600104,,0,
HGNC:15588,SYTL4,synaptotagmin like 4,ndd_only,,T2,ndd_no_documented_epilepsy,2,panelapp_au_id;panelapp_ge_id,,300723,,0,
HGNC:15589,SYTL5,synaptotagmin like 5,ndd_only,,T3,ndd_no_documented_epilepsy,1,panelapp_ge_id,,301126,,0,
HGNC:20738,SYVN1,synoviolin 1,ndd_only,,T3,ndd_no_documented_epilepsy,1,sysndd,,608046,,0,
HGNC:17075,TAB2,TGF-beta activated kinase 1 (MAP3K7) binding protein 2,ndd_only,,T1,ndd_no_documented_epilepsy,6,clingen;g2p_dd;orphadata_genes;panelapp_au_id;panelapp_ge_id;sysndd,664401;664404,605101,MONDO:0014000;MONDO:0971095,0,
HGNC:11521,TAC3,tachykinin precursor 3,ndd_only,,T1,ndd_no_documented_epilepsy,2,g2p_dd;orphadata_genes,432,162330,MONDO:0018555,0,
HGNC:11523,TACC2,transforming acidic coiled-coil containing protein 2,ndd_only,,T3,ndd_no_documented_epilepsy,1,sysndd,,605302,,0,
HGNC:24316,TACO1,translational activator of cytochrome c oxidase I,ndd_only,,T1,ndd_no_documented_epilepsy,5,clingen;g2p_dd;panelapp_au_id;panelapp_ge_id;sysndd,,612958,,0,
HGNC:11528,TACR3,tachykinin receptor 3,ndd_only,,T1,ndd_no_documented_epilepsy,2,g2p_dd;orphadata_genes,432;478,162332,MONDO:0018555;MONDO:0018800,0,
HGNC:30631,TADA1,transcriptional adaptor 1,ndd_only,,T3,ndd_no_documented_epilepsy,1,sysndd,,612763,,0,
HGNC:11535,TAF1,TATA-box binding protein associated factor 1,ndd_only,,T1,ndd_no_documented_epilepsy,6,g2p_dd;orphadata_genes;panelapp_au_id;panelapp_ge_id;sfari;sysndd,480907;53351,313650,MONDO:0010500;MONDO:0010747,0,
HGNC:11546,TAF13,TATA-box binding protein associated factor 13,ndd_only,,T1,ndd_no_documented_epilepsy,5,g2p_dd;orphadata_genes;panelapp_au_id;panelapp_ge_id;sysndd,2512,600774,MONDO:0016660,0,
HGNC:18056,TAF1L,TATA-box binding protein associated factor 1 like,ndd_only,,T3,ndd_no_documented_epilepsy,1,sysndd,,607798,,0,
HGNC:11536,TAF2,TATA-box binding protein associated factor 2,ndd_only,,T1,ndd_no_documented_epilepsy,5,g2p_dd;orphadata_genes;panelapp_au_id;panelapp_ge_id;sysndd,397951,604912,MONDO:0014273,0,
HGNC:11537,TAF4,TATA-box binding protein associated factor 4,ndd_only,,T1,ndd_no_documented_epilepsy,6,g2p_dd;orphadata_genes;panelapp_au_id;panelapp_ge_id;sfari;sysndd,528084,601796,MONDO:0100038,0,
HGNC:11540,TAF6,TATA-box binding protein associated factor 6,ndd_only,,T1,ndd_no_documented_epilepsy,5,orphadata_genes;panelapp_au_id;panelapp_ge_id;sfari;sysndd,694946,602955,MONDO:0014931,0,
HGNC:11548,TAF7L,TATA-box binding protein associated factor 7 like,ndd_only,,T3,ndd_no_documented_epilepsy,1,panelapp_ge_id,,300314,,0,
HGNC:21587,TAFA1,TAFA chemokine like family member 1,ndd_only,,T3,ndd_no_documented_epilepsy,1,sysndd,,617495,,0,
HGNC:11577,TAFAZZIN,"tafazzin, phospholipid-lysophospholipid transacylase",ndd_only,,T1,ndd_no_documented_epilepsy,5,clingen;g2p_dd;orphadata_genes;panelapp_au_id;panelapp_ge_id,111;154,300394,MONDO:0010543;MONDO:0700335,0,
HGNC:25187,TAMM41,TAM41 mitochondrial translocator assembly and maintenance homolog,ndd_only,,T2,ndd_no_documented_epilepsy,2,clingen;sysndd,,614948,,0,
HGNC:11562,TANK,TRAF family member associated NFKB activator,ndd_only,,T3,ndd_no_documented_epilepsy,1,sysndd,,603893,,0,
HGNC:16835,TAOK2,TAO kinase 2,ndd_only,,T1,ndd_no_documented_epilepsy,4,panelapp_au_id;panelapp_ge_id;sfari;sysndd,,613199,,0,
HGNC:26887,TAPT1,transmembrane anterior posterior transformation 1,ndd_only,,T1,ndd_no_documented_epilepsy,2,g2p_dd;orphadata_genes,457378,612758,MONDO:0014821,0,
HGNC:11571,TARDBP,TAR DNA binding protein,ndd_only,,T1,ndd_no_documented_epilepsy,3,clingen;orphadata_genes;panelapp_ge_id,275872;300605;700154;803,605078,MONDO:0004976;MONDO:0017161;MONDO:0017593;MONDO:0979359,0,
HGNC:11572,TARS1,threonyl-tRNA synthetase 1,ndd_only,,T2,ndd_no_documented_epilepsy,4,g2p_dd;orphadata_genes;panelapp_au_id;sysndd,33364,187790,MONDO:0018053,0,
HGNC:15859,TASP1,taspase 1,ndd_only,,T1,ndd_no_documented_epilepsy,4,g2p_dd;panelapp_au_id;panelapp_ge_id;sysndd,,608270,,0,
HGNC:11573,TAT,tyrosine aminotransferase,ndd_only,,T1,ndd_no_documented_epilepsy,6,clingen;g2p_dd;orphadata_genes;panelapp_au_id;panelapp_ge_id;sysndd,28378,613018,MONDO:0010160,0,
HGNC:25622,TBC1D23,TBC1 domain family member 23,ndd_only,,T1,ndd_no_documented_epilepsy,5,g2p_dd;panelapp_au_id;panelapp_ge_id;sfari;sysndd,,617687,,0,
HGNC:30888,TBC1D31,TBC1 domain family member 31,ndd_only,,T2,ndd_no_documented_epilepsy,1,sfari,,,,0,
HGNC:21485,TBC1D32,TBC1 domain family member 32,ndd_only,,T1,ndd_no_documented_epilepsy,5,clingen;g2p_dd;orphadata_genes;panelapp_au_id;sysndd,141007,615867,MONDO:0009795,0,
HGNC:19166,TBC1D5,TBC1 domain family member 5,ndd_only,,T2,ndd_no_documented_epilepsy,1,sfari,,615740,,0,
HGNC:17791,TBC1D8,TBC1 domain family member 8,ndd_only,,T3,ndd_no_documented_epilepsy,1,sysndd,,,,0,
HGNC:24715,TBC1D8B,TBC1 domain family member 8B,ndd_only,,T2,ndd_no_documented_epilepsy,3,clingen;orphadata_genes;panelapp_ge_id,656,301027,MONDO:0019006,0,
HGNC:1989,TBCB,tubulin folding cofactor B,ndd_only,,T1,ndd_no_documented_epilepsy,3,panelapp_au_id;sfari;sysndd,,601303,,0,
HGNC:11582,TBCE,tubulin folding cofactor E,ndd_only,,T1,ndd_with_epilepsy,6,clingen;g2p_dd;orphadata_genes;panelapp_au_id;panelapp_ge_id;sysndd,2323;496756;93324,604934,MONDO:0009426;MONDO:0009486;MONDO:0044651,0,
HGNC:28115,TBCEL,tubulin folding cofactor E like,ndd_only,,T2,ndd_no_documented_epilepsy,1,sfari,,610451,,0,
HGNC:11585,TBL1X,transducin beta like 1 X-linked,ndd_only,,T2,ndd_no_documented_epilepsy,1,sfari,,300196,,0,
HGNC:11588,TBP,TATA-box binding protein,ndd_only,,T3,ndd_no_documented_epilepsy,3,orphadata_genes;panelapp_ge_id;sysndd,98759,600075,MONDO:0011781,0,
HGNC:11590,TBR1,T-box brain transcription factor 1,ndd_only,,T1,ndd_no_documented_epilepsy,7,clingen;g2p_dd;orphadata_genes;panelapp_au_id;panelapp_ge_id;sfari;sysndd,1617;528084,604616,MONDO:0015566;MONDO:0100038,0,
HGNC:29551,TBRG1,transforming growth factor beta regulator 1,ndd_only,,T3,ndd_no_documented_epilepsy,1,sysndd,,610614,,0,
HGNC:11592,TBX1,T-box transcription factor 1,ndd_only,,T1,ndd_no_documented_epilepsy,5,g2p_dd;orphadata_genes;panelapp_au_id;panelapp_ge_id;sfari,1727;3303;567;665044;665058;685017,602054,MONDO:0008542;MONDO:0012020;MONDO:0018923;MONDO:0971107;MONDO:0971108;MONDO:0975891,0,
HGNC:11594,TBX15,T-box transcription factor 15,ndd_only,,T1,ndd_no_documented_epilepsy,3,g2p_dd;orphadata_genes;panelapp_ge_id,93333,604127,MONDO:0009845,0,
HGNC:11595,TBX18,T-box transcription factor 18,ndd_only,,T1,ndd_no_documented_epilepsy,1,g2p_dd,,604613,,0,
HGNC:11597,TBX2,T-box transcription factor 2,ndd_only,,T1,ndd_no_documented_epilepsy,3,clingen;panelapp_au_id;sysndd,,600747,,0,
HGNC:11598,TBX20,T-box transcription factor 20,ndd_only,,T1,ndd_no_documented_epilepsy,4,clingen;g2p_dd;orphadata_genes;panelapp_ge_id,54260;99103,606061,MONDO:0018901;MONDO:0020434,0,
HGNC:11600,TBX22,T-box transcription factor 22,ndd_only,,T1,ndd_no_documented_epilepsy,5,clingen;g2p_dd;orphadata_genes;panelapp_ge_id;sfari,324601;921,300307,MONDO:0010554;MONDO:0010560,0,
HGNC:11602,TBX3,T-box transcription factor 3,ndd_only,,T1,ndd_no_documented_epilepsy,4,clingen;g2p_dd;orphadata_genes;panelapp_ge_id,3138,601621,MONDO:0008411,0,
HGNC:11603,TBX4,T-box transcription factor 4,ndd_only,,T1,ndd_no_documented_epilepsy,4,clingen;g2p_dd;orphadata_genes;panelapp_ge_id,1509;238578;261279;275777;3301,601719,MONDO:0007841;MONDO:0010110;MONDO:0013238;MONDO:0013329;MONDO:0017148,0,
HGNC:11604,TBX5,T-box transcription factor 5,ndd_only,,T1,ndd_no_documented_epilepsy,4,clingen;g2p_dd;orphadata_genes;panelapp_ge_id,392,601620,MONDO:0007732,0,
HGNC:11605,TBX6,T-box transcription factor 6,ndd_only,,T3,ndd_no_documented_epilepsy,2,orphadata_genes;sysndd,1797;2311,602427,MONDO:0010180;MONDO:0015826,0,
HGNC:11609,TBXAS1,thromboxane A synthase 1,ndd_only,,T1,ndd_no_documented_epilepsy,4,clingen;g2p_dd;orphadata_genes;panelapp_ge_id,1802,274180,MONDO:0009274,0,
HGNC:28247,TCEAL3,transcription elongation factor A like 3,ndd_only,,T3,ndd_no_documented_epilepsy,1,panelapp_ge_id,,301153,,0,
HGNC:11623,TCF12,transcription factor 12,ndd_only,,T1,ndd_no_documented_epilepsy,6,clingen;g2p_dd;orphadata_genes;panelapp_ge_id;sfari;sysndd,209916;35099;672979,600480,MONDO:0012825;MONDO:0014128;MONDO:0018114,0,
HGNC:11631,TCF20,transcription factor 20,ndd_only,,T1,ndd_no_documented_epilepsy,7,clingen;g2p_dd;orphadata_genes;panelapp_au_id;panelapp_ge_id;sfari;sysndd,528084,603107,MONDO:0100038,0,
HGNC:11641,TCF7L2,transcription factor 7 like 2,ndd_only,,T1,ndd_no_documented_epilepsy,7,clingen;g2p_dd;orphadata_genes;panelapp_au_id;panelapp_ge_id;sfari;sysndd,528084,602228,MONDO:0100038,0,
HGNC:11653,TCN2,transcobalamin 2,ndd_only,,T1,ndd_no_documented_epilepsy,6,clingen;g2p_dd;orphadata_genes;panelapp_au_id;panelapp_ge_id;sysndd,859,613441,MONDO:0010149,0,
HGNC:11654,TCOF1,treacle ribosome biogenesis factor 1,ndd_only,,T1,ndd_no_documented_epilepsy,4,clingen;g2p_dd;orphadata_genes;panelapp_ge_id,861,606847,MONDO:0002457,0,
HGNC:21254,TCP10L2,t-complex 10 like 2 (pseudogene),ndd_only,,T3,ndd_no_documented_epilepsy,1,panelapp_ge_id,,,,0,
HGNC:26113,TCTN1,tectonic family member 1,ndd_only,,T1,ndd_no_documented_epilepsy,5,g2p_dd;orphadata_genes;panelapp_au_id;panelapp_ge_id;sysndd,475;564,609863,MONDO:0018772;MONDO:0018921,0,
HGNC:25774,TCTN2,tectonic family member 2,ndd_only,,T1,ndd_no_documented_epilepsy,6,clingen;g2p_dd;orphadata_genes;panelapp_au_id;panelapp_ge_id;sysndd,475;564,613846,MONDO:0018772;MONDO:0018921,0,
HGNC:24519,TCTN3,tectonic family member 3,ndd_only,,T1,ndd_no_documented_epilepsy,6,clingen;g2p_dd;orphadata_genes;panelapp_au_id;panelapp_ge_id;sysndd,2753;2754;475;564,613847,MONDO:0009794;MONDO:0010176;MONDO:0018772;MONDO:0018921,0,
HGNC:11708,TDO2,"tryptophan 2,3-dioxygenase",ndd_only,,T2,ndd_no_documented_epilepsy,3,clingen;orphadata_genes;sfari,2224,191070,MONDO:0010907,0,
HGNC:18884,TDP1,tyrosyl-DNA phosphodiesterase 1,ndd_only,,T2,ndd_no_documented_epilepsy,3,orphadata_genes;panelapp_ge_id;sysndd,94124,607198,MONDO:0011801,0,
HGNC:30831,TDRD7,tudor domain containing 7,ndd_only,,T2,ndd_no_documented_epilepsy,1,g2p_dd,,611258,,0,
HGNC:19957,TECPR2,tectonin beta-propeller repeat containing 2,ndd_only,,T1,ndd_no_documented_epilepsy,5,g2p_dd;orphadata_genes;panelapp_au_id;panelapp_ge_id;sysndd,320385,615000,MONDO:0014016,0,
HGNC:4551,TECR,"trans-2,3-enoyl-CoA reductase",ndd_only,,T1,ndd_no_documented_epilepsy,5,clingen;orphadata_genes;panelapp_au_id;panelapp_ge_id;sysndd,88616,610057,MONDO:0019502,0,
HGNC:11720,TECTA,tectorin alpha,ndd_only,,T1,ndd_no_documented_epilepsy,3,clingen;orphadata_genes;sfari,90635;90636,602574,MONDO:0019587;MONDO:0019588,0,
HGNC:20127,TEDC1,tubulin epsilon and delta complex 1,ndd_only,,T2,ndd_no_documented_epilepsy,3,g2p_dd;panelapp_au_id;sysndd,,,,0,
HGNC:26223,TEFM,"transcription elongation factor, mitochondrial",ndd_only,,T1,ndd_with_epilepsy,6,orphadata_genes;panelapp_au_epilepsy;panelapp_au_id;panelapp_ge_epilepsy;panelapp_ge_id;sysndd,716917,616422,,0,
HGNC:11724,TEK,TEK receptor tyrosine kinase,ndd_only,,T1,ndd_no_documented_epilepsy,5,clingen;g2p_dd;orphadata_genes;panelapp_ge_id;sfari,1059;2451;714785;714806;717611;98976,600221,MONDO:0007203;MONDO:0009277;MONDO:0010842,0,
HGNC:8117,TENM1,teneurin transmembrane protein 1,ndd_only,,T3,ndd_no_documented_epilepsy,2,orphadata_genes;panelapp_ge_id,88620,300588,MONDO:0007137,0,
HGNC:29943,TENM2,teneurin transmembrane protein 2,ndd_only,,T3,ndd_no_documented_epilepsy,1,sysndd,,610119,,0,
HGNC:29944,TENM3,teneurin transmembrane protein 3,ndd_only,,T1,ndd_no_documented_epilepsy,4,orphadata_genes;panelapp_au_id;panelapp_ge_id;sysndd,98938,610083,MONDO:0000170,0,
HGNC:26458,TEPSIN,TEPSIN adaptor related protein complex 4 accessory protein,ndd_only,,T3,ndd_no_documented_epilepsy,1,panelapp_ge_id,,,,0,
HGNC:28520,TERB2,telomere repeat binding bouquet formation protein 2,ndd_only,,T2,ndd_no_documented_epilepsy,2,orphadata_genes;sfari,399805,617131,MONDO:0018393,0,
HGNC:11727,TERC,telomerase RNA component,ndd_only,,T1,ndd_no_documented_epilepsy,3,clingen;g2p_dd;orphadata_genes,1775;2032;3322;88,602322,MONDO:0012197;MONDO:0015780;MONDO:0018045;MONDO:0800504,0,
HGNC:11729,TERF2,telomeric repeat binding factor 2,ndd_only,,T2,ndd_no_documented_epilepsy,1,sfari,,602027,,0,
HGNC:11730,TERT,telomerase reverse transcriptase,ndd_only,,T1,ndd_no_documented_epilepsy,5,clingen;g2p_dd;orphadata_genes;panelapp_au_id;panelapp_ge_id,146;1501;1775;2032;2495;3322;457246;618;88,187270,MONDO:0005006;MONDO:0006639;MONDO:0012197;MONDO:0015447;MONDO:0015780;MONDO:0016642;MONDO:0018045;MONDO:0018961;MONDO:0800504,0,
HGNC:29484,TET1,tet methylcytosine dioxygenase 1,ndd_only,,T3,ndd_no_documented_epilepsy,1,sysndd,,607790,,0,
HGNC:25941,TET2,tet methylcytosine dioxygenase 2,ndd_only,,T2,ndd_no_documented_epilepsy,3,clingen;orphadata_genes;sfari,100019;100020;3318;664729;75564;824;86845;98826;98849;98850,612839,MONDO:0005029;MONDO:0005272;MONDO:0009692;MONDO:0015040;MONDO:0015041;MONDO:0019157;MONDO:0019456;MONDO:0020332;MONDO:0020333;MONDO:0030858,0,
HGNC:11741,TFAM,"transcription factor A, mitochondrial",ndd_only,,T3,ndd_no_documented_epilepsy,1,sysndd,,600438,,0,
HGNC:11742,TFAP2A,transcription factor AP-2 alpha,ndd_only,,T1,ndd_no_documented_epilepsy,4,g2p_dd;orphadata_genes;panelapp_au_id;panelapp_ge_id,1297,107580,MONDO:0007235,0,
HGNC:11743,TFAP2B,transcription factor AP-2 beta,ndd_only,,T1,ndd_no_documented_epilepsy,5,clingen;g2p_dd;orphadata_genes;panelapp_au_id;panelapp_ge_id,46627;466729,601601,MONDO:0008209;MONDO:0011827,0,
HGNC:30774,TFAP2E,transcription factor AP-2 epsilon,ndd_only,,T3,ndd_no_documented_epilepsy,1,sysndd,,614428,,0,
HGNC:18559,TFB2M,"transcription factor B2, mitochondrial",ndd_only,,T3,ndd_no_documented_epilepsy,2,panelapp_ge_id;sfari,,607055,,0,
HGNC:17925,TFCP2L1,transcription factor CP2 like 1,ndd_only,,T3,ndd_no_documented_epilepsy,1,sysndd,,609785,,0,
HGNC:11758,TFG,trafficking from ER to golgi regulator,ndd_only,,T2,ndd_no_documented_epilepsy,4,orphadata_genes;panelapp_au_id;panelapp_ge_id;sysndd,146;209916;431329;435819;90117,602498,MONDO:0011468;MONDO:0012825;MONDO:0014295;MONDO:0015447;MONDO:0018567,0,
HGNC:11763,TFRC,transferrin receptor,ndd_only,,T1,ndd_no_documented_epilepsy,3,clingen;g2p_dd;orphadata_genes,476113,190010,MONDO:0014760,0,
HGNC:11764,TG,thyroglobulin,ndd_only,,T3,ndd_no_documented_epilepsy,3,orphadata_genes;panelapp_au_id;sysndd,95716,188450,MONDO:0010132,0,
HGNC:20324,TGDS,"TDP-glucose 4,6-dehydratase",ndd_only,,T1,ndd_no_documented_epilepsy,4,clingen;g2p_dd;orphadata_genes;panelapp_ge_id,1388,616146,MONDO:0014507,0,
HGNC:11766,TGFB1,transforming growth factor beta 1,ndd_only,,T1,ndd_with_epilepsy,5,clingen;g2p_dd;orphadata_genes;panelapp_au_id;panelapp_ge_id,1328;565788;586,190180,MONDO:0007542;MONDO:0009061;MONDO:0032601,0,
HGNC:11768,TGFB2,transforming growth factor beta 2,ndd_only,,T1,ndd_no_documented_epilepsy,4,clingen;g2p_dd;orphadata_genes;panelapp_ge_id,60030;91387,190220,MONDO:0018954;MONDO:0019625,0,
HGNC:11769,TGFB3,transforming growth factor beta 3,ndd_only,,T1,ndd_no_documented_epilepsy,4,clingen;g2p_dd;orphadata_genes;panelapp_ge_id,293888;293899;293910;60030;91387,190230,MONDO:0017401;MONDO:0017402;MONDO:0017403;MONDO:0018954;MONDO:0019625,0,
HGNC:11772,TGFBR1,transforming growth factor beta receptor 1,ndd_only,,T1,ndd_no_documented_epilepsy,6,clingen;g2p_dd;orphadata_genes;panelapp_au_id;panelapp_ge_id;sysndd,284973;60030;65748;91387,190181,MONDO:0007566;MONDO:0012427;MONDO:0018954;MONDO:0019625,0,
HGNC:11773,TGFBR2,transforming growth factor beta receptor 2,ndd_only,,T1,ndd_no_documented_epilepsy,6,clingen;g2p_dd;orphadata_genes;panelapp_au_id;panelapp_ge_id;sysndd,144;284973;60030;91387;99977,190182,MONDO:0005580;MONDO:0005835;MONDO:0012427;MONDO:0018954;MONDO:0019625,0,
HGNC:11777,TGM1,transglutaminase 1,ndd_only,,T3,ndd_no_documented_epilepsy,2,orphadata_genes;sfari,100976;281122;281127;313;79394,190195,MONDO:0015085;MONDO:0017267;MONDO:0017268;MONDO:0017778;MONDO:0019306,0,
HGNC:11779,TGM3,transglutaminase 3,ndd_only,,T3,ndd_no_documented_epilepsy,2,orphadata_genes;sysndd,1410,600238,MONDO:0008621,0,
HGNC:16255,TGM6,transglutaminase 6,ndd_only,,T3,ndd_no_documented_epilepsy,2,orphadata_genes;panelapp_ge_id,276193;319465,613900,MONDO:0013485;MONDO:0017893,0,
HGNC:11782,TH,tyrosine hydroxylase,ndd_only,,T1,ndd_no_documented_epilepsy,6,clingen;g2p_dd;orphadata_genes;panelapp_au_id;panelapp_ge_id;sysndd,101150,191290,MONDO:0011551,0,
HGNC:20856,THAP1,THAP domain containing 1,ndd_only,,T1,ndd_no_documented_epilepsy,4,g2p_dd;orphadata_genes;panelapp_au_id;panelapp_ge_id,98806,609520,MONDO:0011264,0,
HGNC:23194,THAP11,THAP domain containing 11,ndd_only,,T3,ndd_no_documented_epilepsy,2,clingen;sysndd,,609119,,0,
HGNC:9440,THAP12,THAP domain containing 12,ndd_only,,T3,ndd_with_epilepsy,3,panelapp_au_epilepsy;panelapp_au_id;sysndd,,607374,,1,Lightning and Love Foundation - Advocacy and research into THAP12 mutation related disease
HGNC:11785,THBS1,thrombospondin 1,ndd_only,,T2,ndd_no_documented_epilepsy,1,sfari,,188060,,0,
HGNC:28369,THOC6,THO complex subunit 6,ndd_only,,T1,ndd_no_documented_epilepsy,6,clingen;g2p_dd;orphadata_genes;panelapp_au_id;panelapp_ge_id;sysndd,363444,615403,MONDO:0013362,0,
HGNC:11796,THRA,thyroid hormone receptor alpha,ndd_only,,T1,ndd_no_documented_epilepsy,6,g2p_dd;orphadata_genes;panelapp_au_id;panelapp_ge_id;sfari;sysndd,566231,190120,MONDO:0034216,0,
HGNC:11799,THRB,thyroid hormone receptor beta,ndd_only,,T2,ndd_no_documented_epilepsy,4,orphadata_genes;panelapp_au_id;panelapp_ge_id;sysndd,566243,190160,MONDO:0700478,0,
HGNC:22207,THSD7A,thrombospondin type 1 domain containing 7A,ndd_only,,T3,ndd_no_documented_epilepsy,1,sysndd,,612249,,0,
HGNC:23807,THUMPD1,THUMP domain 1 NAT10 acetyltransferase adaptor ,ndd_only,,T1,ndd_no_documented_epilepsy,4,g2p_dd;panelapp_au_id;panelapp_ge_id;sysndd,,616662,,0,
HGNC:17317,TIMM22,translocase of inner mitochondrial membrane 22,ndd_only,,T3,ndd_no_documented_epilepsy,3,clingen;g2p_dd;sysndd,,607251,,0,
HGNC:11817,TIMM8A,translocase of inner mitochondrial membrane 8A,ndd_only,,T1,ndd_no_documented_epilepsy,6,clingen;g2p_dd;orphadata_genes;panelapp_au_id;panelapp_ge_id;sysndd,52368,300356,MONDO:0010578,0,
HGNC:11824,TINF2,TERF1 interacting nuclear factor 2,ndd_only,,T1,ndd_no_documented_epilepsy,5,clingen;g2p_dd;orphadata_genes;panelapp_au_id;panelapp_ge_id,1775;3088;3322,604319,MONDO:0009990;MONDO:0015780;MONDO:0018045,0,
HGNC:24552,TKFC,triokinase and FMN cyclase,ndd_only,,T1,ndd_no_documented_epilepsy,5,g2p_dd;orphadata_genes;panelapp_au_id;panelapp_ge_id;sysndd,1369,615844,MONDO:0008922,0,
HGNC:11834,TKT,transketolase,ndd_only,,T1,ndd_no_documented_epilepsy,5,g2p_dd;orphadata_genes;panelapp_au_id;panelapp_ge_id;sysndd,488618,606781,MONDO:0014881,0,
HGNC:11835,TKTL1,transketolase like 1,ndd_only,,T3,ndd_no_documented_epilepsy,1,panelapp_ge_id,,300044,,0,
HGNC:11837,TLE1,"TLE family member 1, transcriptional corepressor",ndd_only,,T3,ndd_no_documented_epilepsy,1,sysndd,,600189,,0,
HGNC:11839,TLE3,"TLE family member 3, transcriptional corepressor",ndd_only,,T2,ndd_no_documented_epilepsy,1,sfari,,600190,,0,
HGNC:11841,TLK1,tousled like kinase 1,ndd_only,,T2,ndd_no_documented_epilepsy,1,sysndd,,608438,,0,
HGNC:11843,TLL1,tolloid like 1,ndd_only,,T3,ndd_no_documented_epilepsy,3,clingen;g2p_dd;orphadata_genes,99103;99106,606742,MONDO:0020434;MONDO:0020437,0,
HGNC:15447,TLN2,talin 2,ndd_only,,T3,ndd_no_documented_epilepsy,1,sfari,,607349,,0,
HGNC:15632,TLR8,toll like receptor 8,ndd_only,,T3,ndd_no_documented_epilepsy,2,orphadata_genes;panelapp_ge_id,675628,300366,MONDO:0024777,0,
HGNC:24128,TM2D3,TM2 domain containing 3,ndd_only,,T1,ndd_no_documented_epilepsy,5,g2p_dd;orphadata_genes;panelapp_au_id;panelapp_ge_id;sysndd,708166,610014,,0,
HGNC:25167,TM4SF19,transmembrane 4 L six family member 19,ndd_only,,T2,ndd_no_documented_epilepsy,2,sfari;sysndd,,620845,,0,
HGNC:26230,TM4SF20,transmembrane 4 L six family member 20,ndd_only,,T1,ndd_no_documented_epilepsy,4,g2p_dd;panelapp_ge_id;sfari;sysndd,,615404,,0,
HGNC:30797,TM9SF4,transmembrane 9 superfamily member 4,ndd_only,,T2,ndd_no_documented_epilepsy,1,sfari,,617727,,0,
HGNC:18188,TMCO1,transmembrane and coiled-coil domains 1,ndd_only,,T1,ndd_no_documented_epilepsy,5,g2p_dd;orphadata_genes;panelapp_au_id;panelapp_ge_id;sysndd,1394,614123,MONDO:0800436,0,
HGNC:33945,TMED7-TICAM2,TMED7-TICAM2 readthrough,ndd_only,,T3,ndd_no_documented_epilepsy,1,sysndd,,,,0,
HGNC:28128,TMEM107,transmembrane protein 107,ndd_only,,T1,ndd_no_documented_epilepsy,2,orphadata_genes;sysndd,564,616183,MONDO:0018921,0,
HGNC:33227,TMEM114,transmembrane protein 114,ndd_only,,T3,ndd_no_documented_epilepsy,1,g2p_dd,,611579,,0,
HGNC:30883,TMEM126B,transmembrane protein 126B,ndd_only,,T1,ndd_no_documented_epilepsy,4,clingen;g2p_dd;orphadata_genes;panelapp_ge_id,2609,615533,MONDO:0100133,0,
HGNC:29411,TMEM132D,transmembrane protein 132D,ndd_only,,T3,ndd_no_documented_epilepsy,1,sysndd,,611257,,0,
HGNC:26991,TMEM132E,transmembrane protein 132E,ndd_only,,T3,ndd_no_documented_epilepsy,3,clingen;orphadata_genes;panelapp_ge_id,90636,616178,MONDO:0019588,0,
HGNC:26142,TMEM134,transmembrane protein 134,ndd_only,,T3,ndd_no_documented_epilepsy,1,sfari,,,,0,
HGNC:26167,TMEM135,transmembrane protein 135,ndd_only,,T3,ndd_no_documented_epilepsy,3,g2p_dd;panelapp_ge_id;sysndd,,616360,,0,
HGNC:26944,TMEM138,transmembrane protein 138,ndd_only,,T2,ndd_no_documented_epilepsy,3,clingen;orphadata_genes;sysndd,2318,614459,MONDO:0009480,0,
HGNC:30414,TMEM147,transmembrane protein 147,ndd_only,,T1,ndd_no_documented_epilepsy,5,g2p_dd;orphadata_genes;panelapp_au_id;panelapp_ge_id;sysndd,698085,613585,MONDO:0859298,0,
HGNC:28483,TMEM161B,transmembrane protein 161B,ndd_only,,T1,ndd_with_epilepsy,3,panelapp_au_epilepsy;panelapp_au_id;sysndd,,621178,,0,
HGNC:25380,TMEM163,transmembrane protein 163,ndd_only,,T1,ndd_with_epilepsy,5,clingen;g2p_dd;panelapp_au_epilepsy;panelapp_au_id;sysndd,,618978,,0,
HGNC:30760,TMEM165,transmembrane protein 165,ndd_only,,T1,ndd_no_documented_epilepsy,6,clingen;g2p_dd;orphadata_genes;panelapp_au_id;panelapp_ge_id;sysndd,314667,614726,MONDO:0013870,0,
HGNC:28517,TMEM178A,transmembrane protein 178A,ndd_only,,T3,ndd_no_documented_epilepsy,1,sysndd,,,,0,
HGNC:25018,TMEM216,transmembrane protein 216,ndd_only,,T1,ndd_no_documented_epilepsy,6,clingen;g2p_dd;orphadata_genes;panelapp_au_id;panelapp_ge_id;sysndd,2318;2754;564;791,613277,MONDO:0009480;MONDO:0010176;MONDO:0018921;MONDO:0019200,0,
HGNC:27344,TMEM218,transmembrane protein 218,ndd_only,,T1,ndd_no_documented_epilepsy,4,g2p_dd;orphadata_genes;panelapp_au_id;sysndd,475,619285,MONDO:0018772,0,
HGNC:37234,TMEM231,transmembrane protein 231,ndd_only,,T1,ndd_no_documented_epilepsy,5,clingen;orphadata_genes;panelapp_au_id;panelapp_ge_id;sysndd,2318;2754;564,614949,MONDO:0009480;MONDO:0010176;MONDO:0018921,0,
HGNC:14432,TMEM237,transmembrane protein 237,ndd_only,,T1,ndd_no_documented_epilepsy,6,clingen;g2p_dd;orphadata_genes;panelapp_au_id;panelapp_ge_id;sysndd,220497;2318;475;564,614423,MONDO:0009480;MONDO:0012308;MONDO:0018772;MONDO:0018921,0,
HGNC:25186,TMEM240,transmembrane protein 240,ndd_only,,T1,ndd_no_documented_epilepsy,5,g2p_dd;orphadata_genes;panelapp_au_id;panelapp_ge_id;sysndd,98773,616101,MONDO:0011833,0,
HGNC:20185,TMEM260,transmembrane protein 260,ndd_only,,T1,ndd_no_documented_epilepsy,5,g2p_dd;orphadata_genes;panelapp_au_id;panelapp_ge_id;sysndd,689822,617449,MONDO:0044321,0,
HGNC:25510,TMEM39B,transmembrane protein 39B,ndd_only,,T2,ndd_no_documented_epilepsy,1,sfari,,,,0,
HGNC:28444,TMEM42,transmembrane protein 42,ndd_only,,T3,ndd_no_documented_epilepsy,1,sysndd,,,,0,
HGNC:29118,TMEM63A,transmembrane protein 63A,ndd_only,,T1,ndd_no_documented_epilepsy,2,g2p_dd;sysndd,,618685,,0,
HGNC:23787,TMEM63C,transmembrane protein 63C,ndd_only,,T1,ndd_no_documented_epilepsy,5,g2p_dd;orphadata_genes;panelapp_au_id;panelapp_ge_id;sysndd,631088,619953,MONDO:0031019,0,
HGNC:28396,TMEM67,transmembrane protein 67,ndd_only,,T1,ndd_no_documented_epilepsy,6,clingen;g2p_dd;orphadata_genes;panelapp_au_id;panelapp_ge_id;sysndd,140976;1454;475;564;84081,609884,MONDO:0011202;MONDO:0018772;MONDO:0018921;MONDO:0019394;MONDO:0100349,0,
HGNC:25913,TMEM87B,transmembrane protein 87B,ndd_only,,T3,ndd_no_documented_epilepsy,2,orphadata_genes;sysndd,684742,617203,MONDO:0975887,0,
HGNC:26579,TMEM92,transmembrane protein 92,ndd_only,,T3,ndd_no_documented_epilepsy,1,sysndd,,619604,,0,
HGNC:28983,TMEM94,transmembrane protein 94,ndd_only,,T1,ndd_no_documented_epilepsy,6,clingen;g2p_dd;orphadata_genes;panelapp_au_id;panelapp_ge_id;sysndd,562569,618163,MONDO:0032672,0,
HGNC:18308,TMLHE,"trimethyllysine hydroxylase, epsilon",ndd_only,,T2,ndd_no_documented_epilepsy,5,clingen;panelapp_au_id;panelapp_ge_id;sfari;sysndd,,300777,,0,
HGNC:16517,TMPRSS6,transmembrane serine protease 6,ndd_only,,T1,ndd_no_documented_epilepsy,4,clingen;g2p_dd;orphadata_genes;panelapp_ge_id,209981,609862,MONDO:0008788,0,
HGNC:30846,TMPRSS7,transmembrane serine protease 7,ndd_only,,T3,ndd_no_documented_epilepsy,2,panelapp_au_id;sysndd,,,,0,
HGNC:30079,TMPRSS9,transmembrane serine protease 9,ndd_only,,T3,ndd_no_documented_epilepsy,2,panelapp_ge_id;sysndd,,610477,,0,
HGNC:18153,TNFRSF13B,TNF receptor superfamily member 13B,ndd_only,,T1,ndd_no_documented_epilepsy,3,clingen;g2p_dd;orphadata_genes,696907,604907,,0,
HGNC:30765,TNIK,TRAF2 and NCK interacting kinase,ndd_only,,T1,ndd_no_documented_epilepsy,5,clingen;orphadata_genes;panelapp_au_id;panelapp_ge_id;sysndd,88616,610005,MONDO:0019502,0,
HGNC:11941,TNKS,tankyrase,ndd_only,,T3,ndd_no_documented_epilepsy,1,sysndd,,603303,,0,
HGNC:15677,TNKS2,tankyrase 2,ndd_only,,T3,ndd_no_documented_epilepsy,1,panelapp_ge_id,,607128,,0,
HGNC:22942,TNN,tenascin N,ndd_only,,T3,ndd_no_documented_epilepsy,1,sysndd,,617472,,0,
HGNC:11950,TNNT3,"troponin T3, fast skeletal type",ndd_only,,T1,ndd_no_documented_epilepsy,3,clingen;g2p_dd;orphadata_genes,1146;1147,600692,MONDO:0011128;MONDO:0015240,0,
HGNC:17103,TNPO3,transportin 3,ndd_only,,T1,ndd_no_documented_epilepsy,4,clingen;orphadata_genes;sfari;sysndd,186;55595,610032,MONDO:0005388;MONDO:0012034,0,
HGNC:11953,TNR,tenascin R,ndd_only,,T1,ndd_no_documented_epilepsy,4,clingen;panelapp_au_id;panelapp_ge_id;sysndd,,601995,,0,
HGNC:29190,TNRC6B,trinucleotide repeat containing adaptor 6B,ndd_only,,T1,ndd_no_documented_epilepsy,7,clingen;g2p_dd;orphadata_genes;panelapp_au_id;panelapp_ge_id;sfari;sysndd,528084,610740,MONDO:0100038,0,
HGNC:29318,TNRC6C,trinucleotide repeat containing adaptor 6C,ndd_only,,T2,ndd_no_documented_epilepsy,1,sfari,,610741,,0,
HGNC:19737,TNS2,tensin 2,ndd_only,,T3,ndd_no_documented_epilepsy,1,sfari,,607717,,0,
HGNC:21616,TNS3,tensin 3,ndd_only,,T3,ndd_no_documented_epilepsy,1,sysndd,,606825,,0,
HGNC:15954,TOE1,"target of EGR1, exonuclease",ndd_only,,T1,ndd_no_documented_epilepsy,5,g2p_dd;orphadata_genes;panelapp_au_id;panelapp_ge_id;sysndd,284339,613931,MONDO:0013993,0,
HGNC:19959,TOGARAM1,TOG array regulator of axonemal microtubules 1,ndd_only,,T1,ndd_no_documented_epilepsy,4,g2p_dd;orphadata_genes;panelapp_au_id;sysndd,475,617618,MONDO:0018772,0,
HGNC:11985,TOMM70,translocase of outer mitochondrial membrane 70,ndd_only,,T2,ndd_no_documented_epilepsy,2,panelapp_ge_id;sysndd,,606081,,0,
HGNC:7801,TONSL,"tonsoku like, DNA repair protein",ndd_only,,T1,ndd_no_documented_epilepsy,2,g2p_dd;orphadata_genes,93357,604546,MONDO:0010068,0,
HGNC:11990,TOP2B,DNA topoisomerase II beta,ndd_only,,T2,ndd_no_documented_epilepsy,5,clingen;orphadata_genes;panelapp_au_id;sfari;sysndd,567502,126431,MONDO:0012243,0,
HGNC:11992,TOP3A,DNA topoisomerase III alpha,ndd_only,,T1,ndd_no_documented_epilepsy,3,g2p_dd;orphadata_genes;sysndd,254886;508512,601243,MONDO:0016810;MONDO:0034991,0,
HGNC:11993,TOP3B,DNA topoisomerase III beta,ndd_only,,T2,ndd_no_documented_epilepsy,2,sfari;sysndd,,603582,,0,
HGNC:21653,TOPORS,"TOP1 binding arginine/serine rich protein, E3 ubiquitin ligase",ndd_only,,T1,ndd_no_documented_epilepsy,3,clingen;orphadata_genes;sysndd,2754;791,609507,MONDO:0010176;MONDO:0019200,0,
HGNC:3098,TOR1A,torsin family 1 member A,ndd_only,,T1,ndd_no_documented_epilepsy,4,g2p_dd;orphadata_genes;panelapp_ge_id;sysndd,256;36899,605204,MONDO:0000903;MONDO:0007492,0,
HGNC:29456,TOR1AIP1,torsin 1A interacting protein 1,ndd_only,,T1,ndd_no_documented_epilepsy,3,clingen;orphadata_genes;sysndd,424261;719914,614512,MONDO:0014900,0,
HGNC:11998,TP53,tumor protein p53,ndd_only,,T1,ndd_no_documented_epilepsy,3,clingen;orphadata_genes;sysndd,1333;145;1501;210159;251576;251579;251899;2807;293199;3318;524;52688;585909;667662;668;67038;70573;726004;726036;96253;99756;99757,191170,MONDO:0002629;MONDO:0003582;MONDO:0004948;MONDO:0005029;MONDO:0006639;MONDO:0008433;MONDO:0009050;MONDO:0009837;MONDO:0009993;MONDO:0009994;MONDO:0015278;MONDO:0016216;MONDO:0016681;MONDO:0016682;MONDO:0016718;MONDO:0017386;MONDO:0018875;MONDO:0018881;MONDO:0035940;MONDO:0850112,0,
HGNC:16197,TP53RK,TP53 regulating kinase,ndd_only,,T1,ndd_no_documented_epilepsy,3,g2p_dd;orphadata_genes;sysndd,2065,608679,MONDO:0009627,0,
HGNC:15856,TP53TG5,TP53 target 5,ndd_only,,T3,ndd_no_documented_epilepsy,1,sysndd,,617316,,0,
HGNC:15979,TP63,tumor protein p63,ndd_only,,T1,ndd_no_documented_epilepsy,5,clingen;g2p_dd;orphadata_genes;panelapp_au_id;panelapp_ge_id,1072;141291;1896;199302;199306;2440;69085;93930;978,603273,MONDO:0007072;MONDO:0007123;MONDO:0010004;MONDO:0010805;MONDO:0011334;MONDO:0015420;MONDO:0016043;MONDO:0016044;MONDO:0016576,0,
HGNC:12003,TP73,tumor protein p73,ndd_only,,T1,ndd_no_documented_epilepsy,6,clingen;g2p_dd;orphadata_genes;panelapp_au_id;panelapp_ge_id;sysndd,70573,601990,MONDO:0008433,0,
HGNC:18182,TPCN1,two pore segment channel 1,ndd_only,,T3,ndd_no_documented_epilepsy,1,sysndd,,609666,,0,
HGNC:20820,TPCN2,two pore segment channel 2,ndd_only,,T3,ndd_no_documented_epilepsy,1,sysndd,,612163,,0,
HGNC:20692,TPH2,tryptophan hydroxylase 2,ndd_only,,T3,ndd_no_documented_epilepsy,2,panelapp_au_id;panelapp_ge_id,,607478,,0,
HGNC:12009,TPI1,triosephosphate isomerase 1,ndd_only,,T1,ndd_no_documented_epilepsy,2,orphadata_genes;sysndd,868,190450,MONDO:0014221,0,
HGNC:12011,TPM2,tropomyosin 2,ndd_only,,T1,ndd_no_documented_epilepsy,3,clingen;g2p_dd;orphadata_genes,1146;1147;171436;171439;171881;2020,190990,MONDO:0009711;MONDO:0011128;MONDO:0015240;MONDO:0015737;MONDO:0015738;MONDO:0015753,0,
HGNC:12012,TPM3,tropomyosin 3,ndd_only,,T1,ndd_no_documented_epilepsy,3,clingen;g2p_dd;orphadata_genes,171433;171439;171881;178342;2020;476406,191030,MONDO:0009711;MONDO:0015736;MONDO:0015738;MONDO:0015753;MONDO:0015798;MONDO:0018780,0,
HGNC:12015,TPO,thyroid peroxidase,ndd_only,,T1,ndd_no_documented_epilepsy,3,orphadata_genes;sfari;sysndd,95716,606765,MONDO:0010132,0,
HGNC:12016,TPP2,tripeptidyl peptidase 2,ndd_only,,T1,ndd_no_documented_epilepsy,6,clingen;g2p_dd;orphadata_genes;panelapp_au_id;panelapp_ge_id;sysndd,444463,190470,MONDO:0018636,0,
HGNC:12017,TPR,"translocated promoter region, nuclear basket protein",ndd_only,,T3,ndd_no_documented_epilepsy,4,orphadata_genes;panelapp_au_id;panelapp_ge_id;sysndd,146;88616,189940,MONDO:0015447;MONDO:0019502,0,
HGNC:24259,TPRKB,TP53RK binding protein,ndd_only,,T1,ndd_no_documented_epilepsy,3,g2p_dd;orphadata_genes;sysndd,2065,608680,MONDO:0009627,0,
HGNC:30764,TRAIP,TRAF interacting protein,ndd_only,,T1,ndd_no_documented_epilepsy,5,g2p_dd;orphadata_genes;panelapp_au_id;panelapp_ge_id;sysndd,808,605958,MONDO:0019342,0,
HGNC:16264,TRAP1,TNF receptor associated protein 1,ndd_only,,T3,ndd_no_documented_epilepsy,2,sfari;sysndd,,606219,,0,
HGNC:25604,TRAPPC14,trafficking protein particle complex subunit 14,ndd_only,,T3,ndd_no_documented_epilepsy,2,orphadata_genes;sysndd,2512,618350,MONDO:0016660,0,
HGNC:23068,TRAPPC2,trafficking protein particle complex subunit 2,ndd_only,,T1,ndd_no_documented_epilepsy,3,g2p_dd;orphadata_genes;panelapp_ge_id,93284,300202,MONDO:0019667,0,
HGNC:30887,TRAPPC2L,trafficking protein particle complex subunit 2L,ndd_only,,T1,ndd_with_epilepsy,6,g2p_dd;panelapp_au_epilepsy;panelapp_au_id;panelapp_ge_id;sfari;sysndd,,610970,,0,
HGNC:23069,TRAPPC6A,trafficking protein particle complex subunit 6A,ndd_only,,T3,ndd_no_documented_epilepsy,2,panelapp_au_id;panelapp_ge_id,,610396,,0,
HGNC:30832,TRAPPC9,trafficking protein particle complex subunit 9,ndd_only,,T1,ndd_no_documented_epilepsy,7,clingen;g2p_dd;orphadata_genes;panelapp_au_id;panelapp_ge_id;sfari;sysndd,352530;88616,611966,MONDO:0018123;MONDO:0019502,0,
HGNC:18273,TRERF1,transcriptional regulating factor 1,ndd_only,,T3,ndd_no_documented_epilepsy,1,sysndd,,610322,,0,
HGNC:12270,TREX2,three prime repair exonuclease 2,ndd_only,,T3,ndd_no_documented_epilepsy,1,panelapp_ge_id,,300370,,0,
HGNC:12299,TRHR,thyrotropin releasing hormone receptor,ndd_only,,T3,ndd_no_documented_epilepsy,3,orphadata_genes;panelapp_au_id;panelapp_ge_id,99832,188545,MONDO:0032819,0,
HGNC:13430,TRIM17,tripartite motif containing 17,ndd_only,,T3,ndd_no_documented_epilepsy,1,sysndd,,606123,,0,
HGNC:660,TRIM23,tripartite motif containing 23,ndd_only,,T2,ndd_no_documented_epilepsy,1,sfari,,601747,,0,
HGNC:16380,TRIM32,tripartite motif containing 32,ndd_only,,T1,ndd_no_documented_epilepsy,7,clingen;g2p_dd;orphadata_genes;panelapp_au_id;panelapp_ge_id;sfari;sysndd,110;1878,602290,MONDO:0009683;MONDO:0015229,0,
HGNC:16290,TRIM33,tripartite motif containing 33,ndd_only,,T2,ndd_no_documented_epilepsy,2,orphadata_genes;sfari,146;2412,605769,MONDO:0011081;MONDO:0015447,0,
HGNC:16280,TRIM36,tripartite motif containing 36,ndd_only,,T3,ndd_no_documented_epilepsy,1,sysndd,,609317,,0,
HGNC:7523,TRIM37,tripartite motif containing 37,ndd_only,,T1,ndd_no_documented_epilepsy,6,clingen;g2p_dd;orphadata_genes;panelapp_au_id;panelapp_ge_id;sysndd,2576,605073,MONDO:0009664,0,
HGNC:19020,TRIM47,tripartite motif containing 47,ndd_only,,T3,ndd_no_documented_epilepsy,1,sysndd,,611041,,0,
HGNC:32669,TRIM71,tripartite motif containing 71,ndd_only,,T1,ndd_no_documented_epilepsy,4,g2p_dd;orphadata_genes;panelapp_au_id;sysndd,269505,618570,MONDO:0017116,0,
HGNC:17453,TRIM74,tripartite motif containing 74,ndd_only,,T3,ndd_no_documented_epilepsy,2,panelapp_au_id;sysndd,,612550,,0,
HGNC:12305,TRIP11,thyroid hormone receptor interactor 11,ndd_only,,T1,ndd_no_documented_epilepsy,4,clingen;g2p_dd;orphadata_genes;panelapp_ge_id,166272;93299,604505,MONDO:0008701;MONDO:0100325,0,
HGNC:12307,TRIP13,thyroid hormone receptor interactor 13,ndd_only,,T1,ndd_with_epilepsy,6,g2p_dd;orphadata_genes;panelapp_au_epilepsy;panelapp_au_id;panelapp_ge_epilepsy;panelapp_ge_id,1052;654,604507,MONDO:0000141;MONDO:0019004,0,
HGNC:12310,TRIP4,thyroid hormone receptor interactor 4,ndd_only,,T1,ndd_no_documented_epilepsy,3,g2p_dd;orphadata_genes;sysndd,486811;486815,604501,MONDO:0000209;MONDO:0014896,0,
HGNC:26022,TRMT10C,"tRNA methyltransferase 10C, mitochondrial RNase P subunit",ndd_only,,T1,ndd_no_documented_epilepsy,4,clingen;g2p_dd;orphadata_genes;sysndd,478042,615423,MONDO:0014856,0,
HGNC:16782,TRMT1L,tRNA methyltransferase 1L,ndd_only,,T3,ndd_no_documented_epilepsy,2,panelapp_au_id;panelapp_ge_id,,611673,,0,
HGNC:23141,TRMT5,tRNA methyltransferase 5,ndd_only,,T1,ndd_no_documented_epilepsy,4,clingen;orphadata_genes;panelapp_ge_id;sysndd,477684,611023,MONDO:0014684,0,
HGNC:25481,TRMU,tRNA mitochondrial 2-thiouridylase,ndd_only,,T1,ndd_no_documented_epilepsy,3,clingen;orphadata_genes;sysndd,217371;254864;90641,610230,MONDO:0010779;MONDO:0010780;MONDO:0013111,0,
HGNC:17341,TRNT1,tRNA nucleotidyl transferase 1,ndd_only,,T1,ndd_no_documented_epilepsy,6,clingen;g2p_dd;orphadata_genes;panelapp_au_id;panelapp_ge_id;sysndd,369861,612907,MONDO:0014487,0,
HGNC:12336,TRPC4,transient receptor potential cation channel subfamily C member 4,ndd_only,,T3,ndd_no_documented_epilepsy,1,sfari,,603651,,0,
HGNC:12337,TRPC5,transient receptor potential cation channel subfamily C member 5,ndd_only,,T2,ndd_no_documented_epilepsy,5,g2p_dd;panelapp_au_id;panelapp_ge_id;sfari;sysndd,,300334,,0,
HGNC:12338,TRPC6,transient receptor potential cation channel subfamily C member 6,ndd_only,,T2,ndd_no_documented_epilepsy,2,orphadata_genes;sfari,656,603652,MONDO:0019006,0,
HGNC:7146,TRPM1,transient receptor potential cation channel subfamily M member 1,ndd_only,,T1,ndd_no_documented_epilepsy,5,clingen;g2p_dd;orphadata_genes;panelapp_ge_id;sfari,714079,603576,,0,
HGNC:14323,TRPM5,transient receptor potential cation channel subfamily M member 5,ndd_only,,T3,ndd_no_documented_epilepsy,1,sysndd,,604600,,0,
HGNC:17994,TRPM7,transient receptor potential cation channel subfamily M member 7,ndd_only,,T1,ndd_with_epilepsy,6,clingen;orphadata_genes;panelapp_au_epilepsy;panelapp_au_id;panelapp_ge_epilepsy;sfari,140957;90020,605692,MONDO:0007104;MONDO:0015372,0,
HGNC:12340,TRPS1,transcriptional repressor GATA binding 1,ndd_only,,T1,ndd_no_documented_epilepsy,4,g2p_dd;orphadata_genes;panelapp_ge_id;sysndd,502;77258,604386,MONDO:0007874;MONDO:0008596,0,
HGNC:18084,TRPV3,transient receptor potential cation channel subfamily V member 3,ndd_only,,T1,ndd_no_documented_epilepsy,2,g2p_dd;orphadata_genes,448264;659,607066,MONDO:0014622;MONDO:0031421,0,
HGNC:18083,TRPV4,transient receptor potential cation channel subfamily V member 4,ndd_only,,T1,ndd_no_documented_epilepsy,4,clingen;g2p_dd;orphadata_genes;panelapp_ge_id,1216;263482;2635;431255;85169;86820;93304;93314;99937,605427,MONDO:0007232;MONDO:0007986;MONDO:0008408;MONDO:0008473;MONDO:0008477;MONDO:0010839;MONDO:0011633;MONDO:0011732;MONDO:0012126,0,
HGNC:14006,TRPV6,transient receptor potential cation channel subfamily V member 6,ndd_only,,T1,ndd_no_documented_epilepsy,2,g2p_dd;orphadata_genes,417;676,606680,MONDO:0008185;MONDO:0009397,0,
HGNC:3051,TSC22D3,TSC22 domain family member 3,ndd_only,,T3,ndd_no_documented_epilepsy,1,panelapp_ge_id,,300506,,0,
HGNC:12372,TSHB,thyroid stimulating hormone subunit beta,ndd_only,,T1,ndd_no_documented_epilepsy,5,g2p_dd;orphadata_genes;panelapp_au_id;panelapp_ge_id;sysndd,90674,188540,MONDO:0010139,0,
HGNC:12373,TSHR,thyroid stimulating hormone receptor,ndd_only,,T1,ndd_no_documented_epilepsy,4,g2p_dd;orphadata_genes;panelapp_au_id;panelapp_ge_id,424;90673;95713;95720;99819,603372,MONDO:0010142;MONDO:0011309;MONDO:0012203;MONDO:0019855;MONDO:0019861,0,
HGNC:10669,TSHZ1,teashirt zinc finger homeobox 1,ndd_only,,T2,ndd_no_documented_epilepsy,4,clingen;g2p_dd;orphadata_genes;sfari,141074,614427,MONDO:0015385,0,
HGNC:30700,TSHZ3,teashirt zinc finger homeobox 3,ndd_only,,T2,ndd_no_documented_epilepsy,4,orphadata_genes;panelapp_au_id;sfari;sysndd,217346;726799,614119,MONDO:0013090,0,
HGNC:27119,TSLIG3C,tRNA splicing ligase complex subunit 3C,ndd_only,,T2,ndd_no_documented_epilepsy,1,sfari,,,,0,
HGNC:13594,TSPAN17,tetraspanin 17,ndd_only,,T2,ndd_no_documented_epilepsy,1,sfari,,620446,,0,
HGNC:20660,TSPAN18,tetraspanin 18,ndd_only,,T3,ndd_no_documented_epilepsy,1,sysndd,,619399,,0,
HGNC:11859,TSPAN4,tetraspanin 4,ndd_only,,T2,ndd_no_documented_epilepsy,1,sfari,,602644,,0,
HGNC:11854,TSPAN7,tetraspanin 7,ndd_only,,T1,ndd_no_documented_epilepsy,7,clingen;g2p_dd;orphadata_genes;panelapp_au_id;panelapp_ge_id;sfari;sysndd,777,300096,MONDO:0019181,0,
HGNC:11855,TSPAN8,tetraspanin 8,ndd_only,,T3,ndd_no_documented_epilepsy,1,panelapp_ge_id,,600769,,0,
HGNC:1268,TSPEAR,thrombospondin type laminin G domain and EAR repeats,ndd_only,,T1,ndd_no_documented_epilepsy,3,clingen;g2p_dd;orphadata_genes,685067,612920,MONDO:0032584,0,
HGNC:16831,TSPOAP1,TSPO associated protein 1,ndd_only,,T1,ndd_no_documented_epilepsy,5,orphadata_genes;panelapp_au_id;panelapp_ge_id;sfari;sysndd,101150,610764,MONDO:0011551,0,
HGNC:24358,TSPYL2,TSPY like 2,ndd_only,,T3,ndd_no_documented_epilepsy,1,sfari,,300564,,0,
HGNC:19140,TTBK1,tau tubulin kinase 1,ndd_only,,T3,ndd_no_documented_epilepsy,2,panelapp_au_id;sysndd,,619415,,0,
HGNC:19141,TTBK2,tau tubulin kinase 2,ndd_only,,T3,ndd_no_documented_epilepsy,2,orphadata_genes;panelapp_ge_id,98767,611695,MONDO:0011464,0,
HGNC:12391,TTC1,tetratricopeptide repeat domain 1,ndd_only,,T3,ndd_no_documented_epilepsy,2,panelapp_au_id;sysndd,,601963,,0,
HGNC:23700,TTC12,tetratricopeptide repeat domain 12,ndd_only,,T1,ndd_no_documented_epilepsy,3,clingen;g2p_dd;orphadata_genes,244,610732,MONDO:0016575,0,
HGNC:24697,TTC14,tetratricopeptide repeat domain 14,ndd_only,,T3,ndd_with_epilepsy,2,panelapp_au_epilepsy;panelapp_au_id,,,,0,
HGNC:26006,TTC19,tetratricopeptide repeat domain 19,ndd_only,,T1,ndd_no_documented_epilepsy,6,clingen;g2p_dd;orphadata_genes;panelapp_au_id;panelapp_ge_id;sysndd,1460,613814,MONDO:0015448,0,
HGNC:25660,TTC21B,tetratricopeptide repeat domain 21B,ndd_only,,T1,ndd_no_documented_epilepsy,3,clingen;orphadata_genes;panelapp_au_id,474;93591,612014,MONDO:0011190;MONDO:0018770,0,
HGNC:29179,TTC28,tetratricopeptide repeat domain 28,ndd_only,,T3,ndd_no_documented_epilepsy,1,sysndd,,615098,,0,
HGNC:19750,TTC7A,tetratricopeptide repeat domain 7A,ndd_only,,T1,ndd_no_documented_epilepsy,4,clingen;g2p_dd;orphadata_genes;panelapp_ge_id,436252,609332,MONDO:0030831,0,
HGNC:20087,TTC8,tetratricopeptide repeat domain 8,ndd_only,,T1,ndd_no_documented_epilepsy,6,clingen;g2p_dd;orphadata_genes;panelapp_au_id;panelapp_ge_id;sysndd,110;791,608132,MONDO:0015229;MONDO:0019200,0,
HGNC:29029,TTI1,TELO2 interacting protein 1,ndd_only,,T1,ndd_no_documented_epilepsy,4,g2p_dd;panelapp_au_id;panelapp_ge_id;sysndd,,614425,,0,
HGNC:26262,TTI2,TELO2 interacting protein 2,ndd_only,,T1,ndd_no_documented_epilepsy,6,g2p_dd;orphadata_genes;panelapp_au_id;panelapp_ge_id;sfari;sysndd,391307,614426,MONDO:0014238,0,
HGNC:21586,TTL,tubulin tyrosine ligase,ndd_only,,T2,ndd_no_documented_epilepsy,1,panelapp_au_id,,608291,,0,
HGNC:12403,TTN,titin,ndd_only,,T1,ndd_no_documented_epilepsy,6,clingen;g2p_dd;orphadata_genes;panelapp_ge_id;sfari;sysndd,140922;154;169186;178464;289377;293888;293899;293910;324604;334;466921;609;707983,188840,MONDO:0010870;MONDO:0011362;MONDO:0012127;MONDO:0012714;MONDO:0015705;MONDO:0017401;MONDO:0017402;MONDO:0017403;MONDO:0017939;MONDO:0018054;MONDO:0018759;MONDO:0700335,1,TTN (titin) registry (Citizen Health)
HGNC:12404,TTPA,alpha tocopherol transfer protein,ndd_only,,T3,ndd_no_documented_epilepsy,2,orphadata_genes;panelapp_ge_id,96,600415,MONDO:0010188,0,
HGNC:12405,TTR,transthyretin,ndd_only,,T1,ndd_no_documented_epilepsy,4,clingen;orphadata_genes;panelapp_au_id;panelapp_ge_id,597939;85447;85451,176300,MONDO:0019441;MONDO:0036045;MONDO:0100552,0,
HGNC:12406,TUB,TUB bipartite transcription factor,ndd_only,,T3,ndd_no_documented_epilepsy,2,orphadata_genes;sysndd,791,601197,MONDO:0019200,0,
HGNC:20765,TUBA3E,tubulin alpha 3e,ndd_only,,T3,ndd_with_epilepsy,2,panelapp_ge_epilepsy;sysndd,,619918,,0,
HGNC:12407,TUBA4A,tubulin alpha 4a,ndd_only,,T2,ndd_no_documented_epilepsy,2,clingen;sysndd,,191110,,0,
HGNC:23534,TUBAL3,tubulin alpha like 3,ndd_only,,T3,ndd_no_documented_epilepsy,2,panelapp_ge_id;sysndd,,620835,,0,
HGNC:12419,TUBG2,tubulin gamma 2,ndd_only,,T3,ndd_no_documented_epilepsy,1,sysndd,,605785,,0,
HGNC:16691,TUBGCP4,tubulin gamma complex component 4,ndd_only,,T1,ndd_no_documented_epilepsy,5,g2p_dd;orphadata_genes;panelapp_au_id;panelapp_ge_id;sysndd,2518,609610,MONDO:0009624,0,
HGNC:18600,TUBGCP5,tubulin gamma complex component 5,ndd_only,,T2,ndd_no_documented_epilepsy,2,sfari;sysndd,,608147,,0,
HGNC:12420,TUFM,"Tu translation elongation factor, mitochondrial",ndd_only,,T1,ndd_no_documented_epilepsy,6,clingen;g2p_dd;orphadata_genes;panelapp_au_id;panelapp_ge_id;sysndd,254925,602389,MONDO:0012534,0,
HGNC:12425,TULP3,TUB like protein 3,ndd_only,,T1,ndd_no_documented_epilepsy,3,clingen;orphadata_genes;sysndd,726824,604730,,0,
HGNC:30242,TUSC3,tumor suppressor candidate 3,ndd_only,,T1,ndd_no_documented_epilepsy,6,clingen;g2p_dd;orphadata_genes;panelapp_au_id;panelapp_ge_id;sysndd,88616,601385,MONDO:0019502,0,
HGNC:26184,TUT1,"terminal uridylyl transferase 1, U6 snRNA-specific",ndd_only,,T3,ndd_no_documented_epilepsy,1,sysndd,,610641,,0,
HGNC:12428,TWIST1,twist family bHLH transcription factor 1,ndd_only,,T1,ndd_no_documented_epilepsy,6,clingen;g2p_dd;orphadata_genes;panelapp_au_id;panelapp_ge_id;sysndd,35093;35099;794,601622,MONDO:0007042;MONDO:0018112;MONDO:0018114,0,
HGNC:20670,TWIST2,twist family bHLH transcription factor 2,ndd_only,,T1,ndd_no_documented_epilepsy,4,g2p_dd;orphadata_genes;panelapp_ge_id;sysndd,1231;1807;920,607556,MONDO:0008693;MONDO:0008853;MONDO:0009203,0,
HGNC:17772,TXN2,thioredoxin 2,ndd_only,,T3,ndd_with_epilepsy,3,orphadata_genes;panelapp_ge_epilepsy;sysndd,478029,609063,MONDO:0014781,0,
HGNC:16952,TXNIP,thioredoxin interacting protein,ndd_only,,T2,ndd_no_documented_epilepsy,1,panelapp_au_id,,606599,,0,
HGNC:30551,TXNL4A,thioredoxin like 4A,ndd_only,,T1,ndd_no_documented_epilepsy,5,clingen;g2p_dd;orphadata_genes;panelapp_au_id;panelapp_ge_id,1200,611595,MONDO:0012064,0,
HGNC:18155,TXNRD2,thioredoxin reductase 2,ndd_only,,T3,ndd_no_documented_epilepsy,2,orphadata_genes;sysndd,154;361,606448,MONDO:0008733;MONDO:0700335,0,
HGNC:12442,TYR,tyrosinase,ndd_only,,T1,ndd_no_documented_epilepsy,4,clingen;g2p_dd;orphadata_genes;panelapp_ge_id,352734;352737;79431;79434;895,606933,MONDO:0008745;MONDO:0011749;MONDO:0018136;MONDO:0018137;MONDO:0019517,0,
HGNC:12450,TYRP1,tyrosinase related protein 1,ndd_only,,T1,ndd_no_documented_epilepsy,3,g2p_dd;orphadata_genes;panelapp_ge_id,79433,115501,MONDO:0008747,0,
HGNC:25598,TYW1,tRNA-yW synthesizing protein 1 homolog,ndd_only,,T2,ndd_no_documented_epilepsy,1,panelapp_ge_id,,611243,,0,
HGNC:12457,UAP1,UDP-N-acetylglucosamine pyrophosphorylase 1,ndd_only,,T3,ndd_no_documented_epilepsy,1,sysndd,,602862,,0,
HGNC:30661,UBA2,ubiquitin like modifier activating enzyme 2,ndd_only,,T1,ndd_no_documented_epilepsy,4,clingen;g2p_dd;orphadata_genes;sysndd,1114,613295,MONDO:0007145,0,
HGNC:12471,UBA7,ubiquitin like modifier activating enzyme 7,ndd_only,,T2,ndd_no_documented_epilepsy,3,panelapp_au_id;sfari;sysndd,,191325,,0,
HGNC:12461,UBAP1,ubiquitin associated protein 1,ndd_only,,T3,ndd_no_documented_epilepsy,2,orphadata_genes;sysndd,100993;631068,609787,MONDO:0011489;MONDO:0032737,0,
HGNC:14185,UBAP2,ubiquitin associated protein 2,ndd_only,,T3,ndd_no_documented_epilepsy,1,sysndd,,,,0,
HGNC:12484,UBE2H,ubiquitin conjugating enzyme E2 H,ndd_only,,T2,ndd_no_documented_epilepsy,2,sfari;sysndd,,601082,,0,
HGNC:12485,UBE2I,ubiquitin conjugating enzyme E2 I,ndd_only,,T2,ndd_no_documented_epilepsy,1,panelapp_au_id,,601661,,0,
HGNC:19268,UBE2J2,ubiquitin conjugating enzyme E2 J2,ndd_only,,T3,ndd_no_documented_epilepsy,1,sysndd,,619756,,0,
HGNC:25009,UBE2T,ubiquitin conjugating enzyme E2 T,ndd_only,,T1,ndd_no_documented_epilepsy,2,g2p_dd;orphadata_genes,84,610538,MONDO:0019391,0,
HGNC:28559,UBE2U,ubiquitin conjugating enzyme E2 U,ndd_only,,T3,ndd_no_documented_epilepsy,2,panelapp_au_id;panelapp_ge_id,,,,0,
HGNC:13478,UBE3B,ubiquitin protein ligase E3B,ndd_only,,T1,ndd_no_documented_epilepsy,6,clingen;g2p_dd;orphadata_genes;panelapp_au_id;panelapp_ge_id;sysndd,2707,608047,MONDO:0009485,0,
HGNC:16803,UBE3C,ubiquitin protein ligase E3C,ndd_only,,T2,ndd_no_documented_epilepsy,5,g2p_dd;panelapp_au_id;panelapp_ge_id;sfari;sysndd,,614454,,0,
HGNC:12499,UBE4A,ubiquitination factor E4A,ndd_only,,T1,ndd_no_documented_epilepsy,5,g2p_dd;orphadata_genes;panelapp_au_id;panelapp_ge_id;sysndd,88616,603753,MONDO:0019502,0,
HGNC:21931,UBN2,ubinuclein 2,ndd_only,,T2,ndd_no_documented_epilepsy,2,sfari;sysndd,,613841,,0,
HGNC:12508,UBQLN1,ubiquilin 1,ndd_only,,T3,ndd_no_documented_epilepsy,1,sysndd,,605046,,0,
HGNC:16808,UBR1,ubiquitin protein ligase E3 component n-recognin 1,ndd_only,,T1,ndd_no_documented_epilepsy,7,clingen;g2p_dd;orphadata_genes;panelapp_au_id;panelapp_ge_id;sfari;sysndd,2315,605981,MONDO:0009479,0,
HGNC:30467,UBR3,ubiquitin protein ligase E3 component n-recognin 3,ndd_only,,T2,ndd_no_documented_epilepsy,1,sfari,,613831,,0,
HGNC:30313,UBR4,ubiquitin protein ligase E3 component n-recognin 4,ndd_only,,T3,ndd_no_documented_epilepsy,3,panelapp_au_id;panelapp_ge_id;sysndd,,609890,,0,
HGNC:24463,UBTD2,ubiquitin domain containing 2,ndd_only,,T3,ndd_no_documented_epilepsy,1,sysndd,,610174,,0,
HGNC:12513,UCHL1,ubiquitin C-terminal hydrolase L1,ndd_only,,T1,ndd_no_documented_epilepsy,4,clingen;orphadata_genes;panelapp_au_id;sysndd,2828;352654,191342,MONDO:0014209;MONDO:0017279,0,
HGNC:12530,UGT1A1,UDP glucuronosyltransferase family 1 member A1,ndd_only,,T1,ndd_no_documented_epilepsy,4,g2p_dd;orphadata_genes;panelapp_au_id;panelapp_ge_id,2312;79234;79235,191740,MONDO:0009383;MONDO:0011725;MONDO:0021020,0,
HGNC:12556,UHRF1,ubiquitin like with PHD and ring finger domains 1,ndd_only,,T3,ndd_no_documented_epilepsy,2,g2p_dd;orphadata_genes,2268,607990,MONDO:0000133,0,
HGNC:30298,UIMC1,ubiquitin interaction motif containing 1,ndd_only,,T2,ndd_no_documented_epilepsy,2,sfari;sysndd,,609433,,0,
HGNC:13480,ULK2,unc-51 like autophagy activating kinase 2,ndd_only,,T3,ndd_no_documented_epilepsy,1,sysndd,,608650,,0,
HGNC:23149,UNC13C,unc-13 homolog C,ndd_only,,T1,ndd_no_documented_epilepsy,2,panelapp_au_id;sysndd,,614568,,0,
HGNC:23147,UNC13D,unc-13 homolog D,ndd_only,,T1,ndd_no_documented_epilepsy,3,clingen;orphadata_genes;panelapp_au_id,540,608897,MONDO:0015541,0,
HGNC:30594,UNC45A,unc-45 myosin chaperone A,ndd_only,,T1,ndd_no_documented_epilepsy,2,g2p_dd;sysndd,,611219,,0,
HGNC:14304,UNC45B,unc-45 myosin chaperone B,ndd_only,,T1,ndd_no_documented_epilepsy,3,g2p_dd;orphadata_genes;sysndd,441447;98991,611220,MONDO:0018610;MONDO:0020376,0,
HGNC:12567,UNC5A,unc-5 netrin receptor A,ndd_only,,T3,ndd_no_documented_epilepsy,1,sysndd,,607869,,0,
HGNC:18634,UNC5D,unc-5 netrin receptor D,ndd_only,,T3,ndd_no_documented_epilepsy,1,sfari,,616466,,0,
HGNC:16297,UPB1,beta-ureidopropionase 1,ndd_only,,T2,ndd_no_documented_epilepsy,4,orphadata_genes;panelapp_au_id;panelapp_ge_id;sysndd,65287,606673,MONDO:0013164,0,
HGNC:9962,UPF1,UPF1 RNA helicase and ATPase,ndd_only,,T1,ndd_no_documented_epilepsy,5,g2p_dd;orphadata_genes;panelapp_au_id;panelapp_ge_id;sysndd,528084,601430,MONDO:0100038,0,
HGNC:17854,UPF2,UPF2 regulator of nonsense mediated mRNA decay,ndd_only,,T2,ndd_no_documented_epilepsy,2,sfari;sysndd,,605529,,0,
HGNC:21237,UQCC2,ubiquinol-cytochrome c reductase complex assembly factor 2,ndd_only,,T1,ndd_no_documented_epilepsy,4,clingen;orphadata_genes;panelapp_au_id;sysndd,1460,614461,MONDO:0015448,0,
HGNC:34399,UQCC3,ubiquinol-cytochrome c reductase complex assembly factor 3,ndd_only,,T3,ndd_no_documented_epilepsy,3,clingen;orphadata_genes;sysndd,1460,616097,MONDO:0015448,0,
HGNC:12582,UQCRB,ubiquinol-cytochrome c reductase binding protein,ndd_only,,T1,ndd_no_documented_epilepsy,5,clingen;g2p_dd;orphadata_genes;panelapp_au_id;panelapp_ge_id,1460,191330,MONDO:0015448,0,
HGNC:12586,UQCRC2,ubiquinol-cytochrome c reductase core protein 2,ndd_only,,T2,ndd_no_documented_epilepsy,4,clingen;orphadata_genes;panelapp_au_id;sysndd,1460,191329,MONDO:0015448,0,
HGNC:12587,UQCRFS1,"ubiquinol-cytochrome c reductase, Rieske iron-sulfur polypeptide 1",ndd_only,,T1,ndd_no_documented_epilepsy,4,clingen;g2p_dd;orphadata_genes;sysndd,1460,191327,MONDO:0015448,0,
HGNC:29594,UQCRQ,ubiquinol-cytochrome c reductase complex III subunit VII,ndd_only,,T1,ndd_no_documented_epilepsy,6,clingen;g2p_dd;orphadata_genes;panelapp_au_id;panelapp_ge_id;sysndd,1460,612080,MONDO:0015448,0,
HGNC:26444,UROC1,urocanate hydratase 1,ndd_only,,T2,ndd_no_documented_epilepsy,6,clingen;g2p_dd;orphadata_genes;panelapp_au_id;panelapp_ge_id;sysndd,210128,613012,MONDO:0010167,0,
HGNC:12592,UROS,uroporphyrinogen III synthase,ndd_only,,T1,ndd_no_documented_epilepsy,4,clingen;g2p_dd;orphadata_genes;panelapp_ge_id,79277,606938,MONDO:0009902,0,
HGNC:25792,USB1,U6 snRNA biogenesis phosphodiesterase 1,ndd_only,,T1,ndd_no_documented_epilepsy,3,g2p_dd;orphadata_genes;panelapp_ge_id,1775;221046,613276,MONDO:0011405;MONDO:0015780,0,
HGNC:12601,USH2A,usherin,ndd_only,,T1,ndd_no_documented_epilepsy,3,clingen;orphadata_genes;sfari,231178;791,608400,MONDO:0016484;MONDO:0019200,0,
HGNC:12612,USP14,ubiquitin specific peptidase 14,ndd_only,,T2,ndd_no_documented_epilepsy,3,g2p_dd;panelapp_au_id;sysndd,,607274,,0,
HGNC:12613,USP15,ubiquitin specific peptidase 15,ndd_only,,T2,ndd_no_documented_epilepsy,2,sfari;sysndd,,604731,,0,
HGNC:12618,USP2,ubiquitin specific peptidase 2,ndd_only,,T3,ndd_no_documented_epilepsy,1,sysndd,,604725,,0,
HGNC:12623,USP24,ubiquitin specific peptidase 24,ndd_only,,T3,ndd_no_documented_epilepsy,2,sfari;sysndd,,610569,,0,
HGNC:12624,USP25,ubiquitin specific peptidase 25,ndd_only,,T2,ndd_with_epilepsy,4,clingen;g2p_dd;panelapp_au_epilepsy;sysndd,,604736,,0,
HGNC:13486,USP27X,ubiquitin specific peptidase 27 X-linked,ndd_only,,T1,ndd_no_documented_epilepsy,7,clingen;g2p_dd;orphadata_genes;panelapp_au_id;panelapp_ge_id;sfari;sysndd,777,300975,MONDO:0019181,0,
HGNC:20065,USP30,ubiquitin specific peptidase 30,ndd_only,,T3,ndd_no_documented_epilepsy,1,sfari,,612492,,0,
HGNC:20066,USP34,ubiquitin specific peptidase 34,ndd_only,,T1,ndd_no_documented_epilepsy,4,clingen;panelapp_au_id;panelapp_ge_id;sysndd,,615295,,0,
HGNC:20067,USP38,ubiquitin specific peptidase 38,ndd_only,,T3,ndd_no_documented_epilepsy,1,sysndd,,618322,,0,
HGNC:20064,USP44,ubiquitin specific peptidase 44,ndd_only,,T3,ndd_no_documented_epilepsy,2,clingen;sysndd,,610993,,0,
HGNC:20080,USP45,ubiquitin specific peptidase 45,ndd_only,,T2,ndd_no_documented_epilepsy,2,orphadata_genes;sfari,65,618439,MONDO:0018998,0,
HGNC:12630,USP7,ubiquitin specific peptidase 7,ndd_only,,T1,ndd_with_epilepsy,8,clingen;g2p_dd;orphadata_genes;panelapp_au_id;panelapp_ge_epilepsy;panelapp_ge_id;sfari;sysndd,500055;643538,602519,MONDO:0100528;MONDO:0958071,2,Foundation for USP7 Related Diseases (Hao-Fountain Syndrome); USP7 Families
HGNC:12631,USP8,ubiquitin specific peptidase 8,ndd_only,,T3,ndd_no_documented_epilepsy,2,orphadata_genes;sysndd,401795;96253,603158,MONDO:0009050;MONDO:0018416,0,
HGNC:12633,USP9Y,ubiquitin specific peptidase 9 Y-linked,ndd_only,,T2,ndd_no_documented_epilepsy,2,orphadata_genes;sfari,1646,400005,MONDO:0015607,0,
HGNC:10665,UTP14A,UTP14A small subunit processome component,ndd_only,,T3,ndd_no_documented_epilepsy,1,panelapp_ge_id,,300508,,0,
HGNC:1983,UTP4,UTP4 small subunit processome component,ndd_only,,T3,ndd_no_documented_epilepsy,2,g2p_dd;orphadata_genes,168583,607456,MONDO:0011497,0,
HGNC:29304,UVSSA,UV stimulated scaffold protein A,ndd_only,,T1,ndd_no_documented_epilepsy,3,g2p_dd;orphadata_genes;panelapp_ge_id,178338,614632,MONDO:0015797,0,
HGNC:25507,VAC14,VAC14 component of PIKFYVE complex,ndd_only,,T1,ndd_no_documented_epilepsy,3,g2p_dd;orphadata_genes;sysndd,3472;497906,604632,MONDO:0008995;MONDO:0014889,0,
HGNC:12642,VAMP1,vesicle associated membrane protein 1,ndd_only,,T3,ndd_no_documented_epilepsy,3,orphadata_genes;panelapp_au_id;panelapp_ge_id,251282;716903,185880,MONDO:0007164,0,
HGNC:12645,VAMP4,vesicle associated membrane protein 4,ndd_only,,T3,ndd_no_documented_epilepsy,1,sysndd,,606909,,0,
HGNC:11486,VAMP7,vesicle associated membrane protein 7,ndd_only,,T3,ndd_no_documented_epilepsy,2,orphadata_genes;panelapp_ge_id,251510,300053,MONDO:0016674,0,
HGNC:15512,VANGL1,VANGL planar cell polarity protein 1,ndd_only,,T3,ndd_no_documented_epilepsy,3,g2p_dd;orphadata_genes;panelapp_au_id,3027,610132,MONDO:0017607,0,
HGNC:19964,VASH1,vasohibin 1,ndd_only,,T2,ndd_no_documented_epilepsy,1,sfari,,609011,,0,
HGNC:12660,VAX1,ventral anterior homeobox 1,ndd_only,,T3,ndd_no_documented_epilepsy,1,sysndd,,604294,,0,
HGNC:25918,VCF1,VCP nuclear cofactor family member 1,ndd_only,,T3,ndd_no_documented_epilepsy,1,sysndd,,621109,,0,
HGNC:12666,VCP,valosin containing protein,ndd_only,,T1,ndd_no_documented_epilepsy,7,clingen;g2p_dd;orphadata_genes;panelapp_au_id;panelapp_ge_id;sfari;sysndd,100070;275864;275872;329475;329478;435387;52430;803,601023,MONDO:0000507;MONDO:0004976;MONDO:0014735;MONDO:0015059;MONDO:0017160;MONDO:0017161;MONDO:0018005;MONDO:0018006,0,
HGNC:12679,VDR,vitamin D receptor,ndd_only,,T1,ndd_no_documented_epilepsy,4,g2p_dd;orphadata_genes;panelapp_ge_id;sfari,93160,601769,MONDO:0019642,0,
HGNC:12949,VEZF1,vascular endothelial zinc finger 1,ndd_only,,T2,ndd_no_documented_epilepsy,4,clingen;orphadata_genes;sfari;sysndd,154,606747,MONDO:0700335,0,
HGNC:12690,VIL1,villin 1,ndd_only,,T2,ndd_no_documented_epilepsy,1,sfari,,193040,,0,
HGNC:12693,VIP,vasoactive intestinal peptide,ndd_only,,T3,ndd_no_documented_epilepsy,2,g2p_dd;panelapp_ge_id,,192320,,0,
HGNC:20347,VIPAS39,"VPS33B interacting protein, apical-basolateral polarity regulator, spe-39 homolog",ndd_only,,T1,ndd_no_documented_epilepsy,5,clingen;g2p_dd;orphadata_genes;panelapp_au_id;panelapp_ge_id,2697,613401,MONDO:0017123,0,
HGNC:18085,VMA12,vacuolar ATPase assembly factor VMA12,ndd_only,,T1,ndd_no_documented_epilepsy,3,g2p_dd;orphadata_genes;sysndd,466703,616815,MONDO:0014790,0,
HGNC:28178,VMA22,vacuolar ATPase assembly factor VMA22,ndd_only,,T1,ndd_no_documented_epilepsy,6,clingen;g2p_dd;orphadata_genes;panelapp_au_id;panelapp_ge_id;sysndd,468684,613734,MONDO:0014789,0,
HGNC:2183,VPS13B,vacuolar protein sorting 13 homolog B,ndd_only,,T1,ndd_no_documented_epilepsy,7,clingen;g2p_dd;orphadata_genes;panelapp_au_id;panelapp_ge_id;sfari;sysndd,193,607817,MONDO:0008999,0,
HGNC:14584,VPS16,VPS16 core subunit of CORVET and HOPS complexes,ndd_only,,T1,ndd_no_documented_epilepsy,2,panelapp_au_id;sysndd,,608550,,0,
HGNC:12711,VPS26A,VPS26 retromer complex component A,ndd_only,,T3,ndd_no_documented_epilepsy,1,sysndd,,605506,,0,
HGNC:3044,VPS26C,VPS26 endosomal protein sorting factor C,ndd_only,,T3,ndd_no_documented_epilepsy,2,panelapp_au_id;panelapp_ge_id,,605298,,0,
HGNC:18179,VPS33A,VPS33A core subunit of CORVET and HOPS complexes,ndd_only,,T1,ndd_no_documented_epilepsy,3,clingen;orphadata_genes;panelapp_ge_id,505248,610034,MONDO:0015012,0,
HGNC:12712,VPS33B,VPS33B late endosome and lysosome associated,ndd_only,,T1,ndd_no_documented_epilepsy,6,clingen;g2p_dd;orphadata_genes;panelapp_au_id;panelapp_ge_id;sysndd,2697,608552,MONDO:0017123,0,
HGNC:13487,VPS35,VPS35 retromer complex component,ndd_only,,T1,ndd_no_documented_epilepsy,4,clingen;orphadata_genes;panelapp_ge_id;sysndd,411602,601501,MONDO:0008199,0,
HGNC:24641,VPS35L,VPS35 endosomal protein sorting factor like,ndd_only,,T1,ndd_no_documented_epilepsy,4,orphadata_genes;panelapp_au_id;panelapp_ge_id;sysndd,7,618981,MONDO:0019078,0,
HGNC:24928,VPS37A,VPS37A subunit of ESCRT-I,ndd_only,,T1,ndd_no_documented_epilepsy,4,clingen;orphadata_genes;panelapp_au_id;sysndd,319199,609927,MONDO:0013962,0,
HGNC:12713,VPS41,VPS41 subunit of HOPS complex,ndd_only,,T1,ndd_no_documented_epilepsy,4,orphadata_genes;panelapp_au_id;panelapp_ge_id;sysndd,95434,605485,MONDO:0011811,0,
HGNC:14579,VPS45,vacuolar protein sorting 45 homolog,ndd_only,,T3,ndd_no_documented_epilepsy,2,orphadata_genes;panelapp_au_id,369852,610035,MONDO:0014118,0,
HGNC:25956,VPS50,VPS50 subunit of EARP/GARPII complex,ndd_only,,T1,ndd_with_epilepsy,5,panelapp_au_epilepsy;panelapp_au_id;panelapp_ge_epilepsy;panelapp_ge_id;sysndd,,616465,,0,
HGNC:1172,VPS51,VPS51 subunit of GARP complex,ndd_only,,T1,ndd_with_epilepsy,4,panelapp_au_epilepsy;panelapp_au_id;panelapp_ge_id;sysndd,,615738,,0,
HGNC:25608,VPS53,VPS53 subunit of GARP complex,ndd_only,,T1,ndd_no_documented_epilepsy,5,g2p_dd;orphadata_genes;panelapp_au_id;panelapp_ge_id;sysndd,247198,615850,MONDO:0016589,0,
HGNC:18652,VPS54,VPS54 subunit of GARP complex,ndd_only,,T3,ndd_no_documented_epilepsy,1,sfari,,614633,,0,
HGNC:12718,VRK1,VRK serine/threonine kinase 1,ndd_only,,T1,ndd_no_documented_epilepsy,5,g2p_dd;orphadata_genes;panelapp_au_id;panelapp_ge_id;sysndd,2254;423894,602168,MONDO:0016396;MONDO:0018507,0,
HGNC:17032,VSIG4,V-set and immunoglobulin domain containing 4,ndd_only,,T2,ndd_no_documented_epilepsy,1,sfari,,300353,,0,
HGNC:1975,VSX2,visual system homeobox 2,ndd_only,,T1,ndd_no_documented_epilepsy,3,g2p_dd;orphadata_genes;panelapp_ge_id,98938,142993,MONDO:0000170,0,
HGNC:28385,VWA3B,von Willebrand factor A domain containing 3B,ndd_only,,T2,ndd_no_documented_epilepsy,2,panelapp_au_id;sysndd,,614884,,0,
HGNC:13939,VWA7,von Willebrand factor A domain containing 7,ndd_only,,T3,ndd_no_documented_epilepsy,1,sfari,,609693,,0,
HGNC:29071,VWA8,von Willebrand factor A domain containing 8,ndd_only,,T3,ndd_no_documented_epilepsy,2,panelapp_ge_id;sysndd,,617509,,0,
HGNC:23293,WAPL,WAPL cohesin release factor,ndd_only,,T1,ndd_no_documented_epilepsy,3,panelapp_au_id;panelapp_ge_id;sysndd,,610754,,0,
HGNC:12729,WARS1,tryptophanyl-tRNA synthetase 1,ndd_only,,T1,ndd_no_documented_epilepsy,6,clingen;g2p_dd;orphadata_genes;panelapp_au_id;panelapp_ge_id;sysndd,2512;528084,191050,MONDO:0016660;MONDO:0100038,1,CureARS
HGNC:24256,WASHC3,WASH complex subunit 3,ndd_only,,T3,ndd_no_documented_epilepsy,1,panelapp_au_id,,619925,,0,
HGNC:28984,WASHC5,WASH complex subunit 5,ndd_only,,T1,ndd_no_documented_epilepsy,6,clingen;g2p_dd;orphadata_genes;panelapp_au_id;panelapp_ge_id;sysndd,100989;7,610657,MONDO:0011339;MONDO:0019078,0,
HGNC:12739,WBP4,WW domain binding protein 4,ndd_only,,T1,ndd_no_documented_epilepsy,4,g2p_dd;panelapp_au_id;panelapp_ge_id;sysndd,,604981,,0,
HGNC:29323,WDFY4,WDFY family member 4,ndd_only,,T2,ndd_no_documented_epilepsy,2,sfari;sysndd,,613316,,0,
HGNC:23170,WDHD1,WD repeat and HMG-box DNA binding protein 1,ndd_only,,T1,ndd_no_documented_epilepsy,1,sysndd,,608126,,0,
HGNC:28027,WDPCP,WD repeat containing planar cell polarity effector,ndd_only,,T1,ndd_no_documented_epilepsy,6,clingen;g2p_dd;orphadata_genes;panelapp_au_id;panelapp_ge_id;sysndd,110;1338,613580,MONDO:0009008;MONDO:0015229,0,
HGNC:13831,WDR11,WD repeat domain 11,ndd_only,,T1,ndd_no_documented_epilepsy,5,g2p_dd;orphadata_genes;panelapp_au_id;panelapp_ge_id;sysndd,432;478;95496,606417,MONDO:0018555;MONDO:0018800;MONDO:0019828,0,
HGNC:14352,WDR13,WD repeat domain 13,ndd_only,,T3,ndd_no_documented_epilepsy,3,panelapp_au_id;panelapp_ge_id;sysndd,,300512,,0,
HGNC:17956,WDR18,WD repeat domain 18,ndd_only,,T3,ndd_no_documented_epilepsy,1,panelapp_au_id,,620291,,0,
HGNC:18340,WDR19,WD repeat domain 19,ndd_only,,T1,ndd_no_documented_epilepsy,5,clingen;g2p_dd;orphadata_genes;panelapp_au_id;panelapp_ge_id,1515;3156;474;93592,608151,MONDO:0009032;MONDO:0009728;MONDO:0017842;MONDO:0018770,0,
HGNC:29250,WDR35,WD repeat domain 35,ndd_only,,T1,ndd_no_documented_epilepsy,5,clingen;g2p_dd;orphadata_genes;panelapp_ge_id;sysndd,1515;498497;93271,613602,MONDO:0009032;MONDO:0013127;MONDO:0013569,0,
HGNC:12756,WDR4,WDR4 tRNA N7-guanosine methyltransferase non-catalytic subunit,ndd_only,,T1,ndd_with_epilepsy,6,g2p_dd;orphadata_genes;panelapp_au_id;panelapp_ge_epilepsy;panelapp_ge_id;sysndd,2065,605924,MONDO:0009627,0,
HGNC:30512,WDR44,WD repeat domain 44,ndd_only,,T1,ndd_no_documented_epilepsy,3,g2p_dd;panelapp_au_id;sysndd,,301070,,0,
HGNC:29141,WDR47,WD repeat domain 47,ndd_only,,T1,ndd_with_epilepsy,5,panelapp_au_epilepsy;panelapp_au_id;panelapp_ge_epilepsy;panelapp_ge_id;sysndd,,615734,,0,
HGNC:25706,WDR59,WD repeat domain 59,ndd_only,,T2,ndd_no_documented_epilepsy,1,panelapp_au_id,,617418,,0,
HGNC:26600,WDR81,WD repeat domain 81,ndd_only,,T1,ndd_no_documented_epilepsy,5,g2p_dd;orphadata_genes;panelapp_au_id;panelapp_ge_id;sysndd,1766;269505;269510,614218,MONDO:0009133;MONDO:0017116;MONDO:0017117,0,
HGNC:32672,WDR83,WD repeat domain 83,ndd_only,,T2,ndd_no_documented_epilepsy,3,panelapp_au_id;panelapp_ge_id;sysndd,,616850,,0,
HGNC:30203,WDR83OS,WD repeat domain 83 opposite strand,ndd_only,,T1,ndd_no_documented_epilepsy,4,g2p_dd;panelapp_au_id;panelapp_ge_id;sysndd,,618474,,0,
HGNC:29934,WDR87,WD repeat domain 87,ndd_only,,T3,ndd_no_documented_epilepsy,1,sysndd,,620274,,0,
HGNC:24997,WDR91,WD repeat domain 91,ndd_only,,T2,ndd_no_documented_epilepsy,3,panelapp_au_id;panelapp_ge_id;sysndd,,616303,,0,
HGNC:26924,WDR93,WD repeat domain 93,ndd_only,,T3,ndd_no_documented_epilepsy,1,sysndd,,619891,,0,
HGNC:15466,WFDC1,WAP four-disulfide core domain 1,ndd_only,,T3,ndd_no_documented_epilepsy,1,sysndd,,605322,,0,
HGNC:12762,WFS1,wolframin ER transmembrane glycoprotein,ndd_only,,T1,ndd_no_documented_epilepsy,6,clingen;g2p_dd;orphadata_genes;panelapp_au_id;panelapp_ge_id;sysndd,3463;411590;90635;98991,606201,MONDO:0013673;MONDO:0018105;MONDO:0019587;MONDO:0020376,0,
HGNC:32225,WIPI2,"WD repeat domain, phosphoinositide interacting 2",ndd_only,,T1,ndd_no_documented_epilepsy,5,g2p_dd;orphadata_genes;panelapp_au_id;panelapp_ge_id;sysndd,724143,609225,,0,
HGNC:30238,WLS,Wnt ligand secretion mediator,ndd_only,,T1,ndd_no_documented_epilepsy,1,sysndd,,611514,,0,
HGNC:12774,WNT1,Wnt family member 1,ndd_only,,T1,ndd_no_documented_epilepsy,6,g2p_dd;orphadata_genes;panelapp_au_id;panelapp_ge_id;sfari;sysndd,216812;216820;85193,164820,MONDO:0008148;MONDO:0009804;MONDO:0019409,0,
HGNC:12775,WNT10B,Wnt family member 10B,ndd_only,,T1,ndd_no_documented_epilepsy,3,g2p_dd;orphadata_genes;panelapp_ge_id,2440;99798,601906,MONDO:0005486;MONDO:0016576,0,
HGNC:12782,WNT3,Wnt family member 3,ndd_only,,T1,ndd_no_documented_epilepsy,4,clingen;g2p_dd;orphadata_genes;panelapp_ge_id,3301,165330,MONDO:0010110,0,
HGNC:12783,WNT4,Wnt family member 4,ndd_only,,T1,ndd_no_documented_epilepsy,3,g2p_dd;orphadata_genes;panelapp_ge_id,139466;247768;2578,603490,MONDO:0008019;MONDO:0010989;MONDO:0012734,0,
HGNC:12784,WNT5A,Wnt family member 5A,ndd_only,,T1,ndd_no_documented_epilepsy,5,clingen;g2p_dd;orphadata_genes;panelapp_au_id;panelapp_ge_id,3107,164975,MONDO:0008389,0,
HGNC:12786,WNT7A,Wnt family member 7A,ndd_only,,T1,ndd_no_documented_epilepsy,3,g2p_dd;orphadata_genes;panelapp_ge_id,2854;2879,601570,MONDO:0009232;MONDO:0010164,0,
HGNC:12787,WNT7B,Wnt family member 7B,ndd_only,,T2,ndd_no_documented_epilepsy,2,g2p_dd;orphadata_genes,2470,601967,MONDO:0011010,0,
HGNC:25522,WRAP53,WD repeat containing antisense to TP53,ndd_only,,T1,ndd_no_documented_epilepsy,6,clingen;g2p_dd;orphadata_genes;panelapp_au_id;panelapp_ge_id;sysndd,1775,612661,MONDO:0015780,0,
HGNC:12791,WRN,WRN RecQ like helicase,ndd_only,,T1,ndd_no_documented_epilepsy,3,clingen;orphadata_genes;panelapp_ge_id,902,604611,MONDO:0010196,0,
HGNC:19222,WSB2,WD repeat and SOCS box containing 2,ndd_only,,T1,ndd_with_epilepsy,5,panelapp_au_epilepsy;panelapp_au_id;panelapp_ge_epilepsy;panelapp_ge_id;sysndd,,,,0,
HGNC:12796,WT1,WT1 transcription factor,ndd_only,,T1,ndd_no_documented_epilepsy,5,clingen;g2p_dd;orphadata_genes;panelapp_ge_id;sysndd,220;242;251510;3097;347;654;656;83469;893,607102,MONDO:0007635;MONDO:0008681;MONDO:0008682;MONDO:0010765;MONDO:0012164;MONDO:0016674;MONDO:0019004;MONDO:0019006;MONDO:0019373,0,
HGNC:29237,WWC3,WWC family member 3,ndd_only,,T3,ndd_no_documented_epilepsy,1,panelapp_ge_id,,301089,,0,
HGNC:17004,WWP1,WW domain containing E3 ubiquitin protein ligase 1,ndd_only,,T3,ndd_no_documented_epilepsy,2,panelapp_au_id;sfari,,602307,,0,
HGNC:16804,WWP2,WW domain containing E3 ubiquitin protein ligase 2,ndd_only,,T3,ndd_no_documented_epilepsy,1,sysndd,,602308,,0,
HGNC:14089,XAB2,XPA binding protein 2,ndd_only,,T3,ndd_no_documented_epilepsy,1,sysndd,,610850,,0,
HGNC:592,XIAP,X-linked inhibitor of apoptosis,ndd_only,,T1,ndd_no_documented_epilepsy,3,clingen;orphadata_genes;panelapp_ge_id,538934,300079,MONDO:0010385,0,
HGNC:14301,XIRP1,xin actin binding repeat containing 1,ndd_only,,T3,ndd_no_documented_epilepsy,1,sysndd,,609777,,0,
HGNC:12810,XIST,X inactive specific transcript,ndd_only,,T3,ndd_no_documented_epilepsy,2,panelapp_au_id;panelapp_ge_id,,314670,,0,
HGNC:12811,XK,"X-linked Kx blood group antigen, Kell and VPS13A binding protein",ndd_only,,T2,ndd_with_epilepsy,3,orphadata_genes;panelapp_ge_epilepsy;panelapp_ge_id,59306,314850,MONDO:0018945,0,
HGNC:29845,XKRX,XK related X-linked,ndd_only,,T3,ndd_no_documented_epilepsy,1,panelapp_ge_id,,300684,,0,
HGNC:12814,XPA,"XPA, DNA damage recognition and repair factor",ndd_only,,T1,ndd_no_documented_epilepsy,6,clingen;g2p_dd;orphadata_genes;panelapp_au_id;panelapp_ge_id;sysndd,910,611153,MONDO:0019600,0,
HGNC:12816,XPC,"XPC complex subunit, DNA damage recognition and repair factor",ndd_only,,T1,ndd_no_documented_epilepsy,5,clingen;g2p_dd;orphadata_genes;panelapp_ge_id;sfari,910,613208,MONDO:0019600,0,
HGNC:12823,XPNPEP2,X-prolyl aminopeptidase 2,ndd_only,,T3,ndd_no_documented_epilepsy,2,orphadata_genes;sysndd,100057,300145,MONDO:0015057,0,
HGNC:28052,XPNPEP3,X-prolyl aminopeptidase 3,ndd_only,,T1,ndd_no_documented_epilepsy,5,clingen;g2p_dd;orphadata_genes;panelapp_au_id;panelapp_ge_id,93589,613553,MONDO:0019742,0,
HGNC:12825,XPO1,exportin 1,ndd_only,,T1,ndd_no_documented_epilepsy,5,g2p_dd;orphadata_genes;panelapp_au_id;sfari;sysndd,261349;528084;98838,602559,MONDO:0012916;MONDO:0020323;MONDO:0100038,0,
HGNC:14108,XPO7,exportin 7,ndd_only,,T2,ndd_no_documented_epilepsy,1,panelapp_au_id,,606140,,0,
HGNC:12826,XPOT,exportin for tRNA,ndd_only,,T2,ndd_no_documented_epilepsy,2,panelapp_au_id;sysndd,,603180,,0,
HGNC:12831,XRCC4,X-ray repair cross complementing 4,ndd_only,,T1,ndd_no_documented_epilepsy,6,clingen;g2p_dd;orphadata_genes;panelapp_au_id;panelapp_ge_id;sysndd,436182,194363,MONDO:0018575,0,
HGNC:4055,XRCC6,X-ray repair cross complementing 6,ndd_only,,T3,ndd_no_documented_epilepsy,2,sfari;sysndd,,152690,,0,
HGNC:18868,XRRA1,X-ray radiation resistance associated 1,ndd_only,,T3,ndd_no_documented_epilepsy,1,sysndd,,609788,,0,
HGNC:15516,XYLT1,xylosyltransferase 1,ndd_only,,T1,ndd_no_documented_epilepsy,5,g2p_dd;orphadata_genes;panelapp_au_id;panelapp_ge_id;sysndd,1425;370930,608124,MONDO:0015426;MONDO:0018273,0,
HGNC:15517,XYLT2,xylosyltransferase 2,ndd_only,,T1,ndd_no_documented_epilepsy,3,g2p_dd;orphadata_genes;sysndd,85194,608125,MONDO:0011604,0,
HGNC:16262,YAP1,Yes1 associated transcriptional regulator,ndd_only,,T1,ndd_no_documented_epilepsy,5,g2p_dd;orphadata_genes;panelapp_au_id;panelapp_ge_id;sysndd,1473;157791,606608,MONDO:0007355;MONDO:0015523,0,
HGNC:12840,YARS1,tyrosyl-tRNA synthetase 1,ndd_only,,T1,ndd_no_documented_epilepsy,5,clingen;orphadata_genes;panelapp_au_id;panelapp_ge_id;sysndd,100045;727861,603623,MONDO:0012012,1,CureARS
HGNC:24249,YARS2,tyrosyl-tRNA synthetase 2,ndd_only,,T1,ndd_no_documented_epilepsy,3,clingen;g2p_dd;orphadata_genes,2598,610957,MONDO:0000863,0,
HGNC:2428,YBX3,Y-box binding protein 3,ndd_only,,T3,ndd_no_documented_epilepsy,2,panelapp_au_id;panelapp_ge_id,,603437,,0,
HGNC:16959,YKT6,YKT6 vesicular SNARE protein,ndd_only,,T2,ndd_no_documented_epilepsy,2,panelapp_au_id;sysndd,,606209,,0,
HGNC:12843,YME1L1,YME1 like 1 ATPase,ndd_only,,T3,ndd_no_documented_epilepsy,3,clingen;orphadata_genes;sysndd,98676,607472,MONDO:0014753,0,
HGNC:28905,YRDC,yrdC N6-threonylcarbamoyltransferase domain containing,ndd_only,,T1,ndd_no_documented_epilepsy,3,g2p_dd;orphadata_genes;sysndd,2065,612276,MONDO:0009627,0,
HGNC:24721,YTHDC2,YTH N6-methyladenosine RNA binding protein C2,ndd_only,,T2,ndd_no_documented_epilepsy,1,sfari,,616530,,0,
HGNC:15867,YTHDF1,YTH N6-methyladenosine RNA binding protein F1,ndd_only,,T3,ndd_no_documented_epilepsy,1,sysndd,,616529,,0,
HGNC:31675,YTHDF2,YTH N6-methyladenosine RNA binding protein F2,ndd_only,,T3,ndd_no_documented_epilepsy,1,sysndd,,610640,,0,
HGNC:26465,YTHDF3,YTH N6-methyladenosine RNA binding protein F3,ndd_only,,T3,ndd_no_documented_epilepsy,1,sysndd,,618669,,0,
HGNC:12855,YWHAZ,tyrosine 3-monooxygenase/tryptophan 5-monooxygenase activation protein zeta,ndd_only,,T1,ndd_no_documented_epilepsy,7,clingen;g2p_dd;orphadata_genes;panelapp_au_id;panelapp_ge_id;sfari;sysndd,178469,601288,MONDO:0015802,0,
HGNC:12856,YY1,YY1 transcription factor,ndd_only,,T1,ndd_no_documented_epilepsy,7,clingen;g2p_dd;orphadata_genes;panelapp_au_id;panelapp_ge_id;sfari;sysndd,506358;97279,600013,MONDO:0005048;MONDO:0044738,0,
HGNC:30935,YY1AP1,YY1 associated protein 1,ndd_only,,T1,ndd_no_documented_epilepsy,2,orphadata_genes;sysndd,79094,607860,MONDO:0011243,0,
HGNC:27740,ZBED11,zinc finger BED-type containing 11,ndd_only,,T3,ndd_no_documented_epilepsy,1,sysndd,,,,0,
HGNC:25401,ZBED8L,ZBED8 like,ndd_only,,T3,ndd_no_documented_epilepsy,1,sysndd,,,,0,
HGNC:16740,ZBTB11,zinc finger and BTB domain containing 11,ndd_only,,T1,ndd_no_documented_epilepsy,5,clingen;g2p_dd;panelapp_au_id;panelapp_ge_id;sysndd,,618181,,0,
HGNC:12930,ZBTB16,zinc finger and BTB domain containing 16,ndd_only,,T2,ndd_no_documented_epilepsy,6,g2p_dd;orphadata_genes;panelapp_au_id;panelapp_ge_id;sfari;sysndd,520;99861,176797,MONDO:0012883;MONDO:0020512,0,
HGNC:13503,ZBTB20,zinc finger and BTB domain containing 20,ndd_only,,T1,ndd_no_documented_epilepsy,7,clingen;g2p_dd;orphadata_genes;panelapp_au_id;panelapp_ge_id;sfari;sysndd,3042,606025,MONDO:0009798,0,
HGNC:13083,ZBTB21,zinc finger and BTB domain containing 21,ndd_only,,T2,ndd_no_documented_epilepsy,1,sfari,,616485,,0,
HGNC:21143,ZBTB24,zinc finger and BTB domain containing 24,ndd_only,,T1,ndd_no_documented_epilepsy,5,clingen;orphadata_genes;panelapp_au_id;panelapp_ge_id;sysndd,2268,614064,MONDO:0000133,0,
HGNC:29045,ZBTB40,zinc finger and BTB domain containing 40,ndd_only,,T3,ndd_no_documented_epilepsy,3,g2p_dd;panelapp_ge_id;sysndd,,612106,,0,
HGNC:26955,ZBTB47,zinc finger and BTB domain containing 47,ndd_only,,T1,ndd_with_epilepsy,7,g2p_dd;panelapp_au_epilepsy;panelapp_au_id;panelapp_ge_epilepsy;panelapp_ge_id;sfari;sysndd,,619969,,0,
HGNC:18078,ZBTB7A,zinc finger and BTB domain containing 7A,ndd_only,,T1,ndd_no_documented_epilepsy,6,g2p_dd;orphadata_genes;panelapp_au_id;panelapp_ge_id;sfari;sysndd,694956,605878,MONDO:0859231,0,
HGNC:18668,ZBTB7B,zinc finger and BTB domain containing 7B,ndd_only,,T2,ndd_no_documented_epilepsy,2,panelapp_au_id;panelapp_ge_id,,607646,,0,
HGNC:29093,ZC3H11A,zinc finger CCCH-type containing 11A,ndd_only,,T2,ndd_no_documented_epilepsy,1,sfari,,613513,,0,
HGNC:20509,ZC3H14,zinc finger CCCH-type containing 14,ndd_only,,T2,ndd_no_documented_epilepsy,5,clingen;orphadata_genes;panelapp_au_id;panelapp_ge_id;sysndd,88616,613279,MONDO:0019502,0,
HGNC:17808,ZC3H4,zinc finger CCCH-type containing 4,ndd_only,,T2,ndd_no_documented_epilepsy,2,sfari;sysndd,,619498,,0,
HGNC:27273,ZCCHC12,zinc finger CCHC-type containing 12,ndd_only,,T3,ndd_no_documented_epilepsy,2,panelapp_au_id;panelapp_ge_id,,300701,,0,
HGNC:25265,ZCCHC8,zinc finger CCHC-type containing 8,ndd_only,,T2,ndd_no_documented_epilepsy,4,clingen;g2p_dd;panelapp_ge_id;sysndd,,616381,,0,
HGNC:20342,ZDHHC15,zDHHC palmitoyltransferase 15,ndd_only,,T3,ndd_with_epilepsy,6,clingen;g2p_dd;panelapp_au_epilepsy;panelapp_au_id;panelapp_ge_id;sysndd,,300576,,0,
HGNC:20714,ZDHHC16,zDHHC palmitoyltransferase 16,ndd_only,,T1,ndd_no_documented_epilepsy,2,panelapp_au_id;sysndd,,616750,,0,
HGNC:11642,ZEB1,zinc finger E-box binding homeobox 1,ndd_only,,T3,ndd_no_documented_epilepsy,2,g2p_dd;orphadata_genes,98973;98974,189909,MONDO:0005321;MONDO:0020364,0,
HGNC:25206,ZFAND2B,zinc finger AN1-type containing 2B,ndd_only,,T3,ndd_no_documented_epilepsy,1,sysndd,,613474,,0,
HGNC:19899,ZFAT,zinc finger and AT-hook domain containing,ndd_only,,T3,ndd_no_documented_epilepsy,1,sysndd,,610931,,0,
HGNC:777,ZFHX3,zinc finger homeobox 3,ndd_only,,T1,ndd_with_epilepsy,6,g2p_dd;panelapp_au_epilepsy;panelapp_au_id;panelapp_ge_id;sfari;sysndd,,104155,,0,
HGNC:30939,ZFHX4,zinc finger homeobox 4,ndd_only,,T1,ndd_no_documented_epilepsy,7,clingen;g2p_dd;orphadata_genes;panelapp_au_id;panelapp_ge_id;sfari;sysndd,91411,606940,MONDO:0008340,0,
HGNC:18791,ZFP57,ZFP57 zinc finger protein,ndd_only,,T1,ndd_no_documented_epilepsy,4,g2p_dd;orphadata_genes;panelapp_au_id;panelapp_ge_id,99886,612192,MONDO:0011073,0,
HGNC:16700,ZFPM2,"zinc finger protein, FOG family member 2",ndd_only,,T3,ndd_no_documented_epilepsy,2,g2p_dd;orphadata_genes,2140;251510;3303,603693,MONDO:0005711;MONDO:0008542;MONDO:0016674,0,
HGNC:17806,ZFTRAF1,zinc finger TRAF-type and ring finger containing 1,ndd_only,,T1,ndd_no_documented_epilepsy,3,g2p_dd;panelapp_au_id;sysndd,,616635,,0,
HGNC:12869,ZFX,zinc finger protein X-linked,ndd_only,,T1,ndd_no_documented_epilepsy,6,clingen;g2p_dd;panelapp_au_id;panelapp_ge_id;sfari;sysndd,,314980,,0,
HGNC:20758,ZFYVE19,zinc finger FYVE-type containing 19,ndd_only,,T1,ndd_no_documented_epilepsy,1,g2p_dd,,619635,,0,
HGNC:20761,ZFYVE26,zinc finger FYVE-type containing 26,ndd_only,,T1,ndd_no_documented_epilepsy,6,g2p_dd;orphadata_genes;panelapp_au_id;panelapp_ge_id;sfari;sysndd,100996,612012,MONDO:0010044,0,
HGNC:6775,ZFYVE9,zinc finger FYVE-type containing 9,ndd_only,,T3,ndd_no_documented_epilepsy,1,sfari,,603755,,0,
HGNC:12872,ZIC1,Zic family zinc finger 1,ndd_only,,T1,ndd_no_documented_epilepsy,6,clingen;g2p_dd;orphadata_genes;panelapp_au_id;panelapp_ge_id;sysndd,217;35099;672985,600470,MONDO:0009072;MONDO:0014705;MONDO:0018114,0,
HGNC:12874,ZIC3,Zic family zinc finger 3,ndd_only,,T1,ndd_no_documented_epilepsy,4,clingen;g2p_dd;orphadata_genes;panelapp_ge_id,216718,300265,MONDO:0016302,0,
HGNC:12877,ZMPSTE24,zinc metallopeptidase STE24,ndd_only,,T1,ndd_no_documented_epilepsy,4,clingen;g2p_dd;orphadata_genes;panelapp_ge_id,1662;740;90154,606480,MONDO:0008310;MONDO:0012074;MONDO:0031213,0,
HGNC:12989,ZMYM2,zinc finger MYM-type containing 2,ndd_only,,T1,ndd_with_epilepsy,8,clingen;g2p_dd;orphadata_genes;panelapp_au_id;panelapp_ge_epilepsy;panelapp_ge_id;sfari;sysndd,528084,602221,MONDO:0100038,0,
HGNC:13054,ZMYM3,zinc finger MYM-type containing 3,ndd_only,,T1,ndd_no_documented_epilepsy,5,g2p_dd;panelapp_au_id;panelapp_ge_id;sfari;sysndd,,300061,,0,
HGNC:13029,ZMYM5,zinc finger MYM-type containing 5,ndd_only,,T3,ndd_no_documented_epilepsy,1,sysndd,,616443,,0,
HGNC:13050,ZMYM6,zinc finger MYM-type containing 6,ndd_only,,T3,ndd_no_documented_epilepsy,3,g2p_dd;panelapp_ge_id;sysndd,,613567,,0,
HGNC:19412,ZMYND10,zinc finger MYND-type containing 10,ndd_only,,T1,ndd_no_documented_epilepsy,3,clingen;g2p_dd;orphadata_genes,244,607070,MONDO:0016575,0,
HGNC:21192,ZMYND12,zinc finger MYND-type containing 12,ndd_only,,T3,ndd_no_documented_epilepsy,1,panelapp_ge_id,,,,0,
HGNC:20997,ZMYND15,zinc finger MYND-type containing 15,ndd_only,,T3,ndd_no_documented_epilepsy,2,orphadata_genes;panelapp_ge_id,399805,614312,MONDO:0018393,0,
HGNC:12887,ZNF107,zinc finger protein 107,ndd_only,,T3,ndd_no_documented_epilepsy,1,sysndd,,603989,,0,
HGNC:12942,ZNF157,zinc finger protein 157,ndd_only,,T3,ndd_no_documented_epilepsy,1,sysndd,,300024,,0,
HGNC:12969,ZNF18,zinc finger protein 18,ndd_only,,T2,ndd_no_documented_epilepsy,1,sfari,,194524,,0,
HGNC:12976,ZNF185,zinc finger protein 185 with LIM domain,ndd_only,,T3,ndd_no_documented_epilepsy,1,panelapp_au_id,,300381,,0,
HGNC:18410,ZNF292,zinc finger protein 292,ndd_only,,T1,ndd_no_documented_epilepsy,7,clingen;g2p_dd;orphadata_genes;panelapp_au_id;panelapp_ge_id;sfari;sysndd,528084,616213,MONDO:0100038,0,
HGNC:13089,ZNF3,zinc finger protein 3,ndd_only,,T3,ndd_no_documented_epilepsy,1,sysndd,,194510,,0,
HGNC:26332,ZNF385B,zinc finger protein 385B,ndd_only,,T2,ndd_no_documented_epilepsy,1,sfari,,612344,,0,
HGNC:19904,ZNF407,zinc finger protein 407,ndd_only,,T1,ndd_no_documented_epilepsy,4,g2p_dd;panelapp_au_id;panelapp_ge_id;sysndd,,615894,,0,
HGNC:13107,ZNF41,zinc finger protein 41,ndd_only,,T3,ndd_no_documented_epilepsy,4,clingen;panelapp_au_id;panelapp_ge_id;sysndd,,314995,,0,
HGNC:20649,ZNF420,zinc finger protein 420,ndd_only,,T3,ndd_no_documented_epilepsy,1,sysndd,,617216,,0,
HGNC:16762,ZNF423,zinc finger protein 423,ndd_only,,T2,ndd_no_documented_epilepsy,4,clingen;orphadata_genes;panelapp_au_id;sysndd,2318;93591,604557,MONDO:0009480;MONDO:0011190,0,
HGNC:20690,ZNF425,zinc finger protein 425,ndd_only,,T3,ndd_no_documented_epilepsy,1,panelapp_ge_id,,619507,,0,
HGNC:21684,ZNF462,zinc finger protein 462,ndd_only,,T1,ndd_no_documented_epilepsy,7,clingen;g2p_dd;orphadata_genes;panelapp_au_id;panelapp_ge_id;sfari;sysndd,502430,617371,MONDO:0032836,0,
HGNC:23713,ZNF496,zinc finger protein 496,ndd_only,,T3,ndd_no_documented_epilepsy,1,panelapp_au_id,,613911,,0,
HGNC:23783,ZNF507,zinc finger protein 507,ndd_only,,T3,ndd_no_documented_epilepsy,1,panelapp_au_id,,620567,,0,
HGNC:27984,ZNF517,zinc finger protein 517,ndd_only,,T2,ndd_no_documented_epilepsy,1,sfari,,,,0,
HGNC:29384,ZNF528,zinc finger protein 528,ndd_only,,T3,ndd_no_documented_epilepsy,1,sysndd,,615580,,0,
HGNC:30940,ZNF532,zinc finger protein 532,ndd_only,,T3,ndd_no_documented_epilepsy,1,sfari,,619066,,0,
HGNC:29025,ZNF536,zinc finger protein 536,ndd_only,,T1,ndd_with_epilepsy,3,panelapp_au_epilepsy;panelapp_au_id;sfari,,618037,,0,
HGNC:26561,ZNF548,zinc finger protein 548,ndd_only,,T2,ndd_no_documented_epilepsy,1,sfari,,,,0,
HGNC:28197,ZNF559,zinc finger protein 559,ndd_only,,T2,ndd_no_documented_epilepsy,1,sfari,,,,0,
HGNC:16747,ZNF589,zinc finger protein 589,ndd_only,,T3,ndd_no_documented_epilepsy,1,sysndd,,616702,,0,
HGNC:28986,ZNF592,zinc finger protein 592,ndd_only,,T3,ndd_no_documented_epilepsy,3,orphadata_genes;panelapp_ge_id;sysndd,83472,613624,MONDO:0019374,0,
HGNC:26408,ZNF599,zinc finger protein 599,ndd_only,,T3,ndd_no_documented_epilepsy,2,panelapp_ge_id;sysndd,,,,0,
HGNC:30461,ZNF626,zinc finger protein 626,ndd_only,,T2,ndd_no_documented_epilepsy,1,sfari,,,,0,
HGNC:29222,ZNF644,zinc finger protein 644,ndd_only,,T3,ndd_no_documented_epilepsy,1,sfari,,614159,,0,
HGNC:25821,ZNF668,zinc finger protein 668,ndd_only,,T2,ndd_no_documented_epilepsy,3,panelapp_au_id;panelapp_ge_id;sysndd,,617103,,0,
HGNC:17625,ZNF674,zinc finger protein 674,ndd_only,,T3,ndd_no_documented_epilepsy,3,clingen;panelapp_au_id;panelapp_ge_id,,300573,,0,
HGNC:24750,ZNF699,zinc finger protein 699,ndd_only,,T1,ndd_no_documented_epilepsy,5,g2p_dd;orphadata_genes;panelapp_au_id;panelapp_ge_id;sysndd,528084,609571,MONDO:0100038,0,
HGNC:13128,ZNF711,ZFX family zinc finger ZNF711,ndd_only,,T1,ndd_no_documented_epilepsy,7,clingen;g2p_dd;orphadata_genes;panelapp_au_id;panelapp_ge_id;sfari;sysndd,777,314990,MONDO:0019181,0,
HGNC:22043,ZNF713,zinc finger protein 713,ndd_only,,T2,ndd_no_documented_epilepsy,4,g2p_dd;panelapp_ge_id;sfari;sysndd,,616181,,0,
HGNC:25843,ZNF750,zinc finger protein 750,ndd_only,,T2,ndd_no_documented_epilepsy,2,g2p_dd;orphadata_genes,168606,610226,MONDO:0012446,0,
HGNC:33108,ZNF774,zinc finger protein 774,ndd_only,,T2,ndd_no_documented_epilepsy,1,sfari,,,,0,
HGNC:21711,ZNF804A,zinc finger protein 804A,ndd_only,,T2,ndd_no_documented_epilepsy,3,panelapp_au_id;sfari;sysndd,,612282,,0,
HGNC:33230,ZNF808,zinc finger protein 808,ndd_only,,T2,ndd_no_documented_epilepsy,1,g2p_dd,,620970,,0,
HGNC:13156,ZNF81,zinc finger protein 81,ndd_only,,T3,ndd_no_documented_epilepsy,5,clingen;orphadata_genes;panelapp_au_id;panelapp_ge_id;sysndd,777,314998,MONDO:0019181,0,
HGNC:27193,ZNF827,zinc finger protein 827,ndd_only,,T2,ndd_no_documented_epilepsy,1,sfari,,617962,,0,
HGNC:38705,ZNF865,zinc finger protein 865,ndd_only,,T1,ndd_no_documented_epilepsy,4,panelapp_au_id;panelapp_ge_id;sfari;sysndd,,,,0,
HGNC:29271,ZNFX1,zinc finger NFX1-type containing 1,ndd_only,,T1,ndd_with_epilepsy,2,panelapp_ge_epilepsy;panelapp_ge_id,,618931,,0,
HGNC:26089,ZNHIT6,zinc finger HIT-type containing 6,ndd_only,,T3,ndd_no_documented_epilepsy,1,panelapp_au_id,,620473,,0,
HGNC:18126,ZNRF3,zinc and ring finger 3,ndd_only,,T1,ndd_no_documented_epilepsy,5,g2p_dd;orphadata_genes;panelapp_au_id;panelapp_ge_id;sysndd,1501,612062,MONDO:0006639,0,
HGNC:13051,ZPR1,ZPR1 zinc finger,ndd_only,,T3,ndd_no_documented_epilepsy,2,orphadata_genes;sysndd,729781,603901,,0,
HGNC:18224,ZRANB1,zinc finger RANBP2-type containing 1,ndd_only,,T2,ndd_with_epilepsy,2,panelapp_au_epilepsy;panelapp_au_id,,611749,,0,
HGNC:23019,ZRSR2,"zinc finger CCCH-type, RNA binding motif and serine/arginine rich 2",ndd_only,,T1,ndd_no_documented_epilepsy,3,g2p_dd;panelapp_au_id;sysndd,,300028,,0,
HGNC:12997,ZSCAN10,zinc finger and SCAN domain containing 10,ndd_only,,T1,ndd_no_documented_epilepsy,4,g2p_dd;panelapp_au_id;panelapp_ge_id;sysndd,,618365,,0,
HGNC:21961,ZSCAN25,zinc finger and SCAN domain containing 25,ndd_only,,T3,ndd_no_documented_epilepsy,1,sysndd,,,,0,
HGNC:23528,ZSWIM8,zinc finger SWIM-type containing 8,ndd_only,,T3,ndd_no_documented_epilepsy,1,sysndd,,619213,,0,
HGNC:25468,ZWILCH,zwilch kinetochore protein,ndd_only,,T2,ndd_no_documented_epilepsy,1,sfari,,609984,,0,
