org_id,org_name,url,hgnc_id,symbol,orphacode,country,org_type,registry_platform,registry_url,natural_history_study,data_elements_documented,irb_status,maturity_stage,coalitions,contact,status,source,reviewed_by,review_date,notes
,Batten Disease Support and Research Association,https://www.bdsra.org,HGNC:2074,CLN3,699780;699796,US,foundation,REDCap,https://bdsra.org/clinical-news/bdsra-funds-crucial-project-to-expand-a-batten-disease-patient-registry/,,,,,REN,,candidate,epilepsylive_orgs;rela_2019,,,RELA 2019 profile; founded 1998; 501c3 OH
,Batten Disease Support and Research Association,https://www.bdsra.org,HGNC:2076,CLN5,699802;699807;699812,US,foundation,,,,,,,REN,,candidate,rela_2019,,,RELA 2019 profile; founded 1998; 501c3 OH
,Batten Disease Support and Research Association,https://www.bdsra.org,HGNC:2077,CLN6,700467;700472;700477,US,foundation,REDCap,https://bdsra.org/clinical-news/bdsra-funds-crucial-project-to-expand-a-batten-disease-patient-registry/,,,,,REN,,candidate,epilepsylive_orgs;rela_2019,,,RELA 2019 profile; founded 1998; 501c3 OH
,Batten Disease Support and Research Association,https://www.bdsra.org,HGNC:2079,CLN8,1947;700484,US,foundation,,,,,,,REN,,candidate,rela_2019,,,RELA 2019 profile; founded 1998; 501c3 OH
,Batten Disease Support and Research Association,https://www.bdsra.org,HGNC:9325,PPT1,699718;699734;699739;699745,US,foundation,REDCap,https://bdsra.org/clinical-news/bdsra-funds-crucial-project-to-expand-a-batten-disease-patient-registry/,,,,,REN,,candidate,epilepsylive_orgs;rela_2019,,,RELA 2019 profile; founded 1998; 501c3 OH
,Batten Disease Support and Research Association,https://www.bdsra.org,HGNC:2073,TPP1,284324;699751;699761;699769,US,foundation,REDCap,https://bdsra.org/clinical-news/bdsra-funds-crucial-project-to-expand-a-batten-disease-patient-registry/,,,,,REN,,candidate,epilepsylive_orgs;rela_2019,,,RELA 2019 profile; founded 1998; 501c3 OH
,Batten Disease Support and Research Association,https://www.bdsra.org,HGNC:28486,MFSD8,1872;228366,US,foundation,,,,,,,REN,,candidate,rela_2019,,,RELA 2019 profile; founded 1998; 501c3 OH
,BPAN Warriors,https://www.bpanwarriors.org/,HGNC:28912,WDR45,329284;697160,US,foundation,,,,,,,REN,,candidate,epilepsylive_orgs;rela_2019,,,RELA 2019 profile; founded 2018; 501c3 FL
,Bridge the Gap - SYNGAP Education and Research Foundation,https://bridgesyngap.org,HGNC:11497,SYNGAP1,1942;442835;544254,US,foundation,,,yes,,,,REN,,candidate,epilepsylive_orgs;everycure_rdnp;rela_2019,,,RELA 2019 profile; founded 2014; 501c3 TX
,CFC International,https://www.cfcsyndrome.org,HGNC:1097,BRAF,1340;146;251615;500;54595;58017;626;648;687730;687733;687738;687741;840;96253,US,foundation,,,,,,,REN,,candidate,rela_2019,,,RELA 2019 profile; founded 1999; 501c3 NY
,CFC International,https://www.cfcsyndrome.org,HGNC:6840,MAP2K1,1340;389,US,foundation,,,,,,,REN,,candidate,rela_2019,,,RELA 2019 profile; founded 1999; 501c3 NY
,CFC International,https://www.cfcsyndrome.org,HGNC:6842,MAP2K2,1340;638,US,foundation,,,,,,,REN,,candidate,rela_2019,,,RELA 2019 profile; founded 1999; 501c3 NY
,CFC International,https://www.cfcsyndrome.org,HGNC:6407,KRAS,1333;1340;144;146;2396;251615;2612;268114;3339;648;86834,US,foundation,,,,,,,REN,,candidate,rela_2019,,,RELA 2019 profile; founded 1999; 501c3 NY
,Christianson Syndrome Association,https://www.csa-cares.org,HGNC:11079,SLC9A6,85278,US,foundation,REDCap,,yes,,,,REN,,candidate,epilepsylive_orgs;rela_2019,,,RELA 2019 profile; founded 2011; 501c3 TX
,CureGRIN Foundation,https://www.curegrin.org,HGNC:4584,GRIN1,178469;1934;208447;88616,US,foundation,REDCap,https://curegrin.org/gri-registry/ | https://grin2b.com/grin-registry/ | https://curegrin.org/gricensus/,,,,,REN,,candidate,epilepsylive_orgs;rela_2019,,,RELA 2019 profile; founded 2019; 501c3 CO
,CureGRIN Foundation,https://www.curegrin.org,HGNC:4585,GRIN2A,163721;1945;289266;725;98818,US,foundation,Foundation-hosted,https://curegrin.org/gri-registry/ | https://grin2b.com/grin-registry/ | https://curegrin.org/gricensus/,,,,,REN,,candidate,epilepsylive_orgs;rela_2019,,,RELA 2019 profile; founded 2019; 501c3 CO
,CureGRIN Foundation,https://www.curegrin.org,HGNC:4586,GRIN2B,589547;697160,US,foundation,Foundation-hosted,https://grin2b.com/register/,unknown,,,,REN,info@grin2b.com,candidate,epilepsylive_orgs;everycure_rdnp;rela_2019,,,RELA 2019 profile; founded 2019; 501c3 CO
,CureGRIN Foundation,https://www.curegrin.org,HGNC:4588,GRIN2D,442835,US,foundation,Foundation-hosted,https://curegrin.org/gri-registry/ | https://grin2b.com/grin-registry/ | https://curegrin.org/gricensus/,,,,,REN,,candidate,epilepsylive_orgs;rela_2019,,,RELA 2019 profile; founded 2019; 501c3 CO
,DDX3X Foundation,https://www.ddx3x.org,HGNC:2745,DDX3X,3338;457260;99861,US,foundation,Citizen,https://ddx3x.org/registry/,yes,,,,REN,,candidate,epilepsylive_orgs;everycure_rdnp;rela_2019,,,RELA 2019 profile; founded 2018; 501c3 DE
,DNM1 dynamos - Connecting DNM1 Families,https://www.facebook.com/groups/1065172710162616/,HGNC:2972,DNM1,2382;442835,US,family group,,,,,,,REN,,candidate,rela_2019,,,RELA 2019 profile; founded 2015; Non incorporated support group
,Doose Syndrome Epilepsy Alliance,https://www.doosesyndrome.org,,,,US,foundation,,,,,,,REN,,candidate,rela_2019,,,RELA 2019 profile; founded 2002; 501c3 CO; no gene assigned (phenotype-defined or CNV)
,Dravet Syndrome Foundation,https://www.dravetfoundation.org,HGNC:10585,SCN1A,1942;2382;293181;33069;36387;442835;569,US,foundation,Foundation-hosted,https://dravetfoundation.org/research/for-patients-families/registry-natural-history-studies/,,,,,REN,info@dravetfoundation.org,candidate,epilepsylive_orgs;registries_2020;rela_2019,,,RELA 2019 profile; founded 2009; 501c3 CT
,Dup15q Alliance,https://www.dup15q.org,,,,US,foundation,,,,,,,REN,,candidate,registries_2020;rela_2019,,,RELA 2019 profile; founded 2004; 501c3 OR; no gene assigned (phenotype-defined or CNV)
,FamilieSCN2A Foundation,https://www.scn2a.org,HGNC:10588,SCN2A,140927;178469;1934;2131;293181;306;33069;36387;697160,US,foundation,Foundation-hosted,https://scn2a.iamrare.org/,unknown,,,,REN,info@scn2a.org,candidate,epilepsylive_orgs;everycure_rdnp;rela_2019,,,RELA 2019 profile; founded 2014; 501c3 MA
,Glut1 Deficiency Foundation,https://www.g1dfoundation.org,HGNC:11005,SLC2A1,168577;1942;2131;53583;71277;86911;98811,US,foundation,Foundation-hosted,https://www.g1dfoundation.org/natural-history-study/,,,,,REN,hello@G1DFoundation.org,candidate,epilepsylive_orgs;rela_2019,,,RELA 2019 profile; founded 2011; 501c3 IND
,Hope4Harper,https://www.hope4harper.com,HGNC:11411,CDKL5,1934;3095;505652;697160,US,foundation,,,,,,,REN,,candidate,rela_2019,,,RELA 2019 profile; founded 2012; 501c3 TX
,International Foundation for CDKL5 Research,https://www.cdkl5.com,HGNC:11411,CDKL5,1934;3095;505652;697160,US,foundation,REDCap,https://cdkl5.com/help-our-researchers,yes,,,,REN,info@cdkl5.com,candidate,epilepsylive_orgs;everycure_rdnp;rela_2019,,,RELA 2019 profile; founded 2009; 501c3 OH
,LGS Foundation,https://www.lgsfoundation.org,,,,US,foundation,,,,,,,REN,,candidate,rela_2019,,,RELA 2019 profile; founded 2008; 501c3 NY; no gene assigned (phenotype-defined or CNV)
,Lissencephaly Foundation Inc,http://lissfoundation.org/,HGNC:8574,PAFAH1B1,217385;531;95232;99796,US,foundation,,,,,,,REN,,candidate,rela_2019,,,RELA 2019 profile; founded 2019; 501c3 Pending CA
,Lissencephaly Foundation Inc,http://lissfoundation.org/,HGNC:2714,DCX,2148;99796,US,foundation,,,,,,,REN,,candidate,rela_2019,,,RELA 2019 profile; founded 2019; 501c3 Pending CA
,Lissencephaly Foundation Inc,http://lissfoundation.org/,HGNC:20766,TUBA1A,171680;45358;467166;994,US,foundation,,,,,,,REN,,candidate,rela_2019,,,RELA 2019 profile; founded 2019; 501c3 Pending CA
,"Mickie’s Miracles - Infantile Spasms, Pediatric Epilepsy",https://www.mickiesmiracles.org,,,,US,foundation,,,unknown,,,,REN,,candidate,everycure_rdnp;rela_2019,,,RELA 2019 profile; founded 2016; 501c3 CA; no gene assigned (phenotype-defined or CNV)
,NORSE Institute,http://www.norseinstitute.org,,,,US,family group,,,,,,,REN,,candidate,rela_2019,,,RELA 2019 profile; founded 2015; Non incorporated Support or other Group; no gene assigned (phenotype-defined or CNV)
,Phelan-McDermid Syndrome Foundation,https://www.pmsf.org/,HGNC:14294,SHANK3,662169;662172,US,foundation,Matrix (Across Healthcare),https://pmsf.org/datahub/,yes,,,,REN,info@pmsf.org,candidate,epilepsylive_orgs;rela_2019,,,RELA 2019 profile; founded 2013; 501c3 FL
,Project 8p,https://www.project8p.org,,,,US,foundation,,,,,,,REN,,candidate,registries_2020;rela_2019,,,RELA 2019 profile; founded 2019; 501c3 DE; no gene assigned (phenotype-defined or CNV)
,PVNH Support & Awareness,https://www.PVNHSupport.com,HGNC:3754,FLNA,1826;2301;2484;482606;555877;75497;88630;90650;90652;98892;99811,US,family group,,,,,,,REN,,candidate,rela_2019,,,RELA 2019 profile; founded 2009; Non Incorporated Support or Other
,Ring Chromosome 20 Alliance,https://www.facebook.com/pg/RC20Alliance/about/?ref=page_internal,,,,US,foundation,,,,,,,REN,,candidate,rela_2019,,,RELA 2019 profile; founded 2015; 501c3 PA; no gene assigned (phenotype-defined or CNV)
,Ring 14 USA,https://www.ring14usa.org,,,,US,foundation,,,yes,,,,REN,,candidate,everycure_rdnp;rela_2019,,,RELA 2019 profile; founded 2011; 501c3 CA; no gene assigned (phenotype-defined or CNV)
,SLC6A1 Connect.,https://slc6a1connect.org,HGNC:11042,SLC6A1,178469;1942;435638,US,foundation,Citizen,https://slc6a1connect.org/registry/,yes,,,,REN,afreed@slc6a1connect.org,candidate,epilepsylive_orgs;everycure_rdnp;rela_2019,,,RELA 2019 profile; founded 2018; 501c3 CO
,SynGAP Research Fund,https://www.syngapresearchfund.com,HGNC:11497,SYNGAP1,1942;442835;544254,US,foundation,Citizen,https://curesyngap1.org/join-the-citizen-registry/,,,,,REN,info@cureSYNGAP1.org,candidate,epilepsylive_orgs;rela_2019,,,RELA 2019 profile; founded 2018; 501c3 CA
,The Bow Foundation,https://gnao1.org/,HGNC:4389,GNAO1,1934;592564,US,foundation,Pulse Infoframe,https://gnao1.org/gnao1-international-patient-registry/,yes,,,,REN,,candidate,epilepsylive_orgs;everycure_rdnp;rela_2019,,,RELA 2019 profile; founded 2017; 501c3 VA
,The Brain Recovery Project: Childhood Epilepsy Surgery Foundation,https://www.brainrecoveryproject.org,,,,US,foundation,,,unknown,,,,REN,,candidate,everycure_rdnp;rela_2019,,,RELA 2019 profile; founded 2011; 501c3 CA; no gene assigned (phenotype-defined or CNV)
,The Cute Syndrome,https://www.thecutesyndrome.com,HGNC:10596,SCN8A,178469;306;442835;86909,US,foundation,,,,,,,REN,,candidate,rela_2019,,,RELA 2019 profile; founded 2014; 501c3 MD
,The TBCK Foundation,https://www.tbckfoundation.com,HGNC:28261,TBCK,488632,US,foundation,,,unknown,,,,REN,,candidate,everycure_rdnp;rela_2019,,,RELA 2019 profile; founded 2019; 501c3 ILL
,Tuberous Sclerosis Alliance,https://www.tsalliance.org,HGNC:12362,TSC1,210159;269008;538;805,US,foundation,,,,,,,REN,,candidate,fda_pfdd;registries_2020;rela_2019,,,RELA 2019 profile; founded 1975; 501c3 CA
,Tuberous Sclerosis Alliance,https://www.tsalliance.org,HGNC:12363,TSC2,210159;269001;269008;538;805;88924,US,foundation,,,,,,,REN,,candidate,fda_pfdd;registries_2020;rela_2019,,,RELA 2019 profile; founded 1975; 501c3 CA
,Wishes for Elliott: Advancing SCN8A Research,https://www.wishesforelliott.org,HGNC:10596,SCN8A,178469;306;442835;86909,US,foundation,,,,,,,REN,,candidate,rela_2019,,,RELA 2019 profile; founded 2015; 501c3 DC
,ADCY5 registry (Citizen Health),https://www.citizen.health/ai-advocate/adcy5,HGNC:236,ADCY5,1429;324588,,registry,Citizen,https://www.citizen.health/ai-advocate/adcy5,,,,,,,candidate,citizen_registry,,,
,AGS registry (Citizen Health),https://www.citizen.health/ai-advocate/agsaa,HGNC:6188,JAG1,261600;261619;3303,,registry,Citizen,https://www.citizen.health/ai-advocate/agsaa,,,,,,,candidate,citizen_registry,,,
,CACNA1A registry (Citizen Health),https://www.citizen.health/ai-advocate/cacna1a,HGNC:1388,CACNA1A,2131;2382;442835;569;71518;97;98758,,registry,Citizen,https://www.citizen.health/ai-advocate/cacna1a,,,,,,,candidate,citizen_registry,,,
,CASK registry (Citizen Health),https://www.citizen.health/ai-advocate/project-cask,HGNC:1497,CASK,163937;1934;777,,registry,Citizen,https://www.citizen.health/ai-advocate/project-cask,,,,,,,candidate,citizen_registry,,,
,CFC registry (Citizen Health),https://www.citizen.health/ai-advocate/cfc-international,HGNC:11580,TBCC,,,registry,Citizen,https://www.citizen.health/ai-advocate/cfc-international,,,,,,,candidate,citizen_registry,,,
,CHD2 registry (Citizen Health),https://www.citizen.health/ai-advocate/ccc,HGNC:1917,CHD2,1942;2382,,registry,Citizen,https://www.citizen.health/ai-advocate/ccc,,,,,,,candidate,citizen_registry,,,
,CLN2 registry (Citizen Health),https://www.citizen.health/ai-advocate/cln2,HGNC:2073,TPP1,284324;699751;699761;699769,,registry,Citizen,https://www.citizen.health/ai-advocate/cln2,,,,,,,candidate,citizen_registry,,,
,Cholangiocarcinoma (Bile Duct Cancer) registry (Citizen Health),https://www.citizen.health/ai-advocate/cmt4b3,,CMT4B3,,,registry,Citizen,https://www.citizen.health/ai-advocate/cmt4b3,,,,,,,candidate,citizen_registry,,,
,CMT4J registry (Citizen Health),https://www.citizen.health/ai-advocate/cure-cmt4j,HGNC:16873,FIG4,139515;208441;3472;803,,registry,Citizen,https://www.citizen.health/ai-advocate/cure-cmt4j,,,,,,,candidate,citizen_registry,,,
,CSNK2B registry (Citizen Health),https://www.citizen.health/ai-advocate/csnk2b-foundation,HGNC:2460,CSNK2B,178469;689397,,registry,Citizen,https://www.citizen.health/ai-advocate/csnk2b-foundation,,,,,,,candidate,citizen_registry,,,
,CTNNB1 registry (Citizen Health),https://www.citizen.health/ai-advocate/ctnnb1,HGNC:2514,CTNNB1,1501;210159;2780;33402;404473;54595;569248;689430;873;891;91414;952,,registry,Citizen,https://www.citizen.health/ai-advocate/ctnnb1,,,,,,,candidate,citizen_registry,,,
,DLG4 registry (Citizen Health),https://www.citizen.health/ai-advocate/shine-syndrome,HGNC:2903,DLG4,528084,,registry,Citizen,https://www.citizen.health/ai-advocate/shine-syndrome,,,,,,,candidate,citizen_registry,,,
,DNM1-related epilepsy registry (Citizen Health),https://www.citizen.health/ai-advocate/dnm1-epilepsy,HGNC:2972,DNM1,2382;442835,,registry,Citizen,https://www.citizen.health/ai-advocate/dnm1-epilepsy,,,,,,,candidate,citizen_registry,,,
,DYNC1H1 registry (Citizen Health),https://www.citizen.health/ai-advocate/dync1h1-association,HGNC:2961,DYNC1H1,178469;209341;284232,,registry,Citizen,https://www.citizen.health/ai-advocate/dync1h1-association,,,,,,,candidate,citizen_registry,,,
,Dravet Syndrome registry (Citizen Health),https://www.citizen.health/ai-advocate/dravet-syndrome,HGNC:10585,SCN1A,1942;2382;293181;33069;36387;442835;569,,registry,Citizen,https://www.citizen.health/ai-advocate/dravet-syndrome,,,,,,,candidate,citizen_registry,,,
,FAM177A1 registry (Citizen Health),https://www.citizen.health/ai-advocate/fam177a1,HGNC:19829,FAM177A1,,,registry,Citizen,https://www.citizen.health/ai-advocate/fam177a1,,,,,,,candidate,citizen_registry,,,
,FOXG1 registry (Citizen Health),https://www.citizen.health/ai-advocate/foxg1,HGNC:3811,FOXG1,261144;442835;598164,,registry,Citizen,https://www.citizen.health/ai-advocate/foxg1,,,,,,,candidate,citizen_registry,,,
,FOXP1 Syndrome registry (Citizen Health),https://www.citizen.health/ai-advocate/foxp1,HGNC:3823,FOXP1,391372;52417,,registry,Citizen,https://www.citizen.health/ai-advocate/foxp1,,,,,,,candidate,citizen_registry,,,
,GABRA1 registry (Citizen Health),https://www.citizen.health/ai-advocate/gabra1,HGNC:4075,GABRA1,307;33069;64280,,registry,Citizen,https://www.citizen.health/ai-advocate/gabra1,,,,,,,candidate,citizen_registry,,,
,GLUT1 registry (Citizen Health),https://www.citizen.health/ai-advocate/g1df,HGNC:11005,SLC2A1,168577;1942;2131;53583;71277;86911;98811,,registry,Citizen,https://www.citizen.health/ai-advocate/g1df,,,,,,,candidate,citizen_registry,,,
,HNRNPH2 registry (Citizen Health),https://www.citizen.health/ai-advocate/to-cure-a-rose-foundation,HGNC:5042,HNRNPH2,662198,,registry,Citizen,https://www.citizen.health/ai-advocate/to-cure-a-rose-foundation,,,,,,,candidate,citizen_registry,,,
,KCNH1 registry (Citizen Health),https://www.citizen.health/ai-advocate/kcnh1,HGNC:6250,KCNH1,3473;420561,,registry,Citizen,https://www.citizen.health/ai-advocate/kcnh1,,,,,,,candidate,citizen_registry,,,
,KCNQ2 registry (Citizen Health),https://www.citizen.health/ai-advocate/kcnq2,HGNC:6296,KCNQ2,140927;178469;1949;293181;306;439218,,registry,Citizen,https://www.citizen.health/ai-advocate/kcnq2,,,,,,,candidate,citizen_registry,,,
,KCNT1 Epilepsy registry (Citizen Health),https://www.citizen.health/ai-advocate/kcnt1,HGNC:18865,KCNT1,293181;98784,,registry,Citizen,https://www.citizen.health/ai-advocate/kcnt1,,,,,,,candidate,citizen_registry,,,
,KMT2C registry (Citizen Health),https://www.citizen.health/ai-advocate/kmt2c,HGNC:13726,KMT2C,261652,,registry,Citizen,https://www.citizen.health/ai-advocate/kmt2c,,,,,,,candidate,citizen_registry,,,
,KMT2E registry (Citizen Health),https://www.citizen.health/ai-advocate/kmt2e-foundation,HGNC:18541,KMT2E,528084,,registry,Citizen,https://www.citizen.health/ai-advocate/kmt2e-foundation,,,,,,,candidate,citizen_registry,,,
,LGMD2L registry (Citizen Health),https://www.citizen.health/ai-advocate/lgmd2l,HGNC:27337,ANO5,206549;206599;399096;53697;689021,,registry,Citizen,https://www.citizen.health/ai-advocate/lgmd2l,,,,,,,candidate,citizen_registry,,,
,LGS registry (Citizen Health),https://www.citizen.health/ai-advocate/lgs,HGNC:3512,EXT1,321;502;55880,,registry,Citizen,https://www.citizen.health/ai-advocate/lgs,,,,,,,candidate,citizen_registry,,,
,LMNA registry (Citizen Health),https://www.citizen.health/ai-advocate/lmna,HGNC:6636,LMNA,154;157973;1662;168796;2229;2348;280365;293888;293899;293910;300751;363618;54260;675396;740;79084;79474;90153;98853;98855;98856,,registry,Citizen,https://www.citizen.health/ai-advocate/lmna,,,,,,,candidate,citizen_registry,,,
,MDS registry (Citizen Health),https://www.citizen.health/ai-advocate/mds,HGNC:8574,PAFAH1B1,217385;531;95232;99796,,registry,Citizen,https://www.citizen.health/ai-advocate/mds,,,,,,,candidate,citizen_registry,,,
,MED13L registry (Citizen Health),https://www.citizen.health/ai-advocate/med13l-foundation,HGNC:22962,MED13L,216718;369891,,registry,Citizen,https://www.citizen.health/ai-advocate/med13l-foundation,,,,,,,candidate,citizen_registry,,,
,MEF2C registry (Citizen Health),https://www.citizen.health/ai-advocate/mef2c-family-foundation,HGNC:6996,MEF2C,228384;576227;664416,,registry,Citizen,https://www.citizen.health/ai-advocate/mef2c-family-foundation,,,,,,,candidate,citizen_registry,,,
,NALCN-related disorder registry (Citizen Health),https://www.citizen.health/ai-advocate/nalcn,HGNC:19082,NALCN,1146;1147;2053;562528;700336,,registry,Citizen,https://www.citizen.health/ai-advocate/nalcn,,,,,,,candidate,citizen_registry,,,
,PPP3CA registry (Citizen Health),https://www.citizen.health/ai-advocate/ppp3ca-hope-foundation,HGNC:9314,PPP3CA,442835;565858,,registry,Citizen,https://www.citizen.health/ai-advocate/ppp3ca-hope-foundation,,,,,,,candidate,citizen_registry,,,
,PURA Syndrome registry (Citizen Health),https://www.citizen.health/ai-advocate/psf,HGNC:9701,PURA,314655;438216,,registry,Citizen,https://www.citizen.health/ai-advocate/psf,,,,,,,candidate,citizen_registry,,,
,SCN2A registry (Citizen Health),https://www.citizen.health/ai-advocate/familiescn2a-foundation,HGNC:10588,SCN2A,140927;178469;1934;2131;293181;306;33069;36387;697160,,registry,Citizen,https://www.citizen.health/ai-advocate/familiescn2a-foundation,,,,,,,candidate,citizen_registry,,,
,SCN8A registry (Citizen Health),https://www.citizen.health/ai-advocate/tcsf,HGNC:10596,SCN8A,178469;306;442835;86909,,registry,Citizen,https://www.citizen.health/ai-advocate/tcsf,,,,,,,candidate,citizen_registry,,,
,SDS registry (Citizen Health),https://www.citizen.health/ai-advocate/sds,HGNC:10691,SDS,,,registry,Citizen,https://www.citizen.health/ai-advocate/sds,,,,,,,candidate,citizen_registry,,,
,SELENON-Related Myopathy registry (Citizen Health),https://www.citizen.health/ai-advocate/giving-strength,HGNC:15999,SELENON,2020;324604;84132;97244,,registry,Citizen,https://www.citizen.health/ai-advocate/giving-strength,,,,,,,candidate,citizen_registry,,,
,SLC13A5 registry (Citizen Health),https://www.citizen.health/ai-advocate/trf,HGNC:23089,SLC13A5,1946;442835,,registry,Citizen,https://www.citizen.health/ai-advocate/trf,,,,,,,candidate,citizen_registry,,,
,SLC6A1 registry (Citizen Health),https://www.citizen.health/ai-advocate/slc6a1,HGNC:11042,SLC6A1,178469;1942;435638,,registry,Citizen,https://www.citizen.health/ai-advocate/slc6a1,,,,,,,candidate,citizen_registry,,,
,SMC1A registry (Citizen Health),https://www.citizen.health/ai-advocate/smc1a,HGNC:11111,SMC1A,199;220386;3095;708203,,registry,Citizen,https://www.citizen.health/ai-advocate/smc1a,,,,,,,candidate,citizen_registry,,,
,SPG50 registry (Citizen Health),https://www.citizen.health/ai-advocate/curespg50,HGNC:574,AP4M1,280763,,registry,Citizen,https://www.citizen.health/ai-advocate/curespg50,,,,,,,candidate,citizen_registry,,,
,SPTBN1 registry (Citizen Health),https://www.citizen.health/ai-advocate/sptbn1,HGNC:11275,SPTBN1,528084,,registry,Citizen,https://www.citizen.health/ai-advocate/sptbn1,,,,,,,candidate,citizen_registry,,,
,STXBP1 registry (Citizen Health),https://www.citizen.health/ai-advocate/stxbp1-foundation,HGNC:11444,STXBP1,495818;599373,,registry,Citizen,https://www.citizen.health/ai-advocate/stxbp1-foundation,,,,,,,candidate,citizen_registry,,,
,SYNGAP1 registry (Citizen Health),https://www.citizen.health/ai-advocate/syngap1,HGNC:11497,SYNGAP1,1942;442835;544254,,registry,Citizen,https://www.citizen.health/ai-advocate/syngap1,,,,,,,candidate,citizen_registry,,,
,TBCD registry (Citizen Health),https://www.citizen.health/ai-advocate/landon-a-cure-foundation,HGNC:11581,TBCD,496641,,registry,Citizen,https://www.citizen.health/ai-advocate/landon-a-cure-foundation,,,,,,,candidate,citizen_registry,,,
,TBCK registry (Citizen Health),https://www.citizen.health/ai-advocate/tbck,HGNC:28261,TBCK,488632,,registry,Citizen,https://www.citizen.health/ai-advocate/tbck,,,,,,,candidate,citizen_registry,,,
,TRND registry (Citizen Health),https://www.citizen.health/ai-advocate/trnd-network,HGNC:7478,MT-TD,,,registry,Citizen,https://www.citizen.health/ai-advocate/trnd-network,,,,,,,candidate,citizen_registry,,,
,TTN (titin) registry (Citizen Health),https://www.citizen.health/ai-advocate/team-titin,HGNC:12403,TTN,140922;154;169186;178464;289377;293888;293899;293910;324604;334;466921;609;707983,,registry,Citizen,https://www.citizen.health/ai-advocate/team-titin,,,,,,,candidate,citizen_registry,,,
,WWOX registry (Citizen Health),https://www.citizen.health/ai-advocate/wwox,HGNC:12799,WWOX,251510;284282;708171;99977,,registry,Citizen,https://www.citizen.health/ai-advocate/wwox,,,,,,,candidate,citizen_registry,,,
,YWHAG registry (Citizen Health),https://www.citizen.health/ai-advocate/ywhag-research-foundation,HGNC:12852,YWHAG,442835,,registry,Citizen,https://www.citizen.health/ai-advocate/ywhag-research-foundation,,,,,,,candidate,citizen_registry,,,
,17q12 Foundation,http://www.chromo17q12.org/,,,,United States of America,foundation,,,unknown,,,,,,candidate,everycure_rdnp,,,EveryCure RDNP list; focus: 17q12 deletion syndrome; founded 2017
,1p36 Deletion Support & Awareness,http://www.1p36dsa.org/,,,,United States of America,foundation,,,unknown,,,,,,candidate,everycure_rdnp,,,EveryCure RDNP list; focus: 1p36 Deletion Syndrome; founded 2009
,A Cure for Ellie,https://acureforellie.org/,,,,United States of America,foundation,,,yes,,,,,,candidate,everycure_rdnp;registries_2020,,,EveryCure RDNP list; focus: Leukoencephalopathy with Brain Stem and Spinal Cord Involvement and Lactate Elevation; founded 2013
,ACDY5.org,https://www.adcy5.org/,,ACDY5,,United States of America,foundation,,,yes,,,,,,candidate,everycure_rdnp;registries_2020,,,EveryCure RDNP list; focus: ADCY5-related dyskinesia; biobank; founded 2017
,ACDY5.org,https://www.adcy5.org/,HGNC:236,ADCY5,1429;324588,United States of America,foundation,,,yes,,,,,,candidate,everycure_rdnp,,,EveryCure RDNP list; focus: ADCY5-related dyskinesia; biobank; founded 2017
,ADNP-Kids Research Foundation,https://www.adnpfoundation.org/,HGNC:15766,ADNP,404448;700160,United States of America,foundation,Citizen,,no,,,,,,candidate,epilepsylive_orgs;everycure_rdnp,,,EveryCure RDNP list; focus: Helsmoortel Van Der Aa Syndrome; founded 2016
,ALD Alliance,https://www.aldalliance.org/,,,,United States of America,foundation,,,yes,,,,,,candidate,everycure_rdnp,,,EveryCure RDNP list; focus: Adrenoleukodystrophy; founded 2013
,ALD Connect,https://aldconnect.org/,,,,United States of America,foundation,,,yes,,,,,,candidate,everycure_rdnp;fda_pfdd,,,EveryCure RDNP list; focus: Adrenoleukodystrophy; biobank; founded 2013
,"Angelman Syndrome Foundation, Inc.",https://www.angelman.org/,,,,United States of America,foundation,,,yes,,,,,,candidate,everycure_rdnp,,,EveryCure RDNP list; focus: Angelman Syndrome; founded 1992
,AXYS,https://genetic.org/,,,,United States of America,foundation,,,unknown,,,,,,candidate,everycure_rdnp;registries_2020,,,EveryCure RDNP list; focus: Sex Chromosome Aneuploidy disorders; founded 1989
,Batten Disease Support and Research Association,https://www.bdsra.org/,,,,United States of America,foundation,,,unknown,,,,,,candidate,everycure_rdnp;registries_2020,,,EveryCure RDNP list; focus: Batten disease; founded 1987
,Beyond Batten Disease Foundation,https://beyondbatten.org,,,,United States of America,foundation,,,yes,,,,,,candidate,everycure_rdnp,,,EveryCure RDNP list; focus: Batten disease; founded 2016
,CACNA1A Foundation,https://www.cacna1a.org/,HGNC:1388,CACNA1A,2131;2382;442835;569;71518;97;98758,United States of America,foundation,Foundation-hosted,https://www.cacna1a.org/participate-research,yes,,,,,info@cacna1a.org,candidate,epilepsylive_orgs;everycure_rdnp,,,EveryCure RDNP list; focus: CACNA1A-related disorders; biobank; founded 2020
,CADASIL Together We Have Hope,https://www.cadasilfoundation.org/,,,,United States of America,foundation,,,yes,,,,,,candidate,everycure_rdnp,,,EveryCure RDNP list; focus: Cerebral autosomal dominant arteriopathy with subcortical infarcts and leukoencephalopathy; biobank; founded 1995
,CHAMP1 Research Foundation,https://champ1foundation.org/,HGNC:20311,CHAMP1,692193,United States of America,foundation,,,yes,,,,,,candidate,everycure_rdnp,,,"EveryCure RDNP list; focus: Developmental delay, hypotonia, cerebral palsy, autism, and epilepsy among many other diagnoses a result of a change in the CHAMP1 gene.; biobank; founded 2018"
,Charlotte & Gwenyth Gray Foundation to Cure Batten Disease at The Giving Back Fund,https://www.curebatten.org/,,,,United States of America,foundation,,,unknown,,,,,,candidate,everycure_rdnp;registries_2020,,,EveryCure RDNP list; focus: Batten disease; founded 2016
,Cheyanna’s Champions 4 Children (CC4C),https://www.cc4c.org/,,CC4C,,United States of America,foundation,,,unknown,,,,,,candidate,everycure_rdnp,,,EveryCure RDNP list; focus: Rare diseases NOS; founded 2012
,The Chromosome 18 Registry & Research Society,https://www.chromosome18.org/,,,,United States of America,foundation,,,unknown,,,,,,candidate,everycure_rdnp;registries_2020,,,"EveryCure RDNP list; focus: The organizations focuses on chromosome 18 conditions. These include 18p-, 18q-, Ring 18, Tetrasomy 18p, Trisomy 18,  Pitt Hopkins Syndrome, translocations, par; founded 1990"
,"Chromosome Disorder Outreach, Inc.",https://chromodisorder.org/,,,,United States of America,foundation,,,unknown,,,,,,candidate,everycure_rdnp;registries_2020,,,EveryCure RDNP list; focus: Chromosome disorders NOS; founded 1992
,Citizens United for Research in Epilepsy,https://www.cureepilepsy.org/,,,,United States of America,foundation,,,unknown,,,,,,candidate,everycure_rdnp,,,EveryCure RDNP list; focus: Rare epilepsy; founded 1998
,Gould Syndrome Foundation,https://gouldsyndromefoundation.org/,HGNC:2202,COL4A1,36383;477749;481986;73229;75326;899;99810,United States of America,foundation,,https://www.gouldsyndromefoundation.org/medical-research/gould-syndrome-patient-registry-article,yes,,,,,,candidate,epilepsylive_orgs;everycure_rdnp,,,EveryCure RDNP list; focus: Gould syndrome; founded 2018
,COMBINEDBrain,https://combinedbrain.org/,HGNC:15766,ADNP,404448;700160,United States of America,foundation,,,yes,,,,,,candidate,everycure_rdnp,,,EveryCure RDNP list; focus: The websites mission statement states that there interest is in severe rare genetic non-verbal neurodevelopmental disorders. Based on their research projects th; biobank; founded 2019
,COMBINEDBrain,https://combinedbrain.org/,HGNC:1388,CACNA1A,2131;2382;442835;569;71518;97;98758,United States of America,foundation,,,yes,,,,,,candidate,everycure_rdnp,,,EveryCure RDNP list; focus: The websites mission statement states that there interest is in severe rare genetic non-verbal neurodevelopmental disorders. Based on their research projects th; biobank; founded 2019
,COMBINEDBrain,https://combinedbrain.org/,HGNC:20311,CHAMP1,692193,United States of America,foundation,,,yes,,,,,,candidate,everycure_rdnp,,,EveryCure RDNP list; focus: The websites mission statement states that there interest is in severe rare genetic non-verbal neurodevelopmental disorders. Based on their research projects th; biobank; founded 2019
,COMBINEDBrain,https://combinedbrain.org/,HGNC:3811,FOXG1,261144;442835;598164,United States of America,foundation,,,yes,,,,,,candidate,everycure_rdnp,,,EveryCure RDNP list; focus: The websites mission statement states that there interest is in severe rare genetic non-verbal neurodevelopmental disorders. Based on their research projects th; biobank; founded 2019
,COMBINEDBrain,https://combinedbrain.org/,HGNC:4586,GRIN2B,589547;697160,United States of America,foundation,,,yes,,,,,,candidate,everycure_rdnp,,,EveryCure RDNP list; focus: The websites mission statement states that there interest is in severe rare genetic non-verbal neurodevelopmental disorders. Based on their research projects th; biobank; founded 2019
,COMBINEDBrain,https://combinedbrain.org/,HGNC:5042,HNRNPH2,662198,United States of America,foundation,,,yes,,,,,,candidate,everycure_rdnp,,,EveryCure RDNP list; focus: The websites mission statement states that there interest is in severe rare genetic non-verbal neurodevelopmental disorders. Based on their research projects th; biobank; founded 2019
,COMBINEDBrain,https://combinedbrain.org/,HGNC:888,KIF1A,101010;662367;970,United States of America,foundation,,,yes,,,,,,candidate,everycure_rdnp,,,EveryCure RDNP list; focus: The websites mission statement states that there interest is in severe rare genetic non-verbal neurodevelopmental disorders. Based on their research projects th; biobank; founded 2019
,COMBINEDBrain,https://combinedbrain.org/,HGNC:7975,NR2F1,401777,United States of America,foundation,,,yes,,,,,,candidate,everycure_rdnp,,,EveryCure RDNP list; focus: The websites mission statement states that there interest is in severe rare genetic non-verbal neurodevelopmental disorders. Based on their research projects th; biobank; founded 2019
,COMBINEDBrain,https://combinedbrain.org/,HGNC:21637,SATB2,251019;251028;576283,United States of America,foundation,,,yes,,,,,,candidate,everycure_rdnp,,,EveryCure RDNP list; focus: The websites mission statement states that there interest is in severe rare genetic non-verbal neurodevelopmental disorders. Based on their research projects th; biobank; founded 2019
,COMBINEDBrain,https://combinedbrain.org/,HGNC:10588,SCN2A,140927;178469;1934;2131;293181;306;33069;36387;697160,United States of America,foundation,,,yes,,,,,,candidate,everycure_rdnp,,,EveryCure RDNP list; focus: The websites mission statement states that there interest is in severe rare genetic non-verbal neurodevelopmental disorders. Based on their research projects th; biobank; founded 2019
,COMBINEDBrain,https://combinedbrain.org/,HGNC:10596,SCN8A,178469;306;442835;86909,United States of America,foundation,,,yes,,,,,,candidate,everycure_rdnp,,,EveryCure RDNP list; focus: The websites mission statement states that there interest is in severe rare genetic non-verbal neurodevelopmental disorders. Based on their research projects th; biobank; founded 2019
,COMBINEDBrain,https://combinedbrain.org/,HGNC:15573,SETBP1,436151;798,United States of America,foundation,,,yes,,,,,,candidate,everycure_rdnp,,,EveryCure RDNP list; focus: The websites mission statement states that there interest is in severe rare genetic non-verbal neurodevelopmental disorders. Based on their research projects th; biobank; founded 2019
,COMBINEDBrain,https://combinedbrain.org/,HGNC:11042,SLC6A1,178469;1942;435638,United States of America,foundation,,,yes,,,,,,candidate,everycure_rdnp,,,EveryCure RDNP list; focus: The websites mission statement states that there interest is in severe rare genetic non-verbal neurodevelopmental disorders. Based on their research projects th; biobank; founded 2019
,COMBINEDBrain,https://combinedbrain.org/,HGNC:11444,STXBP1,495818;599373,United States of America,foundation,,,yes,,,,,,candidate,everycure_rdnp,,,EveryCure RDNP list; focus: The websites mission statement states that there interest is in severe rare genetic non-verbal neurodevelopmental disorders. Based on their research projects th; biobank; founded 2019
,COMBINEDBrain,https://combinedbrain.org/,HGNC:11497,SYNGAP1,1942;442835;544254,United States of America,foundation,,,yes,,,,,,candidate,everycure_rdnp,,,EveryCure RDNP list; focus: The websites mission statement states that there interest is in severe rare genetic non-verbal neurodevelopmental disorders. Based on their research projects th; biobank; founded 2019
,Connecting Families Urea Cycle Disorders Foundation,https://ucdfamily.org/,HGNC:2323,CPS1,147,United States of America,foundation,,,unknown,,,,,,candidate,everycure_rdnp,,,"EveryCure RDNP list; focus: Urea cycle disorders (UCDs), a group of inborn errors of metabolism affecting the detoxification of nitrogen. Six examples of specific disorders, related to enz; founded 2016"
,Consortium for Outcome Measures and Biomarkers for Neurodevelopmental Disorders,https://www.combinedbrain.org/,,,,United States of America,foundation,,,yes,,,,,,candidate,everycure_rdnp,,,EveryCure RDNP list; focus: Rare developmental disorders; founded 2018
,CSNK2A1 Foundation,https://www.csnk2a1foundation.org/,HGNC:2457,CSNK2A1,528084,United States of America,foundation,REDCap,https://www.csnk2a1foundation.org/contact-registry,yes,,,,,info@csnk2a1foundation.org,candidate,epilepsylive_orgs;everycure_rdnp,,,EveryCure RDNP list; focus: Okur-Chung neurodevelopmental syndrome; founded 2018
,CTNNB1 Syndrome Awareness Worldwide,https://www.ctnnb1.org/,HGNC:2514,CTNNB1,1501;210159;2780;33402;404473;54595;569248;689430;873;891;91414;952,United States of America,foundation,,,unknown,,,,,,candidate,everycure_rdnp,,,EveryCure RDNP list; focus: CTNNB1 Syndrome; founded 2017
,Cure CMT4J/ Talia Duff Foundation,http://www.curecmt4j.org/,HGNC:16873,FIG4,139515;208441;3472;803,United States of America,foundation,,,unknown,,,,,,candidate,everycure_rdnp,,,EveryCure RDNP list; focus: Charcot-Marie-Tooth disease; founded 2016
,Cure GM1 Foundation,https://curegm1.org/,,GM1,,United States of America,foundation,,,yes,,,,,,candidate,everycure_rdnp;fda_pfdd,,,EveryCure RDNP list; focus: GM1 gangliosidosis; biobank; founded 2015
,"CureCADASIL/CADASIL Association, Inc",https://curecadasil.org,,,,United States of America,foundation,,,yes,,,,,,candidate,everycure_rdnp;registries_2020,,,EveryCure RDNP list; focus: Cerebral autosomal dominant arteriopathy with subcortical infarcts and leukoencephalopathy; founded 2012
,CureSHANK,https://www.cureshank.org/,HGNC:15474,SHANK1,,United States of America,foundation,,,unknown,,,,,,candidate,everycure_rdnp,,,"EveryCure RDNP list; focus: Shankopathies are SHANK protein deficiency-induced synaptic diseases.  The SHANK protein family includes three members:  SHANK1, SHANK2, and SHANK3. Shankopathi; founded 2019"
,CureSHANK,https://www.cureshank.org/,HGNC:14295,SHANK2,,United States of America,foundation,,,unknown,,,,,,candidate,everycure_rdnp,,,"EveryCure RDNP list; focus: Shankopathies are SHANK protein deficiency-induced synaptic diseases.  The SHANK protein family includes three members:  SHANK1, SHANK2, and SHANK3. Shankopathi; founded 2019"
,CureSHANK,https://www.cureshank.org/,HGNC:14294,SHANK3,662169;662172,United States of America,foundation,,,unknown,,,,,,candidate,epilepsylive_orgs;everycure_rdnp;fda_pfdd,,,"EveryCure RDNP list; focus: Shankopathies are SHANK protein deficiency-induced synaptic diseases.  The SHANK protein family includes three members:  SHANK1, SHANK2, and SHANK3. Shankopathi; founded 2019"
,DADA2 Foundation,https://dada2.org/,,DADA2,,United States of America,foundation,,,unknown,,,,,,candidate,everycure_rdnp,,,EveryCure RDNP list; focus: Deficiency of Adenosine Deaminase 2; founded 2016
,"Dravet Syndrome Foundation, Inc.",https://www.dravetfoundation.org/,,,,United States of America,foundation,,,yes,,,,,,candidate,everycure_rdnp,,,EveryCure RDNP list; focus: Dravet syndrome; biobank; founded 2009
,DYRK1A Syndrome International Association,http://www.dyrk1a.org/,HGNC:3091,DYRK1A,268261;464311,United States of America,foundation,,https://www.simonssearchlight.org/research/what-we-study/dyrk1a/,unknown,,,,,,candidate,epilepsylive_orgs;everycure_rdnp,,,EveryCure RDNP list; focus: DYRK1A Syndrome; founded 2016
,EBF3 HADDS Foundation,https://www.hadds.org/,HGNC:19087,EBF3,658843;96148,United States of America,foundation,,,unknown,,,,,,candidate,everycure_rdnp,,,EveryCure RDNP list; focus: Hypotonia Ataxia and Delayed Development Syndrome; founded 2018
,Epilepsy Alliance America,https://www.epilepsyallianceamerica.org/,,,,United States of America,foundation,,,unknown,,,,,,candidate,everycure_rdnp,,,EveryCure RDNP list; focus: Rare epilepsy; founded 2018
,Ethan’s Reason,https://ethansreason.org/,,,,United States of America,foundation,,,unknown,,,,,,candidate,everycure_rdnp,,,EveryCure RDNP list; focus: Batten disease; founded 2014
,ForeBatten Foundation,https://www.forebatten.org/,,,,United States of America,foundation,,,unknown,,,,,,candidate,everycure_rdnp,,,EveryCure RDNP list; focus: Batten disease; founded 2018
,Foundation for Angelman Syndrome Therapeutics (FAST),https://cureangelman.org/,,,,United States of America,foundation,,,yes,,,,,,candidate,everycure_rdnp,,,EveryCure RDNP list; focus: Angelman Syndrome; founded 2008
,Foundation for Batten Hope,https://battenhope.org/,,,,United States of America,foundation,,,unknown,,,,,,candidate,everycure_rdnp,,,EveryCure RDNP list; focus: Batten disease; founded 2019
,Foundation to Fight H-abc,https://www.h-abc.org/,HGNC:20774,TUBB4A,139441;98805,United States of America,foundation,,,yes,,,,,,candidate,everycure_rdnp,,,EveryCure RDNP list; focus: Hypomyelination with atrophy of the basal ganglia and cerebellum (H-ABC) and other TUBB4A-related leukodystrophies; founded 2015
,Gene Giraffe Project,http://www.genegiraffe.org/,,GM1,,United States of America,foundation,,,unknown,,,,,,candidate,everycure_rdnp,,,EveryCure RDNP list; focus: GM1-Gangliosidosis; founded 2013
,Gould Syndrome Foundation (COL4a1/COL4A2),https://gouldsyndromefoundation.org/,HGNC:2203,COL4A2,36383;99810,United States of America,foundation,,https://www.gouldsyndromefoundation.org/medical-research/gould-syndrome-patient-registry-article,yes,,,,,,candidate,epilepsylive_orgs;everycure_rdnp,,,EveryCure RDNP list; focus: Gould syndrome; founded 2018
,"Helping Hands for GAND, Inc.",https://www.gatad2b.org/,HGNC:30778,GATAD2B,363686,United States of America,foundation,,,yes,,,,,,candidate,everycure_rdnp,,,EveryCure RDNP list; focus: GATAD2B-associated neurodevelopmental disorder; founded 2015
,Hope for Trisomy 13 & 18,https://www.hopefortrisomy13and18.org/,,,,United States of America,foundation,,,yes,,,,,,candidate,everycure_rdnp,,,"EveryCure RDNP list; focus: Trisomy 13, Trisomy 18, and other rare trisomies and related chromosome disorders; founded 2009"
,Hope4tylerandluke - Med 23 gene defect,http://www.hope4tylerandluke.com/,HGNC:2372,MED23,88616,United States of America,foundation,,,unknown,,,,,,candidate,everycure_rdnp,,,EveryCure RDNP list; focus: MED23 gene-diseases; founded 2016
,HSAN1E Society,https://hsan1esociety.org/,,HSAN1E,,United States of America,foundation,,,yes,,,,,,candidate,everycure_rdnp;registries_2020,,,EveryCure RDNP list; focus: Hereditary Sensory and Autonomic Neuropathy Type 1E; founded 2015
,INADcure Foundation,https://www.inadcure.org/,HGNC:9039,PLA2G6,199351;35069,United States of America,foundation,,,yes,,,,,,candidate,everycure_rdnp,,,EveryCure RDNP list; focus: PLA2G6-related neurodegeneration; biobank; founded 2016
,International FOXG1 Foundation,https://foxg1.org/,HGNC:3811,FOXG1,261144;442835;598164,United States of America,foundation,,,yes,,,,,,candidate,epilepsylive_orgs;everycure_rdnp,,,EveryCure RDNP list; focus: FOXG1 syndrome; founded 2012
,International Rett Syndrome Foundation (dba. Rettsyndrome.org),https://www.rettsyndrome.org,,,,United States of America,foundation,,,yes,,,,,,candidate,everycure_rdnp;registries_2020,,,EveryCure RDNP list; focus: Rett Syndrome; biobank; founded 1983
,IRF2BPL Foundation - IRF2BPL Disorder,https://irf2bpl.zohosites.com/,HGNC:14282,IRF2BPL,597623,United States of America,foundation,,,yes,,,,,,candidate,everycure_rdnp,,,EveryCure RDNP list; focus: IRF2BPL-related disorders; founded 2019
,Jain Foundation - Limb Girdle Muscular Dystrophy type 2B/R2/Mioyshi Myopathy/Dysferlinopathy,https://www.jain-foundation.org/,HGNC:3097,DYSF,178400;199329;268;45448,United States of America,foundation,,,yes,,,,,,candidate,everycure_rdnp,,,"EveryCure RDNP list; focus: The set of dystrophies called dysferlinopathy, also referred to as LGMD2B, LGMDR2, or Miyoshi Myopathy 1 (MM1).; biobank; founded 2005"
,Jain Foundation - Limb Girdle Muscular Dystrophy type 2B/R2/Mioyshi Myopathy/Dysferlinopathy,https://www.jain-foundation.org/,,LGMDR2,,United States of America,foundation,,,yes,,,,,,candidate,everycure_rdnp,,,"EveryCure RDNP list; focus: The set of dystrophies called dysferlinopathy, also referred to as LGMD2B, LGMDR2, or Miyoshi Myopathy 1 (MM1).; biobank; founded 2005"
,Jain Foundation - Limb Girdle Muscular Dystrophy type 2B/R2/Mioyshi Myopathy/Dysferlinopathy,https://www.jain-foundation.org/,HGNC:9104,PLXNB2,,United States of America,foundation,,,yes,,,,,,candidate,everycure_rdnp,,,"EveryCure RDNP list; focus: The set of dystrophies called dysferlinopathy, also referred to as LGMD2B, LGMDR2, or Miyoshi Myopathy 1 (MM1).; biobank; founded 2005"
,"Jordan's Guardian Angels - Jordan's Syndrome; Genetic misspelling of the genes PPP2R5D, PPP2R1A, PPP2R5C",https://jordansguardianangels.org/,HGNC:9302,PPP2R1A,457284,United States of America,foundation,,,unknown,,,,,,candidate,everycure_rdnp,,,EveryCure RDNP list; focus: Jordan's Syndrome; founded 2013
,"Jordan's Guardian Angels - Jordan's Syndrome; Genetic misspelling of the genes PPP2R5D, PPP2R1A, PPP2R5C",https://jordansguardianangels.org/,HGNC:9311,PPP2R5C,726667,United States of America,foundation,,,unknown,,,,,,candidate,everycure_rdnp,,,EveryCure RDNP list; focus: Jordan's Syndrome; founded 2013
,"Jordan's Guardian Angels - Jordan's Syndrome; Genetic misspelling of the genes PPP2R5D, PPP2R1A, PPP2R5C",https://jordansguardianangels.org/,HGNC:9312,PPP2R5D,457279,United States of America,foundation,REDCap,,unknown,,,,,,candidate,epilepsylive_orgs;everycure_rdnp,,,EveryCure RDNP list; focus: Jordan's Syndrome; founded 2013
,Judson’s Legacy – Krabbe’s Disease,https://judsonslegacy.org/,,,,United States of America,foundation,,,unknown,,,,,,candidate,everycure_rdnp,,,EveryCure RDNP list; focus: Krabbe and other leukodystrophy diseases; founded 2011
,KAT6A Foundation,https://kat6a.org/,HGNC:13013,KAT6A,370026;457193,United States of America,foundation,,,yes,,,,,,candidate,everycure_rdnp,,,EveryCure RDNP list; focus: KAT6a Syndrome; founded 2017
,KCNQ2 Cure Alliance,https://www.kcnq2cure.org/,HGNC:6296,KCNQ2,140927;178469;1949;293181;306;439218,United States of America,foundation,REDCap,https://www.kcnq2cure.org/contact-registry-form/,yes,,,,,info@kcnq2cure.org,candidate,epilepsylive_orgs;everycure_rdnp,,,EveryCure RDNP list; focus: KCNQ2-related Epilepsy; founded 2014
,KIF1A.ORG,https://www.kif1a.org/,HGNC:888,KIF1A,101010;662367;970,United States of America,foundation,Citizen,https://www.kif1a.org/research/,yes,,,,,,candidate,epilepsylive_orgs;everycure_rdnp,,,EveryCure RDNP list; focus: KIF1A-Associated Neurological Disorder; biobank; founded 2016
,KIF4A Foundation - KIF4A Associated Neurodevelopmental Syndrome (KANS),https://kif4a.org/,HGNC:13339,KIF4A,,United States of America,foundation,,,unknown,,,,,,candidate,everycure_rdnp,,,EveryCure RDNP list; focus: KIF4A gene mutation disorders; founded 2020
,Lightning and Love Foundation - Advocacy and research into THAP12 mutation related disease,http://www.lightningandlove.org,HGNC:9440,THAP12,,United States of America,foundation,,,unknown,,,,,,candidate,everycure_rdnp,,,"EveryCure RDNP list; focus: Retinitis Pigmentosa 58, Schimmelpenning-Feuerstein-Mims Syndrome; founded 2020"
,Liv4TheCure,https://www.liv4thecure.org/,,,,United States of America,foundation,,,yes,,,,,,candidate,everycure_rdnp;registries_2020,,,EveryCure RDNP list; focus: Wolf Hirschhorn Syndrome and other rare chromosomal deletion syndromes; founded 2016
,MECP2 Duplication Foundation,https://mecp2d.org/,HGNC:6990,MECP2,1762;209370;3077;3095;536;777;778,United States of America,foundation,,,yes,,,,,,candidate,epilepsylive_orgs;everycure_rdnp,,,EveryCure RDNP list; focus: MECP2 duplication syndrome; founded 2019
,MEPAN.org – MEPAN Syndrome,https://www.mepan.org/,,,,United States of America,foundation,,,unknown,,,,,,candidate,everycure_rdnp,,,EveryCure RDNP list; focus: Mitochondrial Enoyl CoA Reductase Protein-Associated Neurodegeneration (MEPAN) Syndrome; founded 2019
,Mission Massimo Foundation – Leukodystrophy,https://missionmassimo.com/,,,,United States of America,foundation,,,unknown,,,,,,candidate,everycure_rdnp,,,EveryCure RDNP list; focus: Leukodystrophies; founded 2013
,MitoAction,https://www.mitoaction.org/,,,,United States of America,foundation,,,unknown,,,,,,candidate,everycure_rdnp;fda_pfdd;registries_2020,,,EveryCure RDNP list; focus: There are many different types of Mitochondrial disease; founded 2005
,MLD Foundation,MLD Foundation,,,,United States of America,foundation,,,yes,,,,,,candidate,everycure_rdnp;registries_2020,,,EveryCure RDNP list; focus: Metachromatic leukodystrophy; founded 2001
,"Mucolipidosis Type IV Foundation, Inc. (ML4Fdn)",http://ml4.org/,HGNC:13356,MCOLN1,578,United States of America,foundation,,,yes,,,,,,candidate,everycure_rdnp,,,EveryCure RDNP list; focus: ML4 (Mucolipidosis Type IV); biobank; founded 1982
,Nathan's Battle Foundation,https://nathansbattle.com/,,,,United States of America,foundation,,,unknown,,,,,,candidate,everycure_rdnp,,,EveryCure RDNP list; focus: Late Infantile Batten disease; founded 2012
,"National Tay-Sachs and Allied Diseases Association, Inc.",https://www.ntsad.org/,,GM1,,United States of America,foundation,,,yes,,,,,,candidate,everycure_rdnp;registries_2020,,,"EveryCure RDNP list; focus: Tay-Sachs, Canavan, GM1, Sandhoff, and Farber diseases; biobank; founded 1957"
,New Hope Research Foundation,http://newhoperesearch.org/,,GM1,,United States of America,foundation,,,unknown,,,,,,candidate,everycure_rdnp,,,EveryCure RDNP list; focus: GM1 gangliosidosis; founded 2006
,NGLY1.org,https://www.ngly1.org/,HGNC:17646,NGLY1,404454,United States of America,foundation,,,unknown,,,,,,candidate,everycure_rdnp,,,EveryCure RDNP list; focus: Rare Disease NOS; founded 2021
,Noah’s Hope-Hope 4 Bridget Foundation – Batten Disease,https://hope4bridget.com/,,,,United States of America,foundation,,,unknown,,,,,,candidate,everycure_rdnp,,,EveryCure RDNP list; focus: Batten disease; founded 2014
,NR2F1 Foundation - Bosch Boonstra Schaaf optic atrophy syndrome,https://nr2f1.org/,HGNC:7975,NR2F1,401777,United States of America,foundation,,,unknown,,,,,,candidate,everycure_rdnp,,,EveryCure RDNP list; focus: Bosch-Boonstra-Schaaf optic atrophy syndrome (BBSOAS); founded 2018
,NUBPL Foundation,http://www.nubpl.org/,,,,United States of America,foundation,,,unknown,,,,,,candidate,everycure_rdnp,,,EveryCure RDNP list; focus: mitochondrial complex 1 deficiency disorder.; founded 2016
,PCDH19 Alliance,https://www.pcdh19info.org/,HGNC:14270,PCDH19,33069;714652,United States of America,foundation,Foundation-hosted,https://pcdh19info.org/resources/lacy-smith-ms-cgc-nilika-singhal-md-pcdh19-registry-looking-back-on-ten-years/,yes,,,,,julie@pcdh19info.org,candidate,epilepsylive_orgs;everycure_rdnp,,,EveryCure RDNP list; focus: PCDH19 Epilepsy; founded 2011
,PURA Syndrome Foundation,https://www.purasyndrome.org/,HGNC:9701,PURA,314655;438216,United States of America,foundation,Foundation-hosted,https://purasyndrome.org/research/patient-registry/,yes,,,,,,candidate,epilepsylive_orgs;everycure_rdnp,,,EveryCure RDNP list; focus: PURA syndrome; biobank; founded 2016
,Rett Syndrome Research Trust,https://reverserett.org/,,,,United States of America,foundation,,,unknown,,,,,,candidate,everycure_rdnp;registries_2020,,,EveryCure RDNP list; focus: Rett Syndrome; founded 2008
,RUNX1 Research Program - RUNX1-Familial Platelet Disorder,https://www.runx1-fpd.org/,HGNC:10471,RUNX1,102724;521;71290;98850,United States of America,foundation,,,unknown,,,,,,candidate,everycure_rdnp,,,"EveryCure RDNP list; focus: RUNX1-familial platelet disorder (RUNX1-FPD), Acute Myeloid Leukemia (AML); biobank; founded 2016"
,SATB2 Gene Foundation,https://satb2gene.org/,HGNC:21637,SATB2,251019;251028;576283,United States of America,foundation,Foundation-hosted,,yes,,,,,,candidate,epilepsylive_orgs;everycure_rdnp,,,EveryCure RDNP list; focus: Rare neurodevelopmental disorders; biobank; founded 2017
,SETBP1 Society,https://www.setbp1.org/,HGNC:15573,SETBP1,436151;798,United States of America,foundation,Citizen,,yes,,,,,,candidate,epilepsylive_orgs;everycure_rdnp,,,EveryCure RDNP list; focus: SETBP1 haploinsufficiency disorder; founded 2017
,Sisters' Hope Foundation - Adult Onset Leukoencephalopathy with Axonal Spheroids and Pigmented Glia,https://sistershopefoundation.com/,,,,United States of America,foundation,,,yes,,,,,,candidate,everycure_rdnp,,,EveryCure RDNP list; focus: Adult-onset leukoencephalopathy with axonal spheroids and pigmented glia; biobank; founded 2020
,SMC1A Foundation - SMC1A Loss-of-function Epilepsy,https://smc1a-epilepsy.org/,HGNC:11111,SMC1A,199;220386;3095;708203,United States of America,foundation,Foundation-hosted,https://smc1a-epilepsy.org/smc1a-patient-registry/,yes,,,,,info@smc1a-epilepsy.org,candidate,epilepsylive_orgs;everycure_rdnp,,,EveryCure RDNP list; focus: SMC1A mutation disorders; founded 2019
,SPG15 Research Foundation - SPG15,https://www.spg15researchfoundation.org/,HGNC:20761,ZFYVE26,100996,United States of America,foundation,,,unknown,,,,,,candidate,everycure_rdnp,,,EveryCure RDNP list; focus: Hereditary Spastic Paraplegia Type 15; founded 2018
,Stop ALD Foundation,http://www.stopald.org/,,,,United States of America,foundation,,,yes,,,,,,candidate,everycure_rdnp,,,EveryCure RDNP list; focus: Adrenoleukodystrophy; founded 2002
,STXBP1 Foundation,https://www.stxbp1disorders.org/,HGNC:11444,STXBP1,495818;599373,United States of America,foundation,REDCap,https://www.stxbp1disorders.org/contact-list,yes,,,,,info@stxbp1disorders.org,candidate,epilepsylive_orgs;everycure_rdnp;fda_pfdd,,,EveryCure RDNP list; focus: STXBP1 disorders; biobank; founded 2017
,Super Kids: Mission Zero Inc.,https://www.superkidsmissionzero.org/,,,,United States of America,foundation,,,unknown,,,,,,candidate,everycure_rdnp,,,EveryCure RDNP list; focus: Rare epilepsy; founded 2017
,"Support Organization for Trisomy 18, 13 & Related Diseases",https://trisomy.org/new-here/,,,,United States of America,foundation,,,yes,,,,,,candidate,everycure_rdnp,,,"EveryCure RDNP list; focus: Trisomy ('three bodies') means the affected person has 47 chromosomes instead of 46. Down syndrome, Edward syndrome and Patau syndrome are the most common forms; founded 1980"
,SynGap Research Fund - SynGap,https://www.syngapresearchfund.org/,HGNC:11497,SYNGAP1,1942;442835;544254,United States of America,foundation,,,yes,,,,,,candidate,everycure_rdnp,,,EveryCure RDNP list; focus: SYNGAP1-reated syndrome; founded 2018
,TANGO2 Research Foundation,https://tango2research.org/,HGNC:25439,TANGO2,480864,United States of America,foundation,REDCap,,yes,,,,,,candidate,epilepsylive_orgs;everycure_rdnp,,,EveryCure RDNP list; focus: TANGO2-related metabolic encephalopathy and arrhythmias; founded 2017
,Taylor’s Tale,https://taylorstale.org,,,,United States of America,foundation,,,unknown,,,,,,candidate,everycure_rdnp,,,EveryCure RDNP list; focus: Batten disease; founded 2013
,Tess Research Foundation,https://www.tessresearch.org/,HGNC:23089,SLC13A5,1946;442835,United States of America,foundation,Pulse Infoframe,https://www.tessresearch.org/join-registry/,yes,,,,,info@tessresearch.org,candidate,epilepsylive_orgs;everycure_rdnp,,,EveryCure RDNP list; focus: SLC13A5 Deficiency (aka Citrate Transporter Disorder); biobank; founded 2015
,"The 22q Family Foundation – 22q11.2 deletion, DiGeorge Syndrome, VCFS",https://22qfamilyfoundation.org,,,,United States of America,foundation,,,unknown,,,,,,candidate,everycure_rdnp,,,EveryCure RDNP list; focus: DiGeorge syndrome; founded 2012
,The Calliope Joy Foundation,https://www.thecalliopejoyfoundation.org/,,,,United States of America,foundation,,,unknown,,,,,,candidate,everycure_rdnp;registries_2020,,,EveryCure RDNP list; focus: Leukodystrophies; founded 2016
,The Yaya Foundation for 4H Leukodystrophy,https://yayafoundation4hl.org/,,POLR3,,United States of America,foundation,,,yes,,,,,,candidate,everycure_rdnp,,,EveryCure RDNP list; focus: POLR3-Related Leukodystrophy; founded 2017
,TUBB3 Foundation,https://tubb3foundation.org/,HGNC:20772,TUBB3,300570;45358;467166,United States of America,foundation,,,unknown,,,,,,candidate,epilepsylive_orgs;everycure_rdnp,,,EveryCure RDNP list; focus: TUBB3 and multiple variations of the disease; founded 2017
,Tyler’s Hope for a Dystonia Cure,http://www.tylershope.org/,HGNC:3098,TOR1A,256;36899,United States of America,foundation,,,yes,,,,,,candidate,everycure_rdnp,,,EveryCure RDNP list; focus: DYT1 Dystonia; founded 2015
,United Leukodystrophy Foundation,https://ulf.org/,,,,United States of America,foundation,,,yes,,,,,,candidate,everycure_rdnp;registries_2020,,,EveryCure RDNP list; focus: Leukodystrophies; biobank; founded 1982
,United Mitochondrial Disease Foundation,https://www.umdf.org/,,,,United States of America,foundation,,,yes,,,,,,candidate,everycure_rdnp;fda_pfdd;registries_2020,,,EveryCure RDNP list; focus: Mitochondrial Disease; biobank; founded 1996
,USP7 Families,https://www.usp7.org/,HGNC:12630,USP7,500055;643538,United States of America,foundation,,,unknown,,,,,,candidate,everycure_rdnp,,,EveryCure RDNP list; focus: Hao-Fountain Syndrome; founded 2017
,Yellow Brick Road Project,https://yellowbrickroadproject.org/,HGNC:5042,HNRNPH2,662198,United States of America,foundation,,,yes,,,,,,candidate,epilepsylive_orgs;everycure_rdnp,,,EveryCure RDNP list; focus: HNRNPH2-mutation diseases NOS; founded 2019
,Sisters’ Hope Foundation,,,,,,,,,,,,,,,candidate,fda_pfdd,,,"condition: Adult-Onset Leukoencephalopathy with Axonal Spheroids and Pigmented Glia (ALSP); meeting_type: EL-PFDD Meeting; date: June 20,2025; resource: Report pending"
,Adult-Onset Leukoencephalopathy with Axonal Spheroids and Pigmented Glia (ALSP),,,,,,,,,,,,,,,candidate,fda_pfdd,,,condition: Adult-Onset Leukoencephalopathy with Axonal Spheroids and Pigmented Glia (ALSP); meeting_type: Patient Listening Session; date: 2024-01-17 00:00:00; resource: Patient Listening Session Summary
,Foundation for Angelman Syndrome Therapeutics (FAST) and the Angelman Syndrome Foundation (ASF),,HGNC:12496,UBE3A,238446;411511;411515;98794;98795,,,,,,,,,,,candidate,fda_pfdd,,,condition: Angelman Syndrome; meeting_type: EL-PFDD Meeting; date: 2025-04-07 00:00:00; resource: Meeting ReportExternal Link Disclaimer
,Autism (ASD),,,,,,,,,,,,,,,candidate,fda_pfdd,,,condition: Autism (ASD); meeting_type: FDA-led PFDD Meeting; date: 2017-05-04 00:00:00; resource: Agenda
,Childhood Cerebral Adrenal Leukodystrophy (CCALD),,,,,,,,,,,,,,,candidate,fda_pfdd,,,condition: Childhood Cerebral Adrenal Leukodystrophy (CCALD); meeting_type: Patient Listening Session; date: 2019-11-13 00:00:00; resource: Patient Listening Session Summary
,National Kidney Foundation,,HGNC:4568,RAPGEF1,,,,,,,,,,,,candidate,fda_pfdd,,,condition: Complement 3 Glomerulopathy (C3G); meeting_type: EL-PFDD Meeting; date: 2017-08-04 00:00:00; resource: Meeting ReportExternal Link Disclaimer
,Loulou Foundation and the International Foundation for CDKL5 Research (IFCR),,HGNC:11411,CDKL5,1934;3095;505652;697160,,,,,,,,,,,candidate,fda_pfdd,,,condition: Cyclin-dependent kinase-like 5 deficiency disorder (CDKL5/CDD); meeting_type: EL-PFDD Meeting; date: 2019-11-01 00:00:00; resource: Meeting ReportExternal Link Disclaimer
,Developmental and Epileptic Encephalopathy (DEE),,,,,,,,,,,,,,,candidate,fda_pfdd,,,condition: Developmental and Epileptic Encephalopathy (DEE); meeting_type: Patient Listening Session; date: 2024-11-22 00:00:00; resource: Patient Listening Session Summary
,Lennox-Gastaut Syndrome Foundation,,,,,,,,,,,,,,,candidate,fda_pfdd,,,condition: Developmental and Epileptic Encephalopathy (DEE); meeting_type: EL-PFDD Meeting; date: 2019-11-01 00:00:00; resource: MeetingExternal Link Disclaimer
,DLG4-related synaptopathy,,HGNC:2903,DLG4,528084,,,,,,,,,,,candidate,fda_pfdd,,,condition: DLG4-related synaptopathy; meeting_type: Patient Listening Session; date: 2024-07-17 00:00:00; resource: Patient Listening Session Summary
,The Dravet Syndrome Foundation,,HGNC:10585,SCN1A,1942;2382;293181;33069;36387;442835;569,,,,,,,,,,,candidate,fda_pfdd,,,condition: Dravet Syndrome (DS); meeting_type: EL-PFDD Meeting; date: 2022-02-03 00:00:00; resource: Meeting ReportExternal Link Disclaimer
,National Tay-Sachs & Allied Diseases Association (NTSAD),,,GM2,,,,,,,,,,,,candidate,fda_pfdd,,,condition: GM2 gangliosidoses (Tay-Sachs and Sandhoff diseases); meeting_type: EL-PFDD Meeting; date: 2024-02-15 00:00:00; resource: Meeting ReportExternal Link Disclaimer
,Juvenile onset forms of GM1 gangliosidosis and GM2 gangliosidoses (Tay-Sachs and Sandhoff),,,GM1,,,,,,,,,,,,candidate,fda_pfdd,,,condition: Juvenile onset forms of GM1 gangliosidosis and GM2 gangliosidoses (Tay-Sachs and Sandhoff); meeting_type: Patient Listening Session; date: 2025-08-28 00:00:00; resource: Patient Listening Session Summary
,KCNT1-Related Epilepsy,,HGNC:18865,KCNT1,293181;98784,,,,,,,,,,,candidate,fda_pfdd,,,condition: KCNT1-Related Epilepsy; meeting_type: Patient Listening Session; date: 2024-04-22 00:00:00; resource: Patient Listening Session Summary
,Late Onset GM2 gangliosidoses (Tay-Sachs and Sandhoff Diseases),,,GM2,,,,,,,,,,,,candidate,fda_pfdd,,,condition: Late Onset GM2 gangliosidoses (Tay-Sachs and Sandhoff Diseases); meeting_type: Patient Listening Session; date: 2021-01-15 00:00:00; resource: Patient Listening Session Summary
,Cure LBSL,,,,,,,,,,,,,,,candidate,fda_pfdd,,,condition: Leukoencephalopathy and Brain Stem Involvement and Lactate Elevation (LBSL); meeting_type: EL-PFDD Meeting; date: 2025-08-01 00:00:00; resource: Report pending
,Leukoencephalopathy with Calcifications and Cysts (LCC),,,,,,,,,,,,,,,candidate,fda_pfdd,,,condition: Leukoencephalopathy with Calcifications and Cysts (LCC); meeting_type: Patient Listening Session; date: 2025-07-11 00:00:00; resource: Patient Listening Session Summary
,MECP2 Duplication Syndrome (MDS),,HGNC:6990,MECP2,1762;209370;3077;3095;536;777;778,,,,,,,,,,,candidate,fda_pfdd,,,condition: MECP2 Duplication Syndrome (MDS); meeting_type: Patient Listening Session; date: 2025-04-03 00:00:00; resource: Patient Listening Session Summary
,MEF2C Haploinsufficiency Syndrome (MCHS),,HGNC:6996,MEF2C,228384;576227;664416,,,,,,,,,,,candidate,fda_pfdd,,,condition: MEF2C Haploinsufficiency Syndrome (MCHS); meeting_type: Patient Listening Session; date: 2024-09-19 00:00:00; resource: Patient Listening Session Summary
,"Cure MLD, The Calliope Joy Foundation, MLD Foundation, The United Leukodystrophy Foundation, and the Global Leukodystrophy Initiative",,,,,,,,,,,,,,,candidate,fda_pfdd,,,condition: Metachromatic Leukodystrophy (MLD); meeting_type: EL-PFDD Meeting; date: 2022-10-21 00:00:00; resource: Meeting ReportExternal Link Disclaimer
,Neurofibromatosis Type 1 (NF1)/ Cutaneous Neurofibroma (cNF),,HGNC:7765,NF1,139474;29072;293199;363700;634461;638;715721;86834;97685;99756;99757,,,,,,,,,,,candidate,fda_pfdd,,,condition: Neurofibromatosis Type 1 (NF1)/ Cutaneous Neurofibroma (cNF); meeting_type: Patient Listening Session; date: 2024-05-21 00:00:00; resource: Patient Listening Session Summary
,Okur-Chung Neurodevelopmental Syndrome (OCNDS),,,,,,,,,,,,,,,candidate,fda_pfdd,,,condition: Okur-Chung Neurodevelopmental Syndrome (OCNDS); meeting_type: Patient Listening Session; date: 2024-07-23 00:00:00; resource: Patient Listening Session Summary
,The Global Foundation for Peroxisomal Disorders (GFPD),,HGNC:119,ACOX1,2971;631248,,,,,,,,,,,candidate,fda_pfdd,,,"condition: Peroxisomal Disorders: Zellweger spectrum disorder (ZSD), acyl-CoA oxidase 1 deficiency (ACOX1), D-bifunctional protein deficiency (DPBD), and 2-methylacyl-CoA racemase deficiency (AMACR); meeting_type: EL-PFDD Meeting; date: 2024-05-28 00:00:00; resource: Meeting ReportExternal Link Disclaimer"
,Progressive Multifocal Leukoencephalopathy (PML),,,,,,,,,,,,,,,candidate,fda_pfdd,,,"condition: Progressive Multifocal Leukoencephalopathy (PML); meeting_type: Patient Listening Session; date: July 22, 2020 – Session 1; resource: Patient Listening Session Summary – Session 1"
,Rett Syndrome Research Trust (RSRT),,HGNC:6990,MECP2,1762;209370;3077;3095;536;777;778,,,,,,,,,,,candidate,fda_pfdd,,,condition: Rett Syndrome; meeting_type: EL-PFDD Meeting; date: 2022-03-11 00:00:00; resource: Meeting ReportExternal Link Disclaimer
,SCN2A Related Disorders,,HGNC:10588,SCN2A,140927;178469;1934;2131;293181;306;33069;36387;697160,,,,,,,,,,,candidate,fda_pfdd,,,condition: SCN2A Related Disorders; meeting_type: Patient Listening Session; date: 2021-04-28 00:00:00; resource: Patient Listening Session Summary
,Spinocerebellar Ataxia Type 3 (SCA3),,HGNC:7106,ATXN3,276238;276241;276244,,,,,,,,,,,candidate,fda_pfdd,,,condition: Spinocerebellar Ataxia Type 3 (SCA3); meeting_type: Patient Listening Session; date: 2023-09-22 00:00:00; resource: Patient Listening Session Summary
,Stargardt Disease (STGD1),,HGNC:34,ABCA4,1872;791;827,,,,,,,,,,,candidate,fda_pfdd,,,condition: Stargardt Disease (STGD1); meeting_type: Patient Listening Session; date: 2022-06-24 00:00:00; resource: Patient Listening Session Summary
,SYNGAP1 Foundation,,HGNC:11497,SYNGAP1,1942;442835;544254,,foundation,,,,,,,,,candidate,epilepsylive_orgs;fda_pfdd,,,condition: SYNGAP1; meeting_type: EL-PFDD Meeting; date: 2020-11-19 00:00:00; resource: Meeting ReportExternal Link Disclaimer
,Alpha-1 Foundation,http://alpha1portal.org/,,,,,,,,,,,,,,candidate,registries_2020,,,2020 registry survey; registry: No
,Als Association,http://www.alsa.org/,,,,,,,,,,,,,,candidate,registries_2020,,,2020 registry survey; registry: Yes
,American Brain Tumor Association,http://abta.org/,,,,,,,,,,,,,,candidate,registries_2020,,,2020 registry survey; registry: No
,"Aplastic Anemia & MDS International Foundation, Inc",http://aamds.org/,,,,,,,,,,,,,,candidate,registries_2020,,,2020 registry survey; registry: Yes
,Association for Frontotemporal Degeneration,http://theaftd.org/,,,,,,,,,,,,,,candidate,registries_2020,,,2020 registry survey; registry: Yes
,Barth Syndrome Foundation,https://www.barthsyndrome.org/,,,,,,,,,,,,,,candidate,registries_2020,,,2020 registry survey; registry: Yes
,Charcot-Marie-Tooth Association,http://cmtausa.org/,,,,,,,,,,,,,,candidate,registries_2020,,,2020 registry survey; registry: Yes
,"Children's Tumor Foundation, Inc",http://ctf.org/,,,,,,,,,,,,,,candidate,registries_2020,,,2020 registry survey; registry: Yes
,Cure SMA,https://www.curesma.org/,,,,,,,,,,,,,,candidate,registries_2020,,,2020 registry survey; registry: Yes
,CurePSP,http://psp.org/,,,,,,,,,,,,,,candidate,registries_2020,,,2020 registry survey; registry: Yes
,Cystic Fibrosis Foundation,www.cff.org,,,,,,,,,,,,,,candidate,registries_2020,,,2020 registry survey; registry: Yes
,Family Caregiver Alliance,http://caregiver.org/,,,,,,,,,,,,,,candidate,registries_2020,,,2020 registry survey; registry: No
,Fanconi Anemia Research Fund,www.fanconi.org,,,,,,,,,,,,,,candidate,registries_2020,,,2020 registry survey; registry: Yes
,Foundation Fighting Blindness,http://FightingBlindness.org,,,,,,,,,,,,,,candidate,registries_2020,,,2020 registry survey; registry: Yes
,Foundation for Angelman Syndrome Therapeutics,http://cureangelman.org/,HGNC:12496,UBE3A,238446;411511;411515;98794;98795,,foundation,,,,,,,,,candidate,epilepsylive_orgs;registries_2020,,,2020 registry survey; registry: Yes
,Foundation for Prader-Willi Research,http://fpwr.org,,,,,,,,,,,,,,candidate,registries_2020,,,2020 registry survey; registry: Yes
,Friedreich's Ataxia Research Alliance,http://curefa.org/,,,,,,,,,,,,,,candidate,registries_2020,,,2020 registry survey; registry: Yes
,Hemophilia Federation Of America,http://hemophiliafed.org/,,,,,,,,,,,,,,candidate,registries_2020,,,2020 registry survey; registry:
,Hydrocephalus Association,http://hydroassoc.org/,,,,,,,,,,,,,,candidate,registries_2020,,,2020 registry survey; registry: Yes
,Immune Deficiency Foundation,http://primaryimmune.org/,,,,,,,,,,,,,,candidate,registries_2020,,,2020 registry survey; registry: Yes
,"International FOP Association, Inc",http://ifopa.org/,,,,,,,,,,,,,,candidate,registries_2020,,,2020 registry survey; registry: Yes
,International Waldenstrom's Macroglobulinemia Foundation,http://iwmf.com,,,,,,,,,,,,,,candidate,registries_2020,,,2020 registry survey; registry: Yes
,Marfan Foundation,http://marfan.org,,,,,,,,,,,,,,candidate,registries_2020,,,2020 registry survey; registry: Yes
,Melanoma Research Foundation,www.melanoma.org,,,,,,,,,,,,,,candidate,registries_2020,,,2020 registry survey; registry: Yes
,MPN Research Foundation,http://www.mpnresearchfoundation.org/,,,,,,,,,,,,,,candidate,registries_2020,,,2020 registry survey; registry: Yes
,"Multiple System Atrophy Coalition, Inc",http://MultipleSystemAtrophy.org,,,,,,,,,,,,,,candidate,registries_2020,,,2020 registry survey; registry: Yes
,Muscular Dystrophy Association,http://www.mda.org/,,,,,,,,,,,,,,candidate,registries_2020,,,2020 registry survey; registry:
,"Myasthenia Gravis Foundation of America, Inc",http://myasthenia.org/,,,,,,,,,,,,,,candidate,registries_2020,,,2020 registry survey; registry: Yes
,National Ataxia Foundation,http://ataxia.org/,,,,,,,,,,,,,,candidate,registries_2020,,,2020 registry survey; registry: Yes
,National Brain Tumor Society,http://braintumor.org,,,,,,,,,,,,,,candidate,registries_2020,,,2020 registry survey; registry: No
,National Hemophilia Foundation,https://www.hemophilia.org/,,,,,,,,,,,,,,candidate,registries_2020,,,2020 registry survey; registry: No
,National MPS Society,http://mpssociety.org/,,,,,,,,,,,,,,candidate,registries_2020,,,2020 registry survey; registry: No
,NephCure Kidney International,http://nephcure.org/,,,,,,,,,,,,,,candidate,registries_2020,,,2020 registry survey; registry: Yes
,Neuroendocrine Tumor Research Foundation,http://netrf.org/,,,,,,,,,,,,,,candidate,registries_2020,,,2020 registry survey; registry: No
,Osteogenesis Imperfecta Foundation,http://oif.org/,,,,,,,,,,,,,,candidate,registries_2020,,,2020 registry survey; registry: No
,Parent Project Muscular Dystrophy,http://parentprojectmd.org/,,,,,,,,,,,,,,candidate,registries_2020,,,2020 registry survey; registry: Yes
,Patient AirLift Services,http://www.palservices.org/,,,,,,,,,,,,,,candidate,registries_2020,,,2020 registry survey; registry: No (they provide a service)
,PKD Foundation,https://pkdcure.org/,,,,,,,,,,,,,,candidate,registries_2020,,,2020 registry survey; registry: Yes
,Pulmonary Fibrosis Foundation,http://pulmonaryfibrosis.org/,,,,,,,,,,,,,,candidate,registries_2020,,,2020 registry survey; registry: Yes
,Pulmonary Hypertension Association,http://phassociation.org/,,,,,,,,,,,,,,candidate,registries_2020,,,2020 registry survey; registry: Yes
,Sarcoma Foundation of America,http://curesarcoma.org/,,,,,,,,,,,,,,candidate,registries_2020,,,2020 registry survey; registry: No
,Scleroderma Foundation,http://scleroderma.org/,,,,,,,,,,,,,,candidate,registries_2020,,,2020 registry survey; registry: Yes
,Sickle Cell Disease Association of America,www.sicklecelldisease.org,,,,,,,,,,,,,,candidate,registries_2020,,,2020 registry survey; registry: No
,"Soft Bones, Inc",http://softbones.org/,,,,,,,,,,,,,,candidate,registries_2020,,,2020 registry survey; registry: Yes
,Spina Bifida Association,www.spinabifidaassociation.org,,,,,,,,,,,,,,candidate,registries_2020,,,2020 registry survey; registry: Yes
,Taiwan Foundation for Rare Disorders,www.tfrd.org.tw/english,,,,,,,,,,,,,,candidate,registries_2020,,,2020 registry survey; registry:
,The Ehlers-Danlos Society,https://www.ehlers-danlos.com,,,,,,,,,,,,,,candidate,registries_2020,,,2020 registry survey; registry: Yes
,"Amyloidosis Research Consortium, Inc",www.arci.org,,,,,,,,,,,,,,candidate,registries_2020,,,2020 registry survey; registry: No
,Castleman Disease Collaborative Network,http://cdcn.org,,,,,,,,,,,,,,candidate,registries_2020,,,2020 registry survey; registry: Yes
,Cholangiocarcinoma Foundation,http://cholangiocarcinoma.org/,,,,,,,,,,,,,,candidate,registries_2020,,,2020 registry survey; registry: Yes
,CMT Research Foundation,www.cmtrf.org,,,,,,,,,,,,,,candidate,registries_2020,,,2020 registry survey; registry: No
,CURE HHT Foundation,http://curehht.org/,,,,,,,,,,,,,,candidate,registries_2020,,,2020 registry survey; registry: No
,cutaneous lymphoma foundation,http://clfoundation.org/,,,,,,,,,,,,,,candidate,registries_2020,,,2020 registry survey; registry: No
,Cystic Fibrosis Research Inc. (CFRI),www.cfri.org,,,,,,,,,,,,,,candidate,registries_2020,,,2020 registry survey; registry: No
,Familial Dysautonomia Foundation,https://familialdysautonomia.org/,,,,,,,,,,,,,,candidate,registries_2020,,,2020 registry survey; registry: No
,Fibrolamellar Cancer Foundation,http://fibrofoundation.org,,,,,,,,,,,,,,candidate,registries_2020,,,2020 registry survey; registry: Yes
,Foundation for Sarcoidosis Research,https://www.stopsarcoidosis.org/,,,,,,,,,,,,,,candidate,registries_2020,,,2020 registry survey; registry: Website under maintence
,GBS|CIDP Foundation International,http://gbs-cidp.org/,,,,,,,,,,,,,,candidate,registries_2020,,,2020 registry survey; registry: Yes
,Hepatitis Delta Connect - Hepatitis B Foundation,www.hepdconnect.org,,,,,,,,,,,,,,candidate,registries_2020,,,2020 registry survey; registry: No
,"Histiocytosis Association, Inc",http://histio.org/,,,,,,,,,,,,,,candidate,registries_2020,,,2020 registry survey; registry: No
,Life Raft Group,liferaftgroup.org,,,,,,,,,,,,,,candidate,registries_2020,,,2020 registry survey; registry: Yes
,Mila's Miracle Foundation,www.stopbatten.org,,,,,,,,,,,,,,candidate,registries_2020,,,2020 registry survey; registry: No
,"Myelodysplastic Syndromes Foundation, Inc",http://mds-foundation.org,,,,,,,,,,,,,,candidate,registries_2020,,,2020 registry survey; registry: Yes?
,Myositis Association,http://myositis.org/,,,,,,,,,,,,,,candidate,registries_2020,,,2020 registry survey; registry: No
,Myotonic Dystrophy Foundation,http://myotonic.org/,,,,,,,,,,,,,,candidate,registries_2020,,,2020 registry survey; registry: Yes
,National Pku Alliance,http://npkua.org/,,,,,,,,,,,,,,candidate,registries_2020,,,2020 registry survey; registry: Yes
,Platelet Disorder Support Association,http://pdsa.org/,,,,,,,,,,,,,,candidate,registries_2020,,,2020 registry survey; registry: No
,Prader-Willi Syndrome Association (USA),http://pwsausa.org/,,,,,,,,,,,,,,candidate,registries_2020,,,2020 registry survey; registry: No
,PSC Partners Seeking a Cure,http://pscpartners.org/,,,,,,,,,,,,,,candidate,registries_2020,,,2020 registry survey; registry: Yes
,Vasculitis Foundation,http://vasculitisfoundation.org/,,,,,,,,,,,,,,candidate,registries_2020,,,2020 registry survey; registry: Yes
,Williams Syndrome Association,http://williams-syndrome.org,,,,,,,,,,,,,,candidate,registries_2020,,,2020 registry survey; registry: Yes
,American Porphyria Foundation,http://porphyriafoundation.com/,,,,,,,,,,,,,,candidate,registries_2020,,,2020 registry survey; registry: Yes
,ASXL Rare Research Endowment Foundation,www.arrefoundation.org,,,,,,,,,,,,,,candidate,registries_2020,,,2020 registry survey; registry: Yes
,Children's Craniofacial Association,http://ccakids.com/,,,,,,,,,,,,,,candidate,registries_2020,,,2020 registry survey; registry: No
,"Cornelia de Lange Syndrome Foundation, Inc",http://cdlsusa.org/,,,,,,,,,,,,,,candidate,registries_2020,,,2020 registry survey; registry: No
,Desmoid Tumor Research Foundation,http://dtrf.org/,,,,,,,,,,,,,,candidate,registries_2020,,,2020 registry survey; registry: Yes
,Myocarditis Foundation,http://myocarditisfoundation.org/,,,,,,,,,,,,,,candidate,registries_2020,,,2020 registry survey; registry: No
,National Foundation for Ectodermal Dysplasias,https://www.nfed.org/,,,,,,,,,,,,,,candidate,registries_2020,,,2020 registry survey; registry: Yes
,Neurofibromatosis Northeast,http://nfnortheast.org/,,,,,,,,,,,,,,candidate,registries_2020,,,2020 registry survey; registry: Yes
,Oley Foundation,http://oley.org,,,,,,,,,,,,,,candidate,registries_2020,,,2020 registry survey; registry: Yes
,"Parent to Parent New Zealand, Inc",http://www.parent2parent.org.nz/,,,,,,,,,,,,,,candidate,registries_2020,,,2020 registry survey; registry: No
,Reflex Sympathetic Dystrophy Syndrome Association,http://rsds.org/,,,,,,,,,,,,,,candidate,registries_2020,,,2020 registry survey; registry: No
,Sanfilippo Children's Foundation,http://www.sanfilippo.org.au/,,,,,,,,,,,,,,candidate,registries_2020,,,2020 registry survey; registry: Yes
,Siegel Rare Neuroimmune Association,https://wearesrna.org/,,,,,,,,,,,,,,candidate,registries_2020,,,2020 registry survey; registry: Yes
,Spastic Paraplegia Foundation,https://sp-foundation.org/,,,,,,,,,,,,,,candidate,registries_2020,,,2020 registry survey; registry: No
,Sudden Unexplained Death in Childhood Foundation,https://www.sudc.org,,,,,,,,,,,,,,candidate,registries_2020,,,2020 registry survey; registry: yes
,VHL Alliance,http://vhl.org/,,,,,,,,,,,,,,candidate,registries_2020,,,2020 registry survey; registry: Yes
,Alport Syndrome Foundation,http://alportsyndrome.org/,,,,,,,,,,,,,,candidate,registries_2020,,,2020 registry survey; registry: Yes
,Alternating Hemiplegia of Childhood Foundation,http://ahckids.org/,,,,,,,,,,,,,,candidate,registries_2020,,,2020 registry survey; registry: Yes
,Amyloidosis Foundation,http://amyloidosis.org/,,,,,,,,,,,,,,candidate,registries_2020,,,2020 registry survey; registry: No
,Angioma Alliance,Angioma.org,,,,,,,,,,,,,,candidate,registries_2020,,,2020 registry survey; registry: Yes
,Cure Cmd,www.curecmd.org,,,,,,,,,,,,,,candidate,registries_2020,,,2020 registry survey; registry: Yes
,Foundation for Ichthyosis and Related Skin Types,http://firstskinfoundation.org/,,,,,,,,,,,,,,candidate,registries_2020,,,2020 registry survey; registry: Yes
,Global Foundation for Peroxisomal Disorders,http://thegfpd.org/,,,,,,,,,,,,,,candidate,registries_2020,,,2020 registry survey; registry: No
,Hereditary Neuropathy Foundation,http://hnf-cure.org/,,,,,,,,,,,,,,candidate,registries_2020,,,2020 registry survey; registry: Yes
,International Pemphigus & Pemphigoid Foundation,http://pemphigus.org/,,,,,,,,,,,,,,candidate,registries_2020,,,2020 registry survey; registry: Yes
,"Mastocytosis Society, Inc",http://tmsforacure.org/,,,,,,,,,,,,,,candidate,registries_2020,,,2020 registry survey; registry: Yes
,National Niemann-Pick Disease Foundation,http://nnpdf.org/,,,,,,,,,,,,,,candidate,registries_2020,,,2020 registry survey; registry: Yes
,Phelan-McDermid Syndrome Foundation,https://www.pmsf.org/,,,,,,,,,,,,,,candidate,registries_2020,,,2020 registry survey; registry: Yes
,RYR1 Foundation,http://ryr1.org,,,,,,,,,,,,,,candidate,registries_2020,,,2020 registry survey; registry: Yes
,Sickle Cell Association of Texas Marc Thomas Foundation,www.sicklecelltx.org,,,,,,,,,,,,,,candidate,registries_2020,,,2020 registry survey; registry: No
,TargetCancer Foundation,http://targetcancerfoundation.org,,,,,,,,,,,,,,candidate,registries_2020,,,2020 registry survey; registry: No
,Turner Syndrome Society of the United States,http://turnersyndrome.org/,,,,,,,,,,,,,,candidate,registries_2020,,,2020 registry survey; registry: Yes
,Wilson Disease Association,http://wilsonsdisease.org/,,,,,,,,,,,,,,candidate,registries_2020,,,2020 registry survey; registry: Yes
,American Partnership for Eosinophilic Disorders,http://apfed.org/,,,,,,,,,,,,,,candidate,registries_2020,,,2020 registry survey; registry: Yes
,"Amyloidosis Support Groups, Inc",http://amyloidosissupport.org/,,,,,,,,,,,,,,candidate,registries_2020,,,2020 registry survey; registry: Yes
,Appendix Cancer Pseudomyxoma Peritonei Research Foundation,http://acpmp.org/,,,,,,,,,,,,,,candidate,registries_2020,,,2020 registry survey; registry: Yes
,Congenital Central Hypoventilation Syndrome Family Network,http://cchsnetwork.org,,,,,,,,,,,,,,candidate,registries_2020,,,2020 registry survey; registry: Yes
,Congenital Hyperinsulinism International,http://congenitalhi.org/,,,,,,,,,,,,,,candidate,registries_2020,,,2020 registry survey; registry: Yes
,CSNK2A1 Foundation,www.csnk2a1foundation.org,,,,,,,,,,,,,,candidate,registries_2020,,,2020 registry survey; registry: Yes - contact registry
,"Cystinosis Research Network, Inc",http://cystinosis.org/,,,,,,,,,,,,,,candidate,registries_2020,,,2020 registry survey; registry: No
,Erdheim-Chester Disease Global Alliance,http://erdheim-chester.org/,,,,,,,,,,,,,,candidate,registries_2020,,,2020 registry survey; registry: Yes
,FamilieSCN2A Foundation,http://scn2a.org/,,,,,,,,,,,,,,candidate,registries_2020,,,2020 registry survey; registry: Yes
,Fibrous Dysplasia Foundation,http://fibrousdysplasia.org/,,,,,,,,,,,,,,candidate,registries_2020,,,2020 registry survey; registry: Yes
,Glut1 Deficiency Foundation,http://g1dfoundation.org/,,,,,,,,,,,,,,candidate,registries_2020,,,2020 registry survey; registry: Yes
,Gorlin Syndrome Alliance,https://gorlinsyndrome.org/,,,,,,,,,,,,,,candidate,registries_2020,,,2020 registry survey; registry: Yes
,"Hermansky-Pudlak Syndrome Network, Inc",http://hpsnetwork.org/,,,,,,,,,,,,,,candidate,registries_2020,,,2020 registry survey; registry: Yes
,International Foundation for CDKL5 Research,http://cdkl5.com/,,,,,,,,,,,,,,candidate,registries_2020,,,2020 registry survey; registry:
,KIF1A.ORG,http://www.kif1a.org/home.html,,,,,,,,,,,,,,candidate,registries_2020,,,2020 registry survey; registry: Yes
,"Mucolipidosis Type IV Foundation, Inc",http://ml4.org/,,,,,,,,,,,,,,candidate,registries_2020,,,2020 registry survey; registry: No
,National Organization for Albinism & Hypopigmentation,http://albinism.org/,,,,,,,,,,,,,,candidate,registries_2020,,,2020 registry survey; registry: No
,NBIA Disorders Association,http://nbiadisorders.org/,,,,,,,,,,,,,,candidate,registries_2020,,,2020 registry survey; registry: Yes
,"NTM Info & Research, Inc",http://ntminfo.org/,,,,,,,,,,,,,,candidate,registries_2020,,,2020 registry survey; registry: Yes
,Pheo Para Alliance,www.pheopara.org,,,,,,,,,,,,,,candidate,registries_2020,,,2020 registry survey; registry: No
,Primary Ciliary Dyskinesia Foundation,http://pcdfoundation.org,,,,,,,,,,,,,,candidate,registries_2020,,,2020 registry survey; registry: Yes
,Sam Day Foundation,samdayfoundation.org,,,,,,,,,,,,,,candidate,registries_2020,,,2020 registry survey; registry: No
,Sofia Sees Hope,http://sofiaseeshope.org,,,,,,,,,,,,,,candidate,registries_2020,,,2020 registry survey; registry: No
,"Talia Duff Foundation, Inc.",http://www.curecmt4j.org/,,,,,,,,,,,,,,candidate,registries_2020,,,2020 registry survey; registry: No
,Tess Research Foundation,http://tessresearch.org,,,,,,,,,,,,,,candidate,registries_2020,,,2020 registry survey; registry: Yes
,The EHE Foundation,http://www.fightehe.org/,,,,,,,,,,,,,,candidate,registries_2020,,,2020 registry survey; registry: Yes
,The Hypersomnia Foundation,hypersomniafoundation.org,,,,,,,,,,,,,,candidate,registries_2020,,,2020 registry survey; registry: Yes
,TNA - The Facial Pain Association,http://fpa-support.org/,,,,,,,,,,,,,,candidate,registries_2020,,,2020 registry survey; registry: No
,United MSD Foundation,http://curemsd.org/,,,,,,,,,,,,,,candidate,registries_2020,,,2020 registry survey; registry: No
,Vestibular Disorders Association,http://vestibular.org/,,,,,,,,,,,,,,candidate,registries_2020,,,2020 registry survey; registry: Yes
,A Cure in Sight,http://acureinsight.org,,,,,,,,,,,,,,candidate,registries_2020,,,2020 registry survey; registry: No
,"Acromegaly Community, Inc",http://acromegalycommunity.com/,,,,,,,,,,,,,,candidate,registries_2020,,,2020 registry survey; registry: No
,Adrenal Insufficiency United,http://aiunited.org,,,,,,,,,,,,,,candidate,registries_2020,,,2020 registry survey; registry: No
,Adult Polyglucosan Body Disease Research Foundation,http://apbdrf.org/,,,,,,,,,,,,,,candidate,registries_2020,,,2020 registry survey; registry: Yes
,Alagille Syndrome Alliance,http://alagille.org/,,,,,,,,,,,,,,candidate,registries_2020,,,2020 registry survey; registry: No
,American Behcet's Disease Association,http://behcets.com/,,,,,,,,,,,,,,candidate,registries_2020,,,2020 registry survey; registry: No
,Amniotic Fluid Embolism Foundation,https://www.afesupport.org/,,,,,,,,,,,,,,candidate,registries_2020,,,2020 registry survey; registry: Yes
,Association for Creatine Deficiencies,http://creatineinfo.org/,,,,,,,,,,,,,,candidate,registries_2020,,,2020 registry survey; registry: Yes
,Association for Glycogen Storage Disease,http://agsdus.org/,,,,,,,,,,,,,,candidate,registries_2020,,,2020 registry survey; registry: No
,Autoimmune Encephalitis Alliance,Www.aealliance.org,,,,,,,,,,,,,,candidate,registries_2020,,,2020 registry survey; registry: No
,AutoImmune Hepatitis Association,http://aihep.org,,,,,,,,,,,,,,candidate,registries_2020,,,2020 registry survey; registry: No
,Autoinflammatory Alliance,http://autoinflammatory.org/,,,,,,,,,,,,,,candidate,registries_2020,,,2020 registry survey; registry: Yes
,"Benign Essential Blepharospasm Research Foundation, Inc",http://blepharospasm.org/,,,,,,,,,,,,,,candidate,registries_2020,,,2020 registry survey; registry: Yes
,Bridge the Gap-SYNGAP Education & Research Foundation,http://bridgesyngap.org,,,,,,,,,,,,,,candidate,registries_2020,,,2020 registry survey; registry: Yes
,Cardio-Facio-Cutaneous International,http://cfcsyndrome.org/,,,,,,,,,,,,,,candidate,registries_2020,,,2020 registry survey; registry: Yes
,Cicatricial Alopecia Research Foundation,http://carfintl.org/,,,,,,,,,,,,,,candidate,registries_2020,,,2020 registry survey; registry: No
,Cloves Syndrome Community,http://clovessyndrome.org/,,,,,,,,,,,,,,candidate,registries_2020,,,2020 registry survey; registry: No
,"Clusterbusters, Inc",http://clusterbusters.org,,,,,,,,,,,,,,candidate,registries_2020,,,2020 registry survey; registry: Yes
,Curing Retinal Blindness Foundation,http://crb1.org,,,,,,,,,,,,,,candidate,registries_2020,,,2020 registry survey; registry: Yes
,Fibromuscular Dysplasia Society Of America,http://fmdsa.org/,,,,,,,,,,,,,,candidate,registries_2020,,,2020 registry survey; registry: Yes
,Foundation for USP-7 Related Diseases,http://usp7.org/,,,,,,,,,,,,,,candidate,registries_2020,,,2020 registry survey; registry: No
,Galactosemia Foundation,http://galactosemia.org,,,,,,,,,,,,,,candidate,registries_2020,,,2020 registry survey; registry: Yes
,Genetic Alliance Australia,http://www.geneticalliance.org.au/,,,,,,,,,,,,,,candidate,registries_2020,,,2020 registry survey; registry: No
,GRIN2B Foundation,www.grin2b.org,,,,,,,,,,,,,,candidate,registries_2020,,,2020 registry survey; registry: Yes
,Guthy Jackson Charitable Foundation,http://guthyjacksonfoundation.org/,,,,,,,,,,,,,,candidate,registries_2020,,,2020 registry survey; registry: No
,HCU Network America,www.hcunetworkamerica.org,,,,,,,,,,,,,,candidate,registries_2020,,,2020 registry survey; registry: Yes - contact registry
,"Helping Hands for GAND, Inc.",www.GATAD2B.org,,,,,,,,,,,,,,candidate,registries_2020,,,2020 registry survey; registry: No
,"Hyper IgM Foundation, Inc.",http://www.hyperigm.org/,,,,,,,,,,,,,,candidate,registries_2020,,,2020 registry survey; registry: No
,International Neuroendocrine Cancer Alliance,incalliance.org,,,,,,,,,,,,,,candidate,registries_2020,,,2020 registry survey; registry: Yes
,ISMRD,http://ismrd.org,,,,,,,,,,,,,,candidate,registries_2020,,,2020 registry survey; registry: No
,Jack McGovern Coats Disease Foundation,http://coatsdiseasefoundation.org/,,,,,,,,,,,,,,candidate,registries_2020,,,2020 registry survey; registry: Yes
,"Kennedy's Disease Association, Inc",http://kennedysdisease.org/,,,,,,,,,,,,,,candidate,registries_2020,,,2020 registry survey; registry: No
,KrabbeConnect,www.krabbeconnect.org,,,,,,,,,,,,,,candidate,registries_2020,,,2020 registry survey; registry: No
,Li-Fraumeni Syndrome Association,www.LFSAssociation.org,,,,,,,,,,,,,,candidate,registries_2020,,,2020 registry survey; registry: No
,Moebius Syndrome Foundation,http://moebiussyndrome.com/,,,,,,,,,,,,,,candidate,registries_2020,,,2020 registry survey; registry: No
,Mowat-Wilson Syndrome Foundation,http://mowat-wilson.org,,,,,,,,,,,,,,candidate,registries_2020,,,2020 registry survey; registry: Yes
,National Adrenal Diseases Foundation,http://nadf.us/,,,,,,,,,,,,,,candidate,registries_2020,,,2020 registry survey; registry: No
,National PKU News,http://pkunews.org/,,,,,,,,,,,,,,candidate,registries_2020,,,2020 registry survey; registry: No
,National Spasmodic Dysphonia Association,http://dysphonia.org/,,,,,,,,,,,,,,candidate,registries_2020,,,2020 registry survey; registry: Yes
,National Urea Cycle Disorders Foundation,http://nucdf.org/,,,,,,,,,,,,,,candidate,registries_2020,,,2020 registry survey; registry: Yes
,Necrotizing Enterocolitis Society,www.NECsociety.org,,,,,,,,,,,,,,candidate,registries_2020,,,2020 registry survey; registry: No
,Neurofibromatosis Network,https://www.nfnetwork.org/,,,,,,,,,,,,,,candidate,registries_2020,,,2020 registry survey; registry: Yes
,Ocular Melanoma Foundation,http://ocularmelanoma.org/,,,,,,,,,,,,,,candidate,registries_2020,,,2020 registry survey; registry: No
,Organization for Rare Diseases India,www.ordindia.org,,,,,,,,,,,,,,candidate,registries_2020,,,2020 registry survey; registry: No
,Pituitary Network Association,www.pituitary.org,,,,,,,,,,,,,,candidate,registries_2020,,,2020 registry survey; registry: No
,PRISMS (Parents & Researchers Interested in Smith-Magenis Syndrome),http://prisms.org/,,,,,,,,,,,,,,candidate,registries_2020,,,2020 registry survey; registry: Yes
,PURA Syndrome Foundation,http://www.purasyndrome.org/,,,,,,,,,,,,,,candidate,registries_2020,,,2020 registry survey; registry: Yes
,Sara’s Cure,www.sarascure.org,,,,,,,,,,,,,,candidate,registries_2020,,,2020 registry survey; registry: Yes
,Shwachman-Diamond Syndrome Foundation,http://shwachman-diamond.org/,,,,,,,,,,,,,,candidate,registries_2020,,,2020 registry survey; registry: Yes
,Spinal CSF Leak Foundation,http://spinalcsfleak.org,,,,,,,,,,,,,,candidate,registries_2020,,,2020 registry survey; registry: No
,SSADH Association,http://ssadh.net/,,,,,,,,,,,,,,candidate,registries_2020,,,2020 registry survey; registry: No
,TANGO2 Research Foundation,tango2research.org,,,,,,,,,,,,,,candidate,registries_2020,,,2020 registry survey; registry: Yes
,Team Telomere,teamtelomere.org,,,,,,,,,,,,,,candidate,registries_2020,,,2020 registry survey; registry: Yes
,The Snow Foundation,http://thesnowfoundation.org/,,,,,,,,,,,,,,candidate,registries_2020,,,2020 registry survey; registry: No
,Usher Syndrome Coalition,www.usher-syndrome.org,,,,,,,,,,,,,,candidate,registries_2020,,,2020 registry survey; registry: Yes
,"XLH Network, Inc",http://xlhnetwork.org/,,,,,,,,,,,,,,candidate,registries_2020,,,2020 registry survey; registry: No
,Acid Maltase Deficiency Association,http://amda-pompe.org/,,,,,,,,,,,,,,candidate,registries_2020,,,2020 registry survey; registry: Yes
,ADNP-Kids Research Foundation,http://www.adnpkids.com/,,,,,,,,,,,,,,candidate,registries_2020,,,2020 registry survey; registry: No
,All Things Kabuki,www.AllThingsKabuki.org,,,,,,,,,,,,,,candidate,registries_2020,,,2020 registry survey; registry: No
,American Multiple Endocrine Neoplasia Support,http://amensupport.org/,,,,,,,,,,,,,,candidate,registries_2020,,,2020 registry survey; registry: No
,Autoimmune Polyglandular Syndrome Type 1 Foundation,http://apstype1.org,,,,,,,,,,,,,,candidate,registries_2020,,,2020 registry survey; registry: Yes
,Bili Project Foundation,www.thebiliproject.org,,,,,,,,,,,,,,candidate,registries_2020,,,2020 registry survey; registry: No
,CMTC-OVM Netherlands,http://cmtc.nl/en/,,,,,,,,,,,,,,candidate,registries_2020,,,2020 registry survey; registry: No
,Consortium of Multiple Sclerosis Centers,http://mscare.org/,,,,,,,,,,,,,,candidate,registries_2020,,,2020 registry survey; registry: No
,"Cure VCP Disease, Inc",www.curevcp.org,,,,,,,,,,,,,,candidate,registries_2020,,,2020 registry survey; registry: Yes
,"Cushing's Support & Research Foundation, Inc",http://csrf.net,,,,,,,,,,,,,,candidate,registries_2020,,,2020 registry survey; registry: No
,"Fat Disorders Resource Society, Inc",http://fatdisorders.org,,,,,,,,,,,,,,candidate,registries_2020,,,2020 registry survey; registry: No
,Foundation to Fight H-abc,h-abc.org,,,,,,,,,,,,,,candidate,registries_2020,,,2020 registry survey; registry: No
,Hope for Hypothalamic Hamartomas,http://hopeforhh.org/,,,,,,,,,,,,,,candidate,registries_2020,,,2020 registry survey; registry:
,International FPIES Association,http://fpies.org/,,,,,,,,,,,,,,candidate,registries_2020,,,2020 registry survey; registry: No
,International Wagr Syndrome Association,http://wagr.org/,,,,,,,,,,,,,,candidate,registries_2020,,,2020 registry survey; registry: Yes
,Joshua Frase Foundation for Congenital Myopathy Research,http://joshuafrase.org/,,,,,,,,,,,,,,candidate,registries_2020,,,2020 registry survey; registry: Yes
,"Julia's Wings Foundation, Inc",http://juliaswings.org/,,,,,,,,,,,,,,candidate,registries_2020,,,2020 registry survey; registry: No
,KAT6A Foundation,www.kat6a.org,,,,,,,,,,,,,,candidate,registries_2020,,,2020 registry survey; registry: Yes
,"Lowe Syndrome Association, Inc",http://lowesyndrome.org/,,,,,,,,,,,,,,candidate,registries_2020,,,2020 registry survey; registry: No
,Lung Transplant Foundation,www.lungtransplantfoundation.org,,,,,,,,,,,,,,candidate,registries_2020,,,2020 registry survey; registry: No
,"Lymphangiomatosis & Gorham's Disease Alliance, Inc",http://lgdalliance.org/,,,,,,,,,,,,,,candidate,registries_2020,,,2020 registry survey; registry: Yes
,MSUD Family Support,http://msud-support.org/,,,,,,,,,,,,,,candidate,registries_2020,,,2020 registry survey; registry: No
,OMSLife Foundation,http://omslifefoundation.org,,,,,,,,,,,,,,candidate,registries_2020,,,2020 registry survey; registry: Yes
,Organic Acidemia Association,http://oaanews.org/,,,,,,,,,,,,,,candidate,registries_2020,,,2020 registry survey; registry: Yes
,Perthes Kids Foundation,pertheskids.org,,,,,,,,,,,,,,candidate,registries_2020,,,2020 registry survey; registry: No
,PTEN Hamartoma Tumor Syndrome Foundation,www.ptenfoundation.org,,,,,,,,,,,,,,candidate,registries_2020,,,2020 registry survey; registry: Coming Soon
,Rare Cancer Research Foundation,http://rarecancer.org/,,,,,,,,,,,,,,candidate,registries_2020,,,2020 registry survey; registry: No
,RASopathies Network USA,http://rasopathiesnet.org/,,,,,,,,,,,,,,candidate,registries_2020,,,2020 registry survey; registry: Coming Soon
,SBS Cure Project,http://sbscure.org,,,,,,,,,,,,,,candidate,registries_2020,,,2020 registry survey; registry: No
,"Sickle Cell Association of Houston, Inc.",www.sicklecellhouston.org,,,,,,,,,,,,,,candidate,registries_2020,,,2020 registry survey; registry: No
,The Avalon Foundation,kidscaringforkids.org,,,,,,,,,,,,,,candidate,registries_2020,,,2020 registry survey; registry: No
,The Cute Syndrome Foundation,www.thecutesyndrome.com,,,,,,,,,,,,,,candidate,registries_2020,,,2020 registry survey; registry: Yes
,The Yellow Brick Road Project,http://ybrp.org/,,,,,,,,,,,,,,candidate,registries_2020,,,2020 registry survey; registry: No
,Thisbe and Noah Scott Foundation,www.thisbeandnoah.org,,,,,,,,,,,,,,candidate,registries_2020,,,2020 registry survey; registry: No
,"Bohring-Opitz Syndrome Foundation, Inc",http://bos-foundation.org,,,,,,,,,,,,,,candidate,registries_2020,,,2020 registry survey; registry: Yes
,CHAMP1 Research Foundation,https://champ1foundation.org/,,,,,,,,,,,,,,candidate,registries_2020,,,2020 registry survey; registry: No
,Chloe's Fight Rare Disease Foundation,http://chloesfight.org/,,,,,,,,,,,,,,candidate,registries_2020,,,2020 registry survey; registry: No
,COPA Syndrome Foundation,www.copasyndrome.org,,,,,,,,,,,,,,candidate,registries_2020,,,2020 registry survey; registry: yes
,Danny's Dose Alliance,www.dannysdose.com,,,,,,,,,,,,,,candidate,registries_2020,,,2020 registry survey; registry: No
,Defeat MSA Alliance,https://defeatmsa.org,,,,,,,,,,,,,,candidate,registries_2020,,,2020 registry survey; registry: No
,Erythromelalgia Association,http://erythromelalgia.org/,,,,,,,,,,,,,,candidate,registries_2020,,,2020 registry survey; registry: No
,Global DARE Foundation,https://www.defeatadultrefsumeverywhere.org/,,,,,,,,,,,,,,candidate,registries_2020,,,2020 registry survey; registry: No
,Incontinentia Pigmenti International Foundation,http://ipif.org/,,,,,,,,,,,,,,candidate,registries_2020,,,2020 registry survey; registry: No
,Klippel Trenaunay Support Group,http://k-t.org/,,,,,,,,,,,,,,candidate,registries_2020,,,2020 registry survey; registry: No
,Legg Calve Perthes Foundation,www.perthes.org,,,,,,,,,,,,,,candidate,registries_2020,,,2020 registry survey; registry: Yes
,M-CM Network,http://m-cm.net/,,,,,,,,,,,,,,candidate,registries_2020,,,2020 registry survey; registry: Yes - contact registry
,Myhre Syndrome Foundation,myhresyndrome.org,,,,,,,,,,,,,,candidate,registries_2020,,,2020 registry survey; registry: Yes
,NGLY1.org,http://ngly1.org,,,,,,,,,,,,,,candidate,registries_2020,,,2020 registry survey; registry: No
,"PAP Foundation, Inc.",www.papfoundation.org,,,,,,,,,,,,,,candidate,registries_2020,,,2020 registry survey; registry: Yes
,PHACE Syndrome Community,http://www.phacesyndromecommunity.org/,,,,,,,,,,,,,,candidate,registries_2020,,,2020 registry survey; registry: No
,Rothmund-thomson Syndrome Foundation,http://rtsplace.org/,,,,,,,,,,,,,,candidate,registries_2020,,,2020 registry survey; registry: No
,SETBP1 Society,www.setbp1.org,,,,,,,,,,,,,,candidate,registries_2020,,,2020 registry survey; registry: Yes
,Sick Cells,https://www.sickcells.org/,,,,,,,,,,,,,,candidate,registries_2020,,,2020 registry survey; registry: No
,Tarlov Cyst Disease Foundation,http://tarlovcystfoundation.org/,,,,,,,,,,,,,,candidate,registries_2020,,,2020 registry survey; registry: No
,Wilhelm Foundation,http://www.wilhelmfoundation.org/,,,,,,,,,,,,,,candidate,registries_2020,,,2020 registry survey; registry: No
,A Twist of Fate-ATS,http://atwistoffate-ats.com,,,,,,,,,,,,,,candidate,registries_2020,,,2020 registry survey; registry: No
,Advocacy & Awareness for Immune Disorders Association,www.GoDoAaida.org,,,,,,,,,,,,,,candidate,registries_2020,,,2020 registry survey; registry: No
,"Association of Gastrointestinal Motility Disorders, Inc",http://agmd-gimotility.org,,,,,,,,,,,,,,candidate,registries_2020,,,2020 registry survey; registry: No
,"BORN A HERO, Pfeiffer's Health and Social Issues Awareness",www.bornahero.org,,,,,,,,,,,,,,candidate,registries_2020,,,2020 registry survey; registry: No
,Canadian Organization for Rare Disorders,https://www.raredisorders.ca/,,,,,,,,,,,,,,candidate,registries_2020,,,2020 registry survey; registry: No
,Cauda Equina Foundation,https://www.caudaequinafoundation.org/,,,,,,,,,,,,,,candidate,registries_2020,,,2020 registry survey; registry: No
,Children's PKU Network,http://pkunetwork.org/,,,,,,,,,,,,,,candidate,registries_2020,,,2020 registry survey; registry: No
,"Cluster Headache Support Group, Inc",http://chsg.org/,,,,,,,,,,,,,,candidate,registries_2020,,,2020 registry survey; registry: No
,CMTC-OVM -US,http://cmtcovm-us.org/,,,,,,,,,,,,,,candidate,registries_2020,,,2020 registry survey; registry: No
,CRMO Foundation,http://crmofoundation.org/,,,,,,,,,,,,,,candidate,registries_2020,,,2020 registry survey; registry: Yes
,DHPS Foundation,www.dhpsfoundation.org,,,,,,,,,,,,,,candidate,registries_2020,,,2020 registry survey; registry: No
,Dreamsickle Kids Foundation,https://dreamsicklekids.org/,,,,,,,,,,,,,,candidate,registries_2020,,,2020 registry survey; registry: No
,EURORDIS,http://www.eurordis.org/,,,,,,,,,,,,,,candidate,registries_2020,,,2020 registry survey; registry:
,FOXG1 Research Foundation,www.foxg1research.org,,,,,,,,,,,,,,candidate,registries_2020,,,2020 registry survey; registry: Yes
,FPIES Foundation,http://fpiesfoundation.org/,,,,,,,,,,,,,,candidate,registries_2020,,,2020 registry survey; registry: Yes
,Gaucher Community Alliance,http://www.gauchercommunity.org/,,,,,,,,,,,,,,candidate,registries_2020,,,2020 registry survey; registry: No
,Genetic Alliance,http://geneticalliance.org,,,,,,,,,,,,,,candidate,registries_2020,,,2020 registry survey; registry: No
,Gould Syndrome Foundation (COL4a1/COL4A2),https://www.gouldsyndrome.org/,,,,,,,,,,,,,,candidate,registries_2020,,,2020 registry survey; registry: Yes
,Gut Check Foundation,http://gutcheckfoundation.org/,,,,,,,,,,,,,,candidate,registries_2020,,,2020 registry survey; registry: No
,HCU Network Australia,http://hcunetworkaustralia.org.au/,,,,,,,,,,,,,,candidate,registries_2020,,,2020 registry survey; registry: No
,Indian Organization for rare diseases,http://i-ord.org/,,,,,,,,,,,,,,candidate,registries_2020,,,2020 registry survey; registry: No
,International Autoimmune Encephalitis Society,https://autoimmune-encephalitis.org/,,,,,,,,,,,,,,candidate,registries_2020,,,2020 registry survey; registry: No
,International Sacral Agenesis/Caudal Regression Association,www.isacra.org,,,,,,,,,,,,,,candidate,registries_2020,,,2020 registry survey; registry: No
,iSEEK Pulmonary Hypertension Hope Center,www.iseek.org.cn,,,,,,,,,,,,,,candidate,registries_2020,,,2020 registry survey; registry:
,"LAL Solace, Inc",http://lalsolace.org/,,,,,,,,,,,,,,candidate,registries_2020,,,2020 registry survey; registry: No
,Lipoprotein a Foundation,http://lipoproteinafoundation.org,,,,,,,,,,,,,,candidate,registries_2020,,,2020 registry survey; registry: No
,"Martin Mueller IV Achalasia Awareness Foundation, Inc",http://achalasia.us,,,,,,,,,,,,,,candidate,registries_2020,,,2020 registry survey; registry: No
,"Mebo Research, Inc",http://meboresearch.org/,,,,,,,,,,,,,,candidate,registries_2020,,,2020 registry survey; registry: No
,Melorheostosis Association,http://melorheostosis.com/,,,,,,,,,,,,,,candidate,registries_2020,,,2020 registry survey; registry: No
,"Morgan Leary Vaughan Fund, Inc",http://morgansfund.org,,,,,,,,,,,,,,candidate,registries_2020,,,2020 registry survey; registry: No
,National Eosinophilia Myalgia Syndrome Network,http://nemsn.org/,,,,,,,,,,,,,,candidate,registries_2020,,,2020 registry survey; registry: No
,National Health Council,http://nationalhealthcouncil.org,,,,,,,,,,,,,,candidate,registries_2020,,,2020 registry survey; registry: No
,National Median Arcuate Ligament Syndrome Foundation,www.malsfoundation.org,,,,,,,,,,,,,,candidate,registries_2020,,,2020 registry survey; registry: No
,NICER Foundation,http://nicer.ngo,,,,,,,,,,,,,,candidate,registries_2020,,,2020 registry survey; registry: No
,Our Odyssey,https://ourodyssey.org/,,,,,,,,,,,,,,candidate,registries_2020,,,2020 registry survey; registry:
,Parents of Infants and Children with Kernicterus,pic-K.org,,,,,,,,,,,,,,candidate,registries_2020,,,2020 registry survey; registry: No
,Plan For Rare Foundation,plan4rare.org,,,,,,,,,,,,,,candidate,registries_2020,,,2020 registry survey; registry: No
,Rare & Undiagnosed Network,http://rareundiagnosed.org,,,,,,,,,,,,,,candidate,registries_2020,,,2020 registry survey; registry: No
,"Rare Kids Network, Inc.",www.rarekidsnetwork.org,,,,,,,,,,,,,,candidate,registries_2020,,,2020 registry survey; registry: No
,Recurrent Respiratory Papillomatosis Foundation,http://rrpf.org/,,,,,,,,,,,,,,candidate,registries_2020,,,2020 registry survey; registry: No
,Remember The Girls,https://www.rememberthegirls.org/,,,,,,,,,,,,,,candidate,registries_2020,,,2020 registry survey; registry: No
,"Snyder-Robinson Foundation, Inc",http://snyder-robinson.org,,,,,,,,,,,,,,candidate,registries_2020,,,2020 registry survey; registry: No
,Stevens Johnson Syndrome Foundation,http://sjsupport.org/,,,,,,,,,,,,,,candidate,registries_2020,,,2020 registry survey; registry: Yes
,"Superficial Siderosis Research Alliance, Inc.",ssra.livingwithss.com,,,,,,,,,,,,,,candidate,registries_2020,,,2020 registry survey; registry: Yes
,The Jansen's Foundation,https://www.thejansensfoundation.org/,,,,,,,,,,,,,,candidate,registries_2020,,,2020 registry survey; registry: No
,"Tyrosinemia Society, Inc.",https://www.tyrosinemia.org/,,,,,,,,,,,,,,candidate,registries_2020,,,2020 registry survey; registry: No
,"Worldwide Syringomyelia & Chiari Task Force, Inc",http://wstfcure.org/,,,,,,,,,,,,,,candidate,registries_2020,,,2020 registry survey; registry: Yes
,ADNP Kids Foundation,,HGNC:15766,ADNP,404448;700160,,foundation,,,,,,,,,candidate,epilepsylive_orgs,,,
,Coffin-Siris Syndrome Foundation,https://www.coffinsiris.org/,HGNC:18040,ARID1B,1465;251056,,foundation,Foundation-hosted,,,,,,,,candidate,epilepsylive_orgs,,,Coffin-Siris Syndrome 1 (ARID1B-related); registry: CSS Foundation registry; Simons Searchlight
,CSS Network,,HGNC:18040,ARID1B,1465;251056,,foundation,,,,,,,,,candidate,epilepsylive_orgs,,,
,Foundation for ARID1B Research,,HGNC:18040,ARID1B,1465;251056,,foundation,,,,,,,,,candidate,epilepsylive_orgs,,,
,Simons Searchlight ARX Facebook community,,HGNC:18060,ARX,1934;2508;3175;364063;452;697160;777;94083,,family group,,,,,,,,,candidate,epilepsylive_orgs,,,"ARX-related disorders (XLAG, Partington, ISSX); registry: Captured under Simons Searchlight and broader DEE registries"
,Loulou Foundation,,HGNC:11411,CDKL5,1934;3095;505652;697160,,foundation,,,,,,,,,candidate,epilepsylive_orgs,,,
,Coalition to Cure CHD2,https://www.curechd2.org,HGNC:1917,CHD2,1942;2382,,foundation,Citizen,https://www.curechd2.org/rare-x,,,,,,info@curechd2.org,candidate,epilepsylive_orgs,,,CHD2-related neurodevelopmental disorder / DEE; registry: Citizen Health partnership; building dedicated registry
,Beyond Batten Disease Foundation,,HGNC:2074,CLN3,699780;699796,,foundation,,,,,,,,,candidate,epilepsylive_orgs,,,
,Noah's Hope/Hope4Bridget,,HGNC:2074,CLN3,699780;699796,,foundation,,,,,,,,,candidate,epilepsylive_orgs,,,
,multiple country orgs,,HGNC:2074,CLN3,699780;699796,,foundation,,,,,,,,,candidate,epilepsylive_orgs,,,
,ForeBatten Foundation,,HGNC:2074,CLN3,699780;699796,,foundation,,,,,,,,,candidate,epilepsylive_orgs,,,
,IDefine,https://www.idefine.org/,HGNC:24650,EHMT1,261652;96147,,foundation,Citizen,,,,,,,,candidate,epilepsylive_orgs,,,Kleefstra Syndrome (9q34.3 deletion / EHMT1); registry: IDefine registry; RARE-X / Citizen Health platforms; Simons Searchlight
,Kleefstra Syndrome International,https://kleefstrasyndrome.org/,HGNC:24650,EHMT1,261652;96147,,foundation,,,,,,,,,candidate,epilepsylive_orgs,,,
,Kleefstra Syndrome UK,,HGNC:24650,EHMT1,261652;96147,,foundation,,,,,,,,,candidate,epilepsylive_orgs,,,
,FOXG1 Research Foundation (FRF),https://www.foxg1research.org/,HGNC:3811,FOXG1,261144;442835;598164,,foundation,Foundation-hosted,https://www.foxg1research.org/,yes,,,,,contact@foxg1research.org,candidate,epilepsylive_orgs,,,FOXG1 Syndrome (congenital Rett variant); registry: FRF NH/registry program
,FOXG1 Research Foundation,,HGNC:3811,FOXG1,261144;442835;598164,,foundation,,,,,,,,,candidate,epilepsylive_orgs,,,
,International FOXP1 Foundation,https://www.foxp1.org/,HGNC:3823,FOXP1,391372;52417,,foundation,REDCap,,,,,,,,candidate,epilepsylive_orgs,,,FOXP1 Syndrome (intellectual disability with language impairment + autism); registry: FOXP1 Foundation registry; Simons Searchlight
,FOXP1 Foundation Facebook Group,,HGNC:3823,FOXP1,391372;52417,,family group,,,,,,,,,candidate,epilepsylive_orgs,,,
,Fundación Internacional FOXP1,,HGNC:3823,FOXP1,391372;52417,,foundation,,,,,,,,,candidate,epilepsylive_orgs,,,
,Simons Searchlight Facebook group,,HGNC:3823,FOXP1,391372;52417,,family group,,,,,,,,,candidate,epilepsylive_orgs,,,
,Famiglie GNAO1,,HGNC:4389,GNAO1,1934;592564,,foundation,,,,,,,,,candidate,epilepsylive_orgs,,,
,CureGRIN,,HGNC:4584,GRIN1,178469;1934;208447;88616,,foundation,,,,,,,,,candidate,epilepsylive_orgs,,,
,GRIN1 Parent Support Group,,HGNC:4584,GRIN1,178469;1934;208447;88616,,foundation,,,,,,,,,candidate,epilepsylive_orgs,,,
,GRI Center of Excellence,,HGNC:4585,GRIN2A,163721;1945;289266;725;98818,,foundation,,,,,,,,,candidate,epilepsylive_orgs,,,
,CureGRIN,,HGNC:4585,GRIN2A,163721;1945;289266;725;98818,,foundation,,,,,,,,,candidate,epilepsylive_orgs,,,
,CureGRIN,,HGNC:4586,GRIN2B,589547;697160,,foundation,,,,,,,,,candidate,epilepsylive_orgs,,,
,2BCURED,,HGNC:4586,GRIN2B,589547;697160,,foundation,,,,,,,,,candidate,epilepsylive_orgs,,,
,GRI France,,HGNC:4586,GRIN2B,589547;697160,,foundation,,,,,,,,,candidate,epilepsylive_orgs,,,
,GRIN Europe,,HGNC:4586,GRIN2B,589547;697160,,foundation,,,,,,,,,candidate,epilepsylive_orgs,,,
,KCNB1 Foundation,https://kcnb1.org/,HGNC:6231,KCNB1,442835,,foundation,Citizen,,,,,,,,candidate,epilepsylive_orgs,,,KCNB1 Encephalopathy (DEE26); registry: KCNB1 Foundation registry; Simons Searchlight; Citizen Health
,KCNB1.org,,HGNC:6231,KCNB1,442835,,foundation,,,,,,,,,candidate,epilepsylive_orgs,,,
,Simons Searchlight KCNB1 Facebook community,,HGNC:6231,KCNB1,442835,,family group,,,,,,,,,candidate,epilepsylive_orgs,,,
,International Rett Syndrome Foundation,https://www.rettsyndrome.org/,HGNC:6990,MECP2,1762;209370;3077;3095;536;777;778,,foundation,REDCap,https://www.interrett.com.au/,yes,,,,,,candidate,epilepsylive_orgs,,,"Rett Syndrome; MECP2 Duplication Syndrome (males); registry: Rett Syndrome NH Study (US); InterRett (international, Western Australia)"
,Reverse Rett (UK),https://www.reverserett.org.uk/,HGNC:6990,MECP2,1762;209370;3077;3095;536;777;778,,foundation,,,,,,,,,candidate,epilepsylive_orgs,,,
,Rett Syndrome Research Trust,https://reverserett.org/,HGNC:6990,MECP2,1762;209370;3077;3095;536;777;778,,foundation,,,,,,,,,candidate,epilepsylive_orgs,,,
,Rett Syndrome.org,,HGNC:6990,MECP2,1762;209370;3077;3095;536;777;778,,foundation,,,,,,,,,candidate,epilepsylive_orgs,,,
,MED13L Foundation,https://med13l.org/,HGNC:22962,MED13L,216718;369891,,foundation,Foundation-hosted,https://med13l.org/research-hub/join-med13l-research-opportunities/,,,,,,info@med13l.org,candidate,epilepsylive_orgs,,,MED13L Syndrome (intellectual disability with distinctive facial features); registry: MED13L Foundation registry; Simons Searchlight
,MED13L (Germany),,HGNC:22962,MED13L,216718;369891,,foundation,,,,,,,,,candidate,epilepsylive_orgs,,,
,MED13L España,,HGNC:22962,MED13L,216718;369891,,foundation,,,,,,,,,candidate,epilepsylive_orgs,,,
,MEF2C Foundation,https://www.usmef2cfoundation.org/,HGNC:6996,MEF2C,228384;576227;664416,,foundation,Foundation-hosted,https://www.usmef2cfoundation.org/joinsimonssearchlight,,,,,,info@usmef2cfoundation.org,candidate,epilepsylive_orgs,,,MEF2C Haploinsufficiency Syndrome (5q14.3 microdeletion); registry: MEF2C Foundation registry; Simons Searchlight
,Asociacion MEF2C,,HGNC:6996,MEF2C,228384;576227;664416,,foundation,,,,,,,,,candidate,epilepsylive_orgs,,,
,MEF2C Family Foundation,,HGNC:6996,MEF2C,228384;576227;664416,,foundation,,,,,,,,,candidate,epilepsylive_orgs,,,
,US MEF2C Foundation,,HGNC:6996,MEF2C,228384;576227;664416,,foundation,,,,,,,,,candidate,epilepsylive_orgs,,,
,Together for the research on PCDH19,,HGNC:14270,PCDH19,33069;714652,,foundation,,,,,,,,,candidate,epilepsylive_orgs,,,
,United Mitochondrial Disease Foundation,https://www.umdf.org/,HGNC:9179,POLG,254881;254886;254892;298;402082;70595;726;94125,,foundation,REDCap,https://rarediseasesnetwork.org/cms/namdc,,,,,,,candidate,epilepsylive_orgs,,,"POLG-related disorders (Alpers, MEMSA, ANS, PEO, MCHS); registry: NAMDC (North American Mitochondrial Disease Consortium) registry; UK MitoCohort"
,MitoAction,https://www.mitoaction.org/,HGNC:9179,POLG,254881;254886;254892;298;402082;70595;726;94125,,foundation,,,,,,,,,candidate,epilepsylive_orgs,,,
,Lily Foundation (UK),https://www.thelilyfoundation.org.uk/,HGNC:9179,POLG,254881;254886;254892;298;402082;70595;726;94125,,foundation,,,,,,,,,candidate,epilepsylive_orgs,,,
,Mito Foundation (AU),https://www.mito.org.au/,HGNC:9179,POLG,254881;254886;254892;298;402082;70595;726;94125,,foundation,,,,,,,,,candidate,epilepsylive_orgs,,,
,International Mito Patients,,HGNC:9179,POLG,254881;254886;254892;298;402082;70595;726;94125,,foundation,,,,,,,,,candidate,epilepsylive_orgs,,,
,PolG Foundation,,HGNC:9179,POLG,254881;254886;254892;298;402082;70595;726;94125,,foundation,,,,,,,,,candidate,epilepsylive_orgs,,,
,PPP2R5D Foundation,,HGNC:9312,PPP2R5D,457279,,foundation,,,,,,,,,candidate,epilepsylive_orgs,,,
,PURA Foundation Australia,,HGNC:9701,PURA,314655;438216,,foundation,,,,,,,,,candidate,epilepsylive_orgs,,,
,GrandPOPS,,HGNC:9701,PURA,314655;438216,,foundation,,,,,,,,,candidate,epilepsylive_orgs,,,
,international family network,,HGNC:21637,SATB2,251019;251028;576283,,family group,,,,,,,,,candidate,epilepsylive_orgs,,,
,SATB2- genfundament,,HGNC:21637,SATB2,251019;251028;576283,,foundation,,,,,,,,,candidate,epilepsylive_orgs,,,
,SATB2 Syndrome (2q33.1) Facebook Group,,HGNC:21637,SATB2,251019;251028;576283,,family group,,,,,,,,,candidate,epilepsylive_orgs,,,
,Dravet Syndrome UK,,HGNC:10585,SCN1A,1942;2382;293181;33069;36387;442835;569,,foundation,,,,,,,,,candidate,epilepsylive_orgs,,,
,Dravet Syndrome European Federation,,HGNC:10585,SCN1A,1942;2382;293181;33069;36387;442835;569,,foundation,,,,,,,,,candidate,epilepsylive_orgs,,,
,Dravet.org.au,,HGNC:10585,SCN1A,1942;2382;293181;33069;36387;442835;569,,foundation,,,,,,,,,candidate,epilepsylive_orgs,,,
,multi-country,,HGNC:10585,SCN1A,1942;2382;293181;33069;36387;442835;569,,foundation,,,,,,,,,candidate,epilepsylive_orgs,,,
,Dravet Foundation,,HGNC:10585,SCN1A,1942;2382;293181;33069;36387;442835;569,,foundation,,,,,,,,,candidate,epilepsylive_orgs,,,
,ICE Epilepsy Alliance,,HGNC:10585,SCN1A,1942;2382;293181;33069;36387;442835;569,,foundation,,,,,,,,,candidate,epilepsylive_orgs,,,
,SCN2A Australia,,HGNC:10588,SCN2A,140927;178469;1934;2131;293181;306;33069;36387;697160,,foundation,,,,,,,,,candidate,epilepsylive_orgs,,,
,SCN2A Europe,,HGNC:10588,SCN2A,140927;178469;1934;2131;293181;306;33069;36387;697160,,foundation,,,,,,,,,candidate,epilepsylive_orgs,,,
,SCN2A Foundation,,HGNC:10588,SCN2A,140927;178469;1934;2131;293181;306;33069;36387;697160,,foundation,,,,,,,,,candidate,epilepsylive_orgs,,,
,Wishes for Elliott,https://scn8aalliance.org/,HGNC:10596,SCN8A,178469;306;442835;86909,,foundation,Foundation-hosted,https://scn8aalliance.org/scn8a-registry/,,,,,,info@scn8aalliance.org,candidate,epilepsylive_orgs,,,"SCN8A-related disorders (DEE13, BFIS5, ID); registry: Wishes for Elliott registry partnership; international SCN8A consortium"
,The Cute Syndrome Foundation,,HGNC:10596,SCN8A,178469;306;442835;86909,,foundation,,,,,,,,,candidate,epilepsylive_orgs,,,
,SCN8A Alliance,,HGNC:10596,SCN8A,178469;306;442835;86909,,foundation,,,,,,,,,candidate,epilepsylive_orgs,,,
,Cute Syndrome Foundation,,HGNC:10596,SCN8A,178469;306;442835;86909,,foundation,,,,,,,,,candidate,epilepsylive_orgs,,,
,Phelan-McDermid Foundation Europe,,HGNC:14294,SHANK3,662169;662172,,foundation,,,,,,,,,candidate,epilepsylive_orgs,,,
,22q13 Deletion Syndrome Foundation,,HGNC:14294,SHANK3,662169;662172,,foundation,,,,,,,,,candidate,epilepsylive_orgs,,,
,European STXBP1 Association,,HGNC:11444,STXBP1,495818;599373,,foundation,,,,,,,,,candidate,epilepsylive_orgs,,,
,CURE SYNGAP1,,HGNC:11497,SYNGAP1,1942;442835;544254,,foundation,,,,,,,,,candidate,epilepsylive_orgs,,,
,Tess Foundation,https://www.curetbck.org/,HGNC:28261,TBCK,488632,,foundation,REDCap,,yes,,,,,,candidate,epilepsylive_orgs,,,TBCK-related neurodegenerative disorder (TBCK encephaloneuropathy); registry: Cure TBCK registry; CHOP academic NH
,CureTBCK,,HGNC:28261,TBCK,488632,,foundation,,,,,,,,,candidate,epilepsylive_orgs,,,
,international family network,,HGNC:28261,TBCK,488632,,family group,,,,,,,,,candidate,epilepsylive_orgs,,,
,Fundación TBCK,,HGNC:28261,TBCK,488632,,foundation,,,,,,,,,candidate,epilepsylive_orgs,,,
,TSC Alliance (US),https://www.tscalliance.org,HGNC:12362,TSC1,210159;269008;538;805,,foundation,REDCap,https://www.tscalliance.org/get-involved/participate-in-research/tsc-biosample-repository-and-natural-history-database/,yes,,,,,info@tscalliance.org,candidate,epilepsylive_orgs,,,Tuberous Sclerosis Complex (TSC1); registry: TSC Natural History Database (TSC Alliance); TOSCA (international cohort)
,Tuberous Sclerosis Association (UK),,HGNC:12362,TSC1,210159;269008;538;805,,foundation,,,,,,,,,candidate,epilepsylive_orgs,,,
,Tuberous Sclerosis Australia,,HGNC:12362,TSC1,210159;269008;538;805,,foundation,,,,,,,,,candidate,epilepsylive_orgs,,,
,multi-country,,HGNC:12362,TSC1,210159;269008;538;805,,foundation,,,,,,,,,candidate,epilepsylive_orgs,,,
,TS Alliance,,HGNC:12362,TSC1,210159;269008;538;805,,foundation,,,,,,,,,candidate,epilepsylive_orgs,,,
,TS Alliance,,HGNC:12363,TSC2,210159;269001;269008;538;805;88924,,foundation,REDCap,https://www.tscalliance.org/get-involved/participate-in-research/tsc-biosample-repository-and-natural-history-database/,yes,,,,,info@tscalliance.org,candidate,epilepsylive_orgs,,,"Tuberous Sclerosis Complex (TSC2, most cases); registry: Same, TSC Natural History Database; TOSCA"
,Tuberous Sclerosis Association (UK),,HGNC:12363,TSC2,210159;269001;269008;538;805;88924,,foundation,,,,,,,,,candidate,epilepsylive_orgs,,,
,Angelman Syndrome Foundation,https://www.angelman.org/,HGNC:12496,UBE3A,238446;411511;411515;98794;98795,,foundation,REDCap,https://angelman.org/contactregistry/,,,,,,info@angelman.org,candidate,epilepsylive_orgs,,,Angelman Syndrome; registry: LADDER database (Lifespan Angelman Database; ASF/FAST partnership); ASF Clinics network
,Angelman Syndrome UK,,HGNC:12496,UBE3A,238446;411511;411515;98794;98795,,foundation,,,,,,,,,candidate,epilepsylive_orgs,,,
,Angelman Syndrome Alliance,,HGNC:12496,UBE3A,238446;411511;411515;98794;98795,,foundation,,,,,,,,,candidate,epilepsylive_orgs,,,
,YWHAG Foundation,https://www.ywhagfoundation.org/,HGNC:12852,YWHAG,442835,,foundation,Citizen,https://www.ywhagfoundation.org/patient-registry,,,,,,,candidate,epilepsylive_orgs,,,YWHAG-related developmental and epileptic encephalopathy (DEE56); registry: YWHAG Foundation patient registry (in development); Citizen Health
,International PDE Consortium,https://pdeonline.org/,HGNC:877,ALDH7A1,3006,,foundation,REDCap,https://pdeonline.org/,,,,,,,candidate,epilepsylive_orgs,,,Pyridoxine-Dependent Epilepsy (PDE-ALDH7A1); registry: International PDE Registry (pdeonline.org)
,PDE Foundation,,HGNC:877,ALDH7A1,3006,,foundation,,,,,,,,,candidate,epilepsylive_orgs,,,
,CureAP4 Foundation,https://www.cureap4.org/,HGNC:572,AP4B1,280763,,foundation,Foundation-hosted,https://clinicaltrials.gov/study/NCT04712812,yes,,,,,,candidate,epilepsylive_orgs,,,AP-4-Associated Hereditary Spastic Paraplegia (SPG47); registry: Boston Children's Hospital AP-4-HSP Registry & NH Study (NCT04712812)
,Cure SPG50 Foundation,https://www.curespg50.org/,HGNC:572,AP4B1,280763,,foundation,,,,,,,,,candidate,epilepsylive_orgs,,,
,Tom Wahlig Stiftung,,HGNC:572,AP4B1,280763,,foundation,,,,,,,,,candidate,epilepsylive_orgs,,,
,Cure AHC (US),https://ahckids.org,HGNC:801,ATP1A3,1171;2131;442835;71517,,foundation,REDCap,https://ahckids.org/wp-content/uploads/2015/08/Flyer-ClinicalRegistry.pdf,,,,,,AHCFoundation@ahckids.org,candidate,epilepsylive_orgs,,,"ATP1A3-related disorders (AHC, RDP, CAPOS, D-DEMO); registry: AHC Patient Registry (Duke / AHC Foundation); international ATP1A3 Symposium cohorts"
,AHC Foundation (US),,HGNC:801,ATP1A3,1171;2131;442835;71517,,foundation,,,,,,,,,candidate,epilepsylive_orgs,,,
,AHCUK,,HGNC:801,ATP1A3,1171;2131;442835;71517,,foundation,,,,,,,,,candidate,epilepsylive_orgs,,,
,AFSHA (FR),,HGNC:801,ATP1A3,1171;2131;442835;71517,,foundation,,,,,,,,,candidate,epilepsylive_orgs,,,
,AHC Federation of Europe,,HGNC:801,ATP1A3,1171;2131;442835;71517,,foundation,,,,,,,,,candidate,epilepsylive_orgs,,,
,AHC Australia,,HGNC:801,ATP1A3,1171;2131;442835;71517,,foundation,,,,,,,,,candidate,epilepsylive_orgs,,,
,Cure AHC,,HGNC:801,ATP1A3,1171;2131;442835;71517,,foundation,,,,,,,,,candidate,epilepsylive_orgs,,,
,AHC Foundation,,HGNC:801,ATP1A3,1171;2131;442835;71517,,foundation,,,,,,,,,candidate,epilepsylive_orgs,,,
,AFSHA,,HGNC:801,ATP1A3,1171;2131;442835;71517,,foundation,,,,,,,,,candidate,epilepsylive_orgs,,,
,DNM1 Epilepsy Project,https://dnm1epilepsy.org,HGNC:2972,DNM1,2382;442835,,foundation,Citizen,https://patient.citizenhealth.com/,,,,,,sali@dnm1epilepsy.com,candidate,epilepsylive_orgs,,,DNM1-related developmental and epileptic encephalopathy (DEE31A/B); registry: Citizen Health partnership
,country-specific groups,,HGNC:3091,DYRK1A,268261;464311,,foundation,,,,,,,,,candidate,epilepsylive_orgs,,,
,KCNMA1 Channelopathy International Advocacy Foundation,https://kcnma1.org/,HGNC:6284,KCNMA1,664438;79137,,foundation,REDCap,,yes,,,,,,candidate,epilepsylive_orgs,,,"KCNMA1-related disorders (Liang-Wang syndrome / KCNMA1-channelopathy); registry: KCAF registry; academic NH (Univ. of Maryland, Meredith)"
,KCNT1 Epilepsy Foundation,https://kcnt1epilepsy.org/,HGNC:18865,KCNT1,293181;98784,,foundation,NORD IAMRARE,https://www.kcnt1epilepsy.org/registry-information-original/,,,,,,info@kcnt1epilepsy.org,candidate,epilepsylive_orgs,,,KCNT1-related epilepsies (EIMFS/MMPSI; ADNFLE/SHE; other DEEs); registry: KCNT1 Epilepsy Foundation Patient Registry
,All Things Kabuki,https://allthingskabuki.org/,HGNC:7133,KMT2D,2322;589856,,foundation,Citizen,,,,,,,,candidate,epilepsylive_orgs,,,Kabuki Syndrome (Type 1); registry: All Things Kabuki registry; Citizen Health partnership
,Kabuki Syndrome Foundation,https://kabukisyndrome.com/,HGNC:7133,KMT2D,2322;589856,,foundation,,,,,,,,,candidate,epilepsylive_orgs,,,
,Kabuki UK,,HGNC:7133,KMT2D,2322;589856,,foundation,,,,,,,,,candidate,epilepsylive_orgs,,,
,Lissencephaly Network,https://www.lissencephaly.org/,HGNC:8574,PAFAH1B1,217385;531;95232;99796,,foundation,Foundation-hosted,,,,,,,,candidate,epilepsylive_orgs,,,Lissencephaly 1 (LIS1; classical lissencephaly); Miller-Dieker syndrome; registry: Lissencephaly Network registry; academic cohorts
,Miller-Dieker Foundation,,HGNC:8574,PAFAH1B1,217385;531;95232;99796,,foundation,,,,,,,,,candidate,epilepsylive_orgs,,,
,international families,,HGNC:8574,PAFAH1B1,217385;531;95232;99796,,foundation,,,,,,,,,candidate,epilepsylive_orgs,,,
,PNKP Disease Foundation,https://www.pnkpfoundation.org/ (verify),HGNC:9154,PNKP,101101;1934;459033,,foundation,Foundation-hosted,,yes,,,,,,candidate,epilepsylive_orgs,,,PNKP-related disorders (MCSZ; AOA4); registry: Foundation registry; academic NH
,AOA4-PNKP family network,,HGNC:9154,PNKP,101101;1934;459033,,family group,,,,,,,,,candidate,epilepsylive_orgs,,,
,Beyond Batten,,HGNC:9325,PPT1,699718;699734;699739;699745,,foundation,,,,,,,,,candidate,epilepsylive_orgs,,,
,Taylor's Tale,,HGNC:9325,PPT1,699718;699734;699739;699745,,foundation,,,,,,,,,candidate,epilepsylive_orgs,,,
,movement disorder umbrellas,,HGNC:30500,PRRT2,306;36387;569;98809;98810;98811,,foundation,REDCap,,,,,,,,candidate,epilepsylive_orgs,,,"PRRT2-related disorders (BFIE, PKD, ICCA, hemiplegic migraine); registry: Multiple academic cohorts"
,PTEN Hamartoma Tumor Syndrome Foundation (US),https://ptenfoundation.org/,HGNC:9588,PTEN,109;137608;145;201;210548;2969;494547;494550;500464;500478;502363;502366;65285;726807;79076,,foundation,Foundation-hosted,https://clinicaltrials.gov/study/NCT06462430,,,,,,,candidate,epilepsylive_orgs,,,"PTEN Hamartoma Tumor Syndrome (Cowden, Bannayan-Riley-Ruvalcaba); Macrocephaly-Autism Syndrome; registry: PTEN Foundation IRB-approved registry & biorepository; Yale Pediatric Patient Registry (NCT06462430); PtenTurkiye.org"
,PTEN Research (UK),https://www.ptenresearch.org/,HGNC:9588,PTEN,109;137608;145;201;210548;2969;494547;494550;500464;500478;502363;502366;65285;726807;79076,,foundation,,,,,,,,,candidate,epilepsylive_orgs,,,
,PTEN Hamartoma Tumor Syndrome Foundation,,HGNC:9588,PTEN,109;137608;145;201;210548;2969;494547;494550;500464;500478;502363;502366;65285;726807;79076,,foundation,,,,,,,,,candidate,epilepsylive_orgs,,,
,PTEN Research,,HGNC:9588,PTEN,109;137608;145;201;210548;2969;494547;494550;500464;500478;502363;502366;65285;726807;79076,,foundation,,,,,,,,,candidate,epilepsylive_orgs,,,
,Pitt Hopkins Research Foundation,https://pitthopkins.org/,HGNC:11634,TCF4,171;178469;2896;98974,,foundation,REDCap,,,,,,,,candidate,epilepsylive_orgs,,,Pitt-Hopkins Syndrome; registry: PHRF registry; international academic cohorts
,Pitt Hopkins UK,,HGNC:11634,TCF4,171;178469;2896;98974,,foundation,,,,,,,,,candidate,epilepsylive_orgs,,,
,Beyond Batten,,HGNC:2073,TPP1,284324;699751;699761;699769,,foundation,,,,,,,,,candidate,epilepsylive_orgs,,,
,multiple country foundations,,HGNC:2073,TPP1,284324;699751;699761;699769,,foundation,,,,,,,,,candidate,epilepsylive_orgs,,,
,Don't Forget Me Foundation (US),https://dontforgetmefoundation.org/,HGNC:28912,WDR45,329284;697160,,foundation,Foundation-hosted,https://www.bpanwarriors.org/rare-x | https://rare-x.org/bpan/ | Historical Ciitizen natural history study announcement: https://www.prweb.com/releases/BPAN_Warriors_Partners_with_Ciitizen_to_launch_a_groundbreaking_Natural_History_Study_to_accelerate_potential_treatments_for_rare_disease_BPAN/prweb17735181.htm,,,,,,info@bpanwarriors.org,candidate,epilepsylive_orgs,,,Beta-Propeller Protein-Associated Neurodegeneration (BPAN); SENDA; registry: NBIA international registry; BPAN-specific cohorts via Don't Forget Me
,NBIA Disorders Association,,HGNC:28912,WDR45,329284;697160,,foundation,,,,,,,,,candidate,epilepsylive_orgs,,,
,Don't Forget Me Foundation,,HGNC:28912,WDR45,329284;697160,,foundation,,,,,,,,,candidate,epilepsylive_orgs,,,
,Mowat-Wilson Syndrome Foundation (US),https://mowat-wilson.org/,HGNC:14881,ZEB2,261537;261552;626,,foundation,Matrix (Across Healthcare),https://mowat-wilson.org/matrix/,,,,,,,candidate,epilepsylive_orgs,,,"Mowat-Wilson Syndrome; registry: Mowat-Wilson Syndrome Foundation Matrix Portal & Registry (Across Healthcare platform, early adopter, launched Feb 2021)"
,Mowat-Wilson Syndrome Australia,,HGNC:14881,ZEB2,261537;261552;626,,foundation,,,,,,,,,candidate,epilepsylive_orgs,,,
,multiple country networks,,HGNC:14881,ZEB2,261537;261552;626,,foundation,,,,,,,,,candidate,epilepsylive_orgs,,,
,Mowat-Wilson Syndrome Foundation,,HGNC:14881,ZEB2,261537;261552;626,,foundation,,,,,,,,,candidate,epilepsylive_orgs,,,
,Simons Searchlight,,HGNC:14561,ARHGEF9,163985,,foundation,,,no,,,,,,candidate,epilepsylive_orgs,,,ARHGEF9-related epileptic encephalopathy (X-linked; hyperekplexia + epilepsy); registry: Academic cohorts only
,emerging community,https://vatpasealliance.org/,HGNC:851,ATP6V1A,357074;442835,,family group,,https://vatpasealliance.org/patient-registry-1,no,,,,,,candidate,epilepsylive_orgs,,,"ATP6V1A-related disorders (DEE93, cutis laxa); registry: Academic cohorts (Florence Italy)"
,v-ATPase Alliance,,HGNC:851,ATP6V1A,357074;442835,,foundation,,,,,,,,,candidate,epilepsylive_orgs,,,
,Project CASK,https://www.projectcask.org/,HGNC:1497,CASK,163937;1934;777,,foundation,REDCap,https://www.caskgene.org/registry | https://www.caskgene.org/population,yes,,,,,hello@caskgene.org,candidate,epilepsylive_orgs,,,CASK-related disorders (MICPCH; FG syndrome 4; X-linked ID); registry: Project CASK registry partnership; international CASK NH cohort
,CASK Foundation,,HGNC:1497,CASK,163937;1934;777,,foundation,,,,,,,,,candidate,epilepsylive_orgs,,,
,The Brave Foundation,,HGNC:1497,CASK,163937;1934;777,,foundation,,,,,,,,,candidate,epilepsylive_orgs,,,
,CSNK2B Foundation,https://csnk2bfoundation.org,HGNC:2460,CSNK2B,178469;689397,,foundation,,https://www.citizen.health/ai-advocate/csnk2b-foundation,no,,,,,,candidate,epilepsylive_orgs,,,Poirier-Bienvenu Neurodevelopmental Syndrome (POBINDS); registry: CSNK2B registry (Citizen Health; Simons Searchlight)
,CSNK2B Neurodevelopmental Syndrome Foundation,,HGNC:2460,CSNK2B,178469;689397,,foundation,,,,,,,,,candidate,epilepsylive_orgs,,,
,DEAF1 family network,https://www.rorybelle.org,HGNC:14677,DEAF1,468620;714385,,family group,,,,,,,,hello@therorybellefoundation.org,candidate,epilepsylive_orgs,,,DEAF1-related neurodevelopmental disorder (Vulto-van Silfhout-de Vries syndrome); registry: Simons Searchlight; family registry
,Families of DAND (DEAF1 and Related Neurodevelopmental Disorders),,HGNC:14677,DEAF1,468620;714385,,foundation,,,,,,,,,candidate,epilepsylive_orgs,,,
,DAND Alliance,,HGNC:14677,DEAF1,468620;714385,,foundation,,,,,,,,,candidate,epilepsylive_orgs,,,
,DLG4 Foundation,,HGNC:2903,DLG4,528084,,foundation,,,,,,,,,candidate,epilepsylive_orgs,,,DLG4-related synaptopathy (PSD-95 NDD); registry: Simons Searchlight; family registry
,DLG4 SHINE Foundation,,HGNC:2903,DLG4,528084,,foundation,,,,,,,,,candidate,epilepsylive_orgs,,,
,Finding Hope for FRRS1L,https://www.frrs1l.org,HGNC:1362,FRRS1L,88616,,foundation,,https://www.frrs1l.org/register,no,,,,,contact@FRRS1L.org,candidate,epilepsylive_orgs,,,FRRS1L-related epileptic encephalopathy (DEE37); registry: Academic only
,Cure GABA-A Variants,https://curegabaa.org/,HGNC:4075,GABRA1,307;33069;64280,,foundation,,No dedicated public patient registry identified in this pass,,,,,,,candidate,epilepsylive_orgs,,,"GABRA1-related epilepsies (Dravet-like, JME, DEE19); registry: Cure GABA-A Variants / Combined Brain biorepository"
,GABRA1 Village,,HGNC:4075,GABRA1,307;33069;64280,,foundation,,,,,,,,,candidate,epilepsylive_orgs,,,
,Cure GABA-A Variants,https://curegabaa.org/,HGNC:4083,GABRB3,2382;64280,,foundation,,No dedicated public patient registry identified in this pass,,,,,,,candidate,epilepsylive_orgs,,,"GABRB3-related disorders (DEE43, CAE, Lennox-Gastaut); registry: Via Cure GABA-A Variants"
,GABRB3 Life Changes,,HGNC:4083,GABRB3,2382;64280,,foundation,,,,,,,,,candidate,epilepsylive_orgs,,,
,GNB1 Advocacy Group / GNB1 family network,https://www.gnb1advocacy.org/,HGNC:4396,GNB1,488613,,family group,REDCap,https://www.gnb1advocacy.org/research/registry,,,,,,,candidate,epilepsylive_orgs,,,GNB1 Encephalopathy (NEDIM); registry: GNB1 family registry; Simons Searchlight
,GNB1 Advocacy Group,,HGNC:4396,GNB1,488613,,foundation,,,,,,,,,candidate,epilepsylive_orgs,,,
,GNB1 Foundation,,HGNC:4396,GNB1,488613,,foundation,,,,,,,,,candidate,epilepsylive_orgs,,,
,GNB1 Gene Disorder,,HGNC:4396,GNB1,488613,,foundation,,,,,,,,,candidate,epilepsylive_orgs,,,
,CureGRIN,,HGNC:4588,GRIN2D,442835,,foundation,,,,,,,,,candidate,epilepsylive_orgs,,,
,HNRNPU Foundation,https://www.hnrnp.org/,HGNC:5048,HNRNPU,238769,,foundation,Foundation-hosted,https://hnrnp.org/natural-history-study,,,,,,info@hnrnp.org,candidate,epilepsylive_orgs,,,HNRNPU-related neurodevelopmental disorder (DEE54); registry: Simons Searchlight; family registry
,HNRNP-Related Parent Connect,,HGNC:5048,HNRNPU,238769,,family group,,,,,,,,,candidate,epilepsylive_orgs,,,
,HNRNPU Parent Connect,,HGNC:5048,HNRNPU,238769,,family group,,,,,,,,,candidate,epilepsylive_orgs,,,
,KCNA2 Epilepsy Global Alliance,https://www.kcna2epilepsy.org,HGNC:6220,KCNA2,442835,,foundation,,https://www.kcna2epilepsy.org/kcna2-international-registry-natural-history-study/,no,,,,,kcna2epilepsy@gmail.com,candidate,epilepsylive_orgs,,,KCNA2-related epilepsies (DEE32); registry: Tübingen academic cohort
,KCNA2 Parent Connection,,HGNC:6220,KCNA2,442835,,family group,,,,,,,,,candidate,epilepsylive_orgs,,,
,Zimmermann-Laband Syndrome Foundation,https://www.curekcnh1.org/,HGNC:6250,KCNH1,3473;420561,,foundation,,https://www.curekcnh1.org/research | https://www.curekcnh1.org/updates,no,,,,,info@curekcnh1.org,candidate,epilepsylive_orgs,,,KCNH1-related disorders (Temple-Baraitser; Zimmermann-Laband); registry: Academic cohorts
,Temple-Baraitser Syndrome family network,,HGNC:6250,KCNH1,3473;420561,,family group,,,,,,,,,candidate,epilepsylive_orgs,,,
,Cure KCNH1,,HGNC:6250,KCNH1,3473;420561,,foundation,,,,,,,,,candidate,epilepsylive_orgs,,,
,NRXN1 Network,,HGNC:8008,NRXN1,600663,,foundation,REDCap,,,,,,,,candidate,epilepsylive_orgs,,,"NRXN1-related disorders (autism, schizophrenia, Pitt-Hopkins-like); registry: Simons Searchlight; SPARK autism research"
,Nicolaides-Baraitser Syndrome Worldwide Foundation,https://nbsworldwide.org/,HGNC:11098,SMARCA2,3051;637013,,foundation,Foundation-hosted,,,,,,,,candidate,epilepsylive_orgs,,,Nicolaides-Baraitser Syndrome (NCBRS); Blepharophimosis-ID Syndrome; registry: NBS Worldwide registry; Simons Searchlight
,Coffin Siris Syndrome Facebook support group,,HGNC:11098,SMARCA2,3051;637013,,family group,,,,,,,,,candidate,epilepsylive_orgs,,,
,NCBRS Worldwide Foundation,,HGNC:11098,SMARCA2,3051;637013,,foundation,,,,,,,,,candidate,epilepsylive_orgs,,,
,SMC1A Foundation,,HGNC:11111,SMC1A,199;220386;3095;708203,,foundation,,,,,,,,,candidate,epilepsylive_orgs,,,
,TBC1D24 Foundation,https://www.tbc1d24foundation.com/,HGNC:29203,TBC1D24,163727;293181;352587;352596;79500;86909;90635;90636,,foundation,Foundation-hosted,,,,,,,bridget@tbc1d24foundation.com; joeylynn@tbc1d24foundation.com,candidate,epilepsylive_orgs,,,TBC1D24-related disorders (DOORS; FIME; deafness; EIEE16); registry: TBC1D24 Foundation registry (small)
,TRIO Family Foundation,,HGNC:12303,TRIO,476126,,foundation,,,,,,,,,candidate,epilepsylive_orgs,,,TRIO-related neurodevelopmental disorder (NDD with epilepsy); registry: Simons Searchlight; family registry
,autism research overlap,,HGNC:12303,TRIO,476126,,foundation,,,,,,,,,candidate,epilepsylive_orgs,,,
,Simons Searchlight TRIO Facebook community,,HGNC:12303,TRIO,476126,,family group,,,,,,,,,candidate,epilepsylive_orgs,,,
,WAC Family Foundation,,HGNC:17327,WAC,284169;466950,,foundation,,,,,,,,,candidate,epilepsylive_orgs,,,WAC-related neurodevelopmental disorder (DESSH; DeSanto-Shinawi); registry: Simons Searchlight; family registry
,DeSanto-Shinawi Society,,HGNC:17327,WAC,284169;466950,,foundation,,,,,,,,,candidate,epilepsylive_orgs,,,
,DESSH Foundation,,HGNC:17327,WAC,284169;466950,,foundation,,,,,,,,,candidate,epilepsylive_orgs,,,
,WWOX Foundation,https://wwoxfoundation.org/ (verify),HGNC:12799,WWOX,251510;284282;708171;99977,,foundation,,,no,,,,,,candidate,epilepsylive_orgs,,,WWOX-related developmental and epileptic encephalopathy (DEE28; SCAR12); registry: Academic cohorts; Florey/Melbourne
,family network,,HGNC:12799,WWOX,251510;284282;708171;99977,,family group,,,,,,,,,candidate,epilepsylive_orgs,,,
,WWOX Foundation AUS,,HGNC:12799,WWOX,251510;284282;708171;99977,,foundation,,,,,,,,,candidate,epilepsylive_orgs,,,
,WWOX Foundation EU,,HGNC:12799,WWOX,251510;284282;708171;99977,,foundation,,,,,,,,,candidate,epilepsylive_orgs,,,
,WWOX Foundation USA,,HGNC:12799,WWOX,251510;284282;708171;99977,,foundation,,,,,,,,,candidate,epilepsylive_orgs,,,
,CDG CARE,https://cdgcare.com/,HGNC:30881,ALG13,324422;777,,foundation,NIH RDCRN,Historical CDG Connect Patient Insights Network (PIN) poster: https://cdgcare.org/wp-content/uploads/2021/02/NIH-2021-RDD-CDG-CARE-Poster.pdf ; Family Resource Network intake: https://cdgcare.org/register-with-cdg-care/,,,,,,info@cdgcare.org,candidate,epilepsylive_orgs,,,ALG13-CDG / DEE36 (X-linked); registry: Frontiers in CDG (FCDGC) NIH RDCRN registry
,Cure SPG50 Foundation,https://www.curespg50.org/,HGNC:574,AP4M1,280763,,foundation,Foundation-hosted,https://clinicaltrials.gov/study/NCT04712812,,,,,,,candidate,epilepsylive_orgs,,,"AP-4-Associated Hereditary Spastic Paraplegia (SPG50); registry: Same, BCH AP-4-HSP Registry NCT04712812"
,CureAP4,,HGNC:574,AP4M1,280763,,foundation,,,,,,,,,candidate,epilepsylive_orgs,,,
,Tom Wahlig Stiftung,,HGNC:574,AP4M1,280763,,foundation,,,,,,,,,candidate,epilepsylive_orgs,,,
,Some shared infrastructure with ATP1A3 communities,,HGNC:800,ATP1A2,2131;442835;569,,foundation,REDCap,,no,,,,,,candidate,epilepsylive_orgs,,,ATP1A2-related disorders (Familial Hemiplegic Migraine 2; AHC; DEE98); registry: Academic cohorts; AHC Foundation registry covers some ATP1A2 cases
,Migraine Research Foundation overlap,,HGNC:800,ATP1A2,2131;442835;569,,foundation,,,,,,,,,candidate,epilepsylive_orgs,,,
,growing community,,HGNC:21701,BRAT1,435845,,family group,Citizen,,no,,,,,,candidate,epilepsylive_orgs,,,Rigidity and Multifocal Seizure Syndrome / BRAT1-related DEE; registry: Academic cohorts; Citizen Health partnerships
,RMFSL Family Network,,HGNC:21701,BRAT1,435845,,family group,,,,,,,,,candidate,epilepsylive_orgs,,,
,family network through CACNA1A Foundation,,HGNC:1392,CACNA1E,1934,,family group,,,no,,,,,,candidate,epilepsylive_orgs,,,CACNA1E-related neurodevelopmental disorder (DEE69); registry: Academic cohorts
,Epilepsy Foundation,https://www.facebook.com/groups/265440120739437,HGNC:1958,CHRNA4,98784,,foundation,,No dedicated public patient registry identified,no,,,,,,candidate,epilepsylive_orgs,,,Autosomal Dominant Sleep-related Hypermotor Epilepsy (ADSHE; previously ADNFLE); registry: Academic cohorts; Florey/Melbourne
,CURE Epilepsy,,HGNC:1958,CHRNA4,98784,,foundation,,,,,,,,,candidate,epilepsylive_orgs,,,
,BDSRA,,HGNC:2076,CLN5,699802;699807;699812,,foundation,REDCap,https://bdsra.org/clinical-news/bdsra-funds-crucial-project-to-expand-a-batten-disease-patient-registry/,,,,,,,candidate,epilepsylive_orgs,,,Variant Late-Infantile Neuronal Ceroid Lipofuscinosis (CLN5); registry: DEM-CHILD database; BDSRA registry
,Beyond Batten,,HGNC:2076,CLN5,699802;699807;699812,,foundation,,,,,,,,,candidate,epilepsylive_orgs,,,
,BDFA,,HGNC:2076,CLN5,699802;699807;699812,,foundation,,,,,,,,,candidate,epilepsylive_orgs,,,
,BDSRA,,HGNC:2077,CLN6,700467;700472;700477,,foundation,,,,,,,,,candidate,epilepsylive_orgs,,,
,Beyond Batten,,HGNC:2077,CLN6,700467;700472;700477,,foundation,,,,,,,,,candidate,epilepsylive_orgs,,,
,BDFA,,HGNC:2077,CLN6,700467;700472;700477,,foundation,,,,,,,,,candidate,epilepsylive_orgs,,,
,BDSRA,,HGNC:2079,CLN8,1947;700484,,foundation,REDCap,https://bdsra.org/clinical-news/bdsra-funds-crucial-project-to-expand-a-batten-disease-patient-registry/,,,,,,,candidate,epilepsylive_orgs,,,Variant Late-Infantile Neuronal Ceroid Lipofuscinosis (CLN8); Northern Epilepsy; registry: DEM-CHILD database; BDSRA registry
,Beyond Batten,,HGNC:2079,CLN8,1947;700484,,foundation,,,,,,,,,candidate,epilepsylive_orgs,,,
,BDFA,,HGNC:2079,CLN8,1947;700484,,foundation,,,,,,,,,candidate,epilepsylive_orgs,,,
,relevant to autism research community,,HGNC:13830,CNTNAP2,163681,,family group,,,no,,,,,,candidate,epilepsylive_orgs,,,CNTNAP2-related disorders (CDFE; cortical dysplasia-focal epilepsy syndrome); registry: Simons Searchlight (autism overlap); academic cohorts
,EEF1A2 family network,,HGNC:3192,EEF1A2,442835;528084,,family group,REDCap,,,,,,,,candidate,epilepsylive_orgs,,,EEF1A2-related neurodevelopmental disorder (DEE33); registry: Edinburgh academic cohort; Simons Searchlight
,some Rett research overlap,,HGNC:4507,GABBR2,3095;442835,,foundation,,,no,,,,,,candidate,epilepsylive_orgs,,,GABBR2-related disorders (DEE59; Rett-like); registry: Academic cohorts
,Cure GABA-A Variants,https://curegabaa.org/,HGNC:4087,GABRG2,1945;33069;36387;442835;64280,,foundation,,No dedicated public patient registry identified in this pass,no,,,,,,candidate,epilepsylive_orgs,,,"GABRG2-related epilepsies (GEFS+ type 3, Dravet-like, FS, JME); registry: Via Cure GABA-A Variants"
,Bluefield Project to Cure FTD,https://bdsra.org,HGNC:4601,GRN,100069;100070;275864;314629,,foundation,NIH RDCRN,https://bdsra.org/clinical-news/bdsra-funds-crucial-project-to-expand-a-batten-disease-patient-registry/,yes,,,,,,candidate,epilepsylive_orgs,,,Neuronal Ceroid Lipofuscinosis 11 (CLN11) / Adult-onset; FTD; registry: ALLFTD (NIH RDCRN); Bluefield-funded NH
,Association for Frontotemporal Degeneration,,HGNC:4601,GRN,100069;100070;275864;314629,,foundation,,,,,,,,,candidate,epilepsylive_orgs,,,
,Batten umbrella for CLN11,,HGNC:4601,GRN,100069;100070;275864;314629,,foundation,,,,,,,,,candidate,epilepsylive_orgs,,,
,IQSEC2 family network,https://iqsec2.org/ (verify),HGNC:29059,IQSEC2,217377;397933,,family group,REDCap,,,,,,,,candidate,epilepsylive_orgs,,,IQSEC2-related neurodevelopmental disorder (X-linked ID); registry: Family registry partnerships
,National Ataxia Foundation,https://www.ataxia.org/,HGNC:6218,KCNA1,1934;199326;37612;972;98809,,foundation,Foundation-hosted,,,,,,,,candidate,epilepsylive_orgs,,,Episodic Ataxia 1 (EA1); KCNA1-related epilepsy; registry: NAF registry; academic cohorts
,CACNA1A Foundation cross-coverage,,HGNC:6218,KCNA1,1934;199326;37612;972;98809,,foundation,,,,,,,,,candidate,epilepsylive_orgs,,,
,KCNQ2 Cure Alliance,https://www.kcnq2cure.org/,HGNC:6297,KCNQ3,1949;306;307,,foundation,REDCap,https://www.rikee.org/,,,,,,,candidate,epilepsylive_orgs,,,KCNQ3-related disorders (BFNE2; ID; DEE); registry: RIKEE (covers KCNQ2/3 jointly)
,Some shared infrastructure with KCNT1 community,,HGNC:18866,KCNT2,,,family group,,,no,,,,,,candidate,epilepsylive_orgs,,,KCNT2-related disorders (DEE57); registry: Academic cohorts
,BDSRA,https://bdsra.org,HGNC:21957,KCTD7,263516;699708,,foundation,REDCap,https://bdsra.org/clinical-news/bdsra-funds-crucial-project-to-expand-a-batten-disease-patient-registry/,,,,,,,candidate,epilepsylive_orgs,,,Progressive Myoclonic Epilepsy 3 (CLN14); registry: DEM-CHILD; BDSRA
,PME family network,,HGNC:21957,KCTD7,263516;699708,,family group,,,,,,,,,candidate,epilepsylive_orgs,,,
,Smith-Kingsmore Syndrome Foundation,https://smithkingsmoresyndrome.com/,HGNC:3942,MTOR,269001;269008;457485;99802,,foundation,REDCap,,,,,,,,candidate,epilepsylive_orgs,,,MTOR-related disorders (Smith-Kingsmore; somatic mTORopathy in FCD type II); registry: SKS Foundation registry; Brain Gene Registry partnership
,SKS Awareness,,HGNC:3942,MTOR,269001;269008;457485;99802,,foundation,,,,,,,,,candidate,epilepsylive_orgs,,,
,mTORopathy umbrella with TSC Alliance,,HGNC:3942,MTOR,269001;269008;457485;99802,,foundation,,,,,,,,,candidate,epilepsylive_orgs,,,
,GPI-Anchor Disorder Alliance,https://gpiad.org/,HGNC:8957,PIGA,293181;300496;397922;447;697160,,foundation,NIH RDCRN,Historical CDG Connect Patient Insights Network (PIN) poster: https://cdgcare.org/wp-content/uploads/2021/02/NIH-2021-RDD-CDG-CARE-Poster.pdf ; Family Resource Network intake: https://cdgcare.org/register-with-cdg-care/,,,,,,info@cdgcare.org,candidate,epilepsylive_orgs,,,PIGA-CDG / DEE20 (X-linked GPI deficiency); registry: FCDGC NIH RDCRN; GPI Alliance registry
,CDG CARE,https://cdgcare.com/,HGNC:8957,PIGA,293181;300496;397922;447;697160,,foundation,,,,,,,,,candidate,epilepsylive_orgs,,,
,GPI-Anchor Disorder Alliance,https://gpiad.org/,HGNC:8967,PIGN,2059;280633,,foundation,NIH RDCRN,Historical CDG Connect Patient Insights Network (PIN) poster: https://cdgcare.org/wp-content/uploads/2021/02/NIH-2021-RDD-CDG-CARE-Poster.pdf ; Family Resource Network intake: https://cdgcare.org/register-with-cdg-care/,,,,,,info@cdgcare.org,candidate,epilepsylive_orgs,,,PIGN-CDG / MCAHS1 (Multiple Congenital Anomalies-Hypotonia-Seizures); registry: FCDGC NIH RDCRN; GPI Alliance registry
,CDG CARE,https://cdgcare.com/,HGNC:8967,PIGN,2059;280633,,foundation,,,,,,,,,candidate,epilepsylive_orgs,,,
,Cure RHOBTB2,,HGNC:18756,RHOBTB2,1934;2131,,foundation,,,no,,,,,,candidate,epilepsylive_orgs,,,RHOBTB2-related developmental and epileptic encephalopathy (DEE64); registry: Academic cohorts; family registry
,Kohlschütter-Tönz Syndrome Foundation,,HGNC:29478,ROGDI,1946,,foundation,,,no,,,,,,candidate,epilepsylive_orgs,,,Kohlschütter-Tönz Syndrome; registry: Academic cohorts (Univ. of Bern)
,Dravet Syndrome Foundation covers some overlap,,HGNC:10586,SCN1B,130;1934;33069;334;36387;871,,foundation,,,,,,,,,candidate,epilepsylive_orgs,,,"SCN1B-related disorders (GEFS+1, DEE52, Brugada); registry: Sodium Channel Coalition cohorts; Dravet umbrella"
,Sodium Channel Coalition partner,,HGNC:10586,SCN1B,130;1934;33069;334;36387;871,,foundation,,,,,,,,,candidate,epilepsylive_orgs,,,
,SCN3A Family network,https://scn3afoundation.org/ (verify),HGNC:10590,SCN3A,442835;98820,,family group,REDCap,,yes,,,,,,candidate,epilepsylive_orgs,,,"SCN3A-related disorders (DEE62, polymicrogyria with seizures); registry: Sodium Channel Coalition cohorts; Penn academic NH"
,Sodium Channel Coalition partner,,HGNC:10590,SCN3A,442835;98820,,foundation,,,,,,,,,candidate,epilepsylive_orgs,,,
,Sodium Channel Coalition,,HGNC:10590,SCN3A,442835;98820,,foundation,,,,,,,,,candidate,epilepsylive_orgs,,,
,Setd1b Family Network,,HGNC:29187,SETD1B,178469;717812,,family group,,,no,,,,,,candidate,epilepsylive_orgs,,,SETD1B-related neurodevelopmental disorder (IDDSELD); registry: Erasmus MC academic cohort; GeneMatcher
,CDG CARE,https://cdgcare.com/,HGNC:11022,SLC35A2,268973;356961;729224,,foundation,NIH RDCRN,Historical CDG Connect Patient Insights Network (PIN) poster: https://cdgcare.org/wp-content/uploads/2021/02/NIH-2021-RDD-CDG-CARE-Poster.pdf ; Family Resource Network intake: https://cdgcare.org/register-with-cdg-care/,,,,,,info@cdgcare.org,candidate,epilepsylive_orgs,,,SLC35A2-CDG (X-linked CDG; epileptic encephalopathy); registry: FCDGC NIH RDCRN
,SPTAN1 Foundation,,HGNC:11273,SPTAN1,697160,,foundation,Citizen,,no,,,,,,candidate,epilepsylive_orgs,,,SPTAN1-related developmental and epileptic encephalopathy (DEE5); registry: Academic cohorts; Citizen Health partnerships
,family network,,HGNC:11273,SPTAN1,697160,,family group,,,,,,,,,candidate,epilepsylive_orgs,,,
,SZT2 family network,,HGNC:29040,SZT2,442835,,family group,,,no,,,,,,candidate,epilepsylive_orgs,,,SZT2-related developmental and epileptic encephalopathy (DEE18); registry: Academic cohorts only
,UBA5 Foundation,,HGNC:23230,UBA5,442835,,foundation,,,no,,,,,,candidate,epilepsylive_orgs,,,UBA5-related developmental and epileptic encephalopathy (DEE44); registry: Academic cohorts; family registry
,UNC80 Foundation,https://fundacionlibellas.org/,HGNC:26582,UNC80,700333,,foundation,,No dedicated public patient registry identified in this pass,no,,,,,,candidate,epilepsylive_orgs,,,UNC80-related disorder (Infantile Hypotonia with Psychomotor Retardation); registry: Academic cohorts; family registry
,Advocacy for Neuroacanthocytosis Patients (UK),https://naadvocacy.org/,HGNC:1908,VPS13A,2388,,foundation,Foundation-hosted,,no,,,,,,candidate,epilepsylive_orgs,,,Chorea-Acanthocytosis (ChAc); VPS13A-related disorders; registry: Academic registry; international NA cohort
,Hereditary Disease Foundation overlap,,HGNC:1908,VPS13A,2388,,foundation,,,,,,,,,candidate,epilepsylive_orgs,,,
,Advocacy for Neuroacanthocytosis Patients,,HGNC:1908,VPS13A,2388,,foundation,,,,,,,,,candidate,epilepsylive_orgs,,,
,Simons Searchlight,,HGNC:132,ACTB,2995;64755;673556;674653;79107,,foundation,,,,,,,,,candidate,epilepsylive_orgs,,,
,Simons Searchlight ACTL6B Facebook community,,HGNC:160,ACTL6B,442835;528084,,family group,,,,,,,,,candidate,epilepsylive_orgs,,,
,ADCY5.org,,HGNC:236,ADCY5,1429;324588,,foundation,,,,,,,,,candidate,epilepsylive_orgs,,,
,AGO Alliance,,HGNC:3262,AGO1,528084,,foundation,,,,,,,,,candidate,epilepsylive_orgs,,,
,Xia-Gibbs Society,,HGNC:25230,AHDC1,412069,,foundation,,,,,,,,,candidate,epilepsylive_orgs,,,
,ANKRD11 Foundation,,HGNC:21316,ANKRD11,2332;261250,,foundation,,,,,,,,,candidate,epilepsylive_orgs,,,
,National Urea Cycle Disorders Foundation (NUCDF),,HGNC:663,ARG1,90,,foundation,,,,,,,,,candidate,epilepsylive_orgs,,,
,Support ARG1-D,,HGNC:663,ARG1,90,,foundation,,,,,,,,,candidate,epilepsylive_orgs,,,
,Care4ASH1L,,HGNC:19088,ASH1L,178469,,foundation,,,,,,,,,candidate,epilepsylive_orgs,,,
,Simons Searchlight Community,,HGNC:19088,ASH1L,178469,,family group,,,,,,,,,candidate,epilepsylive_orgs,,,
,ASXL Rare Research Endowment Foundation,https://www.arrefoundation.org,HGNC:23805,ASXL2,689408,,foundation,,https://arrefoundation.org/research/asxl-related-disorders-natural-history-study-and-biobank/,yes,,,,,,candidate,epilepsylive_orgs,,,
,ARRE Foundation,,HGNC:23805,ASXL2,689408,,foundation,,,,,,,,,candidate,epilepsylive_orgs,,,
,ASXL Rare Research Endowment Foundation,https://www.arrefoundation.org,HGNC:29357,ASXL3,352577,,foundation,,https://arrefoundation.org/study/simons-searchlight-asxl3-registry/,yes,,,,,,candidate,epilepsylive_orgs,,,
,ARRE Foundation,,HGNC:29357,ASXL3,352577,,foundation,,,,,,,,,candidate,epilepsylive_orgs,,,
,Bainbridge-Ropers Syndrome and ASXL3 Families,,HGNC:29357,ASXL3,352577,,foundation,,,,,,,,,candidate,epilepsylive_orgs,,,
,CureDRPLA,,HGNC:3033,ATN1,101,,foundation,,,,,,,,,candidate,epilepsylive_orgs,,,
,v-ATPase Alliance,,HGNC:18305,ATP6AP2,363654;93952,,foundation,,,,,,,,,candidate,epilepsylive_orgs,,,
,v-ATPase Alliance,,HGNC:865,ATP6V0A1,528084,,foundation,,,,,,,,,candidate,epilepsylive_orgs,,,
,v-ATPase Alliance,,HGNC:855,ATP6V0C,,,foundation,,,,,,,,,candidate,epilepsylive_orgs,,,
,v-ATPase Alliance,,HGNC:854,ATP6V1B2,3473;79499;79500,,foundation,,,,,,,,,candidate,epilepsylive_orgs,,,
,AUTS2 Syndrome- Promoting Research Facebook Group,,HGNC:14262,AUTS2,352490;641372,,family group,,,,,,,,,candidate,epilepsylive_orgs,,,
,Timothy Syndrome Alliance,,HGNC:1390,CACNA1C,130;528084;595098;595105;595109;727156,,foundation,,,,,,,,,candidate,epilepsylive_orgs,,,
,CAPRIN1 Foundation,,HGNC:6743,CAPRIN1,528084,,foundation,,,,,,,,,candidate,epilepsylive_orgs,,,
,Angioma Alliance,,HGNC:21708,CCM2,221061,,foundation,,,,,,,,,candidate,epilepsylive_orgs,,,
,CHD3 Families (Snijders Blok Campeau Syndrome),,HGNC:1918,CHD3,599082,,foundation,,,,,,,,,candidate,epilepsylive_orgs,,,
,Simons Searchlight CIC Facebook community,,HGNC:14214,CIC,178469,,family group,,,,,,,,,candidate,epilepsylive_orgs,,,
,Cure CLCN4,,HGNC:2022,CLCN4,485350;777,,foundation,,,,,,,,,candidate,epilepsylive_orgs,,,
,Simons Searchlight Community (2),,HGNC:7879,CNOT3,528084;99861,,family group,,,,,,,,,candidate,epilepsylive_orgs,,,
,Simons Searchlight Community (3),,HGNC:2348,CREBBP,353277;353281;370026;592574,,family group,,,,,,,,,candidate,epilepsylive_orgs,,,
,CRELD1 Warriors,,HGNC:14630,CRELD1,576235;99067;99068,,foundation,,,,,,,,,candidate,epilepsylive_orgs,,,
,CUL3 Support and Awareness,https://www.cul3.org,HGNC:2553,CUL3,300530;716116,,foundation,,https://www.cul3.org/participate-in-research,,,,,,,candidate,epilepsylive_orgs,,,
,CUL3 Support & Awareness Foundation,,HGNC:2553,CUL3,300530;716116,,foundation,,,,,,,,,candidate,epilepsylive_orgs,,,
,CYFIP2 Network,https://www.cyfip2network.org/,HGNC:13760,CYFIP2,442835,,foundation,,https://www.cyfip2network.org/take-action,,,,,,,candidate,epilepsylive_orgs,,,
,Cure DHDDS,https://www.curedhdds.org,HGNC:20603,DHDDS,442835;791,,foundation,,https://www.curedhdds.org/patient-registry/,,,,,,,candidate,epilepsylive_orgs,,,
,Cure DHDDS USA,,HGNC:20603,DHDDS,442835;791,,foundation,,,,,,,,,candidate,epilepsylive_orgs,,,
,DYNC1H1 Association,https://www.dync1h1.org/,HGNC:2961,DYNC1H1,178469;209341;284232,,foundation,,https://www.dync1h1.org/registry,,,,,,,candidate,epilepsylive_orgs,,,
,DYNC1H1 Gene Mutation Family Support Group,,HGNC:2961,DYNC1H1,178469;209341;284232,,foundation,,,,,,,,,candidate,epilepsylive_orgs,,,
,CureARS,,HGNC:29419,EARS2,314051,,foundation,,,,,,,,,candidate,epilepsylive_orgs,,,
,EIF3F Research Foundation,,HGNC:3275,EIF3F,,,foundation,,,,,,,,,candidate,epilepsylive_orgs,,,
,FAM177A1 Research Fund,https://www.fam177a1.org/,HGNC:19829,FAM177A1,,,foundation,,https://www.fam177a1.org/fam177a1-patient-data-collection,,,,,,,candidate,epilepsylive_orgs,,,
,FAM177A1 Collaborative Research Network,,HGNC:19829,FAM177A1,,,foundation,,,,,,,,,candidate,epilepsylive_orgs,,,
,CureARS,,HGNC:21062,FARS2,319519;466722,,foundation,,,,,,,,,candidate,epilepsylive_orgs,,,
,FBXL4 parent community group,,HGNC:13601,FBXL4,369897,,family group,,,,,,,,,candidate,epilepsylive_orgs,,,
,United Mitochondrial Disease Foundation,,HGNC:13601,FBXL4,369897,,foundation,,,,,,,,,candidate,epilepsylive_orgs,,,
,Comunidad Simons Searchlight,,HGNC:13590,FBXO11,528084,,foundation,,,,,,,,,candidate,epilepsylive_orgs,,,
,International Society for Mannosidosis & Related Diseases,,HGNC:4006,FUCA1,349,,foundation,,,,,,,,,candidate,epilepsylive_orgs,,,
,UK MPS Society,,HGNC:4006,FUCA1,349,,foundation,,,,,,,,,candidate,epilepsylive_orgs,,,
,Cure GABRB2,https://www.curegabrb2.org/,HGNC:4082,GABRB2,442835,,foundation,,,,,,,,,candidate,epilepsylive_orgs,,,
,Cure GABA A Variants,,HGNC:4082,GABRB2,442835,,foundation,,,,,,,,,candidate,epilepsylive_orgs,,,
,ACD,,HGNC:4136,GAMT,382,,foundation,,,,,,,,,candidate,epilepsylive_orgs,,,
,CureGRIN,,HGNC:4571,GRIA1,178469;88616,,foundation,,,,,,,,,candidate,epilepsylive_orgs,,,
,GRI France,,HGNC:4571,GRIA1,178469;88616,,foundation,,,,,,,,,candidate,epilepsylive_orgs,,,
,GRIA1 Facebook Group,,HGNC:4571,GRIA1,178469;88616,,family group,,,,,,,,,candidate,epilepsylive_orgs,,,
,CureGRIN,,HGNC:4572,GRIA2,,,foundation,,,,,,,,,candidate,epilepsylive_orgs,,,
,GRI France,,HGNC:4572,GRIA2,,,foundation,,,,,,,,,candidate,epilepsylive_orgs,,,
,CureGRIN,,HGNC:4573,GRIA3,364028,,foundation,,,,,,,,,candidate,epilepsylive_orgs,,,
,GRI France,,HGNC:4573,GRIA3,364028,,foundation,,,,,,,,,candidate,epilepsylive_orgs,,,
,GRIA3 Facebook Group,,HGNC:4573,GRIA3,364028,,family group,,,,,,,,,candidate,epilepsylive_orgs,,,
,CureGRIN,,HGNC:4574,GRIA4,528084,,foundation,,,,,,,,,candidate,epilepsylive_orgs,,,
,CureGRIN,,HGNC:4580,GRIK2,528084;88616,,foundation,,,,,,,,,candidate,epilepsylive_orgs,,,
,GRI France,,HGNC:4580,GRIK2,528084;88616,,foundation,,,,,,,,,candidate,epilepsylive_orgs,,,
,Hope for HIVEP2,,HGNC:4921,HIVEP2,178469,,foundation,,,,,,,,,candidate,epilepsylive_orgs,,,
,HNRNP Family Foundation,https://www.hnrnp.org/,HGNC:5042,HNRNPH2,662198,,foundation,,https://hnrnp.org/natural-history-study,yes,,,,,,candidate,epilepsylive_orgs,,,
,HNRNP Family Foundation,https://www.hnrnp.org/,HGNC:5044,HNRNPK,352665;453504,,foundation,,https://hnrnp.org/natural-history-study,yes,,,,,,candidate,epilepsylive_orgs,,,
,HNRNP-Related Parent Connect,,HGNC:5044,HNRNPK,352665;453504,,family group,,,,,,,,,candidate,epilepsylive_orgs,,,
,HNRNP Family Foundation,https://www.hnrnp.org/,HGNC:5047,HNRNPR,662189,,foundation,,https://hnrnp.org/natural-history-study,yes,,,,,,candidate,epilepsylive_orgs,,,
,HNRNP-Related Parent Connect,,HGNC:5047,HNRNPR,662189,,family group,,,,,,,,,candidate,epilepsylive_orgs,,,
,Costello Kids,,HGNC:5173,HRAS,146;2612;2874;3071;79414,,foundation,,,,,,,,,candidate,epilepsylive_orgs,,,
,Costello Syndrome Family Network (CSFN),,HGNC:5173,HRAS,146;2612;2874;3071;79414,,family group,,,,,,,,,candidate,epilepsylive_orgs,,,
,Asociación Española IRF2BPL,,HGNC:14282,IRF2BPL,597623,,foundation,,,,,,,,,candidate,epilepsylive_orgs,,,
,EllysTeam,,HGNC:14282,IRF2BPL,597623,,foundation,,,,,,,,,candidate,epilepsylive_orgs,,,
,IRF2BPL Foundation,,HGNC:14282,IRF2BPL,597623,,foundation,,,,,,,,,candidate,epilepsylive_orgs,,,
,Lihi’s Smile,,HGNC:14282,IRF2BPL,597623,,foundation,,,,,,,,,candidate,epilepsylive_orgs,,,
,Stand by Eli Foundation,,HGNC:14282,IRF2BPL,597623,,foundation,,,,,,,,,candidate,epilepsylive_orgs,,,
,Tough Genes,,HGNC:14282,IRF2BPL,597623,,foundation,,,,,,,,,candidate,epilepsylive_orgs,,,
,Yellow for Yiannis,,HGNC:14282,IRF2BPL,597623,,foundation,,,,,,,,,candidate,epilepsylive_orgs,,,
,iDREAM For a Cure Foundation,,HGNC:14282,IRF2BPL,597623,,foundation,,,,,,,,,candidate,epilepsylive_orgs,,,
,Simons Foundation,,HGNC:6196,JARID2,528084,,foundation,,,,,,,,,candidate,epilepsylive_orgs,,,
,Simons Searchlight,,HGNC:6196,JARID2,528084,,foundation,,,,,,,,,candidate,epilepsylive_orgs,,,
,KDVS Foundation,,HGNC:24565,KANSL1,363958;363965,,foundation,,,,,,,,,candidate,epilepsylive_orgs,,,
,KAT6 Foundation,,HGNC:13013,KAT6A,370026;457193,,foundation,,,,,,,,,candidate,epilepsylive_orgs,,,
,KCNC1 Foundation,,HGNC:6233,KCNC1,435438,,foundation,,,,,,,,,candidate,epilepsylive_orgs,,,
,KARES Foundation,,HGNC:11114,KDM5C,85279,,foundation,,,,,,,,,candidate,epilepsylive_orgs,,,
,Wiedemann-Steiner Foundation,,HGNC:7132,KMT2A,319182;402017;585918;589534;589595;98831;98835,,foundation,,,,,,,,,candidate,epilepsylive_orgs,,,
,KMT2C Foundation,,HGNC:13726,KMT2C,261652,,foundation,,,,,,,,,candidate,epilepsylive_orgs,,,
,KMT2E Foundation O’Donnell-Luria-Rodan Syndrome,,HGNC:18541,KMT2E,528084,,foundation,,,,,,,,,candidate,epilepsylive_orgs,,,
,Simons Searchlight,,HGNC:24283,KMT5B,684226,,foundation,,,,,,,,,candidate,epilepsylive_orgs,,,
,KPTN Alliance,https://kptnalliance.org/,HGNC:6404,KPTN,397612,,foundation,,,,,,,,,candidate,epilepsylive_orgs,,,
,CMD Turkey,,HGNC:6482,LAMA2,258;565837,,foundation,,,,,,,,,candidate,epilepsylive_orgs,,,
,Cure CMD,,HGNC:6482,LAMA2,258;565837,,foundation,,,,,,,,,candidate,epilepsylive_orgs,,,
,ImpulsaT,,HGNC:6482,LAMA2,258;565837,,foundation,,,,,,,,,candidate,epilepsylive_orgs,,,
,LAMA2 France,,HGNC:6482,LAMA2,258;565837,,foundation,,,,,,,,,candidate,epilepsylive_orgs,,,
,Olivia Bloomfield Foundation,,HGNC:6482,LAMA2,258;565837,,foundation,,,,,,,,,candidate,epilepsylive_orgs,,,
,Struggle Against Muscular Dystrophy LAMA2/UK,,HGNC:6482,LAMA2,258;565837,,foundation,,,,,,,,,candidate,epilepsylive_orgs,,,
,Voor Sara,,HGNC:6482,LAMA2,258;565837,,foundation,,,,,,,,,candidate,epilepsylive_orgs,,,
,International Society for Mannosidosis & Related Diseases,,HGNC:6831,MANBA,118,,foundation,,,,,,,,,candidate,epilepsylive_orgs,,,
,Lost Enzyme Project,,HGNC:6831,MANBA,118,,foundation,,,,,,,,,candidate,epilepsylive_orgs,,,
,MAST Foundation,,HGNC:19034,MAST1,,,foundation,,,,,,,,,candidate,epilepsylive_orgs,,,
,MAST1 Facebook Group,,HGNC:19034,MAST1,,,family group,,,,,,,,,candidate,epilepsylive_orgs,,,
,MAST Foundation,,HGNC:19036,MAST3,,,foundation,,,,,,,,,candidate,epilepsylive_orgs,,,
,MAST Foundation,,HGNC:19037,MAST4,,,foundation,,,,,,,,,candidate,epilepsylive_orgs,,,
,MAND Caregiver Support Network,,HGNC:20444,MBD5,178469;228402,,foundation,,,,,,,,,candidate,epilepsylive_orgs,,,
,MED12 Foundation,,HGNC:11957,MED12,1415;293707;776;777;93932,,foundation,,,,,,,,,candidate,epilepsylive_orgs,,,
,Simons Searchlight Community (4),,HGNC:7623,MYT1L,647799;699850,,family group,,,,,,,,,candidate,epilepsylive_orgs,,,
,Extra-Vaillants MYT1L,,HGNC:7623,MYT1L,647799;699850,,foundation,,,,,,,,,candidate,epilepsylive_orgs,,,
,MYT1L Project,,HGNC:7623,MYT1L,647799;699850,,foundation,,,,,,,,,candidate,epilepsylive_orgs,,,
,NAA15 Families Together,,HGNC:30782,NAA15,528084,,foundation,,,,,,,,,candidate,epilepsylive_orgs,,,
,Simons Searchlight Community - NAA15 Facebook group,,HGNC:30782,NAA15,528084,,family group,,,,,,,,,candidate,epilepsylive_orgs,,,
,Channeling Hope,https://www.channelinghope.org,HGNC:19082,NALCN,1146;1147;2053;562528;700336,,foundation,,https://www.channelinghope.org/patient-research/,,,,,,,candidate,epilepsylive_orgs,,,
,CHF,,HGNC:19082,NALCN,1146;1147;2053;562528;700336,,foundation,,,,,,,,,candidate,epilepsylive_orgs,,,
,The Rory Belle Foundation,https://www.rorybelle.org,HGNC:7643,NARS1,730327,,foundation,,,,,,,,,candidate,epilepsylive_orgs,,,
,Rory Belle Foundation,,HGNC:7643,NARS1,730327,,foundation,,,,,,,,,candidate,epilepsylive_orgs,,,
,NBEA Facebook group,,HGNC:7648,NBEA,178469,,family group,,,,,,,,,candidate,epilepsylive_orgs,,,
,Simons Searchlight NCKAP1 Facebook community,,HGNC:7666,NCKAP1,528084,,family group,,,,,,,,,candidate,epilepsylive_orgs,,,
,NEXMIF ITALIA odv,,HGNC:29433,NEXMIF,1942;85277,,foundation,,,,,,,,,candidate,epilepsylive_orgs,,,
,Unione Italiana Nexmif,,HGNC:29433,NEXMIF,1942;85277,,foundation,,,,,,,,,candidate,epilepsylive_orgs,,,
,XLID98 Foundation,,HGNC:29433,NEXMIF,1942;85277,,foundation,,,,,,,,,candidate,epilepsylive_orgs,,,
,Children’s Tumor Foundation,,HGNC:7765,NF1,139474;29072;293199;363700;634461;638;715721;86834;97685;99756;99757,,foundation,,,,,,,,,candidate,epilepsylive_orgs,,,
,CureNFwithJack,,HGNC:7765,NF1,139474;29072;293199;363700;634461;638;715721;86834;97685;99756;99757,,foundation,,,,,,,,,candidate,epilepsylive_orgs,,,
,NF Network,,HGNC:7765,NF1,139474;29072;293199;363700;634461;638;715721;86834;97685;99756;99757,,foundation,,,,,,,,,candidate,epilepsylive_orgs,,,
,Fundacion Niemann-Pick,,HGNC:7897,NPC1,216972;216975;216978;216981;216986,,foundation,,,,,,,,,candidate,epilepsylive_orgs,,,
,Niemann-Pick Disease Group,,HGNC:7897,NPC1,216972;216975;216978;216981;216986,,foundation,,,,,,,,,candidate,epilepsylive_orgs,,,
,CureNURR1,https://www.curenurr1.org/,HGNC:7981,NR4A2,1617;660012;98808,,foundation,,https://www.citizen.health/ai-advocate/curenurr1,,,,,,,candidate,epilepsylive_orgs,,,
,NR4A2 PAG,,HGNC:7981,NR4A2,1617;660012;98808,,foundation,,,,,,,,,candidate,epilepsylive_orgs,,,
,NUS1 Foundation,https://www.nus1foundation.org/,HGNC:21042,NUS1,442835,,foundation,,https://www.nus1foundation.org/patientregistry,,,,,,,candidate,epilepsylive_orgs,,,
,PACS1 Foundation,,HGNC:30032,PACS1,329224,,foundation,,,,,,,,,candidate,epilepsylive_orgs,,,
,PACS2 Research Foundation,,HGNC:23794,PACS2,442835,,foundation,,,,,,,,,candidate,epilepsylive_orgs,,,
,ANA,,HGNC:8620,PAX6,1065;2253;2334;250923;35737;708;893;98942;98943;98944;98945;98946;98947,,foundation,,,,,,,,,candidate,epilepsylive_orgs,,,
,IWSA,,HGNC:8620,PAX6,1065;2253;2334;250923;35737;708;893;98942;98943;98944;98945;98946;98947,,foundation,,,,,,,,,candidate,epilepsylive_orgs,,,
,PHF21A Facebook group,,HGNC:24156,PHF21A,52022,,family group,,,,,,,,,candidate,epilepsylive_orgs,,,
,Maggie's Cure,,HGNC:9115,PMM2,79318,,foundation,,,,,,,,,candidate,epilepsylive_orgs,,,
,White Sutton Syndrome Foundation,,HGNC:18801,POGZ,468678,,foundation,,,,,,,,,candidate,epilepsylive_orgs,,,
,PolG Foundation,,HGNC:9180,POLG2,254892,,foundation,,,,,,,,,candidate,epilepsylive_orgs,,,
,PPP2R5D Foundation,,HGNC:9302,PPP2R1A,457284,,foundation,,,,,,,,,candidate,epilepsylive_orgs,,,
,PPP2R5D Foundation,,HGNC:9311,PPP2R5C,726667,,foundation,,,,,,,,,candidate,epilepsylive_orgs,,,
,PPP3CA Hope Foundation,,HGNC:9314,PPP3CA,442835;565858,,foundation,,,,,,,,,candidate,epilepsylive_orgs,,,
,Warburg Micro Foundation,,HGNC:14244,RAB18,2510,,foundation,,,,,,,,,candidate,epilepsylive_orgs,,,
,Warburg Micro Foundation,,HGNC:17063,RAB3GAP1,1387;2510,,foundation,,,,,,,,,candidate,epilepsylive_orgs,,,
,Warburg Micro Foundation,,HGNC:17168,RAB3GAP2,1387;2510;401830,,foundation,,,,,,,,,candidate,epilepsylive_orgs,,,
,CureARS,,HGNC:21406,RARS2,166073,,foundation,,,,,,,,,candidate,epilepsylive_orgs,,,
,United Mitochondrial Disease Foundation,,HGNC:21406,RARS2,166073,,foundation,,,,,,,,,candidate,epilepsylive_orgs,,,
,Simons Searchlight Community - RERE Facebook Group,,HGNC:9965,RERE,1606;494344,,family group,,,,,,,,,candidate,epilepsylive_orgs,,,
,RORB Facebook group,,HGNC:10259,RORB,,,family group,,,,,,,,,candidate,epilepsylive_orgs,,,
,Simons Searchlight Community (5),,HGNC:25566,SETD5,1620;528084,,family group,,,,,,,,,candidate,epilepsylive_orgs,,,
,Coffin Siris Syndrome Facebook support group,,HGNC:11103,SMARCB1,1465;231108;2495;263662;93921;99966,,family group,,,,,,,,,candidate,epilepsylive_orgs,,,
,Coffin Siris Syndrome Facebook support group,,HGNC:11105,SMARCC2,1465,,family group,,,,,,,,,candidate,epilepsylive_orgs,,,
,Coffin-Siris Syndrome Foundation,,HGNC:11105,SMARCC2,1465,,foundation,,,,,,,,,candidate,epilepsylive_orgs,,,
,Simons Searchlight Community (6),,HGNC:11105,SMARCC2,1465,,family group,,,,,,,,,candidate,epilepsylive_orgs,,,
,Parents and Researchers Interested in Smith-Magenis Syndrome,,HGNC:11123,SMS,3063,,foundation,,,,,,,,,candidate,epilepsylive_orgs,,,
,Snap25 Foundation,,HGNC:11132,SNAP25,716903,,foundation,,,,,,,,,candidate,epilepsylive_orgs,,,
,ZTTK SON-Shine Foundation,,HGNC:11183,SON,500150,,foundation,,,,,,,,,candidate,epilepsylive_orgs,,,
,STAG1 Gene Foundation,,HGNC:11354,STAG1,502434,,foundation,,,,,,,,,candidate,epilepsylive_orgs,,,
,Cure Mito,,HGNC:11474,SURF1,391351,,foundation,,,,,,,,,candidate,epilepsylive_orgs,,,
,BAGOS Foundation,,HGNC:11509,SYT1,522077,,foundation,,,,,,,,,candidate,epilepsylive_orgs,,,
,TANC2 Facebook group,,HGNC:30212,TANC2,528084,,family group,,,,,,,,,candidate,epilepsylive_orgs,,,
,TANC2 - Private Facebook group,,HGNC:30212,TANC2,528084,,family group,,,,,,,,,candidate,epilepsylive_orgs,,,
,TAOK1 Facebook group,,HGNC:29259,TAOK1,178469,,family group,,,,,,,,,candidate,epilepsylive_orgs,,,
,United Mitochondrial Disease Foundation,,HGNC:30740,TARS2,420733,,foundation,,,,,,,,,candidate,epilepsylive_orgs,,,
,TBCD Foundation,,HGNC:11581,TBCD,496641,,foundation,,,,,,,,,candidate,epilepsylive_orgs,,,
,Simons Searchlight TLK2 Facebook community,,HGNC:11842,TLK2,720321,,family group,,,,,,,,,candidate,epilepsylive_orgs,,,
,Progetto Flavia,,HGNC:12525,UGDH,,,foundation,,,,,,,,,candidate,epilepsylive_orgs,,,
,UGDH Foundation,,HGNC:12525,UGDH,,,foundation,,,,,,,,,candidate,epilepsylive_orgs,,,
,UGDH Italia,,HGNC:12525,UGDH,,,foundation,,,,,,,,,candidate,epilepsylive_orgs,,,
,Simons Searchlight UPF3B Facebook community,,HGNC:20439,UPF3B,776;777,,family group,,,,,,,,,candidate,epilepsylive_orgs,,,
,Raging Raymond Foundation,,HGNC:12643,VAMP2,,,foundation,,,,,,,,,candidate,epilepsylive_orgs,,,
,United Mitochondrial Disease Foundation,,HGNC:12730,WARS2,238455;572798,,foundation,,,,,,,,,candidate,epilepsylive_orgs,,,
