hgnc_id,symbol,tier,domain,sources
HGNC:18149,A4GALT,T1,unclassified,clingen
HGNC:13666,AAAS,T1,ndd_no_documented_epilepsy,orphadata_genes;panelapp_au_id;panelapp_ge_id
HGNC:21022,AARS2,T1,epilepsy_only_unclassified,clingen;genes4epilepsy;orphadata_genes;panelapp_au_epilepsy;panelapp_ge_epilepsy
HGNC:17366,AASS,T1,ndd_with_epilepsy,clingen;orphadata_genes;panelapp_au_id;panelapp_ge_epilepsy;panelapp_ge_id
HGNC:23,ABAT,T1,ndd_with_epilepsy,clingen;genes4epilepsy;orphadata_genes;panelapp_au_epilepsy;panelapp_au_id;panelapp_ge_epilepsy;panelapp_ge_id
HGNC:32,ABCA2,T1,ndd_with_epilepsy,genes4epilepsy;orphadata_genes;panelapp_au_epilepsy;panelapp_au_id;panelapp_ge_epilepsy;panelapp_ge_id
HGNC:33,ABCA3,T1,unclassified,clingen;orphadata_genes
HGNC:45,ABCB4,T1,unclassified,clingen;orphadata_genes
HGNC:57,ABCC6,T1,ndd_no_documented_epilepsy,clingen;orphadata_genes;panelapp_au_id;panelapp_ge_id
HGNC:59,ABCC8,T1,ndd_no_documented_epilepsy,clingen;orphadata_genes;panelapp_ge_id
HGNC:61,ABCD1,T1,ndd_no_documented_epilepsy,clingen;orphadata_genes;panelapp_au_id;panelapp_ge_id
HGNC:68,ABCD4,T1,ndd_no_documented_epilepsy,clingen;orphadata_genes;panelapp_au_id;panelapp_ge_id
HGNC:13886,ABCG5,T1,ndd_no_documented_epilepsy,clingen;orphadata_genes;panelapp_au_id;panelapp_ge_id
HGNC:13887,ABCG8,T1,unclassified,clingen;orphadata_genes
HGNC:15868,ABHD12,T1,ndd_no_documented_epilepsy,clingen;orphadata_genes;panelapp_ge_id
HGNC:13921,ABHD16A,T1,ndd_with_epilepsy,genes4epilepsy;orphadata_genes;panelapp_au_epilepsy;panelapp_au_id;panelapp_ge_id
HGNC:21396,ABHD5,T1,ndd_no_documented_epilepsy,clingen;orphadata_genes;panelapp_au_id;panelapp_ge_id
HGNC:84,ACACA,T1,ndd_no_documented_epilepsy,panelapp_au_id;panelapp_ge_id
HGNC:87,ACAD8,T1,unclassified,clingen;orphadata_genes
HGNC:21497,ACAD9,T1,ndd_no_documented_epilepsy,clingen;orphadata_genes;panelapp_au_id;panelapp_ge_id
HGNC:89,ACADM,T1,ndd_no_documented_epilepsy,clingen;orphadata_genes;panelapp_au_id;panelapp_ge_id
HGNC:90,ACADS,T1,ndd_no_documented_epilepsy,clingen;orphadata_genes;panelapp_au_id;panelapp_ge_id
HGNC:91,ACADSB,T1,ndd_no_documented_epilepsy,clingen;orphadata_genes;panelapp_au_id;panelapp_ge_id
HGNC:92,ACADVL,T1,ndd_no_documented_epilepsy,clingen;orphadata_genes;panelapp_ge_id
HGNC:319,ACAN,T1,ndd_no_documented_epilepsy,clingen;orphadata_genes;panelapp_ge_id
HGNC:93,ACAT1,T1,ndd_no_documented_epilepsy,clingen;orphadata_genes;panelapp_au_id;panelapp_ge_id
HGNC:23338,ACBD5,T1,unclassified,clingen
HGNC:23339,ACBD6,T1,ndd_with_epilepsy,genes4epilepsy;panelapp_au_id;panelapp_ge_id
HGNC:25070,ACD,T1,unclassified,clingen;orphadata_genes
HGNC:2707,ACE,T1,unclassified,clingen;orphadata_genes
HGNC:16066,ACER3,T1,ndd_no_documented_epilepsy,orphadata_genes;panelapp_ge_id
HGNC:118,ACO2,T1,ndd_no_documented_epilepsy,clingen;orphadata_genes;panelapp_au_id;panelapp_ge_id
HGNC:120,ACOX2,T1,ndd_no_documented_epilepsy,clingen;panelapp_au_id;panelapp_ge_id
HGNC:27288,ACSF3,T1,ndd_no_documented_epilepsy,clingen;orphadata_genes;panelapp_ge_id
HGNC:3571,ACSL4,T1,ndd_no_documented_epilepsy,clingen;orphadata_genes;panelapp_au_id;panelapp_ge_id
HGNC:129,ACTA1,T1,ndd_no_documented_epilepsy,clingen;orphadata_genes;panelapp_au_id
HGNC:130,ACTA2,T1,ndd_no_documented_epilepsy,clingen;orphadata_genes;panelapp_ge_id
HGNC:143,ACTC1,T1,unclassified,clingen;orphadata_genes
HGNC:144,ACTG1,T1,ndd_with_epilepsy,clingen;genes4epilepsy;orphadata_genes;panelapp_au_epilepsy;panelapp_au_id;panelapp_ge_id
HGNC:24124,ACTL6A,T1,ndd_no_documented_epilepsy,clingen;orphadata_genes;panelapp_au_id;panelapp_ge_id
HGNC:163,ACTN1,T1,unclassified,clingen;orphadata_genes
HGNC:164,ACTN2,T1,unclassified,clingen;orphadata_genes
HGNC:171,ACVR1,T1,ndd_no_documented_epilepsy,clingen;orphadata_genes;panelapp_ge_id
HGNC:175,ACVRL1,T1,unclassified,clingen;orphadata_genes
HGNC:177,ACY1,T1,ndd_with_epilepsy,clingen;genes4epilepsy;orphadata_genes;panelapp_au_epilepsy;panelapp_au_id;panelapp_ge_id
HGNC:186,ADA,T1,ndd_no_documented_epilepsy,clingen;orphadata_genes;panelapp_ge_id
HGNC:1839,ADA2,T1,ndd_no_documented_epilepsy,clingen;orphadata_genes;panelapp_au_id
HGNC:195,ADAM17,T1,unclassified,clingen;orphadata_genes
HGNC:201,ADAM22,T1,ndd_with_epilepsy,clingen;genes4epilepsy;panelapp_au_epilepsy;panelapp_au_id;panelapp_ge_epilepsy;panelapp_ge_id
HGNC:216,ADAM9,T1,unclassified,clingen;orphadata_genes
HGNC:13201,ADAMTS10,T1,ndd_no_documented_epilepsy,orphadata_genes;panelapp_au_id;panelapp_ge_id
HGNC:1366,ADAMTS13,T1,unclassified,clingen;orphadata_genes
HGNC:17110,ADAMTS18,T1,unclassified,clingen;orphadata_genes
HGNC:225,ADAR,T1,ndd_with_epilepsy,clingen;genes4epilepsy;orphadata_genes;panelapp_au_epilepsy;panelapp_au_id;panelapp_ge_epilepsy;panelapp_ge_id
HGNC:226,ADARB1,T1,ndd_with_epilepsy,genes4epilepsy;panelapp_au_epilepsy;panelapp_au_id;panelapp_ge_epilepsy;panelapp_ge_id
HGNC:25151,ADAT3,T1,ndd_with_epilepsy,clingen;genes4epilepsy;orphadata_genes;panelapp_au_epilepsy;panelapp_au_id;panelapp_ge_epilepsy;panelapp_ge_id
HGNC:243,ADD1,T1,ndd_with_epilepsy,panelapp_au_id;panelapp_ge_epilepsy;panelapp_ge_id
HGNC:245,ADD3,T1,ndd_no_documented_epilepsy,clingen;orphadata_genes;panelapp_au_id;panelapp_ge_id
HGNC:4512,ADGRG1,T1,ndd_with_epilepsy,clingen;genes4epilepsy;orphadata_genes;panelapp_au_epilepsy;panelapp_au_id;panelapp_ge_epilepsy;panelapp_ge_id
HGNC:20973,ADGRL1,T1,ndd_with_epilepsy,clingen;genes4epilepsy;orphadata_genes;panelapp_au_epilepsy;panelapp_au_id;panelapp_ge_epilepsy;panelapp_ge_id
HGNC:257,ADK,T1,ndd_no_documented_epilepsy,clingen;orphadata_genes;panelapp_au_id;panelapp_ge_id
HGNC:21304,ADPRS,T1,ndd_with_epilepsy,genes4epilepsy;orphadata_genes;panelapp_au_epilepsy;panelapp_ge_epilepsy;panelapp_ge_id
HGNC:291,ADSL,T1,ndd_with_epilepsy,clingen;genes4epilepsy;orphadata_genes;panelapp_au_epilepsy;panelapp_au_id;panelapp_ge_epilepsy;panelapp_ge_id;simons_searchlight
HGNC:3776,AFF2,T1,ndd_no_documented_epilepsy,clingen;orphadata_genes;panelapp_au_id;panelapp_ge_id;simons_searchlight
HGNC:6473,AFF3,T1,ndd_with_epilepsy,genes4epilepsy;orphadata_genes;panelapp_au_epilepsy;panelapp_au_id;panelapp_ge_epilepsy;panelapp_ge_id
HGNC:17869,AFF4,T1,ndd_no_documented_epilepsy,orphadata_genes;panelapp_au_id;panelapp_ge_id
HGNC:28762,AFG2B,T1,ndd_with_epilepsy,clingen;genes4epilepsy;orphadata_genes;panelapp_au_epilepsy;panelapp_au_id;panelapp_ge_epilepsy;panelapp_ge_id
HGNC:315,AFG3L2,T1,ndd_with_epilepsy,clingen;genes4epilepsy;orphadata_genes;panelapp_au_epilepsy;panelapp_au_id;panelapp_ge_id
HGNC:318,AGA,T1,ndd_with_epilepsy,clingen;genes4epilepsy;orphadata_genes;panelapp_au_epilepsy;panelapp_au_id;panelapp_ge_id
HGNC:26147,AGBL5,T1,unclassified,clingen;orphadata_genes
HGNC:21869,AGK,T1,ndd_no_documented_epilepsy,clingen;orphadata_genes;panelapp_au_id;panelapp_ge_id
HGNC:321,AGL,T1,ndd_no_documented_epilepsy,clingen;orphadata_genes;panelapp_au_id;panelapp_ge_id
HGNC:33784,AGMO,T1,ndd_with_epilepsy,genes4epilepsy;panelapp_au_epilepsy;panelapp_au_id;panelapp_ge_epilepsy;panelapp_ge_id
HGNC:3263,AGO2,T1,ndd_no_documented_epilepsy,clingen;orphadata_genes;panelapp_au_id;panelapp_ge_id
HGNC:325,AGPAT2,T1,ndd_no_documented_epilepsy,clingen;orphadata_genes;panelapp_ge_id
HGNC:327,AGPS,T1,ndd_no_documented_epilepsy,clingen;orphadata_genes;panelapp_au_id;panelapp_ge_id
HGNC:329,AGRN,T1,unclassified,clingen;orphadata_genes
HGNC:17258,AGTPBP1,T1,ndd_no_documented_epilepsy,clingen;orphadata_genes;panelapp_au_id;panelapp_ge_id
HGNC:341,AGXT,T1,ndd_no_documented_epilepsy,clingen;orphadata_genes;panelapp_ge_id
HGNC:343,AHCY,T1,ndd_no_documented_epilepsy,clingen;orphadata_genes;panelapp_au_id;panelapp_ge_id
HGNC:21575,AHI1,T1,ndd_no_documented_epilepsy,clingen;orphadata_genes;panelapp_au_id;panelapp_ge_id
HGNC:13203,AICDA,T1,unclassified,clingen;orphadata_genes
HGNC:8768,AIFM1,T1,ndd_no_documented_epilepsy,clingen;orphadata_genes;panelapp_au_id;panelapp_ge_id
HGNC:10648,AIMP1,T1,ndd_with_epilepsy,clingen;genes4epilepsy;orphadata_genes;panelapp_au_epilepsy;panelapp_au_id;panelapp_ge_epilepsy;panelapp_ge_id
HGNC:20609,AIMP2,T1,ndd_with_epilepsy,clingen;panelapp_ge_epilepsy;panelapp_ge_id
HGNC:360,AIRE,T1,ndd_no_documented_epilepsy,clingen;orphadata_genes;panelapp_ge_id
HGNC:26039,AIRIM,T1,ndd_with_epilepsy,panelapp_au_epilepsy;panelapp_au_id
HGNC:30801,AJAP1,T1,ndd_with_epilepsy,panelapp_au_epilepsy;panelapp_au_id;panelapp_ge_epilepsy
HGNC:362,AK2,T1,ndd_no_documented_epilepsy,clingen;orphadata_genes;panelapp_ge_id
HGNC:388,AKR1D1,T1,ndd_no_documented_epilepsy,clingen;orphadata_genes;panelapp_ge_id
HGNC:391,AKT1,T1,ndd_with_epilepsy,clingen;genes4epilepsy;orphadata_genes;panelapp_au_epilepsy;panelapp_ge_epilepsy;panelapp_ge_id
HGNC:392,AKT2,T1,unclassified,clingen;orphadata_genes
HGNC:393,AKT3,T1,ndd_with_epilepsy,clingen;genes4epilepsy;orphadata_genes;panelapp_au_epilepsy;panelapp_au_id;panelapp_ge_epilepsy;panelapp_ge_id
HGNC:397,ALAS2,T1,unclassified,clingen;orphadata_genes
HGNC:399,ALB,T1,unclassified,clingen;orphadata_genes
HGNC:9722,ALDH18A1,T1,ndd_no_documented_epilepsy,clingen;orphadata_genes;panelapp_au_id;panelapp_ge_id
HGNC:403,ALDH3A2,T1,ndd_with_epilepsy,genes4epilepsy;orphadata_genes;panelapp_au_epilepsy;panelapp_au_id;panelapp_ge_id
HGNC:406,ALDH4A1,T1,ndd_with_epilepsy,clingen;orphadata_genes;panelapp_au_epilepsy;panelapp_au_id;panelapp_ge_id
HGNC:417,ALDOB,T1,ndd_no_documented_epilepsy,clingen;orphadata_genes;panelapp_au_id;panelapp_ge_id
HGNC:18294,ALG1,T1,ndd_with_epilepsy,clingen;genes4epilepsy;orphadata_genes;panelapp_au_epilepsy;panelapp_au_id;panelapp_ge_epilepsy;panelapp_ge_id
HGNC:32456,ALG11,T1,ndd_with_epilepsy,clingen;genes4epilepsy;orphadata_genes;panelapp_au_epilepsy;panelapp_au_id;panelapp_ge_epilepsy;panelapp_ge_id
HGNC:19358,ALG12,T1,ndd_with_epilepsy,clingen;genes4epilepsy;orphadata_genes;panelapp_au_epilepsy;panelapp_au_id;panelapp_ge_epilepsy;panelapp_ge_id
HGNC:28287,ALG14,T1,ndd_with_epilepsy,clingen;genes4epilepsy;orphadata_genes;panelapp_au_epilepsy;panelapp_au_id;panelapp_ge_epilepsy;panelapp_ge_id
HGNC:23159,ALG2,T1,ndd_with_epilepsy,clingen;genes4epilepsy;orphadata_genes;panelapp_au_epilepsy;panelapp_au_id;panelapp_ge_epilepsy;panelapp_ge_id
HGNC:23056,ALG3,T1,ndd_with_epilepsy,clingen;genes4epilepsy;orphadata_genes;panelapp_au_epilepsy;panelapp_au_id;panelapp_ge_epilepsy;panelapp_ge_id
HGNC:23157,ALG6,T1,ndd_with_epilepsy,clingen;genes4epilepsy;orphadata_genes;panelapp_au_epilepsy;panelapp_au_id;panelapp_ge_epilepsy;panelapp_ge_id
HGNC:23161,ALG8,T1,ndd_with_epilepsy,clingen;genes4epilepsy;orphadata_genes;panelapp_au_epilepsy;panelapp_au_id;panelapp_ge_epilepsy;panelapp_ge_id
HGNC:15672,ALG9,T1,ndd_with_epilepsy,clingen;genes4epilepsy;orphadata_genes;panelapp_au_epilepsy;panelapp_au_id;panelapp_ge_epilepsy;panelapp_ge_id
HGNC:427,ALK,T1,unclassified,clingen;orphadata_genes
HGNC:25189,ALKBH8,T1,ndd_with_epilepsy,genes4epilepsy;orphadata_genes;panelapp_au_epilepsy;panelapp_au_id;panelapp_ge_epilepsy;panelapp_ge_id
HGNC:428,ALMS1,T1,ndd_no_documented_epilepsy,clingen;orphadata_genes;panelapp_au_id;panelapp_ge_id
HGNC:20917,ALPK1,T1,unclassified,clingen;orphadata_genes
HGNC:17574,ALPK3,T1,unclassified,clingen
HGNC:438,ALPL,T1,ndd_with_epilepsy,clingen;genes4epilepsy;orphadata_genes;panelapp_au_epilepsy;panelapp_ge_epilepsy;panelapp_ge_id
HGNC:443,ALS2,T1,ndd_no_documented_epilepsy,clingen;orphadata_genes;panelapp_au_id;panelapp_ge_id
HGNC:1494,ALX1,T1,ndd_no_documented_epilepsy,clingen;orphadata_genes;panelapp_au_id;panelapp_ge_id
HGNC:449,ALX3,T1,ndd_no_documented_epilepsy,clingen;orphadata_genes;panelapp_au_id;panelapp_ge_id
HGNC:450,ALX4,T1,ndd_with_epilepsy,clingen;orphadata_genes;panelapp_au_epilepsy;panelapp_au_id;panelapp_ge_id
HGNC:451,AMACR,T1,epilepsy_only_unclassified,clingen;genes4epilepsy;orphadata_genes;panelapp_au_epilepsy;panelapp_ge_epilepsy
HGNC:26837,AMER1,T1,ndd_no_documented_epilepsy,clingen;orphadata_genes;panelapp_au_id;panelapp_ge_id
HGNC:17811,AMOTL1,T1,ndd_no_documented_epilepsy,orphadata_genes;panelapp_au_id
HGNC:469,AMPD2,T1,ndd_with_epilepsy,genes4epilepsy;orphadata_genes;panelapp_au_epilepsy;panelapp_au_id;panelapp_ge_epilepsy;panelapp_ge_id
HGNC:473,AMT,T1,ndd_with_epilepsy,clingen;genes4epilepsy;orphadata_genes;panelapp_au_epilepsy;panelapp_au_id;panelapp_ge_epilepsy;panelapp_ge_id
HGNC:491,ANGPTL3,T1,unclassified,clingen;orphadata_genes
HGNC:492,ANK1,T1,unclassified,clingen;orphadata_genes
HGNC:494,ANK3,T1,ndd_with_epilepsy,clingen;genes4epilepsy;orphadata_genes;panelapp_au_id;panelapp_ge_id;simons_searchlight
HGNC:29186,ANKRD26,T1,unclassified,clingen;orphadata_genes
HGNC:24600,ANKS1B,T1,ndd_no_documented_epilepsy,panelapp_au_id;panelapp_ge_id
HGNC:26724,ANKS6,T1,unclassified,clingen;orphadata_genes
HGNC:25519,ANO10,T1,ndd_no_documented_epilepsy,clingen;orphadata_genes;panelapp_ge_id
HGNC:23837,ANO4,T1,ndd_with_epilepsy,genes4epilepsy;panelapp_au_epilepsy;panelapp_au_id;panelapp_ge_epilepsy;panelapp_ge_id
HGNC:6211,ANOS1,T1,unclassified,clingen;orphadata_genes
HGNC:21014,ANTXR1,T1,ndd_no_documented_epilepsy,clingen;orphadata_genes;panelapp_ge_id
HGNC:21732,ANTXR2,T1,unclassified,clingen;orphadata_genes
HGNC:535,ANXA11,T1,unclassified,clingen;orphadata_genes
HGNC:554,AP1B1,T1,ndd_no_documented_epilepsy,clingen;orphadata_genes;panelapp_au_id;panelapp_ge_id
HGNC:555,AP1G1,T1,ndd_with_epilepsy,clingen;genes4epilepsy;orphadata_genes;panelapp_au_epilepsy;panelapp_au_id;panelapp_ge_epilepsy;panelapp_ge_id
HGNC:559,AP1S1,T1,ndd_no_documented_epilepsy,clingen;orphadata_genes;panelapp_au_id;panelapp_ge_id
HGNC:560,AP1S2,T1,ndd_no_documented_epilepsy,clingen;orphadata_genes;panelapp_au_id;panelapp_ge_id
HGNC:564,AP2M1,T1,ndd_with_epilepsy,clingen;genes4epilepsy;orphadata_genes;panelapp_au_epilepsy;panelapp_au_id;panelapp_ge_epilepsy;panelapp_ge_id
HGNC:565,AP2S1,T1,ndd_with_epilepsy,orphadata_genes;panelapp_au_epilepsy;panelapp_au_id;panelapp_ge_id
HGNC:566,AP3B1,T1,ndd_no_documented_epilepsy,clingen;orphadata_genes;panelapp_au_id;panelapp_ge_id
HGNC:567,AP3B2,T1,ndd_with_epilepsy,clingen;genes4epilepsy;orphadata_genes;panelapp_au_epilepsy;panelapp_au_id;panelapp_ge_epilepsy;panelapp_ge_id
HGNC:573,AP4E1,T1,ndd_no_documented_epilepsy,clingen;orphadata_genes;panelapp_au_id;panelapp_ge_id
HGNC:575,AP4S1,T1,ndd_no_documented_epilepsy,clingen;orphadata_genes;panelapp_au_id;panelapp_ge_id
HGNC:22197,AP5Z1,T1,ndd_no_documented_epilepsy,clingen;orphadata_genes;panelapp_ge_id
HGNC:583,APC,T1,unclassified,clingen;orphadata_genes
HGNC:24036,APC2,T1,ndd_with_epilepsy,clingen;genes4epilepsy;orphadata_genes;panelapp_au_epilepsy;panelapp_au_id;panelapp_ge_epilepsy;panelapp_ge_id
HGNC:603,APOB,T1,unclassified,clingen;orphadata_genes
HGNC:618,APOL1,T1,unclassified,clingen;orphadata_genes
HGNC:620,APP,T1,unclassified,clingen;orphadata_genes
HGNC:644,AR,T1,ndd_no_documented_epilepsy,clingen;orphadata_genes;panelapp_au_id;panelapp_ge_id
HGNC:649,ARCN1,T1,ndd_no_documented_epilepsy,orphadata_genes;panelapp_au_id;panelapp_ge_id
HGNC:652,ARF1,T1,ndd_with_epilepsy,clingen;genes4epilepsy;orphadata_genes;panelapp_au_epilepsy;panelapp_au_id;panelapp_ge_epilepsy;panelapp_ge_id
HGNC:654,ARF3,T1,ndd_with_epilepsy,genes4epilepsy;orphadata_genes;panelapp_au_epilepsy;panelapp_au_id;panelapp_ge_epilepsy;panelapp_ge_id
HGNC:15772,ARFGEF1,T1,ndd_with_epilepsy,clingen;genes4epilepsy;panelapp_au_epilepsy;panelapp_au_id;panelapp_ge_epilepsy;panelapp_ge_id
HGNC:15853,ARFGEF2,T1,ndd_with_epilepsy,clingen;genes4epilepsy;orphadata_genes;panelapp_au_epilepsy;panelapp_au_id;panelapp_ge_epilepsy;panelapp_ge_id
HGNC:30207,ARHGAP29,T1,unclassified,clingen;orphadata_genes
HGNC:4591,ARHGAP35,T1,ndd_no_documented_epilepsy,panelapp_au_id;panelapp_ge_id
HGNC:11110,ARID1A,T1,ndd_with_epilepsy,clingen;genes4epilepsy;orphadata_genes;panelapp_au_epilepsy;panelapp_au_id;panelapp_ge_id
HGNC:18037,ARID2,T1,ndd_no_documented_epilepsy,clingen;orphadata_genes;panelapp_au_id;panelapp_ge_id
HGNC:25419,ARL13B,T1,ndd_no_documented_epilepsy,clingen;orphadata_genes;panelapp_au_id;panelapp_ge_id
HGNC:17146,ARL2BP,T1,unclassified,clingen;orphadata_genes
HGNC:13210,ARL6,T1,ndd_no_documented_epilepsy,clingen;orphadata_genes;panelapp_au_id;panelapp_ge_id
HGNC:697,ARL6IP1,T1,unclassified,clingen;orphadata_genes
HGNC:23045,ARMC2,T1,unclassified,clingen;orphadata_genes
HGNC:20730,ARMC9,T1,ndd_no_documented_epilepsy,clingen;orphadata_genes;panelapp_au_id;panelapp_ge_id
HGNC:704,ARPC1B,T1,unclassified,clingen;orphadata_genes
HGNC:707,ARPC4,T1,ndd_no_documented_epilepsy,orphadata_genes;panelapp_au_id
HGNC:713,ARSA,T1,ndd_with_epilepsy,clingen;genes4epilepsy;orphadata_genes;panelapp_au_epilepsy;panelapp_au_id;panelapp_ge_id
HGNC:714,ARSB,T1,ndd_no_documented_epilepsy,clingen;orphadata_genes;panelapp_au_id;panelapp_ge_id
HGNC:719,ARSL,T1,ndd_no_documented_epilepsy,clingen;orphadata_genes;panelapp_au_id;panelapp_ge_id
HGNC:29561,ARV1,T1,ndd_with_epilepsy,genes4epilepsy;panelapp_au_epilepsy;panelapp_au_id;panelapp_ge_epilepsy;panelapp_ge_id
HGNC:735,ASAH1,T1,ndd_with_epilepsy,clingen;genes4epilepsy;orphadata_genes;panelapp_au_epilepsy;panelapp_au_id;panelapp_ge_epilepsy;panelapp_ge_id
HGNC:18697,ASCC3,T1,ndd_no_documented_epilepsy,panelapp_au_id;panelapp_ge_id
HGNC:746,ASL,T1,ndd_with_epilepsy,clingen;orphadata_genes;panelapp_au_id;panelapp_ge_epilepsy;panelapp_ge_id
HGNC:753,ASNS,T1,ndd_with_epilepsy,clingen;genes4epilepsy;orphadata_genes;panelapp_au_epilepsy;panelapp_au_id;panelapp_ge_epilepsy;panelapp_ge_id
HGNC:756,ASPA,T1,ndd_with_epilepsy,clingen;genes4epilepsy;orphadata_genes;panelapp_au_epilepsy;panelapp_au_id;panelapp_ge_epilepsy;panelapp_ge_id
HGNC:19048,ASPM,T1,ndd_with_epilepsy,clingen;genes4epilepsy;orphadata_genes;panelapp_au_epilepsy;panelapp_au_id;panelapp_ge_id
HGNC:758,ASS1,T1,ndd_no_documented_epilepsy,clingen;orphadata_genes;panelapp_au_id;panelapp_ge_id
HGNC:773,ASTN1,T1,ndd_with_epilepsy,genes4epilepsy;panelapp_au_epilepsy;panelapp_au_id;panelapp_ge_epilepsy;panelapp_ge_id
HGNC:25903,ATAD1,T1,ndd_with_epilepsy,genes4epilepsy;orphadata_genes;panelapp_au_epilepsy;panelapp_au_id;panelapp_ge_id
HGNC:25567,ATAD3A,T1,ndd_no_documented_epilepsy,orphadata_genes;panelapp_au_id;panelapp_ge_id
HGNC:791,ATF6,T1,unclassified,clingen;orphadata_genes
HGNC:588,ATG12,T1,ndd_with_epilepsy,panelapp_au_epilepsy;panelapp_au_id;panelapp_ge_id
HGNC:20789,ATG4D,T1,ndd_no_documented_epilepsy,panelapp_au_id;panelapp_ge_id
HGNC:16935,ATG7,T1,ndd_no_documented_epilepsy,clingen;panelapp_au_id;panelapp_ge_id
HGNC:794,ATIC,T1,ndd_no_documented_epilepsy,orphadata_genes;panelapp_au_id;panelapp_ge_id
HGNC:11231,ATL1,T1,ndd_no_documented_epilepsy,clingen;orphadata_genes;panelapp_au_id;panelapp_ge_id
HGNC:795,ATM,T1,ndd_no_documented_epilepsy,clingen;orphadata_genes;panelapp_au_id;panelapp_ge_id
HGNC:13552,ATP11A,T1,ndd_with_epilepsy,clingen;orphadata_genes;panelapp_au_epilepsy;panelapp_au_id;panelapp_ge_id
HGNC:30213,ATP13A2,T1,ndd_with_epilepsy,clingen;genes4epilepsy;orphadata_genes;panelapp_au_epilepsy;panelapp_au_id;panelapp_ge_id
HGNC:24113,ATP13A3,T1,unclassified,clingen;orphadata_genes
HGNC:799,ATP1A1,T1,ndd_with_epilepsy,clingen;genes4epilepsy;orphadata_genes;panelapp_au_epilepsy;panelapp_au_id;panelapp_ge_epilepsy;panelapp_ge_id
HGNC:814,ATP2B1,T1,ndd_with_epilepsy,genes4epilepsy;orphadata_genes;panelapp_au_epilepsy;panelapp_au_id;panelapp_ge_epilepsy;panelapp_ge_id
HGNC:815,ATP2B2,T1,ndd_with_epilepsy,clingen;genes4epilepsy;orphadata_genes;panelapp_au_epilepsy;panelapp_au_id;panelapp_ge_epilepsy;panelapp_ge_id
HGNC:816,ATP2B3,T1,ndd_no_documented_epilepsy,orphadata_genes;panelapp_au_id;panelapp_ge_id
HGNC:823,ATP5F1A,T1,ndd_with_epilepsy,genes4epilepsy;orphadata_genes;panelapp_au_epilepsy;panelapp_au_id;panelapp_ge_epilepsy
HGNC:850,ATP5PO,T1,ndd_with_epilepsy,clingen;genes4epilepsy;orphadata_genes;panelapp_au_epilepsy;panelapp_au_id;panelapp_ge_epilepsy
HGNC:868,ATP6AP1,T1,ndd_no_documented_epilepsy,clingen;orphadata_genes;panelapp_au_id;panelapp_ge_id
HGNC:18481,ATP6V0A2,T1,ndd_with_epilepsy,clingen;genes4epilepsy;orphadata_genes;panelapp_au_epilepsy;panelapp_au_id;panelapp_ge_epilepsy;panelapp_ge_id
HGNC:853,ATP6V1B1,T1,ndd_no_documented_epilepsy,clingen;orphadata_genes;panelapp_ge_id
HGNC:869,ATP7A,T1,ndd_with_epilepsy,clingen;genes4epilepsy;orphadata_genes;panelapp_au_epilepsy;panelapp_au_id;panelapp_ge_epilepsy;panelapp_ge_id
HGNC:870,ATP7B,T1,ndd_no_documented_epilepsy,clingen;orphadata_genes;panelapp_ge_id
HGNC:13533,ATP8A2,T1,ndd_no_documented_epilepsy,clingen;orphadata_genes;panelapp_au_id;panelapp_ge_id
HGNC:13540,ATP9A,T1,ndd_with_epilepsy,orphadata_genes;panelapp_au_epilepsy;panelapp_au_id;panelapp_ge_id
HGNC:882,ATR,T1,ndd_no_documented_epilepsy,orphadata_genes;panelapp_au_id;panelapp_ge_id
HGNC:886,ATRX,T1,ndd_with_epilepsy,clingen;genes4epilepsy;orphadata_genes;panelapp_au_epilepsy;panelapp_au_id;panelapp_ge_epilepsy;panelapp_ge_id;simons_searchlight
HGNC:10555,ATXN2,T1,ndd_no_documented_epilepsy,clingen;orphadata_genes;panelapp_ge_id
HGNC:25416,ATXN7L3,T1,ndd_no_documented_epilepsy,panelapp_au_id;panelapp_ge_id
HGNC:890,AUH,T1,ndd_no_documented_epilepsy,clingen;orphadata_genes;panelapp_au_id;panelapp_ge_id
HGNC:11391,AURKC,T1,unclassified,clingen;orphadata_genes
HGNC:903,AXIN1,T1,ndd_no_documented_epilepsy,orphadata_genes;panelapp_au_id
HGNC:904,AXIN2,T1,unclassified,clingen;orphadata_genes
HGNC:28596,B3GALNT2,T1,ndd_with_epilepsy,clingen;genes4epilepsy;orphadata_genes;panelapp_au_epilepsy;panelapp_au_id;panelapp_ge_id
HGNC:17978,B3GALT6,T1,ndd_no_documented_epilepsy,clingen;orphadata_genes;panelapp_au_id;panelapp_ge_id
HGNC:20207,B3GLCT,T1,ndd_no_documented_epilepsy,clingen;orphadata_genes;panelapp_au_id;panelapp_ge_id
HGNC:4117,B4GALNT1,T1,ndd_no_documented_epilepsy,clingen;orphadata_genes;panelapp_au_id;panelapp_ge_id
HGNC:924,B4GALT1,T1,ndd_no_documented_epilepsy,clingen;orphadata_genes;panelapp_au_id;panelapp_ge_id
HGNC:930,B4GALT7,T1,ndd_no_documented_epilepsy,clingen;orphadata_genes;panelapp_au_id;panelapp_ge_id
HGNC:24123,B9D1,T1,ndd_no_documented_epilepsy,clingen;orphadata_genes;panelapp_au_id;panelapp_ge_id
HGNC:28636,B9D2,T1,ndd_no_documented_epilepsy,clingen;orphadata_genes;panelapp_au_id;panelapp_ge_id
HGNC:939,BAG3,T1,unclassified,clingen;orphadata_genes
HGNC:947,BAIAP2,T1,ndd_with_epilepsy,genes4epilepsy;panelapp_au_epilepsy;panelapp_au_id;panelapp_ge_epilepsy;panelapp_ge_id
HGNC:950,BAP1,T1,ndd_with_epilepsy,clingen;genes4epilepsy;orphadata_genes;panelapp_au_epilepsy;panelapp_au_id;panelapp_ge_epilepsy;panelapp_ge_id
HGNC:963,BAZ2B,T1,ndd_with_epilepsy,clingen;genes4epilepsy;panelapp_au_id;panelapp_ge_id
HGNC:28093,BBIP1,T1,ndd_no_documented_epilepsy,clingen;orphadata_genes;panelapp_au_id
HGNC:966,BBS1,T1,ndd_no_documented_epilepsy,clingen;orphadata_genes;panelapp_au_id;panelapp_ge_id
HGNC:26291,BBS10,T1,ndd_no_documented_epilepsy,clingen;orphadata_genes;panelapp_au_id;panelapp_ge_id
HGNC:26648,BBS12,T1,ndd_no_documented_epilepsy,clingen;orphadata_genes;panelapp_au_id;panelapp_ge_id
HGNC:967,BBS2,T1,ndd_no_documented_epilepsy,clingen;orphadata_genes;panelapp_au_id;panelapp_ge_id
HGNC:969,BBS4,T1,ndd_no_documented_epilepsy,clingen;orphadata_genes;panelapp_au_id;panelapp_ge_id
HGNC:970,BBS5,T1,ndd_no_documented_epilepsy,clingen;orphadata_genes;panelapp_au_id;panelapp_ge_id
HGNC:18758,BBS7,T1,ndd_no_documented_epilepsy,clingen;orphadata_genes;panelapp_au_id;panelapp_ge_id
HGNC:30000,BBS9,T1,ndd_no_documented_epilepsy,clingen;orphadata_genes;panelapp_au_id;panelapp_ge_id
HGNC:16695,BCAP31,T1,ndd_no_documented_epilepsy,clingen;orphadata_genes;panelapp_au_id;panelapp_ge_id
HGNC:14347,BCAS3,T1,ndd_with_epilepsy,genes4epilepsy;orphadata_genes;panelapp_au_epilepsy;panelapp_au_id;panelapp_ge_id
HGNC:977,BCAT2,T1,unclassified,clingen
HGNC:986,BCKDHA,T1,ndd_with_epilepsy,clingen;genes4epilepsy;orphadata_genes;panelapp_au_epilepsy;panelapp_au_id;panelapp_ge_epilepsy;panelapp_ge_id
HGNC:987,BCKDHB,T1,ndd_with_epilepsy,clingen;genes4epilepsy;orphadata_genes;panelapp_au_epilepsy;panelapp_au_id;panelapp_ge_epilepsy;panelapp_ge_id
HGNC:16902,BCKDK,T1,ndd_with_epilepsy,clingen;genes4epilepsy;orphadata_genes;panelapp_au_epilepsy;panelapp_au_id;panelapp_ge_id;simons_searchlight
HGNC:989,BCL10,T1,unclassified,clingen;orphadata_genes
HGNC:13221,BCL11A,T1,ndd_with_epilepsy,clingen;genes4epilepsy;orphadata_genes;panelapp_au_epilepsy;panelapp_au_id;panelapp_ge_epilepsy;panelapp_ge_id;simons_searchlight
HGNC:13222,BCL11B,T1,ndd_no_documented_epilepsy,clingen;orphadata_genes;panelapp_au_id;panelapp_ge_id
HGNC:20893,BCOR,T1,ndd_no_documented_epilepsy,clingen;orphadata_genes;panelapp_au_id;panelapp_ge_id
HGNC:1020,BCS1L,T1,ndd_with_epilepsy,clingen;genes4epilepsy;orphadata_genes;panelapp_au_epilepsy;panelapp_au_id;panelapp_ge_epilepsy;panelapp_ge_id
HGNC:12703,BEST1,T1,unclassified,clingen;orphadata_genes
HGNC:1044,BGN,T1,ndd_no_documented_epilepsy,clingen;orphadata_genes;panelapp_ge_id
HGNC:11963,BHLHE22,T1,ndd_no_documented_epilepsy,panelapp_au_id;panelapp_ge_id
HGNC:4332,BICRA,T1,ndd_no_documented_epilepsy,clingen;panelapp_au_id;panelapp_ge_id
HGNC:1052,BIN1,T1,ndd_no_documented_epilepsy,clingen;orphadata_genes;panelapp_au_id;panelapp_ge_id
HGNC:1058,BLM,T1,ndd_no_documented_epilepsy,clingen;orphadata_genes;panelapp_au_id;panelapp_ge_id
HGNC:14211,BLNK,T1,unclassified,clingen;orphadata_genes
HGNC:4200,BLOC1S1,T1,ndd_with_epilepsy,clingen;panelapp_au_epilepsy;panelapp_au_id;panelapp_ge_epilepsy;panelapp_ge_id
HGNC:18561,BLOC1S5,T1,unclassified,clingen;orphadata_genes
HGNC:8549,BLOC1S6,T1,unclassified,clingen;orphadata_genes
HGNC:26953,BLTP1,T1,ndd_with_epilepsy,clingen;genes4epilepsy;orphadata_genes;panelapp_au_epilepsy;panelapp_au_id;panelapp_ge_epilepsy;panelapp_ge_id
HGNC:701,BMAL1,T1,ndd_with_epilepsy,genes4epilepsy;panelapp_au_id
HGNC:1071,BMP4,T1,ndd_no_documented_epilepsy,clingen;orphadata_genes;panelapp_au_id;panelapp_ge_id
HGNC:1078,BMPR2,T1,unclassified,clingen;orphadata_genes
HGNC:24415,BOLA3,T1,ndd_with_epilepsy,clingen;genes4epilepsy;orphadata_genes;panelapp_au_epilepsy;panelapp_au_id;panelapp_ge_epilepsy;panelapp_ge_id
HGNC:17950,BORCS5,T1,ndd_with_epilepsy,genes4epilepsy;orphadata_genes;panelapp_au_epilepsy;panelapp_au_id;panelapp_ge_epilepsy;panelapp_ge_id
HGNC:37247,BORCS8,T1,ndd_with_epilepsy,panelapp_au_id;panelapp_ge_epilepsy;panelapp_ge_id
HGNC:3581,BPTF,T1,ndd_with_epilepsy,clingen;genes4epilepsy;orphadata_genes;panelapp_au_epilepsy;panelapp_au_id;panelapp_ge_id
HGNC:1100,BRCA1,T1,ndd_no_documented_epilepsy,clingen;orphadata_genes;panelapp_ge_id
HGNC:1101,BRCA2,T1,ndd_no_documented_epilepsy,clingen;orphadata_genes;panelapp_ge_id
HGNC:13575,BRD4,T1,ndd_no_documented_epilepsy,clingen;orphadata_genes;panelapp_au_id;panelapp_ge_id
HGNC:11551,BRF1,T1,ndd_no_documented_epilepsy,orphadata_genes;panelapp_au_id;panelapp_ge_id
HGNC:17298,BRF2,T1,ndd_no_documented_epilepsy,panelapp_au_id;panelapp_ge_id
HGNC:14255,BRPF1,T1,ndd_no_documented_epilepsy,clingen;orphadata_genes;panelapp_au_id;panelapp_ge_id
HGNC:18994,BRSK1,T1,ndd_with_epilepsy,panelapp_au_epilepsy;panelapp_au_id;panelapp_ge_epilepsy;panelapp_ge_id
HGNC:11405,BRSK2,T1,ndd_no_documented_epilepsy,clingen;orphadata_genes;panelapp_au_id;panelapp_ge_id;simons_searchlight
HGNC:17342,BRWD3,T1,ndd_no_documented_epilepsy,clingen;orphadata_genes;panelapp_au_id;panelapp_ge_id
HGNC:15832,BSCL2,T1,ndd_with_epilepsy,clingen;genes4epilepsy;orphadata_genes;panelapp_au_epilepsy;panelapp_au_id;panelapp_ge_epilepsy;panelapp_ge_id
HGNC:1117,BSN,T1,ndd_with_epilepsy,genes4epilepsy;panelapp_au_epilepsy;panelapp_au_id;panelapp_ge_epilepsy;panelapp_ge_id
HGNC:16512,BSND,T1,ndd_no_documented_epilepsy,clingen;orphadata_genes;panelapp_au_id;panelapp_ge_id
HGNC:1122,BTD,T1,ndd_with_epilepsy,clingen;genes4epilepsy;orphadata_genes;panelapp_au_epilepsy;panelapp_au_id;panelapp_ge_epilepsy;panelapp_ge_id
HGNC:1148,BUB1,T1,ndd_no_documented_epilepsy,clingen;orphadata_genes;panelapp_au_id;panelapp_ge_id
HGNC:1149,BUB1B,T1,ndd_no_documented_epilepsy,clingen;orphadata_genes;panelapp_au_id;panelapp_ge_id
HGNC:29521,C12orf57,T1,ndd_with_epilepsy,genes4epilepsy;orphadata_genes;panelapp_au_epilepsy;panelapp_au_id;panelapp_ge_epilepsy;panelapp_ge_id
HGNC:25443,C19orf12,T1,ndd_with_epilepsy,clingen;genes4epilepsy;orphadata_genes;panelapp_au_epilepsy;panelapp_au_id;panelapp_ge_id
HGNC:1241,C1QA,T1,ndd_no_documented_epilepsy,clingen;orphadata_genes;panelapp_ge_id
HGNC:1242,C1QB,T1,unclassified,clingen;orphadata_genes
HGNC:1243,C1QBP,T1,unclassified,clingen
HGNC:14344,C1QTNF5,T1,unclassified,clingen;orphadata_genes
HGNC:24564,C2CD3,T1,ndd_no_documented_epilepsy,clingen;orphadata_genes;panelapp_au_id;panelapp_ge_id
HGNC:26799,C2orf69,T1,ndd_with_epilepsy,genes4epilepsy;panelapp_au_epilepsy;panelapp_au_id;panelapp_ge_epilepsy;panelapp_ge_id
HGNC:1318,C3,T1,unclassified,clingen;orphadata_genes
HGNC:28337,C9orf72,T1,ndd_no_documented_epilepsy,clingen;orphadata_genes;panelapp_ge_id
HGNC:1373,CA2,T1,ndd_no_documented_epilepsy,clingen;orphadata_genes;panelapp_au_id;panelapp_ge_id
HGNC:1377,CA5A,T1,ndd_with_epilepsy,clingen;orphadata_genes;panelapp_au_id;panelapp_ge_id
HGNC:1382,CA8,T1,ndd_no_documented_epilepsy,clingen;orphadata_genes;panelapp_au_id;panelapp_ge_id
HGNC:1385,CABP2,T1,unclassified,clingen;orphadata_genes
HGNC:29314,CACHD1,T1,ndd_no_documented_epilepsy,panelapp_au_id
HGNC:1389,CACNA1B,T1,ndd_with_epilepsy,clingen;genes4epilepsy;orphadata_genes;panelapp_au_epilepsy;panelapp_au_id;panelapp_ge_epilepsy;panelapp_ge_id
HGNC:1391,CACNA1D,T1,ndd_with_epilepsy,clingen;genes4epilepsy;orphadata_genes;panelapp_au_epilepsy;panelapp_au_id;panelapp_ge_epilepsy;panelapp_ge_id
HGNC:1393,CACNA1F,T1,ndd_no_documented_epilepsy,clingen;orphadata_genes;panelapp_ge_id
HGNC:1394,CACNA1G,T1,ndd_with_epilepsy,clingen;genes4epilepsy;orphadata_genes;panelapp_au_epilepsy;panelapp_au_id;panelapp_ge_epilepsy;panelapp_ge_id
HGNC:1396,CACNA1I,T1,ndd_with_epilepsy,genes4epilepsy;orphadata_genes;panelapp_au_epilepsy;panelapp_au_id;panelapp_ge_epilepsy;panelapp_ge_id
HGNC:1400,CACNA2D2,T1,ndd_with_epilepsy,clingen;genes4epilepsy;panelapp_au_epilepsy;panelapp_au_id;panelapp_ge_epilepsy;panelapp_ge_id
HGNC:20202,CACNA2D4,T1,unclassified,clingen;orphadata_genes
HGNC:1424,CAD,T1,ndd_with_epilepsy,clingen;genes4epilepsy;orphadata_genes;panelapp_au_epilepsy;panelapp_au_id;panelapp_ge_epilepsy;panelapp_ge_id
HGNC:1442,CALM1,T1,unclassified,clingen;orphadata_genes
HGNC:1445,CALM2,T1,unclassified,clingen;orphadata_genes
HGNC:1449,CALM3,T1,unclassified,clingen;orphadata_genes
HGNC:1460,CAMK2A,T1,ndd_with_epilepsy,clingen;genes4epilepsy;orphadata_genes;panelapp_au_epilepsy;panelapp_au_id;panelapp_ge_id
HGNC:1461,CAMK2B,T1,ndd_with_epilepsy,genes4epilepsy;orphadata_genes;panelapp_au_epilepsy;panelapp_au_id;panelapp_ge_id
HGNC:1462,CAMK2D,T1,ndd_with_epilepsy,clingen;panelapp_au_epilepsy;panelapp_au_id;panelapp_ge_epilepsy;panelapp_ge_id
HGNC:1464,CAMK4,T1,ndd_no_documented_epilepsy,panelapp_au_id;panelapp_ge_id
HGNC:19946,CAMSAP1,T1,ndd_with_epilepsy,genes4epilepsy;panelapp_au_epilepsy;panelapp_au_id;panelapp_ge_epilepsy;panelapp_ge_id
HGNC:18806,CAMTA1,T1,ndd_with_epilepsy,clingen;genes4epilepsy;orphadata_genes;panelapp_au_epilepsy;panelapp_au_id;panelapp_ge_id
HGNC:19721,CANT1,T1,ndd_no_documented_epilepsy,clingen;orphadata_genes;panelapp_au_id;panelapp_ge_id
HGNC:11182,CAPN15,T1,ndd_no_documented_epilepsy,orphadata_genes;panelapp_au_id;panelapp_ge_id
HGNC:1480,CAPN3,T1,unclassified,clingen;orphadata_genes
HGNC:1482,CAPN5,T1,unclassified,clingen;orphadata_genes
HGNC:1490,CAPZA2,T1,ndd_with_epilepsy,genes4epilepsy;panelapp_au_id;panelapp_ge_id
HGNC:16393,CARD11,T1,unclassified,clingen;orphadata_genes
HGNC:27089,CARMIL2,T1,unclassified,clingen;orphadata_genes
HGNC:25695,CARS2,T1,ndd_with_epilepsy,clingen;genes4epilepsy;orphadata_genes;panelapp_au_epilepsy;panelapp_au_id;panelapp_ge_epilepsy;panelapp_ge_id
HGNC:1503,CASP2,T1,ndd_with_epilepsy,genes4epilepsy;panelapp_au_id;panelapp_ge_id
HGNC:1509,CASP8,T1,unclassified,clingen;orphadata_genes
HGNC:1527,CAV1,T1,unclassified,clingen;orphadata_genes
HGNC:1529,CAV3,T1,unclassified,clingen;orphadata_genes
HGNC:9688,CAVIN1,T1,unclassified,clingen;orphadata_genes
HGNC:1539,CBFB,T1,unclassified,clingen;orphadata_genes
HGNC:1550,CBS,T1,ndd_no_documented_epilepsy,clingen;orphadata_genes;panelapp_au_id;panelapp_ge_id
HGNC:1551,CBX1,T1,ndd_no_documented_epilepsy,panelapp_au_id
HGNC:1307,CBY1,T1,ndd_no_documented_epilepsy,orphadata_genes;panelapp_au_id
HGNC:30237,CC2D1A,T1,ndd_no_documented_epilepsy,clingen;orphadata_genes;panelapp_au_id;panelapp_ge_id
HGNC:29253,CC2D2A,T1,ndd_with_epilepsy,clingen;genes4epilepsy;orphadata_genes;panelapp_au_epilepsy;panelapp_au_id;panelapp_ge_epilepsy;panelapp_ge_id
HGNC:29426,CCBE1,T1,ndd_no_documented_epilepsy,orphadata_genes;panelapp_au_id;panelapp_ge_id
HGNC:24349,CCDC186,T1,ndd_with_epilepsy,genes4epilepsy;panelapp_au_epilepsy;panelapp_au_id;panelapp_ge_epilepsy;panelapp_ge_id
HGNC:28909,CCDC22,T1,ndd_with_epilepsy,clingen;genes4epilepsy;orphadata_genes;panelapp_au_epilepsy;panelapp_au_id;panelapp_ge_id
HGNC:28295,CCDC32,T1,ndd_no_documented_epilepsy,clingen;orphadata_genes;panelapp_ge_id
HGNC:25244,CCDC39,T1,ndd_no_documented_epilepsy,clingen;orphadata_genes;panelapp_ge_id
HGNC:26090,CCDC40,T1,ndd_no_documented_epilepsy,clingen;orphadata_genes;panelapp_ge_id
HGNC:24856,CCDC47,T1,ndd_no_documented_epilepsy,panelapp_au_id;panelapp_ge_id
HGNC:26282,CCDC82,T1,ndd_no_documented_epilepsy,panelapp_au_id;panelapp_ge_id
HGNC:25523,CCDC88A,T1,ndd_with_epilepsy,genes4epilepsy;orphadata_genes;panelapp_au_epilepsy;panelapp_au_id;panelapp_ge_epilepsy;panelapp_ge_id
HGNC:19967,CCDC88C,T1,ndd_with_epilepsy,genes4epilepsy;orphadata_genes;panelapp_au_epilepsy;panelapp_au_id;panelapp_ge_epilepsy;panelapp_ge_id
HGNC:12771,CCN6,T1,unclassified,clingen;orphadata_genes
HGNC:1583,CCND2,T1,ndd_with_epilepsy,clingen;genes4epilepsy;orphadata_genes;panelapp_au_epilepsy;panelapp_au_id;panelapp_ge_epilepsy;panelapp_ge_id
HGNC:1596,CCNK,T1,ndd_no_documented_epilepsy,orphadata_genes;panelapp_au_id;panelapp_ge_id
HGNC:18576,CCNO,T1,ndd_no_documented_epilepsy,clingen;orphadata_genes;panelapp_ge_id
HGNC:1616,CCT3,T1,ndd_with_epilepsy,genes4epilepsy;panelapp_au_epilepsy;panelapp_au_id;panelapp_ge_id
HGNC:1620,CCT6A,T1,ndd_with_epilepsy,genes4epilepsy;panelapp_au_epilepsy;panelapp_au_id;panelapp_ge_id
HGNC:1633,CD19,T1,unclassified,clingen;orphadata_genes
HGNC:1677,CD247,T1,unclassified,clingen;orphadata_genes
HGNC:11922,CD27,T1,unclassified,clingen;orphadata_genes
HGNC:14258,CD2AP,T1,unclassified,clingen;orphadata_genes
HGNC:16692,CD320,T1,unclassified,clingen;orphadata_genes
HGNC:1673,CD3D,T1,unclassified,clingen;orphadata_genes
HGNC:1674,CD3E,T1,unclassified,clingen;orphadata_genes
HGNC:1675,CD3G,T1,unclassified,clingen;orphadata_genes
HGNC:11919,CD40,T1,unclassified,clingen;orphadata_genes
HGNC:11935,CD40LG,T1,unclassified,clingen;orphadata_genes
HGNC:6953,CD46,T1,unclassified,clingen;orphadata_genes
HGNC:11937,CD70,T1,unclassified,clingen;orphadata_genes
HGNC:1698,CD79A,T1,unclassified,clingen;orphadata_genes
HGNC:1699,CD79B,T1,unclassified,clingen;orphadata_genes
HGNC:1713,CDAN1,T1,unclassified,clingen;orphadata_genes
HGNC:1718,CDC14A,T1,unclassified,clingen;orphadata_genes
HGNC:1736,CDC42,T1,ndd_no_documented_epilepsy,clingen;orphadata_genes;panelapp_au_id;panelapp_ge_id
HGNC:1738,CDC42BPB,T1,ndd_with_epilepsy,genes4epilepsy;panelapp_au_epilepsy;panelapp_au_id;panelapp_ge_epilepsy;panelapp_ge_id
HGNC:1739,CDC45,T1,ndd_no_documented_epilepsy,clingen;orphadata_genes;panelapp_ge_id
HGNC:1744,CDC6,T1,ndd_no_documented_epilepsy,clingen;orphadata_genes;panelapp_au_id;panelapp_ge_id
HGNC:16783,CDC73,T1,unclassified,clingen;orphadata_genes
HGNC:1748,CDH1,T1,unclassified,clingen;orphadata_genes
HGNC:1750,CDH11,T1,ndd_no_documented_epilepsy,clingen;orphadata_genes;panelapp_au_id;panelapp_ge_id
HGNC:1759,CDH2,T1,ndd_no_documented_epilepsy,clingen;orphadata_genes;panelapp_au_id;panelapp_ge_id
HGNC:13733,CDH23,T1,ndd_no_documented_epilepsy,clingen;orphadata_genes;panelapp_ge_id
HGNC:1762,CDH3,T1,ndd_no_documented_epilepsy,clingen;orphadata_genes;panelapp_ge_id
HGNC:14550,CDHR1,T1,unclassified,clingen;orphadata_genes
HGNC:1770,CDK10,T1,ndd_no_documented_epilepsy,orphadata_genes;panelapp_au_id;panelapp_ge_id
HGNC:1733,CDK13,T1,ndd_with_epilepsy,clingen;genes4epilepsy;orphadata_genes;panelapp_au_epilepsy;panelapp_au_id;panelapp_ge_id
HGNC:8749,CDK16,T1,ndd_no_documented_epilepsy,clingen;panelapp_au_id;panelapp_ge_id
HGNC:19338,CDK19,T1,ndd_with_epilepsy,genes4epilepsy;orphadata_genes;panelapp_au_epilepsy;panelapp_au_id;panelapp_ge_epilepsy;panelapp_ge_id
HGNC:1773,CDK4,T1,ndd_no_documented_epilepsy,clingen;orphadata_genes;panelapp_au_id
HGNC:1774,CDK5,T1,epilepsy_only_unclassified,clingen;genes4epilepsy;panelapp_au_epilepsy;panelapp_ge_epilepsy
HGNC:18672,CDK5RAP2,T1,ndd_with_epilepsy,clingen;genes4epilepsy;orphadata_genes;panelapp_au_id;panelapp_ge_id
HGNC:1777,CDK6,T1,ndd_no_documented_epilepsy,orphadata_genes;panelapp_au_id
HGNC:1779,CDK8,T1,ndd_no_documented_epilepsy,orphadata_genes;panelapp_au_id;panelapp_ge_id
HGNC:1780,CDK9,T1,ndd_no_documented_epilepsy,panelapp_au_id;panelapp_ge_id
HGNC:1785,CDKN1B,T1,unclassified,clingen;orphadata_genes
HGNC:1786,CDKN1C,T1,ndd_no_documented_epilepsy,clingen;orphadata_genes;panelapp_au_id;panelapp_ge_id
HGNC:1787,CDKN2A,T1,unclassified,clingen;orphadata_genes
HGNC:17104,CDON,T1,ndd_no_documented_epilepsy,orphadata_genes;panelapp_au_id;panelapp_ge_id
HGNC:24576,CDT1,T1,ndd_no_documented_epilepsy,clingen;orphadata_genes;panelapp_au_id;panelapp_ge_id
HGNC:31948,CEACAM16,T1,unclassified,clingen;orphadata_genes
HGNC:1833,CEBPA,T1,unclassified,clingen;orphadata_genes
HGNC:1840,CECR2,T1,ndd_with_epilepsy,panelapp_au_epilepsy;panelapp_au_id
HGNC:2550,CELF2,T1,ndd_with_epilepsy,genes4epilepsy;orphadata_genes;panelapp_au_epilepsy;panelapp_au_id;panelapp_ge_epilepsy;panelapp_ge_id
HGNC:14015,CELF4,T1,ndd_with_epilepsy,genes4epilepsy;panelapp_au_epilepsy;panelapp_au_id;panelapp_ge_epilepsy;panelapp_ge_id
HGNC:1850,CELSR1,T1,ndd_with_epilepsy,genes4epilepsy;orphadata_genes;panelapp_au_epilepsy;panelapp_au_id
HGNC:3230,CELSR3,T1,ndd_with_epilepsy,panelapp_au_id;panelapp_ge_epilepsy;panelapp_ge_id
HGNC:1857,CENPF,T1,ndd_with_epilepsy,genes4epilepsy;orphadata_genes;panelapp_au_epilepsy;panelapp_au_id;panelapp_ge_id
HGNC:24866,CEP104,T1,ndd_no_documented_epilepsy,clingen;orphadata_genes;panelapp_au_id;panelapp_ge_id
HGNC:26690,CEP120,T1,ndd_no_documented_epilepsy,clingen;orphadata_genes;panelapp_au_id;panelapp_ge_id
HGNC:29086,CEP135,T1,ndd_no_documented_epilepsy,orphadata_genes;panelapp_au_id;panelapp_ge_id
HGNC:29298,CEP152,T1,ndd_no_documented_epilepsy,clingen;orphadata_genes;panelapp_au_id;panelapp_ge_id
HGNC:29182,CEP164,T1,ndd_no_documented_epilepsy,clingen;orphadata_genes;panelapp_au_id
HGNC:1859,CEP250,T1,unclassified,clingen
HGNC:29021,CEP290,T1,ndd_no_documented_epilepsy,clingen;orphadata_genes;panelapp_au_id;panelapp_ge_id
HGNC:29366,CEP295,T1,ndd_no_documented_epilepsy,orphadata_genes;panelapp_au_id;panelapp_ge_id
HGNC:12370,CEP41,T1,ndd_no_documented_epilepsy,clingen;orphadata_genes;panelapp_au_id;panelapp_ge_id
HGNC:1161,CEP55,T1,ndd_no_documented_epilepsy,orphadata_genes;panelapp_au_id;panelapp_ge_id
HGNC:30794,CEP57,T1,ndd_no_documented_epilepsy,clingen;orphadata_genes;panelapp_au_id;panelapp_ge_id
HGNC:25727,CEP76,T1,ndd_no_documented_epilepsy,panelapp_au_id
HGNC:25740,CEP78,T1,unclassified,clingen;orphadata_genes
HGNC:17966,CEP83,T1,ndd_no_documented_epilepsy,orphadata_genes;panelapp_au_id;panelapp_ge_id
HGNC:21638,CEP85L,T1,ndd_with_epilepsy,clingen;genes4epilepsy;orphadata_genes;panelapp_au_epilepsy;panelapp_au_id;panelapp_ge_epilepsy;panelapp_ge_id
HGNC:21699,CERKL,T1,unclassified,clingen;orphadata_genes
HGNC:14253,CERS1,T1,epilepsy_only_unclassified,clingen;genes4epilepsy;orphadata_genes;panelapp_au_epilepsy;panelapp_ge_epilepsy
HGNC:2205,CERT1,T1,ndd_with_epilepsy,genes4epilepsy;orphadata_genes;panelapp_au_epilepsy;panelapp_au_id;panelapp_ge_epilepsy;panelapp_ge_id
HGNC:33720,CFAP221,T1,unclassified,clingen;orphadata_genes
HGNC:28188,CFAP300,T1,unclassified,clingen;orphadata_genes
HGNC:1260,CFAP410,T1,unclassified,clingen;orphadata_genes
HGNC:27232,CFAP418,T1,ndd_no_documented_epilepsy,clingen;orphadata_genes;panelapp_au_id;panelapp_ge_id
HGNC:26456,CFAP54,T1,unclassified,clingen
HGNC:4883,CFH,T1,ndd_no_documented_epilepsy,clingen;orphadata_genes;panelapp_au_id
HGNC:5394,CFI,T1,unclassified,clingen;orphadata_genes
HGNC:1875,CFL2,T1,unclassified,clingen;orphadata_genes
HGNC:1884,CFTR,T1,unclassified,clingen;orphadata_genes
HGNC:48626,CHASERR,T1,ndd_no_documented_epilepsy,panelapp_au_id;panelapp_ge_id
HGNC:1912,CHAT,T1,unclassified,clingen;orphadata_genes
HGNC:15559,CHCHD10,T1,unclassified,clingen;orphadata_genes
HGNC:1915,CHD1,T1,ndd_with_epilepsy,clingen;genes4epilepsy;orphadata_genes;panelapp_au_epilepsy;panelapp_au_id;panelapp_ge_id
HGNC:1919,CHD4,T1,ndd_with_epilepsy,clingen;genes4epilepsy;orphadata_genes;panelapp_au_epilepsy;panelapp_au_id;panelapp_ge_epilepsy;panelapp_ge_id
HGNC:16816,CHD5,T1,ndd_with_epilepsy,genes4epilepsy;orphadata_genes;panelapp_au_epilepsy;panelapp_au_id;panelapp_ge_epilepsy;panelapp_ge_id
HGNC:20626,CHD7,T1,ndd_no_documented_epilepsy,clingen;orphadata_genes;panelapp_au_id;panelapp_ge_id
HGNC:20153,CHD8,T1,ndd_no_documented_epilepsy,clingen;orphadata_genes;panelapp_au_id;panelapp_ge_id;simons_searchlight
HGNC:1937,CHKA,T1,ndd_with_epilepsy,genes4epilepsy;orphadata_genes;panelapp_au_epilepsy;panelapp_au_id;panelapp_ge_epilepsy;panelapp_ge_id
HGNC:1938,CHKB,T1,ndd_no_documented_epilepsy,orphadata_genes;panelapp_au_id;panelapp_ge_id
HGNC:1940,CHM,T1,ndd_no_documented_epilepsy,clingen;orphadata_genes;panelapp_ge_id
HGNC:8740,CHMP1A,T1,ndd_no_documented_epilepsy,orphadata_genes;panelapp_au_id;panelapp_ge_id
HGNC:24537,CHMP2B,T1,unclassified,clingen;orphadata_genes
HGNC:1943,CHN1,T1,unclassified,clingen;orphadata_genes
HGNC:1955,CHRNA1,T1,unclassified,clingen;orphadata_genes
HGNC:1961,CHRNB1,T1,unclassified,clingen;orphadata_genes
HGNC:1962,CHRNB2,T1,ndd_with_epilepsy,clingen;genes4epilepsy;orphadata_genes;panelapp_au_epilepsy;panelapp_ge_epilepsy;panelapp_ge_id
HGNC:1967,CHRNG,T1,ndd_no_documented_epilepsy,clingen;orphadata_genes;panelapp_ge_id
HGNC:24464,CHST14,T1,ndd_no_documented_epilepsy,clingen;orphadata_genes;panelapp_au_id;panelapp_ge_id
HGNC:1971,CHST3,T1,ndd_no_documented_epilepsy,clingen;orphadata_genes;panelapp_ge_id
HGNC:6938,CHST6,T1,unclassified,clingen;orphadata_genes
HGNC:17198,CHSY1,T1,ndd_no_documented_epilepsy,clingen;orphadata_genes;panelapp_ge_id
HGNC:18435,CHTF18,T1,ndd_no_documented_epilepsy,panelapp_au_id
HGNC:14280,CIAO1,T1,ndd_no_documented_epilepsy,orphadata_genes;panelapp_ge_id
HGNC:7067,CIITA,T1,unclassified,clingen;orphadata_genes
HGNC:24212,CISD2,T1,ndd_no_documented_epilepsy,clingen;orphadata_genes;panelapp_au_id;panelapp_ge_id
HGNC:1985,CIT,T1,ndd_no_documented_epilepsy,orphadata_genes;panelapp_au_id;panelapp_ge_id
HGNC:26877,CKAP2L,T1,ndd_no_documented_epilepsy,orphadata_genes;panelapp_au_id;panelapp_ge_id
HGNC:2021,CLCN3,T1,ndd_with_epilepsy,genes4epilepsy;orphadata_genes;panelapp_au_epilepsy;panelapp_au_id;panelapp_ge_epilepsy;panelapp_ge_id
HGNC:2023,CLCN5,T1,ndd_no_documented_epilepsy,clingen;orphadata_genes;panelapp_ge_id
HGNC:2025,CLCN7,T1,ndd_no_documented_epilepsy,clingen;orphadata_genes;panelapp_au_id;panelapp_ge_id
HGNC:2027,CLCNKB,T1,ndd_no_documented_epilepsy,orphadata_genes;panelapp_au_id;panelapp_ge_id
HGNC:8514,CLDN11,T1,ndd_no_documented_epilepsy,clingen;panelapp_ge_id
HGNC:2035,CLDN14,T1,unclassified,clingen;orphadata_genes
HGNC:2037,CLDN16,T1,unclassified,clingen;orphadata_genes
HGNC:2047,CLDN5,T1,ndd_with_epilepsy,genes4epilepsy;panelapp_au_epilepsy;panelapp_au_id;panelapp_ge_epilepsy;panelapp_ge_id
HGNC:29013,CLEC16A,T1,ndd_no_documented_epilepsy,panelapp_ge_id
HGNC:16999,CLP1,T1,ndd_no_documented_epilepsy,orphadata_genes;panelapp_au_id;panelapp_ge_id
HGNC:30664,CLPB,T1,ndd_with_epilepsy,clingen;genes4epilepsy;orphadata_genes;panelapp_au_epilepsy;panelapp_au_id;panelapp_ge_epilepsy;panelapp_ge_id
HGNC:2084,CLPP,T1,ndd_no_documented_epilepsy,clingen;orphadata_genes;panelapp_au_id;panelapp_ge_id
HGNC:12605,CLRN1,T1,unclassified,clingen;orphadata_genes
HGNC:2092,CLTC,T1,ndd_with_epilepsy,genes4epilepsy;orphadata_genes;panelapp_au_epilepsy;panelapp_au_id;panelapp_ge_epilepsy;panelapp_ge_id
HGNC:25678,CLXN,T1,unclassified,clingen;orphadata_genes
HGNC:24319,CMIP,T1,ndd_with_epilepsy,panelapp_au_epilepsy;panelapp_au_id;panelapp_ge_id
HGNC:2148,CNGA1,T1,unclassified,clingen;orphadata_genes
HGNC:2150,CNGA3,T1,unclassified,clingen;orphadata_genes
HGNC:2151,CNGB1,T1,unclassified,clingen;orphadata_genes
HGNC:2153,CNGB3,T1,unclassified,clingen;orphadata_genes
HGNC:19701,CNKSR2,T1,ndd_with_epilepsy,clingen;genes4epilepsy;orphadata_genes;panelapp_au_epilepsy;panelapp_au_id;panelapp_ge_epilepsy;panelapp_ge_id
HGNC:103,CNNM2,T1,ndd_with_epilepsy,clingen;genes4epilepsy;orphadata_genes;panelapp_au_epilepsy;panelapp_au_id;panelapp_ge_epilepsy;panelapp_ge_id
HGNC:105,CNNM4,T1,unclassified,clingen;orphadata_genes
HGNC:7877,CNOT1,T1,ndd_no_documented_epilepsy,clingen;orphadata_genes;panelapp_au_id;panelapp_ge_id
HGNC:7878,CNOT2,T1,ndd_no_documented_epilepsy,orphadata_genes;panelapp_au_id;panelapp_ge_id
HGNC:10445,CNOT9,T1,ndd_with_epilepsy,clingen;genes4epilepsy;panelapp_au_epilepsy;panelapp_au_id;panelapp_ge_epilepsy;panelapp_ge_id
HGNC:2158,CNP,T1,ndd_no_documented_epilepsy,panelapp_au_id
HGNC:11968,CNPY3,T1,ndd_with_epilepsy,genes4epilepsy;orphadata_genes;panelapp_au_epilepsy;panelapp_au_id;panelapp_ge_epilepsy;panelapp_ge_id
HGNC:2172,CNTN2,T1,ndd_with_epilepsy,clingen;orphadata_genes;panelapp_au_epilepsy;panelapp_ge_epilepsy
HGNC:8011,CNTNAP1,T1,ndd_with_epilepsy,genes4epilepsy;orphadata_genes;panelapp_au_id;panelapp_ge_id
HGNC:18025,COA6,T1,unclassified,clingen;orphadata_genes
HGNC:25716,COA7,T1,unclassified,clingen
HGNC:20492,COA8,T1,ndd_no_documented_epilepsy,clingen;orphadata_genes;panelapp_au_id;panelapp_ge_id
HGNC:29932,COASY,T1,ndd_no_documented_epilepsy,orphadata_genes;panelapp_au_id;panelapp_ge_id
HGNC:2180,COCH,T1,unclassified,clingen;orphadata_genes
HGNC:6545,COG1,T1,ndd_no_documented_epilepsy,clingen;orphadata_genes;panelapp_au_id;panelapp_ge_id
HGNC:18620,COG4,T1,ndd_with_epilepsy,clingen;genes4epilepsy;orphadata_genes;panelapp_au_epilepsy;panelapp_au_id;panelapp_ge_epilepsy;panelapp_ge_id
HGNC:14857,COG5,T1,ndd_no_documented_epilepsy,clingen;orphadata_genes;panelapp_au_id;panelapp_ge_id
HGNC:18621,COG6,T1,ndd_with_epilepsy,clingen;genes4epilepsy;orphadata_genes;panelapp_au_epilepsy;panelapp_au_id;panelapp_ge_epilepsy;panelapp_ge_id
HGNC:18622,COG7,T1,ndd_with_epilepsy,clingen;genes4epilepsy;orphadata_genes;panelapp_au_epilepsy;panelapp_au_id;panelapp_ge_epilepsy;panelapp_ge_id
HGNC:18623,COG8,T1,ndd_with_epilepsy,clingen;genes4epilepsy;orphadata_genes;panelapp_au_epilepsy;panelapp_au_id;panelapp_ge_epilepsy;panelapp_ge_id
HGNC:2185,COL10A1,T1,ndd_no_documented_epilepsy,clingen;orphadata_genes;panelapp_ge_id
HGNC:2187,COL11A2,T1,ndd_no_documented_epilepsy,clingen;orphadata_genes;panelapp_ge_id
HGNC:2195,COL18A1,T1,ndd_with_epilepsy,clingen;genes4epilepsy;orphadata_genes;panelapp_au_epilepsy;panelapp_au_id;panelapp_ge_epilepsy;panelapp_ge_id
HGNC:2197,COL1A1,T1,ndd_no_documented_epilepsy,clingen;orphadata_genes;panelapp_ge_id
HGNC:2200,COL2A1,T1,ndd_no_documented_epilepsy,clingen;orphadata_genes;panelapp_ge_id
HGNC:2201,COL3A1,T1,epilepsy_only_unclassified,clingen;genes4epilepsy;orphadata_genes;panelapp_au_epilepsy
HGNC:2204,COL4A3,T1,ndd_no_documented_epilepsy,clingen;orphadata_genes;panelapp_ge_id
HGNC:2206,COL4A4,T1,ndd_no_documented_epilepsy,clingen;orphadata_genes;panelapp_ge_id
HGNC:2207,COL4A5,T1,unclassified,clingen;orphadata_genes
HGNC:2209,COL5A1,T1,unclassified,clingen;orphadata_genes
HGNC:2210,COL5A2,T1,unclassified,clingen;orphadata_genes
HGNC:2211,COL6A1,T1,ndd_no_documented_epilepsy,clingen;orphadata_genes;panelapp_ge_id
HGNC:2212,COL6A2,T1,unclassified,clingen;orphadata_genes
HGNC:2213,COL6A3,T1,ndd_no_documented_epilepsy,clingen;orphadata_genes;panelapp_ge_id
HGNC:2214,COL7A1,T1,unclassified,clingen;orphadata_genes
HGNC:2217,COL9A1,T1,ndd_no_documented_epilepsy,clingen;orphadata_genes;panelapp_ge_id
HGNC:2219,COL9A3,T1,ndd_no_documented_epilepsy,clingen;orphadata_genes;panelapp_ge_id
HGNC:17213,COLEC11,T1,ndd_no_documented_epilepsy,orphadata_genes;panelapp_au_id;panelapp_ge_id
HGNC:2227,COMP,T1,ndd_no_documented_epilepsy,clingen;orphadata_genes;panelapp_ge_id
HGNC:2231,COPB1,T1,ndd_no_documented_epilepsy,orphadata_genes;panelapp_au_id;panelapp_ge_id
HGNC:2232,COPB2,T1,ndd_no_documented_epilepsy,orphadata_genes;panelapp_au_id;panelapp_ge_id
HGNC:25223,COQ2,T1,ndd_with_epilepsy,clingen;genes4epilepsy;orphadata_genes;panelapp_au_epilepsy;panelapp_au_id;panelapp_ge_epilepsy;panelapp_ge_id
HGNC:19693,COQ4,T1,ndd_with_epilepsy,clingen;genes4epilepsy;orphadata_genes;panelapp_au_epilepsy;panelapp_au_id;panelapp_ge_epilepsy;panelapp_ge_id
HGNC:28722,COQ5,T1,ndd_with_epilepsy,clingen;panelapp_au_epilepsy;panelapp_au_id;panelapp_ge_epilepsy;panelapp_ge_id
HGNC:20233,COQ6,T1,epilepsy_only_unclassified,clingen;genes4epilepsy;orphadata_genes;panelapp_au_epilepsy;panelapp_ge_epilepsy
HGNC:2244,COQ7,T1,unclassified,clingen;orphadata_genes
HGNC:16812,COQ8A,T1,ndd_with_epilepsy,genes4epilepsy;orphadata_genes;panelapp_au_epilepsy;panelapp_au_id;panelapp_ge_id
HGNC:19041,COQ8B,T1,unclassified,clingen;orphadata_genes
HGNC:25302,COQ9,T1,ndd_with_epilepsy,clingen;genes4epilepsy;orphadata_genes;panelapp_au_epilepsy;panelapp_au_id;panelapp_ge_epilepsy;panelapp_ge_id
HGNC:2252,CORO1A,T1,ndd_no_documented_epilepsy,clingen;orphadata_genes;panelapp_au_id
HGNC:2260,COX10,T1,ndd_with_epilepsy,clingen;genes4epilepsy;orphadata_genes;panelapp_au_epilepsy;panelapp_au_id;panelapp_ge_epilepsy;panelapp_ge_id
HGNC:2261,COX11,T1,ndd_with_epilepsy,clingen;panelapp_au_epilepsy;panelapp_au_id;panelapp_ge_epilepsy;panelapp_ge_id
HGNC:2263,COX15,T1,ndd_with_epilepsy,clingen;genes4epilepsy;orphadata_genes;panelapp_au_epilepsy;panelapp_au_id;panelapp_ge_epilepsy;panelapp_ge_id
HGNC:26970,COX20,T1,ndd_no_documented_epilepsy,clingen;orphadata_genes;panelapp_au_id
HGNC:2265,COX4I1,T1,ndd_no_documented_epilepsy,clingen;orphadata_genes;panelapp_au_id
HGNC:2277,COX6A1,T1,unclassified,clingen;orphadata_genes
HGNC:2280,COX6B1,T1,ndd_no_documented_epilepsy,clingen;orphadata_genes;panelapp_au_id;panelapp_ge_id
HGNC:7687,COXFA4,T1,ndd_no_documented_epilepsy,clingen;panelapp_au_id
HGNC:2295,CP,T1,ndd_with_epilepsy,clingen;genes4epilepsy;orphadata_genes;panelapp_au_epilepsy;panelapp_au_id;panelapp_ge_id
HGNC:23228,CPAMD8,T1,unclassified,clingen;orphadata_genes
HGNC:17272,CPAP,T1,ndd_no_documented_epilepsy,clingen;orphadata_genes;panelapp_au_id;panelapp_ge_id
HGNC:2303,CPE,T1,ndd_no_documented_epilepsy,orphadata_genes;panelapp_au_id;panelapp_ge_id
HGNC:25801,CPLANE1,T1,ndd_no_documented_epilepsy,clingen;orphadata_genes;panelapp_au_id;panelapp_ge_id
HGNC:2309,CPLX1,T1,ndd_with_epilepsy,genes4epilepsy;orphadata_genes;panelapp_au_epilepsy;panelapp_ge_epilepsy;panelapp_ge_id
HGNC:2321,CPOX,T1,unclassified,clingen;orphadata_genes
HGNC:2326,CPSF3,T1,ndd_with_epilepsy,genes4epilepsy;orphadata_genes;panelapp_au_epilepsy;panelapp_au_id;panelapp_ge_epilepsy;panelapp_ge_id
HGNC:2328,CPT1A,T1,epilepsy_only_unclassified,clingen;orphadata_genes;panelapp_au_epilepsy
HGNC:2330,CPT2,T1,epilepsy_only_unclassified,clingen;genes4epilepsy;orphadata_genes;panelapp_au_epilepsy
HGNC:2336,CR2,T1,unclassified,clingen;orphadata_genes
HGNC:2340,CRADD,T1,ndd_with_epilepsy,clingen;genes4epilepsy;orphadata_genes;panelapp_au_epilepsy;panelapp_au_id;panelapp_ge_id
HGNC:2343,CRB1,T1,ndd_no_documented_epilepsy,clingen;orphadata_genes;panelapp_ge_id
HGNC:18688,CRB2,T1,ndd_no_documented_epilepsy,clingen;orphadata_genes;panelapp_au_id;panelapp_ge_id
HGNC:14312,CRIPT,T1,ndd_no_documented_epilepsy,orphadata_genes;panelapp_au_id
HGNC:16148,CRLS1,T1,ndd_no_documented_epilepsy,clingen;panelapp_au_id
HGNC:2365,CRMP1,T1,ndd_no_documented_epilepsy,panelapp_au_id;panelapp_ge_id
HGNC:15762,CRNKL1,T1,ndd_with_epilepsy,genes4epilepsy;panelapp_au_id;panelapp_ge_epilepsy;panelapp_ge_id
HGNC:37276,CRPPA,T1,ndd_with_epilepsy,clingen;genes4epilepsy;orphadata_genes;panelapp_au_epilepsy;panelapp_au_id;panelapp_ge_epilepsy;panelapp_ge_id
HGNC:2383,CRX,T1,ndd_no_documented_epilepsy,clingen;orphadata_genes;panelapp_ge_id
HGNC:29905,CSDE1,T1,ndd_no_documented_epilepsy,clingen;panelapp_au_id;panelapp_ge_id;simons_searchlight
HGNC:2433,CSF1R,T1,ndd_with_epilepsy,clingen;genes4epilepsy;orphadata_genes;panelapp_au_epilepsy;panelapp_au_id;panelapp_ge_id
HGNC:2435,CSF2RA,T1,ndd_no_documented_epilepsy,clingen;orphadata_genes;panelapp_ge_id
HGNC:2436,CSF2RB,T1,unclassified,clingen;orphadata_genes
HGNC:14026,CSMD1,T1,ndd_with_epilepsy,panelapp_au_epilepsy;panelapp_au_id
HGNC:19291,CSMD3,T1,epilepsy_only_unclassified,panelapp_au_epilepsy
HGNC:2454,CSNK1G1,T1,ndd_with_epilepsy,panelapp_au_id;panelapp_ge_epilepsy;panelapp_ge_id
HGNC:26193,CSPP1,T1,ndd_no_documented_epilepsy,clingen;orphadata_genes;panelapp_au_id;panelapp_ge_id
HGNC:2472,CSRP3,T1,unclassified,clingen;orphadata_genes
HGNC:2482,CSTB,T1,ndd_with_epilepsy,clingen;genes4epilepsy;orphadata_genes;panelapp_au_epilepsy;panelapp_au_id;panelapp_ge_epilepsy;panelapp_ge_id
HGNC:2494,CTBP1,T1,ndd_no_documented_epilepsy,orphadata_genes;panelapp_au_id;panelapp_ge_id;simons_searchlight
HGNC:26169,CTC1,T1,ndd_no_documented_epilepsy,clingen;orphadata_genes;panelapp_au_id;panelapp_ge_id
HGNC:13723,CTCF,T1,ndd_no_documented_epilepsy,clingen;orphadata_genes;panelapp_au_id;panelapp_ge_id;simons_searchlight
HGNC:2498,CTDP1,T1,ndd_no_documented_epilepsy,orphadata_genes;panelapp_au_id;panelapp_ge_id
HGNC:2501,CTH,T1,unclassified,clingen;orphadata_genes
HGNC:2505,CTLA4,T1,unclassified,clingen;orphadata_genes
HGNC:2509,CTNNA1,T1,unclassified,clingen;orphadata_genes
HGNC:2510,CTNNA2,T1,ndd_with_epilepsy,genes4epilepsy;panelapp_au_epilepsy;panelapp_au_id;panelapp_ge_epilepsy;panelapp_ge_id
HGNC:2515,CTNND1,T1,ndd_no_documented_epilepsy,clingen;orphadata_genes;panelapp_au_id;panelapp_ge_id
HGNC:2516,CTNND2,T1,ndd_no_documented_epilepsy,orphadata_genes;panelapp_au_id;panelapp_ge_id
HGNC:2518,CTNS,T1,ndd_no_documented_epilepsy,clingen;orphadata_genes;panelapp_ge_id
HGNC:2519,CTPS1,T1,unclassified,clingen;orphadata_genes
HGNC:16850,CTR9,T1,ndd_no_documented_epilepsy,clingen;orphadata_genes;panelapp_au_id;panelapp_ge_id
HGNC:9251,CTSA,T1,ndd_no_documented_epilepsy,clingen;orphadata_genes;panelapp_au_id;panelapp_ge_id
HGNC:2529,CTSD,T1,ndd_with_epilepsy,clingen;genes4epilepsy;orphadata_genes;panelapp_au_epilepsy;panelapp_au_id;panelapp_ge_epilepsy;panelapp_ge_id
HGNC:2531,CTSF,T1,ndd_with_epilepsy,clingen;genes4epilepsy;orphadata_genes;panelapp_au_epilepsy;panelapp_au_id;panelapp_ge_epilepsy;panelapp_ge_id
HGNC:2536,CTSK,T1,ndd_no_documented_epilepsy,clingen;orphadata_genes;panelapp_ge_id
HGNC:28005,CTU2,T1,ndd_with_epilepsy,genes4epilepsy;panelapp_au_epilepsy;panelapp_au_id;panelapp_ge_epilepsy;panelapp_ge_id
HGNC:2551,CUL1,T1,ndd_with_epilepsy,panelapp_au_epilepsy;panelapp_au_id
HGNC:2555,CUL4B,T1,ndd_with_epilepsy,clingen;genes4epilepsy;orphadata_genes;panelapp_au_epilepsy;panelapp_au_id;panelapp_ge_epilepsy;panelapp_ge_id
HGNC:2557,CUX1,T1,ndd_with_epilepsy,orphadata_genes;panelapp_au_id;panelapp_ge_epilepsy;panelapp_ge_id
HGNC:19347,CUX2,T1,ndd_with_epilepsy,clingen;genes4epilepsy;orphadata_genes;panelapp_au_epilepsy;panelapp_au_id;panelapp_ge_epilepsy;panelapp_ge_id
HGNC:10664,CWC27,T1,ndd_no_documented_epilepsy,clingen;orphadata_genes;panelapp_au_id;panelapp_ge_id
HGNC:25613,CWF19L1,T1,ndd_with_epilepsy,clingen;genes4epilepsy;orphadata_genes;panelapp_au_epilepsy;panelapp_au_id;panelapp_ge_id
HGNC:2561,CXCR4,T1,unclassified,clingen;orphadata_genes
HGNC:2570,CYB5A,T1,unclassified,clingen;orphadata_genes
HGNC:2873,CYB5R3,T1,ndd_no_documented_epilepsy,clingen;orphadata_genes;panelapp_au_id;panelapp_ge_id
HGNC:2579,CYC1,T1,ndd_no_documented_epilepsy,clingen;orphadata_genes;panelapp_au_id;panelapp_ge_id
HGNC:2584,CYLD,T1,unclassified,clingen;orphadata_genes
HGNC:2592,CYP11B2,T1,unclassified,clingen;orphadata_genes
HGNC:2597,CYP1B1,T1,ndd_no_documented_epilepsy,clingen;orphadata_genes;panelapp_ge_id
HGNC:2605,CYP27A1,T1,ndd_with_epilepsy,clingen;genes4epilepsy;orphadata_genes;panelapp_au_epilepsy;panelapp_au_id;panelapp_ge_epilepsy;panelapp_ge_id
HGNC:2606,CYP27B1,T1,unclassified,clingen;orphadata_genes
HGNC:20582,CYP2U1,T1,ndd_no_documented_epilepsy,clingen;orphadata_genes;panelapp_au_id;panelapp_ge_id
HGNC:23198,CYP4V2,T1,unclassified,clingen;orphadata_genes
HGNC:2652,CYP7B1,T1,ndd_no_documented_epilepsy,clingen;orphadata_genes;panelapp_ge_id
HGNC:28358,D2HGDH,T1,ndd_with_epilepsy,clingen;genes4epilepsy;orphadata_genes;panelapp_au_epilepsy;panelapp_au_id;panelapp_ge_epilepsy;panelapp_ge_id
HGNC:2666,DAG1,T1,ndd_with_epilepsy,clingen;genes4epilepsy;orphadata_genes;panelapp_au_epilepsy;panelapp_au_id;panelapp_ge_id
HGNC:1165,DAGLA,T1,ndd_no_documented_epilepsy,panelapp_au_id;panelapp_ge_id
HGNC:25538,DARS2,T1,ndd_with_epilepsy,clingen;orphadata_genes;panelapp_au_epilepsy;panelapp_au_id;panelapp_ge_id
HGNC:2698,DBT,T1,ndd_with_epilepsy,clingen;genes4epilepsy;orphadata_genes;panelapp_au_epilepsy;panelapp_au_id;panelapp_ge_epilepsy;panelapp_ge_id
HGNC:25784,DCAF17,T1,ndd_no_documented_epilepsy,clingen;orphadata_genes;panelapp_au_id;panelapp_ge_id
HGNC:2701,DCC,T1,ndd_no_documented_epilepsy,clingen;orphadata_genes;panelapp_ge_id
HGNC:18141,DCDC2,T1,unclassified,clingen;orphadata_genes
HGNC:17642,DCLRE1C,T1,unclassified,clingen;orphadata_genes
HGNC:29812,DCPS,T1,ndd_no_documented_epilepsy,orphadata_genes;panelapp_au_id;panelapp_ge_id
HGNC:2717,DDB1,T1,ndd_no_documented_epilepsy,orphadata_genes;panelapp_au_id;panelapp_ge_id
HGNC:2718,DDB2,T1,ndd_no_documented_epilepsy,clingen;orphadata_genes;panelapp_ge_id
HGNC:2719,DDC,T1,ndd_with_epilepsy,clingen;genes4epilepsy;orphadata_genes;panelapp_au_epilepsy;panelapp_au_id;panelapp_ge_epilepsy;panelapp_ge_id
HGNC:19714,DDHD1,T1,ndd_no_documented_epilepsy,clingen;orphadata_genes;panelapp_ge_id
HGNC:29106,DDHD2,T1,ndd_no_documented_epilepsy,orphadata_genes;panelapp_au_id;panelapp_ge_id
HGNC:2728,DDOST,T1,ndd_no_documented_epilepsy,clingen;orphadata_genes;panelapp_au_id;panelapp_ge_id
HGNC:2731,DDR2,T1,ndd_no_documented_epilepsy,clingen;orphadata_genes;panelapp_au_id;panelapp_ge_id
HGNC:2740,DDX17,T1,ndd_no_documented_epilepsy,panelapp_au_id;panelapp_ge_id
HGNC:17347,DDX23,T1,ndd_no_documented_epilepsy,clingen;panelapp_au_id;panelapp_ge_id
HGNC:13917,DDX39B,T1,ndd_with_epilepsy,genes4epilepsy;panelapp_au_epilepsy;panelapp_au_id;panelapp_ge_id
HGNC:18674,DDX41,T1,ndd_no_documented_epilepsy,clingen;orphadata_genes;panelapp_au_id
HGNC:25360,DDX59,T1,ndd_no_documented_epilepsy,clingen;orphadata_genes;panelapp_au_id;panelapp_ge_id
HGNC:2747,DDX6,T1,ndd_no_documented_epilepsy,orphadata_genes;panelapp_au_id;panelapp_ge_id
HGNC:13709,DEGS1,T1,ndd_with_epilepsy,clingen;genes4epilepsy;panelapp_au_epilepsy;panelapp_au_id;panelapp_ge_epilepsy;panelapp_ge_id
HGNC:11350,DENND2B,T1,ndd_with_epilepsy,genes4epilepsy;panelapp_au_epilepsy;panelapp_au_id
HGNC:19344,DENND5A,T1,ndd_with_epilepsy,genes4epilepsy;panelapp_au_epilepsy;panelapp_au_id;panelapp_ge_epilepsy;panelapp_ge_id
HGNC:28338,DENND5B,T1,ndd_with_epilepsy,clingen;genes4epilepsy;panelapp_au_id;panelapp_ge_epilepsy;panelapp_ge_id
HGNC:18423,DEPDC5,T1,ndd_with_epilepsy,clingen;genes4epilepsy;orphadata_genes;panelapp_au_epilepsy;panelapp_au_id;panelapp_ge_epilepsy;panelapp_ge_id
HGNC:2770,DES,T1,unclassified,clingen;orphadata_genes
HGNC:2852,DGKE,T1,unclassified,clingen;orphadata_genes
HGNC:2858,DGUOK,T1,unclassified,clingen;orphadata_genes
HGNC:2859,DHCR24,T1,ndd_with_epilepsy,clingen;genes4epilepsy;orphadata_genes;panelapp_au_epilepsy;panelapp_au_id;panelapp_ge_epilepsy;panelapp_ge_id
HGNC:2860,DHCR7,T1,ndd_with_epilepsy,clingen;orphadata_genes;panelapp_au_id;panelapp_ge_epilepsy;panelapp_ge_id
HGNC:2861,DHFR,T1,ndd_with_epilepsy,genes4epilepsy;orphadata_genes;panelapp_au_epilepsy;panelapp_au_id;panelapp_ge_id
HGNC:2867,DHODH,T1,ndd_no_documented_epilepsy,clingen;orphadata_genes;panelapp_ge_id
HGNC:2869,DHPS,T1,ndd_with_epilepsy,genes4epilepsy;panelapp_au_epilepsy;panelapp_au_id;panelapp_ge_epilepsy;panelapp_ge_id
HGNC:18399,DHRSX,T1,ndd_with_epilepsy,panelapp_au_epilepsy;panelapp_au_id;panelapp_ge_epilepsy;panelapp_ge_id
HGNC:23537,DHTKD1,T1,ndd_no_documented_epilepsy,clingen;orphadata_genes;panelapp_au_id;panelapp_ge_id
HGNC:2739,DHX16,T1,epilepsy_only_unclassified,genes4epilepsy;panelapp_au_epilepsy;panelapp_ge_epilepsy
HGNC:17210,DHX37,T1,ndd_no_documented_epilepsy,orphadata_genes;panelapp_au_id;panelapp_ge_id
HGNC:2750,DHX9,T1,ndd_with_epilepsy,genes4epilepsy;panelapp_au_id;panelapp_ge_id
HGNC:2876,DIAPH1,T1,ndd_with_epilepsy,clingen;genes4epilepsy;orphadata_genes;panelapp_au_epilepsy;panelapp_au_id;panelapp_ge_epilepsy;panelapp_ge_id
HGNC:17098,DICER1,T1,unclassified,clingen;orphadata_genes
HGNC:29150,DIP2C,T1,ndd_with_epilepsy,genes4epilepsy;panelapp_au_epilepsy;panelapp_au_id
HGNC:28648,DIS3L2,T1,ndd_no_documented_epilepsy,clingen;orphadata_genes;panelapp_au_id;panelapp_ge_id
HGNC:19711,DISP1,T1,ndd_no_documented_epilepsy,clingen;orphadata_genes;panelapp_au_id
HGNC:2890,DKC1,T1,ndd_no_documented_epilepsy,clingen;orphadata_genes;panelapp_au_id;panelapp_ge_id
HGNC:2896,DLAT,T1,ndd_no_documented_epilepsy,clingen;orphadata_genes;panelapp_au_id;panelapp_ge_id
HGNC:2898,DLD,T1,ndd_no_documented_epilepsy,clingen;orphadata_genes;panelapp_au_id;panelapp_ge_id
HGNC:2902,DLG3,T1,ndd_no_documented_epilepsy,clingen;orphadata_genes;panelapp_au_id;panelapp_ge_id
HGNC:2908,DLL1,T1,ndd_with_epilepsy,clingen;genes4epilepsy;orphadata_genes;panelapp_au_epilepsy;panelapp_au_id;panelapp_ge_epilepsy;panelapp_ge_id
HGNC:18291,DMAP1,T1,ndd_no_documented_epilepsy,panelapp_au_id
HGNC:2928,DMD,T1,ndd_no_documented_epilepsy,clingen;orphadata_genes;panelapp_au_id;panelapp_ge_id
HGNC:2934,DMRT1,T1,unclassified,clingen;orphadata_genes
HGNC:2938,DMXL2,T1,ndd_with_epilepsy,clingen;genes4epilepsy;orphadata_genes;panelapp_au_epilepsy;panelapp_au_id;panelapp_ge_epilepsy;panelapp_ge_id
HGNC:30539,DNAAF1,T1,unclassified,clingen;orphadata_genes
HGNC:16725,DNAAF11,T1,ndd_no_documented_epilepsy,clingen;orphadata_genes;panelapp_ge_id
HGNC:32700,DNAAF19,T1,ndd_no_documented_epilepsy,clingen;orphadata_genes;panelapp_ge_id
HGNC:20188,DNAAF2,T1,unclassified,clingen;orphadata_genes
HGNC:30492,DNAAF3,T1,ndd_no_documented_epilepsy,clingen;orphadata_genes;panelapp_ge_id
HGNC:21493,DNAAF4,T1,ndd_no_documented_epilepsy,clingen;orphadata_genes;panelapp_ge_id
HGNC:26013,DNAAF5,T1,unclassified,clingen;orphadata_genes
HGNC:28570,DNAAF6,T1,unclassified,clingen;orphadata_genes
HGNC:2940,DNAH1,T1,unclassified,clingen;orphadata_genes
HGNC:2942,DNAH11,T1,unclassified,clingen;orphadata_genes
HGNC:2943,DNAH12,T1,unclassified,clingen
HGNC:2946,DNAH17,T1,unclassified,clingen;orphadata_genes
HGNC:2950,DNAH5,T1,unclassified,clingen;orphadata_genes
HGNC:2953,DNAH9,T1,unclassified,clingen;orphadata_genes
HGNC:2954,DNAI1,T1,unclassified,clingen;orphadata_genes
HGNC:18744,DNAI2,T1,unclassified,clingen;orphadata_genes
HGNC:14889,DNAJB11,T1,unclassified,clingen;orphadata_genes
HGNC:5228,DNAJB2,T1,unclassified,clingen;orphadata_genes
HGNC:14888,DNAJB6,T1,unclassified,clingen;orphadata_genes
HGNC:28908,DNAJC12,T1,ndd_no_documented_epilepsy,clingen;orphadata_genes;panelapp_au_id;panelapp_ge_id
HGNC:30528,DNAJC19,T1,ndd_no_documented_epilepsy,clingen;orphadata_genes;panelapp_au_id;panelapp_ge_id
HGNC:27030,DNAJC21,T1,unclassified,clingen;orphadata_genes
HGNC:16410,DNAJC30,T1,unclassified,clingen;orphadata_genes
HGNC:16235,DNAJC5,T1,epilepsy_only_unclassified,clingen;genes4epilepsy;orphadata_genes;panelapp_au_epilepsy;panelapp_ge_epilepsy
HGNC:15469,DNAJC6,T1,ndd_with_epilepsy,genes4epilepsy;orphadata_genes;panelapp_au_epilepsy;panelapp_au_id;panelapp_ge_epilepsy
HGNC:23247,DNAL1,T1,unclassified,clingen;orphadata_genes
HGNC:2959,DNASE1L3,T1,unclassified,clingen;orphadata_genes
HGNC:2974,DNM2,T1,ndd_no_documented_epilepsy,clingen;orphadata_genes;panelapp_ge_id
HGNC:2976,DNMT1,T1,ndd_no_documented_epilepsy,clingen;orphadata_genes;panelapp_ge_id
HGNC:2979,DNMT3B,T1,ndd_no_documented_epilepsy,clingen;orphadata_genes;panelapp_au_id;panelapp_ge_id
HGNC:23483,DOCK11,T1,ndd_no_documented_epilepsy,clingen;orphadata_genes;panelapp_ge_id
HGNC:2988,DOCK2,T1,unclassified,clingen;orphadata_genes
HGNC:2989,DOCK3,T1,ndd_no_documented_epilepsy,orphadata_genes;panelapp_au_id;panelapp_ge_id
HGNC:19192,DOCK4,T1,ndd_no_documented_epilepsy,panelapp_au_id;panelapp_ge_id
HGNC:19189,DOCK6,T1,ndd_no_documented_epilepsy,clingen;orphadata_genes;panelapp_au_id;panelapp_ge_id
HGNC:19190,DOCK7,T1,ndd_with_epilepsy,clingen;genes4epilepsy;orphadata_genes;panelapp_au_epilepsy;panelapp_au_id;panelapp_ge_epilepsy;panelapp_ge_id
HGNC:19191,DOCK8,T1,ndd_no_documented_epilepsy,clingen;orphadata_genes;panelapp_au_id;panelapp_ge_id
HGNC:28662,DOHH,T1,ndd_with_epilepsy,genes4epilepsy;orphadata_genes;panelapp_au_epilepsy;panelapp_au_id;panelapp_ge_id
HGNC:26594,DOK7,T1,ndd_no_documented_epilepsy,clingen;orphadata_genes;panelapp_au_id
HGNC:23406,DOLK,T1,ndd_with_epilepsy,clingen;genes4epilepsy;orphadata_genes;panelapp_au_epilepsy;panelapp_au_id;panelapp_ge_epilepsy;panelapp_ge_id
HGNC:21194,DOP1A,T1,ndd_with_epilepsy,panelapp_au_epilepsy;panelapp_au_id
HGNC:24948,DOT1L,T1,ndd_no_documented_epilepsy,panelapp_au_id
HGNC:2995,DPAGT1,T1,ndd_with_epilepsy,clingen;genes4epilepsy;orphadata_genes;panelapp_au_epilepsy;panelapp_au_id;panelapp_ge_epilepsy;panelapp_ge_id
HGNC:9964,DPF2,T1,ndd_no_documented_epilepsy,clingen;orphadata_genes;panelapp_au_id;panelapp_ge_id
HGNC:3003,DPH1,T1,ndd_no_documented_epilepsy,clingen;orphadata_genes;panelapp_au_id;panelapp_ge_id
HGNC:3004,DPH2,T1,ndd_no_documented_epilepsy,orphadata_genes;panelapp_au_id;panelapp_ge_id
HGNC:24270,DPH5,T1,ndd_with_epilepsy,clingen;panelapp_au_id;panelapp_ge_epilepsy;panelapp_ge_id
HGNC:3005,DPM1,T1,ndd_with_epilepsy,clingen;genes4epilepsy;orphadata_genes;panelapp_au_epilepsy;panelapp_au_id;panelapp_ge_epilepsy;panelapp_ge_id
HGNC:3006,DPM2,T1,ndd_with_epilepsy,clingen;genes4epilepsy;orphadata_genes;panelapp_au_epilepsy;panelapp_au_id;panelapp_ge_epilepsy;panelapp_ge_id
HGNC:19414,DPY19L2,T1,unclassified,clingen;orphadata_genes
HGNC:3012,DPYD,T1,ndd_with_epilepsy,genes4epilepsy;orphadata_genes;panelapp_au_epilepsy;panelapp_au_id;panelapp_ge_epilepsy;panelapp_ge_id
HGNC:3013,DPYS,T1,ndd_no_documented_epilepsy,orphadata_genes;panelapp_au_id;panelapp_ge_id
HGNC:20637,DPYSL5,T1,ndd_no_documented_epilepsy,orphadata_genes;panelapp_au_id;panelapp_ge_id
HGNC:24245,DRC1,T1,unclassified,clingen;orphadata_genes
HGNC:29937,DRC2,T1,ndd_no_documented_epilepsy,clingen;orphadata_genes;panelapp_ge_id
HGNC:4166,DRC4,T1,ndd_no_documented_epilepsy,clingen;orphadata_genes;panelapp_ge_id
HGNC:3020,DRD1,T1,ndd_no_documented_epilepsy,panelapp_au_id
HGNC:3029,DRG1,T1,ndd_no_documented_epilepsy,panelapp_au_id
HGNC:17904,DROSHA,T1,ndd_with_epilepsy,genes4epilepsy;panelapp_au_epilepsy;panelapp_au_id;panelapp_ge_epilepsy;panelapp_ge_id
HGNC:3036,DSC2,T1,unclassified,clingen;orphadata_genes
HGNC:3039,DSCAM,T1,ndd_with_epilepsy,panelapp_au_epilepsy;panelapp_au_id;panelapp_ge_id;simons_searchlight
HGNC:21144,DSE,T1,ndd_no_documented_epilepsy,clingen;orphadata_genes;panelapp_au_id
HGNC:3049,DSG2,T1,unclassified,clingen;orphadata_genes
HGNC:3054,DSPP,T1,ndd_no_documented_epilepsy,clingen;orphadata_genes;panelapp_ge_id
HGNC:1090,DST,T1,ndd_no_documented_epilepsy,clingen;orphadata_genes;panelapp_ge_id
HGNC:17328,DTNBP1,T1,unclassified,clingen;orphadata_genes
HGNC:3061,DTYMK,T1,ndd_with_epilepsy,panelapp_au_epilepsy;panelapp_au_id;panelapp_ge_epilepsy;panelapp_ge_id
HGNC:21317,DYM,T1,ndd_no_documented_epilepsy,orphadata_genes;panelapp_au_id;panelapp_ge_id
HGNC:2964,DYNC1I2,T1,ndd_no_documented_epilepsy,panelapp_au_id;panelapp_ge_id
HGNC:2962,DYNC2H1,T1,ndd_with_epilepsy,clingen;genes4epilepsy;orphadata_genes;panelapp_au_id;panelapp_ge_id
HGNC:21862,DYNC2I1,T1,ndd_no_documented_epilepsy,clingen;orphadata_genes;panelapp_ge_id
HGNC:28296,DYNC2I2,T1,ndd_no_documented_epilepsy,clingen;orphadata_genes;panelapp_au_id;panelapp_ge_id
HGNC:26551,DZIP1L,T1,unclassified,clingen;orphadata_genes
HGNC:3133,EBP,T1,ndd_no_documented_epilepsy,clingen;orphadata_genes;panelapp_au_id;panelapp_ge_id
HGNC:3151,ECHS1,T1,epilepsy_only_unclassified,clingen;genes4epilepsy;orphadata_genes;panelapp_au_epilepsy
HGNC:3153,ECM1,T1,epilepsy_only_unclassified,genes4epilepsy;orphadata_genes;panelapp_au_epilepsy
HGNC:2895,EDAR,T1,unclassified,clingen;orphadata_genes
HGNC:16787,EDEM3,T1,ndd_no_documented_epilepsy,clingen;orphadata_genes;panelapp_au_id;panelapp_ge_id
HGNC:3188,EED,T1,ndd_with_epilepsy,clingen;genes4epilepsy;orphadata_genes;panelapp_au_epilepsy;panelapp_au_id;panelapp_ge_id
HGNC:3208,EEF1B2,T1,ndd_with_epilepsy,genes4epilepsy;orphadata_genes;panelapp_au_epilepsy;panelapp_au_id;panelapp_ge_id
HGNC:3211,EEF1D,T1,ndd_no_documented_epilepsy,panelapp_au_id;panelapp_ge_id
HGNC:3214,EEF2,T1,ndd_no_documented_epilepsy,orphadata_genes;panelapp_au_id
HGNC:24614,EEFSEC,T1,ndd_with_epilepsy,panelapp_au_epilepsy;panelapp_au_id;panelapp_ge_epilepsy;panelapp_ge_id
HGNC:3218,EFEMP1,T1,unclassified,clingen;orphadata_genes
HGNC:3219,EFEMP2,T1,unclassified,clingen;orphadata_genes
HGNC:25789,EFL1,T1,unclassified,clingen;orphadata_genes
HGNC:3226,EFNB1,T1,ndd_no_documented_epilepsy,clingen;orphadata_genes;panelapp_au_id;panelapp_ge_id
HGNC:30858,EFTUD2,T1,ndd_with_epilepsy,clingen;genes4epilepsy;orphadata_genes;panelapp_au_epilepsy;panelapp_au_id;panelapp_ge_epilepsy;panelapp_ge_id
HGNC:3236,EGFR,T1,unclassified,clingen;orphadata_genes
HGNC:1232,EGLN1,T1,unclassified,clingen;orphadata_genes
HGNC:3239,EGR2,T1,ndd_no_documented_epilepsy,clingen;orphadata_genes;panelapp_ge_id
HGNC:14129,EHMT2,T1,ndd_no_documented_epilepsy,panelapp_au_id
HGNC:3250,EIF1AX,T1,ndd_no_documented_epilepsy,orphadata_genes;panelapp_au_id;panelapp_ge_id
HGNC:9437,EIF2AK2,T1,ndd_with_epilepsy,genes4epilepsy;orphadata_genes;panelapp_au_epilepsy;panelapp_au_id;panelapp_ge_epilepsy;panelapp_ge_id
HGNC:3255,EIF2AK3,T1,ndd_no_documented_epilepsy,orphadata_genes;panelapp_au_id;panelapp_ge_id
HGNC:19687,EIF2AK4,T1,unclassified,clingen;orphadata_genes
HGNC:3257,EIF2B1,T1,ndd_with_epilepsy,clingen;genes4epilepsy;orphadata_genes;panelapp_au_epilepsy;panelapp_au_id;panelapp_ge_epilepsy
HGNC:3258,EIF2B2,T1,ndd_with_epilepsy,clingen;genes4epilepsy;orphadata_genes;panelapp_au_epilepsy;panelapp_au_id;panelapp_ge_epilepsy
HGNC:3259,EIF2B3,T1,ndd_with_epilepsy,clingen;genes4epilepsy;orphadata_genes;panelapp_au_epilepsy;panelapp_au_id;panelapp_ge_epilepsy
HGNC:3260,EIF2B4,T1,ndd_with_epilepsy,clingen;genes4epilepsy;orphadata_genes;panelapp_au_epilepsy;panelapp_au_id;panelapp_ge_epilepsy
HGNC:3261,EIF2B5,T1,ndd_with_epilepsy,clingen;genes4epilepsy;orphadata_genes;panelapp_au_epilepsy;panelapp_au_id;panelapp_ge_epilepsy
HGNC:3267,EIF2S3,T1,ndd_with_epilepsy,clingen;genes4epilepsy;orphadata_genes;panelapp_au_epilepsy;panelapp_au_id;panelapp_ge_epilepsy;panelapp_ge_id
HGNC:3271,EIF3A,T1,ndd_no_documented_epilepsy,panelapp_au_id
HGNC:3280,EIF3B,T1,ndd_no_documented_epilepsy,panelapp_au_id
HGNC:3284,EIF4A2,T1,ndd_with_epilepsy,genes4epilepsy;orphadata_genes;panelapp_au_epilepsy;panelapp_au_id;panelapp_ge_epilepsy;panelapp_ge_id
HGNC:18683,EIF4A3,T1,ndd_no_documented_epilepsy,orphadata_genes;panelapp_au_id;panelapp_ge_id
HGNC:3300,EIF5A,T1,ndd_no_documented_epilepsy,orphadata_genes;panelapp_au_id;panelapp_ge_id
HGNC:12383,EIPR1,T1,ndd_no_documented_epilepsy,panelapp_au_id;panelapp_ge_id
HGNC:14198,ELAC2,T1,ndd_no_documented_epilepsy,clingen;orphadata_genes;panelapp_au_id;panelapp_ge_id
HGNC:3309,ELANE,T1,unclassified,clingen;orphadata_genes
HGNC:3313,ELAVL2,T1,ndd_with_epilepsy,panelapp_au_epilepsy;panelapp_au_id;panelapp_ge_epilepsy;panelapp_ge_id
HGNC:3319,ELF4,T1,unclassified,clingen;orphadata_genes
HGNC:33154,ELFN1,T1,ndd_with_epilepsy,panelapp_au_epilepsy;panelapp_ge_epilepsy;panelapp_ge_id
HGNC:3327,ELN,T1,ndd_no_documented_epilepsy,clingen;orphadata_genes;panelapp_ge_id
HGNC:14415,ELOVL4,T1,ndd_with_epilepsy,clingen;genes4epilepsy;orphadata_genes;panelapp_au_epilepsy;panelapp_au_id;panelapp_ge_id
HGNC:18248,ELP2,T1,ndd_no_documented_epilepsy,clingen;orphadata_genes;panelapp_au_id;panelapp_ge_id
HGNC:28957,EMC1,T1,ndd_with_epilepsy,clingen;genes4epilepsy;orphadata_genes;panelapp_au_epilepsy;panelapp_au_id;panelapp_ge_id
HGNC:27609,EMC10,T1,ndd_with_epilepsy,genes4epilepsy;orphadata_genes;panelapp_au_epilepsy;panelapp_au_id;panelapp_ge_epilepsy;panelapp_ge_id
HGNC:16912,EMG1,T1,ndd_no_documented_epilepsy,clingen;orphadata_genes;panelapp_au_id;panelapp_ge_id
HGNC:19880,EMILIN1,T1,unclassified,clingen;orphadata_genes
HGNC:3330,EML1,T1,ndd_with_epilepsy,clingen;genes4epilepsy;orphadata_genes;panelapp_au_epilepsy;panelapp_au_id;panelapp_ge_epilepsy;panelapp_ge_id
HGNC:3349,ENG,T1,unclassified,clingen;orphadata_genes
HGNC:3356,ENPP1,T1,ndd_no_documented_epilepsy,clingen;orphadata_genes;panelapp_ge_id
HGNC:3363,ENTPD1,T1,ndd_with_epilepsy,clingen;orphadata_genes;panelapp_au_id;panelapp_ge_epilepsy;panelapp_ge_id
HGNC:28526,EOGT,T1,ndd_no_documented_epilepsy,clingen;orphadata_genes;panelapp_au_id;panelapp_ge_id
HGNC:11958,EP400,T1,ndd_with_epilepsy,genes4epilepsy;panelapp_au_epilepsy;panelapp_au_id
HGNC:3380,EPB41L3,T1,ndd_with_epilepsy,genes4epilepsy;panelapp_au_epilepsy;panelapp_au_id;panelapp_ge_epilepsy;panelapp_ge_id
HGNC:29331,EPG5,T1,ndd_with_epilepsy,clingen;genes4epilepsy;orphadata_genes;panelapp_au_epilepsy;panelapp_au_id;panelapp_ge_epilepsy;panelapp_ge_id
HGNC:3395,EPHB4,T1,unclassified,clingen;orphadata_genes
HGNC:3418,EPRS1,T1,ndd_no_documented_epilepsy,panelapp_au_id
HGNC:3432,ERBB4,T1,ndd_no_documented_epilepsy,clingen;orphadata_genes;panelapp_au_id;panelapp_ge_id
HGNC:3433,ERCC1,T1,ndd_no_documented_epilepsy,orphadata_genes;panelapp_au_id;panelapp_ge_id
HGNC:3434,ERCC2,T1,ndd_no_documented_epilepsy,clingen;orphadata_genes;panelapp_au_id;panelapp_ge_id
HGNC:3435,ERCC3,T1,ndd_no_documented_epilepsy,clingen;orphadata_genes;panelapp_au_id;panelapp_ge_id
HGNC:3436,ERCC4,T1,ndd_no_documented_epilepsy,clingen;orphadata_genes;panelapp_au_id;panelapp_ge_id
HGNC:3437,ERCC5,T1,ndd_no_documented_epilepsy,clingen;orphadata_genes;panelapp_au_id;panelapp_ge_id
HGNC:3438,ERCC6,T1,ndd_no_documented_epilepsy,clingen;orphadata_genes;panelapp_au_id;panelapp_ge_id
HGNC:26922,ERCC6L2,T1,ndd_no_documented_epilepsy,orphadata_genes;panelapp_au_id;panelapp_ge_id
HGNC:3439,ERCC8,T1,ndd_no_documented_epilepsy,clingen;orphadata_genes;panelapp_au_id;panelapp_ge_id
HGNC:3444,ERF,T1,ndd_no_documented_epilepsy,clingen;orphadata_genes;panelapp_au_id;panelapp_ge_id
HGNC:23994,ERI1,T1,ndd_no_documented_epilepsy,panelapp_au_id;panelapp_ge_id
HGNC:16947,ERLIN1,T1,unclassified,clingen;orphadata_genes
HGNC:1356,ERLIN2,T1,ndd_no_documented_epilepsy,clingen;orphadata_genes;panelapp_au_id;panelapp_ge_id
HGNC:17474,ESAM,T1,ndd_with_epilepsy,genes4epilepsy;panelapp_au_epilepsy;panelapp_au_id;panelapp_ge_epilepsy;panelapp_ge_id
HGNC:27230,ESCO2,T1,ndd_no_documented_epilepsy,clingen;orphadata_genes;panelapp_au_id;panelapp_ge_id
HGNC:13281,ESPN,T1,unclassified,clingen;orphadata_genes
HGNC:3473,ESRRB,T1,unclassified,clingen;orphadata_genes
HGNC:3474,ESRRG,T1,ndd_no_documented_epilepsy,panelapp_au_id
HGNC:3481,ETFA,T1,ndd_no_documented_epilepsy,clingen;orphadata_genes;panelapp_au_id;panelapp_ge_id
HGNC:3482,ETFB,T1,ndd_no_documented_epilepsy,clingen;orphadata_genes;panelapp_au_id;panelapp_ge_id
HGNC:3483,ETFDH,T1,ndd_no_documented_epilepsy,clingen;orphadata_genes;panelapp_au_id;panelapp_ge_id
HGNC:23287,ETHE1,T1,ndd_with_epilepsy,clingen;genes4epilepsy;orphadata_genes;panelapp_au_epilepsy;panelapp_au_id;panelapp_ge_epilepsy;panelapp_ge_id
HGNC:3495,ETV6,T1,unclassified,clingen;orphadata_genes
HGNC:3497,EVC,T1,ndd_no_documented_epilepsy,clingen;orphadata_genes;panelapp_au_id;panelapp_ge_id
HGNC:19747,EVC2,T1,ndd_no_documented_epilepsy,clingen;orphadata_genes;panelapp_au_id;panelapp_ge_id
HGNC:17085,EXOC6B,T1,unclassified,clingen;orphadata_genes
HGNC:23214,EXOC7,T1,ndd_with_epilepsy,clingen;genes4epilepsy;panelapp_au_epilepsy;panelapp_au_id;panelapp_ge_epilepsy;panelapp_ge_id
HGNC:24659,EXOC8,T1,ndd_no_documented_epilepsy,panelapp_au_id
HGNC:17944,EXOSC3,T1,ndd_with_epilepsy,genes4epilepsy;orphadata_genes;panelapp_au_epilepsy;panelapp_au_id;panelapp_ge_epilepsy;panelapp_ge_id
HGNC:17035,EXOSC8,T1,ndd_with_epilepsy,orphadata_genes;panelapp_au_epilepsy;panelapp_au_id;panelapp_ge_id
HGNC:3513,EXT2,T1,ndd_with_epilepsy,clingen;genes4epilepsy;orphadata_genes;panelapp_au_epilepsy;panelapp_au_id;panelapp_ge_epilepsy;panelapp_ge_id
HGNC:3518,EXTL3,T1,ndd_no_documented_epilepsy,clingen;orphadata_genes;panelapp_au_id;panelapp_ge_id
HGNC:3519,EYA1,T1,ndd_no_documented_epilepsy,clingen;orphadata_genes;panelapp_ge_id
HGNC:3522,EYA4,T1,unclassified,clingen;orphadata_genes
HGNC:21555,EYS,T1,unclassified,clingen;orphadata_genes
HGNC:3526,EZH1,T1,ndd_no_documented_epilepsy,panelapp_au_id;panelapp_ge_id
HGNC:3527,EZH2,T1,ndd_no_documented_epilepsy,clingen;orphadata_genes;panelapp_au_id;panelapp_ge_id
HGNC:3528,F10,T1,unclassified,clingen;orphadata_genes
HGNC:3529,F11,T1,unclassified,clingen;orphadata_genes
HGNC:3530,F12,T1,unclassified,clingen;orphadata_genes
HGNC:3531,F13A1,T1,unclassified,clingen;orphadata_genes
HGNC:3534,F13B,T1,unclassified,clingen;orphadata_genes
HGNC:3535,F2,T1,unclassified,clingen;orphadata_genes
HGNC:3542,F5,T1,ndd_no_documented_epilepsy,clingen;orphadata_genes;panelapp_ge_id
HGNC:3544,F7,T1,unclassified,clingen;orphadata_genes
HGNC:3546,F8,T1,unclassified,clingen;orphadata_genes
HGNC:3551,F9,T1,unclassified,clingen;orphadata_genes
HGNC:21197,FA2H,T1,ndd_with_epilepsy,clingen;genes4epilepsy;orphadata_genes;panelapp_au_epilepsy;panelapp_au_id;panelapp_ge_id
HGNC:3579,FAH,T1,ndd_no_documented_epilepsy,clingen;orphadata_genes;panelapp_ge_id
HGNC:24725,FAM111A,T1,ndd_no_documented_epilepsy,clingen;orphadata_genes;panelapp_au_id;panelapp_ge_id
HGNC:29162,FAM149B1,T1,ndd_no_documented_epilepsy,clingen;orphadata_genes;panelapp_au_id
HGNC:22140,FAM20C,T1,ndd_no_documented_epilepsy,clingen;orphadata_genes;panelapp_au_id;panelapp_ge_id
HGNC:18786,FAM50A,T1,ndd_with_epilepsy,orphadata_genes;panelapp_au_epilepsy;panelapp_au_id;panelapp_ge_epilepsy;panelapp_ge_id
HGNC:29170,FAN1,T1,unclassified,clingen;orphadata_genes
HGNC:3582,FANCA,T1,ndd_no_documented_epilepsy,clingen;orphadata_genes;panelapp_ge_id
HGNC:3583,FANCB,T1,ndd_no_documented_epilepsy,clingen;orphadata_genes;panelapp_au_id;panelapp_ge_id
HGNC:3584,FANCC,T1,ndd_no_documented_epilepsy,clingen;orphadata_genes;panelapp_ge_id
HGNC:3585,FANCD2,T1,ndd_no_documented_epilepsy,clingen;orphadata_genes;panelapp_au_id;panelapp_ge_id
HGNC:3586,FANCE,T1,ndd_no_documented_epilepsy,clingen;orphadata_genes;panelapp_ge_id
HGNC:3587,FANCF,T1,ndd_no_documented_epilepsy,clingen;orphadata_genes;panelapp_ge_id
HGNC:3588,FANCG,T1,ndd_no_documented_epilepsy,clingen;orphadata_genes;panelapp_au_id;panelapp_ge_id
HGNC:25568,FANCI,T1,ndd_no_documented_epilepsy,clingen;orphadata_genes;panelapp_ge_id
HGNC:20748,FANCL,T1,unclassified,clingen;orphadata_genes
HGNC:26222,FAR1,T1,ndd_with_epilepsy,clingen;genes4epilepsy;orphadata_genes;panelapp_au_epilepsy;panelapp_au_id;panelapp_ge_epilepsy;panelapp_ge_id
HGNC:3592,FARSA,T1,ndd_no_documented_epilepsy,orphadata_genes;panelapp_au_id;panelapp_ge_id
HGNC:17800,FARSB,T1,ndd_no_documented_epilepsy,orphadata_genes;panelapp_au_id;panelapp_ge_id
HGNC:11920,FAS,T1,unclassified,clingen;orphadata_genes
HGNC:11936,FASLG,T1,unclassified,clingen;orphadata_genes
HGNC:29160,FASTKD2,T1,ndd_with_epilepsy,clingen;genes4epilepsy;orphadata_genes;panelapp_au_epilepsy;panelapp_au_id;panelapp_ge_epilepsy
HGNC:25790,FASTKD5,T1,ndd_no_documented_epilepsy,panelapp_au_id
HGNC:3595,FAT1,T1,unclassified,clingen
HGNC:23109,FAT4,T1,ndd_no_documented_epilepsy,clingen;orphadata_genes;panelapp_au_id;panelapp_ge_id
HGNC:3604,FBN2,T1,ndd_no_documented_epilepsy,clingen;orphadata_genes;panelapp_ge_id
HGNC:3606,FBP1,T1,ndd_no_documented_epilepsy,clingen;orphadata_genes;panelapp_ge_id
HGNC:29308,FBRSL1,T1,ndd_no_documented_epilepsy,panelapp_au_id;panelapp_ge_id
HGNC:13599,FBXL3,T1,ndd_no_documented_epilepsy,panelapp_au_id;panelapp_ge_id
HGNC:13593,FBXO22,T1,ndd_no_documented_epilepsy,panelapp_au_id;panelapp_ge_id
HGNC:16510,FBXO31,T1,ndd_no_documented_epilepsy,orphadata_genes;panelapp_au_id;panelapp_ge_id
HGNC:13607,FBXW11,T1,ndd_no_documented_epilepsy,orphadata_genes;panelapp_au_id;panelapp_ge_id
HGNC:16712,FBXW7,T1,ndd_with_epilepsy,genes4epilepsy;orphadata_genes;panelapp_au_id;panelapp_ge_id
HGNC:29002,FCHO1,T1,unclassified,clingen;orphadata_genes
HGNC:29500,FCSK,T1,ndd_with_epilepsy,clingen;genes4epilepsy;panelapp_au_epilepsy;panelapp_au_id;panelapp_ge_epilepsy;panelapp_ge_id
HGNC:3629,FDFT1,T1,ndd_with_epilepsy,genes4epilepsy;orphadata_genes;panelapp_au_epilepsy;panelapp_au_id;panelapp_ge_epilepsy;panelapp_ge_id
HGNC:3642,FDXR,T1,ndd_no_documented_epilepsy,clingen;orphadata_genes;panelapp_au_id;panelapp_ge_id
HGNC:3647,FECH,T1,unclassified,clingen;orphadata_genes
HGNC:3649,FEM1B,T1,ndd_no_documented_epilepsy,panelapp_au_id;panelapp_ge_id
HGNC:15889,FERMT1,T1,unclassified,clingen;orphadata_genes
HGNC:23151,FERMT3,T1,unclassified,clingen;orphadata_genes
HGNC:1184,FERRY3,T1,ndd_no_documented_epilepsy,orphadata_genes;panelapp_au_id;panelapp_ge_id
HGNC:13506,FEZF2,T1,ndd_no_documented_epilepsy,panelapp_au_id
HGNC:3661,FGA,T1,unclassified,clingen;orphadata_genes
HGNC:3662,FGB,T1,unclassified,clingen;orphadata_genes
HGNC:3663,FGD1,T1,ndd_no_documented_epilepsy,clingen;orphadata_genes;panelapp_au_id;panelapp_ge_id
HGNC:19125,FGD4,T1,ndd_no_documented_epilepsy,clingen;orphadata_genes;panelapp_ge_id
HGNC:3670,FGF13,T1,ndd_with_epilepsy,genes4epilepsy;orphadata_genes;panelapp_au_epilepsy;panelapp_au_id;panelapp_ge_epilepsy;panelapp_ge_id
HGNC:3671,FGF14,T1,ndd_no_documented_epilepsy,orphadata_genes;panelapp_au_id;panelapp_ge_id
HGNC:3681,FGF3,T1,ndd_no_documented_epilepsy,clingen;orphadata_genes;panelapp_au_id;panelapp_ge_id
HGNC:3687,FGF9,T1,unclassified,clingen;orphadata_genes
HGNC:3688,FGFR1,T1,ndd_with_epilepsy,clingen;orphadata_genes;panelapp_au_epilepsy;panelapp_au_id;panelapp_ge_id
HGNC:3689,FGFR2,T1,ndd_no_documented_epilepsy,clingen;orphadata_genes;panelapp_au_id;panelapp_ge_id
HGNC:3690,FGFR3,T1,ndd_with_epilepsy,clingen;genes4epilepsy;orphadata_genes;panelapp_au_epilepsy;panelapp_au_id;panelapp_ge_epilepsy;panelapp_ge_id
HGNC:3694,FGG,T1,unclassified,clingen;orphadata_genes
HGNC:3700,FH,T1,ndd_with_epilepsy,clingen;genes4epilepsy;orphadata_genes;panelapp_au_epilepsy;panelapp_au_id;panelapp_ge_epilepsy;panelapp_ge_id
HGNC:26178,FHOD3,T1,unclassified,clingen
HGNC:3705,FIBP,T1,ndd_no_documented_epilepsy,orphadata_genes;panelapp_au_id;panelapp_ge_id
HGNC:21015,FILIP1,T1,ndd_no_documented_epilepsy,panelapp_ge_id
HGNC:16135,FITM2,T1,ndd_no_documented_epilepsy,clingen;panelapp_au_id
HGNC:17997,FKRP,T1,ndd_with_epilepsy,clingen;genes4epilepsy;orphadata_genes;panelapp_au_epilepsy;panelapp_au_id;panelapp_ge_epilepsy;panelapp_ge_id
HGNC:3622,FKTN,T1,ndd_with_epilepsy,clingen;genes4epilepsy;orphadata_genes;panelapp_au_epilepsy;panelapp_au_id;panelapp_ge_epilepsy;panelapp_ge_id
HGNC:24671,FLAD1,T1,ndd_no_documented_epilepsy,clingen;orphadata_genes;panelapp_ge_id
HGNC:27310,FLCN,T1,unclassified,clingen;orphadata_genes
HGNC:3755,FLNB,T1,ndd_no_documented_epilepsy,clingen;orphadata_genes;panelapp_au_id;panelapp_ge_id
HGNC:3756,FLNC,T1,unclassified,clingen;orphadata_genes
HGNC:3767,FLT4,T1,ndd_no_documented_epilepsy,clingen;orphadata_genes;panelapp_ge_id
HGNC:24682,FLVCR1,T1,ndd_with_epilepsy,clingen;genes4epilepsy;orphadata_genes;panelapp_au_epilepsy;panelapp_au_id;panelapp_ge_epilepsy;panelapp_ge_id
HGNC:20105,FLVCR2,T1,ndd_no_documented_epilepsy,clingen;orphadata_genes;panelapp_au_id;panelapp_ge_id
HGNC:14074,FMN2,T1,ndd_no_documented_epilepsy,orphadata_genes;panelapp_au_id;panelapp_ge_id
HGNC:3771,FMO3,T1,unclassified,clingen;orphadata_genes
HGNC:3775,FMR1,T1,ndd_no_documented_epilepsy,clingen;orphadata_genes;panelapp_au_id;panelapp_ge_id
HGNC:3778,FN1,T1,unclassified,clingen;orphadata_genes
HGNC:29418,FNIP1,T1,unclassified,clingen;orphadata_genes
HGNC:3791,FOLR1,T1,ndd_with_epilepsy,clingen;genes4epilepsy;orphadata_genes;panelapp_au_epilepsy;panelapp_au_id;panelapp_ge_epilepsy;panelapp_ge_id
HGNC:3798,FOSL2,T1,ndd_no_documented_epilepsy,orphadata_genes;panelapp_au_id;panelapp_ge_id
HGNC:3800,FOXC1,T1,ndd_no_documented_epilepsy,clingen;orphadata_genes;panelapp_ge_id
HGNC:3801,FOXC2,T1,ndd_no_documented_epilepsy,clingen;orphadata_genes;panelapp_ge_id
HGNC:3806,FOXE1,T1,ndd_no_documented_epilepsy,clingen;orphadata_genes;panelapp_ge_id
HGNC:3808,FOXE3,T1,ndd_no_documented_epilepsy,clingen;orphadata_genes;panelapp_ge_id
HGNC:3816,FOXJ1,T1,unclassified,clingen;orphadata_genes
HGNC:12765,FOXN1,T1,ndd_no_documented_epilepsy,clingen;orphadata_genes;panelapp_ge_id
HGNC:13875,FOXP2,T1,ndd_no_documented_epilepsy,clingen;orphadata_genes;panelapp_au_id;panelapp_ge_id
HGNC:6106,FOXP3,T1,ndd_no_documented_epilepsy,clingen;orphadata_genes;panelapp_ge_id
HGNC:20842,FOXP4,T1,ndd_no_documented_epilepsy,panelapp_au_id;panelapp_ge_id
HGNC:26927,FOXRED1,T1,ndd_with_epilepsy,clingen;genes4epilepsy;orphadata_genes;panelapp_au_epilepsy;panelapp_au_id;panelapp_ge_epilepsy;panelapp_ge_id
HGNC:1162,FRA10AC1,T1,ndd_with_epilepsy,genes4epilepsy;panelapp_au_epilepsy;panelapp_au_id;panelapp_ge_id
HGNC:19185,FRAS1,T1,ndd_no_documented_epilepsy,clingen;orphadata_genes;panelapp_au_id;panelapp_ge_id
HGNC:28214,FRMD5,T1,ndd_with_epilepsy,genes4epilepsy;panelapp_au_epilepsy;panelapp_au_id;panelapp_ge_epilepsy;panelapp_ge_id
HGNC:29007,FRMPD4,T1,ndd_no_documented_epilepsy,clingen;orphadata_genes;panelapp_au_id;panelapp_ge_id
HGNC:13753,FSD1L,T1,ndd_with_epilepsy,genes4epilepsy;orphadata_genes;panelapp_au_epilepsy;panelapp_au_id;panelapp_ge_epilepsy;panelapp_ge_id
HGNC:3974,FTCD,T1,ndd_no_documented_epilepsy,orphadata_genes;panelapp_au_id;panelapp_ge_id
HGNC:3999,FTL,T1,ndd_with_epilepsy,clingen;orphadata_genes;panelapp_au_id;panelapp_ge_epilepsy;panelapp_ge_id
HGNC:24678,FTO,T1,ndd_no_documented_epilepsy,orphadata_genes;panelapp_au_id;panelapp_ge_id
HGNC:13254,FTSJ1,T1,ndd_no_documented_epilepsy,clingen;orphadata_genes;panelapp_au_id;panelapp_ge_id
HGNC:4010,FUS,T1,unclassified,clingen;orphadata_genes
HGNC:4019,FUT8,T1,ndd_with_epilepsy,clingen;genes4epilepsy;panelapp_au_epilepsy;panelapp_au_id;panelapp_ge_epilepsy;panelapp_ge_id
HGNC:3951,FXN,T1,ndd_no_documented_epilepsy,clingen;orphadata_genes;panelapp_ge_id
HGNC:4042,FZD4,T1,unclassified,clingen;orphadata_genes
HGNC:24824,FZR1,T1,ndd_with_epilepsy,genes4epilepsy;orphadata_genes;panelapp_au_epilepsy;panelapp_au_id;panelapp_ge_epilepsy;panelapp_ge_id
HGNC:4056,G6PC1,T1,unclassified,clingen;orphadata_genes
HGNC:24861,G6PC3,T1,ndd_no_documented_epilepsy,clingen;orphadata_genes;panelapp_au_id;panelapp_ge_id
HGNC:4057,G6PD,T1,unclassified,clingen;orphadata_genes
HGNC:4065,GAA,T1,ndd_no_documented_epilepsy,clingen;orphadata_genes;panelapp_ge_id
HGNC:4070,GABBR1,T1,ndd_with_epilepsy,orphadata_genes;panelapp_au_epilepsy;panelapp_au_id;panelapp_ge_id
HGNC:4076,GABRA2,T1,ndd_with_epilepsy,genes4epilepsy;orphadata_genes;panelapp_au_epilepsy;panelapp_au_id;panelapp_ge_epilepsy;panelapp_ge_id
HGNC:4077,GABRA3,T1,ndd_with_epilepsy,genes4epilepsy;orphadata_genes;panelapp_au_epilepsy;panelapp_au_id;panelapp_ge_epilepsy;panelapp_ge_id
HGNC:4078,GABRA4,T1,ndd_with_epilepsy,genes4epilepsy;panelapp_au_epilepsy;panelapp_au_id
HGNC:4079,GABRA5,T1,ndd_with_epilepsy,genes4epilepsy;orphadata_genes;panelapp_au_epilepsy;panelapp_au_id;panelapp_ge_epilepsy;panelapp_ge_id
HGNC:4081,GABRB1,T1,ndd_with_epilepsy,clingen;genes4epilepsy;panelapp_au_epilepsy;panelapp_ge_epilepsy
HGNC:4084,GABRD,T1,ndd_with_epilepsy,clingen;genes4epilepsy;orphadata_genes;panelapp_au_epilepsy;panelapp_au_id;panelapp_ge_epilepsy;panelapp_ge_id
HGNC:4092,GAD1,T1,ndd_with_epilepsy,clingen;genes4epilepsy;orphadata_genes;panelapp_au_epilepsy;panelapp_au_id;panelapp_ge_epilepsy;panelapp_ge_id
HGNC:4115,GALC,T1,ndd_with_epilepsy,clingen;genes4epilepsy;orphadata_genes;panelapp_au_epilepsy;panelapp_au_id;panelapp_ge_epilepsy;panelapp_ge_id
HGNC:4116,GALE,T1,ndd_no_documented_epilepsy,clingen;orphadata_genes;panelapp_au_id;panelapp_ge_id
HGNC:4118,GALK1,T1,ndd_no_documented_epilepsy,clingen;orphadata_genes;panelapp_ge_id
HGNC:24063,GALM,T1,unclassified,clingen;orphadata_genes
HGNC:4122,GALNS,T1,ndd_no_documented_epilepsy,clingen;orphadata_genes;panelapp_ge_id
HGNC:4124,GALNT2,T1,ndd_with_epilepsy,clingen;genes4epilepsy;panelapp_au_epilepsy;panelapp_au_id;panelapp_ge_epilepsy;panelapp_ge_id
HGNC:4125,GALNT3,T1,unclassified,clingen;orphadata_genes
HGNC:4135,GALT,T1,ndd_no_documented_epilepsy,orphadata_genes;panelapp_au_id;panelapp_ge_id
HGNC:4137,GAN,T1,ndd_no_documented_epilepsy,clingen;orphadata_genes;panelapp_au_id;panelapp_ge_id
HGNC:4138,GANAB,T1,unclassified,clingen;orphadata_genes
HGNC:4170,GATA1,T1,ndd_no_documented_epilepsy,clingen;orphadata_genes;panelapp_au_id
HGNC:4171,GATA2,T1,ndd_no_documented_epilepsy,clingen;orphadata_genes;panelapp_ge_id
HGNC:4172,GATA3,T1,unclassified,clingen;orphadata_genes
HGNC:4173,GATA4,T1,ndd_no_documented_epilepsy,clingen;orphadata_genes;panelapp_ge_id
HGNC:4174,GATA6,T1,ndd_no_documented_epilepsy,clingen;orphadata_genes;panelapp_au_id;panelapp_ge_id
HGNC:29989,GATAD2A,T1,ndd_no_documented_epilepsy,panelapp_au_id
HGNC:4177,GBA1,T1,ndd_with_epilepsy,clingen;genes4epilepsy;orphadata_genes;panelapp_au_epilepsy;panelapp_au_id;panelapp_ge_epilepsy;panelapp_ge_id
HGNC:18986,GBA2,T1,ndd_no_documented_epilepsy,clingen;orphadata_genes;panelapp_au_id;panelapp_ge_id
HGNC:4180,GBE1,T1,ndd_no_documented_epilepsy,clingen;orphadata_genes;panelapp_au_id;panelapp_ge_id
HGNC:4189,GCDH,T1,ndd_with_epilepsy,clingen;genes4epilepsy;orphadata_genes;panelapp_au_epilepsy;panelapp_au_id;panelapp_ge_id
HGNC:4193,GCH1,T1,ndd_with_epilepsy,clingen;genes4epilepsy;orphadata_genes;panelapp_au_epilepsy;panelapp_au_id;panelapp_ge_epilepsy;panelapp_ge_id
HGNC:4195,GCK,T1,ndd_no_documented_epilepsy,clingen;orphadata_genes;panelapp_au_id;panelapp_ge_id
HGNC:4208,GCSH,T1,ndd_with_epilepsy,clingen;genes4epilepsy;orphadata_genes;panelapp_au_epilepsy;panelapp_au_id;panelapp_ge_epilepsy;panelapp_ge_id
HGNC:15968,GDAP1,T1,ndd_no_documented_epilepsy,clingen;orphadata_genes;panelapp_ge_id
HGNC:18010,GDAP2,T1,unclassified,clingen
HGNC:4217,GDF2,T1,unclassified,clingen;orphadata_genes
HGNC:4226,GDI1,T1,ndd_no_documented_epilepsy,clingen;orphadata_genes;panelapp_au_id;panelapp_ge_id
HGNC:15717,GEMIN4,T1,ndd_no_documented_epilepsy,panelapp_au_id;panelapp_ge_id
HGNC:20043,GEMIN5,T1,ndd_no_documented_epilepsy,clingen;orphadata_genes;panelapp_au_id;panelapp_ge_id
HGNC:4235,GFAP,T1,ndd_with_epilepsy,clingen;genes4epilepsy;orphadata_genes;panelapp_au_epilepsy;panelapp_au_id;panelapp_ge_epilepsy;panelapp_ge_id
HGNC:4236,GFER,T1,ndd_no_documented_epilepsy,clingen;orphadata_genes;panelapp_au_id;panelapp_ge_id
HGNC:4238,GFI1B,T1,unclassified,clingen;orphadata_genes
HGNC:13780,GFM1,T1,ndd_with_epilepsy,clingen;genes4epilepsy;orphadata_genes;panelapp_au_epilepsy;panelapp_au_id;panelapp_ge_epilepsy;panelapp_ge_id
HGNC:29682,GFM2,T1,ndd_no_documented_epilepsy,clingen;orphadata_genes;panelapp_au_id
HGNC:4241,GFPT1,T1,unclassified,clingen;orphadata_genes
HGNC:4247,GGCX,T1,unclassified,clingen;orphadata_genes
HGNC:9126,GIGYF1,T1,ndd_no_documented_epilepsy,clingen;panelapp_au_id;panelapp_ge_id;simons_searchlight
HGNC:11960,GIGYF2,T1,ndd_no_documented_epilepsy,orphadata_genes;panelapp_au_id;panelapp_ge_id
HGNC:18183,GIPC3,T1,unclassified,clingen;orphadata_genes
HGNC:4272,GIT1,T1,ndd_with_epilepsy,panelapp_au_epilepsy;panelapp_au_id
HGNC:4283,GJB1,T1,ndd_no_documented_epilepsy,clingen;orphadata_genes;panelapp_au_id;panelapp_ge_id
HGNC:4284,GJB2,T1,ndd_no_documented_epilepsy,clingen;orphadata_genes;panelapp_ge_id
HGNC:17494,GJC2,T1,ndd_no_documented_epilepsy,clingen;orphadata_genes;panelapp_au_id;panelapp_ge_id
HGNC:4289,GK,T1,ndd_no_documented_epilepsy,clingen;orphadata_genes;panelapp_au_id;panelapp_ge_id
HGNC:4296,GLA,T1,unclassified,clingen;orphadata_genes
HGNC:4298,GLB1,T1,ndd_with_epilepsy,clingen;genes4epilepsy;orphadata_genes;panelapp_au_epilepsy;panelapp_au_id;panelapp_ge_epilepsy;panelapp_ge_id
HGNC:4313,GLDC,T1,ndd_with_epilepsy,clingen;genes4epilepsy;orphadata_genes;panelapp_au_epilepsy;panelapp_au_id;panelapp_ge_epilepsy;panelapp_ge_id
HGNC:29514,GLDN,T1,unclassified,clingen;orphadata_genes
HGNC:4318,GLI2,T1,ndd_no_documented_epilepsy,orphadata_genes;panelapp_au_id;panelapp_ge_id
HGNC:4319,GLI3,T1,ndd_with_epilepsy,clingen;genes4epilepsy;orphadata_genes;panelapp_au_epilepsy;panelapp_au_id;panelapp_ge_epilepsy;panelapp_ge_id
HGNC:28510,GLIS3,T1,ndd_no_documented_epilepsy,orphadata_genes;panelapp_au_id;panelapp_ge_id
HGNC:4327,GLRA2,T1,ndd_with_epilepsy,panelapp_au_epilepsy;panelapp_au_id;panelapp_ge_epilepsy;panelapp_ge_id
HGNC:4331,GLS,T1,ndd_with_epilepsy,clingen;genes4epilepsy;orphadata_genes;panelapp_au_epilepsy;panelapp_au_id;panelapp_ge_epilepsy;panelapp_ge_id
HGNC:4335,GLUD1,T1,ndd_with_epilepsy,clingen;genes4epilepsy;orphadata_genes;panelapp_au_epilepsy;panelapp_au_id;panelapp_ge_epilepsy;panelapp_ge_id
HGNC:4341,GLUL,T1,ndd_with_epilepsy,clingen;genes4epilepsy;orphadata_genes;panelapp_au_epilepsy;panelapp_au_id;panelapp_ge_epilepsy;panelapp_ge_id
HGNC:24247,GLYCTK,T1,ndd_with_epilepsy,clingen;genes4epilepsy;orphadata_genes;panelapp_au_epilepsy;panelapp_au_id;panelapp_ge_epilepsy;panelapp_ge_id
HGNC:4367,GM2A,T1,ndd_with_epilepsy,clingen;genes4epilepsy;orphadata_genes;panelapp_au_epilepsy;panelapp_au_id;panelapp_ge_epilepsy;panelapp_ge_id
HGNC:22923,GMPPA,T1,ndd_with_epilepsy,clingen;genes4epilepsy;orphadata_genes;panelapp_au_epilepsy;panelapp_au_id;panelapp_ge_id
HGNC:22932,GMPPB,T1,ndd_with_epilepsy,clingen;genes4epilepsy;orphadata_genes;panelapp_au_epilepsy;panelapp_au_id;panelapp_ge_id
HGNC:4384,GNAI1,T1,ndd_with_epilepsy,clingen;genes4epilepsy;panelapp_au_epilepsy;panelapp_au_id;panelapp_ge_id
HGNC:4385,GNAI2,T1,ndd_no_documented_epilepsy,panelapp_au_id;panelapp_ge_id
HGNC:4392,GNAS,T1,ndd_no_documented_epilepsy,orphadata_genes;panelapp_au_id;panelapp_ge_id
HGNC:4393,GNAT1,T1,unclassified,clingen;orphadata_genes
HGNC:4394,GNAT2,T1,unclassified,clingen;orphadata_genes
HGNC:4398,GNB2,T1,ndd_with_epilepsy,clingen;orphadata_genes;panelapp_au_id;panelapp_ge_epilepsy;panelapp_ge_id
HGNC:4401,GNB5,T1,ndd_with_epilepsy,genes4epilepsy;orphadata_genes;panelapp_au_epilepsy;panelapp_au_id;panelapp_ge_epilepsy;panelapp_ge_id
HGNC:23657,GNE,T1,ndd_no_documented_epilepsy,clingen;orphadata_genes;panelapp_au_id;panelapp_ge_id
HGNC:4416,GNPAT,T1,ndd_no_documented_epilepsy,clingen;orphadata_genes;panelapp_au_id;panelapp_ge_id
HGNC:29670,GNPTAB,T1,ndd_no_documented_epilepsy,clingen;orphadata_genes;panelapp_au_id;panelapp_ge_id
HGNC:23026,GNPTG,T1,ndd_no_documented_epilepsy,clingen;orphadata_genes;panelapp_au_id;panelapp_ge_id
HGNC:4422,GNS,T1,ndd_no_documented_epilepsy,clingen;orphadata_genes;panelapp_au_id;panelapp_ge_id
HGNC:4425,GOLGA2,T1,ndd_no_documented_epilepsy,panelapp_au_id
HGNC:25973,GON4L,T1,ndd_no_documented_epilepsy,panelapp_au_id;panelapp_ge_id
HGNC:25676,GORAB,T1,ndd_no_documented_epilepsy,clingen;orphadata_genes;panelapp_au_id;panelapp_ge_id
HGNC:4431,GOSR2,T1,ndd_with_epilepsy,clingen;genes4epilepsy;orphadata_genes;panelapp_au_epilepsy;panelapp_au_id;panelapp_ge_epilepsy;panelapp_ge_id
HGNC:4433,GOT2,T1,ndd_with_epilepsy,clingen;genes4epilepsy;panelapp_au_epilepsy;panelapp_au_id;panelapp_ge_epilepsy;panelapp_ge_id
HGNC:4439,GP1BA,T1,unclassified,clingen;orphadata_genes
HGNC:4440,GP1BB,T1,unclassified,clingen;orphadata_genes
HGNC:14388,GP6,T1,unclassified,clingen;orphadata_genes
HGNC:4444,GP9,T1,unclassified,clingen;orphadata_genes
HGNC:4446,GPAA1,T1,ndd_with_epilepsy,clingen;genes4epilepsy;orphadata_genes;panelapp_au_epilepsy;panelapp_au_id;panelapp_ge_epilepsy;panelapp_ge_id
HGNC:26768,GPATCH11,T1,ndd_no_documented_epilepsy,panelapp_au_id;panelapp_ge_id
HGNC:4451,GPC3,T1,ndd_no_documented_epilepsy,clingen;orphadata_genes;panelapp_au_id;panelapp_ge_id
HGNC:4452,GPC4,T1,ndd_no_documented_epilepsy,orphadata_genes;panelapp_au_id;panelapp_ge_id
HGNC:15465,GPHN,T1,ndd_with_epilepsy,clingen;genes4epilepsy;orphadata_genes;panelapp_au_epilepsy;panelapp_au_id;panelapp_ge_epilepsy;panelapp_ge_id
HGNC:20145,GPR143,T1,unclassified,clingen;orphadata_genes
HGNC:23694,GPR161,T1,unclassified,clingen;orphadata_genes
HGNC:31371,GPR179,T1,ndd_no_documented_epilepsy,clingen;orphadata_genes;panelapp_ge_id
HGNC:13308,GPRC5B,T1,ndd_with_epilepsy,orphadata_genes;panelapp_au_epilepsy;panelapp_au_id
HGNC:29501,GPSM2,T1,ndd_with_epilepsy,clingen;genes4epilepsy;orphadata_genes;panelapp_au_epilepsy;panelapp_au_id;panelapp_ge_id
HGNC:18062,GPT2,T1,ndd_with_epilepsy,clingen;genes4epilepsy;orphadata_genes;panelapp_au_epilepsy;panelapp_au_id;panelapp_ge_id
HGNC:2001,GREM1,T1,unclassified,clingen;orphadata_genes
HGNC:2799,GRHL2,T1,unclassified,clingen;orphadata_genes
HGNC:25839,GRHL3,T1,ndd_no_documented_epilepsy,clingen;orphadata_genes;panelapp_ge_id
HGNC:4576,GRID2,T1,ndd_no_documented_epilepsy,orphadata_genes;panelapp_au_id;panelapp_ge_id
HGNC:18708,GRIP1,T1,ndd_no_documented_epilepsy,clingen;orphadata_genes;panelapp_ge_id
HGNC:10013,GRK1,T1,unclassified,clingen;orphadata_genes
HGNC:4593,GRM1,T1,ndd_no_documented_epilepsy,orphadata_genes;panelapp_au_id;panelapp_ge_id
HGNC:4598,GRM6,T1,ndd_no_documented_epilepsy,clingen;orphadata_genes;panelapp_ge_id
HGNC:4599,GRM7,T1,ndd_with_epilepsy,genes4epilepsy;orphadata_genes;panelapp_au_epilepsy;panelapp_au_id;panelapp_ge_epilepsy;panelapp_ge_id
HGNC:31673,GRXCR1,T1,unclassified,clingen;orphadata_genes
HGNC:2810,GSDME,T1,unclassified,clingen;orphadata_genes
HGNC:4617,GSK3B,T1,ndd_with_epilepsy,panelapp_au_epilepsy;panelapp_au_id
HGNC:4622,GSPT2,T1,ndd_with_epilepsy,genes4epilepsy;panelapp_au_epilepsy;panelapp_au_id;panelapp_ge_id
HGNC:4624,GSS,T1,ndd_with_epilepsy,clingen;genes4epilepsy;orphadata_genes;panelapp_au_epilepsy;panelapp_au_id;panelapp_ge_epilepsy;panelapp_ge_id
HGNC:24959,GSX2,T1,ndd_no_documented_epilepsy,clingen;orphadata_genes;panelapp_au_id;panelapp_ge_id
HGNC:4651,GTF2E2,T1,ndd_no_documented_epilepsy,orphadata_genes;panelapp_au_id;panelapp_ge_id
HGNC:21157,GTF2H5,T1,ndd_no_documented_epilepsy,orphadata_genes;panelapp_au_id;panelapp_ge_id
HGNC:4659,GTF2I,T1,ndd_no_documented_epilepsy,orphadata_genes;panelapp_au_id;panelapp_ge_id
HGNC:4666,GTF3C3,T1,ndd_with_epilepsy,genes4epilepsy;panelapp_au_epilepsy;panelapp_au_id;panelapp_ge_epilepsy;panelapp_ge_id
HGNC:4668,GTF3C5,T1,ndd_no_documented_epilepsy,panelapp_au_id;panelapp_ge_id
HGNC:4669,GTPBP1,T1,ndd_with_epilepsy,panelapp_au_id;panelapp_ge_epilepsy;panelapp_ge_id
HGNC:4670,GTPBP2,T1,ndd_with_epilepsy,clingen;genes4epilepsy;panelapp_au_epilepsy;panelapp_au_id;panelapp_ge_epilepsy;panelapp_ge_id
HGNC:14880,GTPBP3,T1,ndd_with_epilepsy,clingen;genes4epilepsy;orphadata_genes;panelapp_au_epilepsy;panelapp_au_id;panelapp_ge_epilepsy;panelapp_ge_id
HGNC:4678,GUCA1A,T1,unclassified,clingen;orphadata_genes
HGNC:4689,GUCY2D,T1,unclassified,clingen;orphadata_genes
HGNC:4696,GUSB,T1,ndd_no_documented_epilepsy,clingen;orphadata_genes;panelapp_au_id;panelapp_ge_id
HGNC:4699,GYG1,T1,unclassified,clingen;orphadata_genes
HGNC:4706,GYS1,T1,unclassified,clingen;orphadata_genes
HGNC:4707,GYS2,T1,ndd_no_documented_epilepsy,clingen;orphadata_genes;panelapp_au_id;panelapp_ge_id
HGNC:4718,H1-4,T1,ndd_no_documented_epilepsy,clingen;orphadata_genes;panelapp_au_id;panelapp_ge_id
HGNC:4764,H3-3A,T1,ndd_with_epilepsy,clingen;genes4epilepsy;orphadata_genes;panelapp_au_epilepsy;panelapp_au_id;panelapp_ge_epilepsy;panelapp_ge_id
HGNC:4765,H3-3B,T1,ndd_with_epilepsy,genes4epilepsy;panelapp_au_epilepsy;panelapp_au_id;panelapp_ge_epilepsy;panelapp_ge_id
HGNC:4787,H4C3,T1,ndd_no_documented_epilepsy,orphadata_genes;panelapp_au_id;panelapp_ge_id
HGNC:4790,H4C5,T1,ndd_no_documented_epilepsy,clingen;orphadata_genes;panelapp_au_id;panelapp_ge_id
HGNC:4793,H4C9,T1,ndd_no_documented_epilepsy,orphadata_genes;panelapp_au_id;panelapp_ge_id
HGNC:4796,HAAO,T1,unclassified,clingen;orphadata_genes
HGNC:9639,HACD1,T1,unclassified,clingen;orphadata_genes
HGNC:21033,HACE1,T1,ndd_with_epilepsy,genes4epilepsy;orphadata_genes;panelapp_au_epilepsy;panelapp_au_id;panelapp_ge_epilepsy;panelapp_ge_id
HGNC:4799,HADH,T1,ndd_no_documented_epilepsy,clingen;orphadata_genes;panelapp_au_id;panelapp_ge_id
HGNC:4801,HADHA,T1,ndd_no_documented_epilepsy,clingen;orphadata_genes;panelapp_au_id;panelapp_ge_id
HGNC:4803,HADHB,T1,ndd_no_documented_epilepsy,clingen;orphadata_genes;panelapp_au_id;panelapp_ge_id
HGNC:15598,HAMP,T1,unclassified,clingen;orphadata_genes
HGNC:16915,HAX1,T1,ndd_with_epilepsy,genes4epilepsy;orphadata_genes;panelapp_au_epilepsy;panelapp_au_id;panelapp_ge_epilepsy;panelapp_ge_id
HGNC:4823,HBA1,T1,unclassified,clingen;orphadata_genes
HGNC:4824,HBA2,T1,unclassified,clingen;orphadata_genes
HGNC:4827,HBB,T1,unclassified,clingen;orphadata_genes
HGNC:4837,HCCS,T1,ndd_with_epilepsy,genes4epilepsy;orphadata_genes;panelapp_au_epilepsy;panelapp_au_id;panelapp_ge_epilepsy;panelapp_ge_id
HGNC:4839,HCFC1,T1,ndd_with_epilepsy,clingen;genes4epilepsy;orphadata_genes;panelapp_au_epilepsy;panelapp_au_id;panelapp_ge_epilepsy;panelapp_ge_id
HGNC:4845,HCN1,T1,ndd_with_epilepsy,clingen;genes4epilepsy;orphadata_genes;panelapp_au_epilepsy;panelapp_au_id;panelapp_ge_epilepsy;panelapp_ge_id
HGNC:4846,HCN2,T1,ndd_with_epilepsy,clingen;genes4epilepsy;panelapp_au_epilepsy;panelapp_au_id;panelapp_ge_epilepsy;panelapp_ge_id
HGNC:4853,HDAC2,T1,ndd_no_documented_epilepsy,panelapp_au_id
HGNC:4854,HDAC3,T1,ndd_with_epilepsy,genes4epilepsy;panelapp_au_epilepsy;panelapp_au_id;panelapp_ge_id
HGNC:14063,HDAC4,T1,ndd_no_documented_epilepsy,orphadata_genes;panelapp_au_id;panelapp_ge_id
HGNC:20157,HECTD1,T1,ndd_with_epilepsy,genes4epilepsy;panelapp_au_epilepsy;panelapp_au_id
HGNC:26611,HECTD4,T1,ndd_with_epilepsy,panelapp_au_epilepsy;panelapp_au_id;panelapp_ge_epilepsy;panelapp_ge_id
HGNC:29853,HECW2,T1,ndd_with_epilepsy,clingen;genes4epilepsy;orphadata_genes;panelapp_au_epilepsy;panelapp_au_id;panelapp_ge_epilepsy;panelapp_ge_id;simons_searchlight
HGNC:26361,HEPACAM,T1,ndd_with_epilepsy,clingen;genes4epilepsy;orphadata_genes;panelapp_au_epilepsy;panelapp_au_id;panelapp_ge_epilepsy;panelapp_ge_id
HGNC:4867,HERC1,T1,ndd_no_documented_epilepsy,orphadata_genes;panelapp_au_id;panelapp_ge_id
HGNC:4868,HERC2,T1,ndd_with_epilepsy,genes4epilepsy;orphadata_genes;panelapp_au_epilepsy;panelapp_au_id;panelapp_ge_epilepsy;panelapp_ge_id
HGNC:4877,HESX1,T1,ndd_no_documented_epilepsy,orphadata_genes;panelapp_au_id;panelapp_ge_id
HGNC:4878,HEXA,T1,ndd_with_epilepsy,clingen;genes4epilepsy;orphadata_genes;panelapp_au_epilepsy;panelapp_au_id;panelapp_ge_epilepsy;panelapp_ge_id
HGNC:4879,HEXB,T1,ndd_with_epilepsy,clingen;genes4epilepsy;orphadata_genes;panelapp_au_epilepsy;panelapp_au_id;panelapp_ge_epilepsy;panelapp_ge_id
HGNC:4886,HFE,T1,unclassified,clingen;orphadata_genes
HGNC:4892,HGD,T1,unclassified,clingen;orphadata_genes
HGNC:26527,HGSNAT,T1,ndd_no_documented_epilepsy,clingen;orphadata_genes;panelapp_au_id;panelapp_ge_id
HGNC:4908,HIBCH,T1,ndd_no_documented_epilepsy,clingen;orphadata_genes;panelapp_au_id;panelapp_ge_id
HGNC:15736,HID1,T1,ndd_with_epilepsy,genes4epilepsy;panelapp_au_epilepsy;panelapp_au_id;panelapp_ge_epilepsy;panelapp_ge_id
HGNC:26938,HIKESHI,T1,ndd_no_documented_epilepsy,clingen;orphadata_genes;panelapp_au_id
HGNC:4912,HINT1,T1,ndd_no_documented_epilepsy,clingen;orphadata_genes;panelapp_ge_id
HGNC:4916,HIRA,T1,ndd_no_documented_epilepsy,orphadata_genes;panelapp_au_id;panelapp_ge_id
HGNC:4887,HJV,T1,unclassified,clingen;orphadata_genes
HGNC:4922,HK1,T1,ndd_with_epilepsy,genes4epilepsy;orphadata_genes;panelapp_au_id;panelapp_ge_id
HGNC:4976,HLCS,T1,ndd_with_epilepsy,clingen;genes4epilepsy;orphadata_genes;panelapp_au_epilepsy;panelapp_au_id;panelapp_ge_epilepsy;panelapp_ge_id
HGNC:4982,HMBS,T1,ndd_no_documented_epilepsy,clingen;orphadata_genes;panelapp_au_id
HGNC:5009,HMGA2,T1,unclassified,clingen;orphadata_genes
HGNC:4983,HMGB1,T1,ndd_no_documented_epilepsy,clingen;panelapp_au_id;panelapp_ge_id
HGNC:5005,HMGCL,T1,ndd_with_epilepsy,clingen;genes4epilepsy;orphadata_genes;panelapp_au_epilepsy;panelapp_au_id;panelapp_ge_epilepsy;panelapp_ge_id
HGNC:5008,HMGCS2,T1,ndd_no_documented_epilepsy,clingen;orphadata_genes;panelapp_ge_id
HGNC:5013,HMOX1,T1,unclassified,clingen;orphadata_genes
HGNC:5017,HMX1,T1,unclassified,clingen;orphadata_genes
HGNC:11621,HNF1A,T1,unclassified,clingen;orphadata_genes
HGNC:11630,HNF1B,T1,ndd_no_documented_epilepsy,clingen;orphadata_genes;panelapp_ge_id
HGNC:5024,HNF4A,T1,ndd_no_documented_epilepsy,clingen;orphadata_genes;panelapp_ge_id
HGNC:5028,HNMT,T1,ndd_no_documented_epilepsy,orphadata_genes;panelapp_au_id;panelapp_ge_id
HGNC:5037,HNRNPDL,T1,unclassified,clingen;orphadata_genes
HGNC:5041,HNRNPH1,T1,ndd_with_epilepsy,clingen;genes4epilepsy;orphadata_genes;panelapp_au_id;panelapp_ge_id
HGNC:25155,HOGA1,T1,unclassified,clingen;orphadata_genes
HGNC:5099,HOXA1,T1,ndd_with_epilepsy,clingen;genes4epilepsy;orphadata_genes;panelapp_au_epilepsy;panelapp_au_id;panelapp_ge_epilepsy;panelapp_ge_id
HGNC:5102,HOXA13,T1,ndd_no_documented_epilepsy,clingen;orphadata_genes;panelapp_ge_id
HGNC:5144,HPCA,T1,ndd_no_documented_epilepsy,clingen;orphadata_genes
HGNC:5147,HPD,T1,ndd_no_documented_epilepsy,clingen;orphadata_genes;panelapp_au_id;panelapp_ge_id
HGNC:28242,HPDL,T1,ndd_with_epilepsy,clingen;genes4epilepsy;orphadata_genes;panelapp_au_epilepsy;panelapp_au_id;panelapp_ge_epilepsy;panelapp_ge_id
HGNC:5157,HPRT1,T1,ndd_with_epilepsy,clingen;genes4epilepsy;orphadata_genes;panelapp_au_epilepsy;panelapp_au_id;panelapp_ge_epilepsy;panelapp_ge_id
HGNC:5163,HPS1,T1,ndd_no_documented_epilepsy,clingen;orphadata_genes;panelapp_ge_id
HGNC:15597,HPS3,T1,unclassified,clingen;orphadata_genes
HGNC:15844,HPS4,T1,unclassified,clingen;orphadata_genes
HGNC:17022,HPS5,T1,unclassified,clingen;orphadata_genes
HGNC:18817,HPS6,T1,unclassified,clingen;orphadata_genes
HGNC:5193,HS2ST1,T1,ndd_no_documented_epilepsy,orphadata_genes;panelapp_au_id;panelapp_ge_id
HGNC:19133,HS6ST2,T1,ndd_no_documented_epilepsy,panelapp_au_id;panelapp_ge_id
HGNC:5209,HSD11B2,T1,unclassified,clingen;orphadata_genes
HGNC:4800,HSD17B10,T1,ndd_with_epilepsy,clingen;orphadata_genes;panelapp_au_id;panelapp_ge_epilepsy;panelapp_ge_id
HGNC:5213,HSD17B4,T1,ndd_with_epilepsy,clingen;genes4epilepsy;orphadata_genes;panelapp_au_epilepsy;panelapp_au_id;panelapp_ge_epilepsy;panelapp_ge_id
HGNC:18324,HSD3B7,T1,ndd_no_documented_epilepsy,clingen;orphadata_genes;panelapp_ge_id
HGNC:5246,HSPB1,T1,unclassified,clingen;orphadata_genes
HGNC:30171,HSPB8,T1,unclassified,clingen;orphadata_genes
HGNC:5261,HSPD1,T1,ndd_with_epilepsy,genes4epilepsy;orphadata_genes;panelapp_au_epilepsy;panelapp_au_id;panelapp_ge_epilepsy;panelapp_ge_id
HGNC:5273,HSPG2,T1,ndd_no_documented_epilepsy,clingen;orphadata_genes;panelapp_au_id;panelapp_ge_id
HGNC:14348,HTRA2,T1,ndd_with_epilepsy,clingen;genes4epilepsy;orphadata_genes;panelapp_au_epilepsy;panelapp_au_id;panelapp_ge_epilepsy;panelapp_ge_id
HGNC:4851,HTT,T1,ndd_with_epilepsy,clingen;genes4epilepsy;orphadata_genes;panelapp_au_id;panelapp_ge_id
HGNC:30892,HUWE1,T1,ndd_no_documented_epilepsy,clingen;orphadata_genes;panelapp_au_id;panelapp_ge_id
HGNC:24587,HYCC1,T1,ndd_no_documented_epilepsy,clingen;orphadata_genes;panelapp_au_id;panelapp_ge_id
HGNC:19368,HYDIN,T1,ndd_no_documented_epilepsy,clingen;orphadata_genes;panelapp_ge_id
HGNC:29685,IARS2,T1,ndd_with_epilepsy,clingen;genes4epilepsy;orphadata_genes;panelapp_au_epilepsy;panelapp_ge_id
HGNC:27302,IBA57,T1,ndd_with_epilepsy,clingen;genes4epilepsy;orphadata_genes;panelapp_au_epilepsy;panelapp_au_id;panelapp_ge_id
HGNC:5351,ICOS,T1,unclassified,clingen;orphadata_genes
HGNC:5383,IDH2,T1,ndd_with_epilepsy,clingen;genes4epilepsy;orphadata_genes;panelapp_au_epilepsy;panelapp_au_id;panelapp_ge_epilepsy;panelapp_ge_id
HGNC:5389,IDS,T1,ndd_no_documented_epilepsy,clingen;orphadata_genes;panelapp_au_id;panelapp_ge_id
HGNC:5391,IDUA,T1,ndd_no_documented_epilepsy,clingen;orphadata_genes;panelapp_au_id;panelapp_ge_id
HGNC:18550,IER3IP1,T1,ndd_with_epilepsy,genes4epilepsy;orphadata_genes;panelapp_au_epilepsy;panelapp_au_id;panelapp_ge_epilepsy;panelapp_ge_id
HGNC:18873,IFIH1,T1,ndd_with_epilepsy,clingen;genes4epilepsy;orphadata_genes;panelapp_au_epilepsy;panelapp_au_id;panelapp_ge_epilepsy;panelapp_ge_id
HGNC:5432,IFNAR1,T1,unclassified,clingen
HGNC:13556,IFT122,T1,ndd_no_documented_epilepsy,clingen;orphadata_genes;panelapp_ge_id
HGNC:29077,IFT140,T1,ndd_no_documented_epilepsy,clingen;orphadata_genes;panelapp_au_id;panelapp_ge_id
HGNC:30391,IFT172,T1,ndd_no_documented_epilepsy,clingen;orphadata_genes;panelapp_au_id;panelapp_ge_id
HGNC:18626,IFT27,T1,ndd_no_documented_epilepsy,clingen;orphadata_genes;panelapp_au_id;panelapp_ge_id
HGNC:17861,IFT54,T1,unclassified,clingen;orphadata_genes
HGNC:21424,IFT74,T1,ndd_no_documented_epilepsy,clingen;orphadata_genes;panelapp_au_id
HGNC:29262,IFT80,T1,ndd_no_documented_epilepsy,clingen;orphadata_genes;panelapp_ge_id
HGNC:5464,IGF1,T1,ndd_no_documented_epilepsy,orphadata_genes;panelapp_au_id;panelapp_ge_id
HGNC:5465,IGF1R,T1,ndd_no_documented_epilepsy,orphadata_genes;panelapp_au_id;panelapp_ge_id
HGNC:5466,IGF2,T1,ndd_no_documented_epilepsy,clingen;orphadata_genes;panelapp_au_id;panelapp_ge_id
HGNC:5541,IGHM,T1,unclassified,clingen;orphadata_genes
HGNC:5542,IGHMBP2,T1,ndd_no_documented_epilepsy,clingen;orphadata_genes;panelapp_ge_id
HGNC:5960,IKBKB,T1,unclassified,clingen;orphadata_genes
HGNC:5961,IKBKG,T1,ndd_with_epilepsy,clingen;genes4epilepsy;orphadata_genes;panelapp_au_epilepsy;panelapp_au_id;panelapp_ge_epilepsy;panelapp_ge_id
HGNC:13176,IKZF1,T1,unclassified,clingen;orphadata_genes
HGNC:5964,IL10RA,T1,unclassified,clingen;orphadata_genes
HGNC:5965,IL10RB,T1,unclassified,clingen;orphadata_genes
HGNC:5967,IL11RA,T1,ndd_no_documented_epilepsy,clingen;orphadata_genes;panelapp_ge_id
HGNC:5996,IL1RAPL1,T1,ndd_no_documented_epilepsy,clingen;orphadata_genes;panelapp_au_id;panelapp_ge_id
HGNC:6006,IL21R,T1,unclassified,clingen;orphadata_genes
HGNC:6008,IL2RA,T1,unclassified,clingen;orphadata_genes
HGNC:6010,IL2RG,T1,unclassified,clingen;orphadata_genes
HGNC:6024,IL7R,T1,unclassified,clingen;orphadata_genes
HGNC:28741,ILDR1,T1,unclassified,clingen;orphadata_genes
HGNC:6052,IMPDH1,T1,unclassified,clingen;orphadata_genes
HGNC:6053,IMPDH2,T1,ndd_no_documented_epilepsy,orphadata_genes;panelapp_au_id;panelapp_ge_id
HGNC:6055,IMPG1,T1,unclassified,clingen;orphadata_genes
HGNC:18362,IMPG2,T1,unclassified,clingen;orphadata_genes
HGNC:23791,INF2,T1,ndd_no_documented_epilepsy,clingen;orphadata_genes;panelapp_ge_id
HGNC:6074,INPP4A,T1,ndd_with_epilepsy,panelapp_au_epilepsy;panelapp_au_id;panelapp_ge_epilepsy;panelapp_ge_id
HGNC:21474,INPP5E,T1,ndd_no_documented_epilepsy,clingen;orphadata_genes;panelapp_au_id;panelapp_ge_id
HGNC:33882,INPP5K,T1,ndd_no_documented_epilepsy,orphadata_genes;panelapp_au_id;panelapp_ge_id
HGNC:6080,INPPL1,T1,ndd_no_documented_epilepsy,clingen;orphadata_genes;panelapp_ge_id
HGNC:6081,INS,T1,ndd_no_documented_epilepsy,clingen;orphadata_genes;panelapp_au_id
HGNC:6091,INSR,T1,ndd_no_documented_epilepsy,clingen;orphadata_genes;panelapp_au_id;panelapp_ge_id
HGNC:24555,INTS1,T1,ndd_no_documented_epilepsy,panelapp_au_id;panelapp_ge_id
HGNC:26052,INTS11,T1,ndd_with_epilepsy,genes4epilepsy;panelapp_au_id;panelapp_ge_id
HGNC:20174,INTS13,T1,ndd_no_documented_epilepsy,panelapp_au_id
HGNC:14879,INTS6,T1,ndd_no_documented_epilepsy,panelapp_au_id;panelapp_ge_id
HGNC:29239,INTU,T1,unclassified,clingen
HGNC:17870,INVS,T1,unclassified,clingen;orphadata_genes
HGNC:9853,IPO8,T1,ndd_no_documented_epilepsy,orphadata_genes;panelapp_au_id;panelapp_ge_id
HGNC:28949,IQCB1,T1,unclassified,clingen;orphadata_genes
HGNC:29112,IQSEC1,T1,ndd_no_documented_epilepsy,clingen;orphadata_genes;panelapp_au_id;panelapp_ge_id
HGNC:6115,IREB2,T1,ndd_no_documented_epilepsy,panelapp_au_id;panelapp_ge_id
HGNC:6119,IRF4,T1,unclassified,clingen;orphadata_genes
HGNC:6121,IRF6,T1,ndd_no_documented_epilepsy,clingen;orphadata_genes;panelapp_ge_id
HGNC:14361,IRX5,T1,ndd_no_documented_epilepsy,clingen;orphadata_genes;panelapp_au_id;panelapp_ge_id
HGNC:28660,ISCA1,T1,ndd_with_epilepsy,genes4epilepsy;orphadata_genes;panelapp_au_epilepsy;panelapp_au_id
HGNC:19857,ISCA2,T1,ndd_no_documented_epilepsy,clingen;orphadata_genes;panelapp_au_id;panelapp_ge_id
HGNC:29882,ISCU,T1,unclassified,clingen;orphadata_genes
HGNC:6132,ISL1,T1,unclassified,clingen;orphadata_genes
HGNC:13890,ITCH,T1,ndd_no_documented_epilepsy,clingen;orphadata_genes;panelapp_au_id;panelapp_ge_id
HGNC:30879,ITFG2,T1,ndd_no_documented_epilepsy,panelapp_au_id;panelapp_ge_id
HGNC:6138,ITGA2B,T1,unclassified,clingen;orphadata_genes
HGNC:6139,ITGA3,T1,ndd_no_documented_epilepsy,clingen;orphadata_genes;panelapp_ge_id
HGNC:6150,ITGAV,T1,ndd_no_documented_epilepsy,panelapp_au_id;panelapp_ge_id
HGNC:6156,ITGB3,T1,unclassified,clingen;orphadata_genes
HGNC:6171,ITK,T1,unclassified,clingen;orphadata_genes
HGNC:6176,ITPA,T1,ndd_with_epilepsy,clingen;genes4epilepsy;orphadata_genes;panelapp_au_epilepsy;panelapp_au_id;panelapp_ge_epilepsy;panelapp_ge_id
HGNC:6180,ITPR1,T1,ndd_no_documented_epilepsy,clingen;orphadata_genes;panelapp_au_id;panelapp_ge_id
HGNC:6182,ITPR3,T1,unclassified,clingen;orphadata_genes
HGNC:6183,ITSN1,T1,ndd_no_documented_epilepsy,orphadata_genes;panelapp_au_id;panelapp_ge_id
HGNC:6186,IVD,T1,ndd_no_documented_epilepsy,clingen;orphadata_genes;panelapp_au_id;panelapp_ge_id
HGNC:6190,JAK1,T1,unclassified,clingen;orphadata_genes
HGNC:6193,JAK3,T1,ndd_no_documented_epilepsy,clingen;orphadata_genes;panelapp_ge_id
HGNC:15532,JAM3,T1,ndd_no_documented_epilepsy,orphadata_genes;panelapp_au_id;panelapp_ge_id
HGNC:20184,JKAMP,T1,ndd_with_epilepsy,genes4epilepsy;panelapp_au_epilepsy;panelapp_au_id;panelapp_ge_epilepsy;panelapp_ge_id
HGNC:12313,JMJD1C,T1,ndd_with_epilepsy,genes4epilepsy;orphadata_genes;panelapp_au_epilepsy;panelapp_au_id;panelapp_ge_id
HGNC:14202,JPH2,T1,unclassified,clingen;orphadata_genes
HGNC:5275,KAT5,T1,ndd_with_epilepsy,genes4epilepsy;orphadata_genes;panelapp_au_epilepsy;panelapp_au_id;panelapp_ge_epilepsy;panelapp_ge_id
HGNC:17933,KAT8,T1,ndd_with_epilepsy,genes4epilepsy;orphadata_genes;panelapp_au_epilepsy;panelapp_au_id;panelapp_ge_epilepsy;panelapp_ge_id
HGNC:6217,KATNB1,T1,ndd_with_epilepsy,genes4epilepsy;orphadata_genes;panelapp_au_epilepsy;panelapp_au_id;panelapp_ge_epilepsy;panelapp_ge_id
HGNC:29068,KATNIP,T1,ndd_no_documented_epilepsy,clingen;orphadata_genes;panelapp_au_id;panelapp_ge_id
HGNC:37227,KBTBD13,T1,ndd_no_documented_epilepsy,clingen;orphadata_genes;panelapp_ge_id
HGNC:21751,KBTBD2,T1,ndd_no_documented_epilepsy,panelapp_au_id
HGNC:6221,KCNA3,T1,ndd_with_epilepsy,genes4epilepsy;panelapp_au_epilepsy;panelapp_au_id;panelapp_ge_epilepsy;panelapp_ge_id
HGNC:6225,KCNA6,T1,ndd_with_epilepsy,genes4epilepsy;panelapp_au_epilepsy;panelapp_au_id
HGNC:6232,KCNB2,T1,ndd_with_epilepsy,genes4epilepsy;panelapp_au_epilepsy;panelapp_au_id;panelapp_ge_epilepsy;panelapp_ge_id
HGNC:6234,KCNC2,T1,ndd_with_epilepsy,clingen;genes4epilepsy;orphadata_genes;panelapp_au_epilepsy;panelapp_au_id;panelapp_ge_epilepsy
HGNC:6235,KCNC3,T1,ndd_no_documented_epilepsy,clingen;orphadata_genes;panelapp_au_id;panelapp_ge_id
HGNC:6237,KCND1,T1,ndd_with_epilepsy,genes4epilepsy;panelapp_au_epilepsy;panelapp_au_id;panelapp_ge_id
HGNC:6238,KCND2,T1,ndd_with_epilepsy,clingen;genes4epilepsy;panelapp_au_epilepsy;panelapp_au_id;panelapp_ge_epilepsy;panelapp_ge_id
HGNC:6254,KCNH5,T1,ndd_with_epilepsy,clingen;genes4epilepsy;orphadata_genes;panelapp_au_epilepsy;panelapp_au_id;panelapp_ge_epilepsy;panelapp_ge_id
HGNC:6255,KCNJ1,T1,ndd_no_documented_epilepsy,clingen;orphadata_genes;panelapp_au_id
HGNC:6257,KCNJ11,T1,ndd_with_epilepsy,clingen;genes4epilepsy;orphadata_genes;panelapp_au_epilepsy;panelapp_au_id;panelapp_ge_epilepsy;panelapp_ge_id
HGNC:6259,KCNJ13,T1,unclassified,clingen;orphadata_genes
HGNC:6262,KCNJ16,T1,unclassified,clingen
HGNC:6265,KCNJ4,T1,ndd_with_epilepsy,panelapp_au_epilepsy;panelapp_au_id;panelapp_ge_epilepsy
HGNC:6267,KCNJ6,T1,ndd_no_documented_epilepsy,orphadata_genes;panelapp_au_id;panelapp_ge_id
HGNC:6278,KCNK3,T1,ndd_no_documented_epilepsy,clingen;orphadata_genes;panelapp_au_id;panelapp_ge_id
HGNC:6279,KCNK4,T1,ndd_with_epilepsy,clingen;genes4epilepsy;orphadata_genes;panelapp_au_epilepsy;panelapp_au_id;panelapp_ge_epilepsy;panelapp_ge_id
HGNC:6283,KCNK9,T1,ndd_no_documented_epilepsy,orphadata_genes;panelapp_au_id;panelapp_ge_id
HGNC:6291,KCNN2,T1,ndd_with_epilepsy,genes4epilepsy;panelapp_au_epilepsy;panelapp_au_id;panelapp_ge_id
HGNC:6292,KCNN3,T1,ndd_with_epilepsy,orphadata_genes;panelapp_au_epilepsy;panelapp_au_id;panelapp_ge_id
HGNC:6298,KCNQ4,T1,unclassified,clingen;orphadata_genes
HGNC:6299,KCNQ5,T1,ndd_with_epilepsy,genes4epilepsy;orphadata_genes;panelapp_au_epilepsy;panelapp_au_id;panelapp_ge_epilepsy;panelapp_ge_id
HGNC:19698,KCNV2,T1,unclassified,clingen;orphadata_genes
HGNC:18249,KCTD1,T1,ndd_no_documented_epilepsy,clingen;orphadata_genes;panelapp_ge_id
HGNC:21305,KCTD3,T1,ndd_with_epilepsy,genes4epilepsy;panelapp_au_epilepsy;panelapp_au_id;panelapp_ge_epilepsy;panelapp_ge_id
HGNC:26624,KDF1,T1,unclassified,clingen;orphadata_genes
HGNC:29079,KDM1A,T1,ndd_no_documented_epilepsy,clingen;orphadata_genes;panelapp_au_id;panelapp_ge_id
HGNC:13606,KDM2A,T1,ndd_with_epilepsy,genes4epilepsy;panelapp_au_id;panelapp_ge_epilepsy;panelapp_ge_id
HGNC:13610,KDM2B,T1,ndd_with_epilepsy,genes4epilepsy;orphadata_genes;panelapp_au_id;panelapp_ge_id
HGNC:1337,KDM3B,T1,ndd_no_documented_epilepsy,clingen;orphadata_genes;panelapp_au_id;panelapp_ge_id;simons_searchlight
HGNC:29136,KDM4B,T1,ndd_with_epilepsy,clingen;genes4epilepsy;orphadata_genes;panelapp_au_epilepsy;panelapp_au_id;panelapp_ge_id
HGNC:9886,KDM5A,T1,ndd_with_epilepsy,clingen;genes4epilepsy;panelapp_au_epilepsy;panelapp_au_id;panelapp_ge_id
HGNC:18039,KDM5B,T1,ndd_no_documented_epilepsy,clingen;orphadata_genes;panelapp_au_id;panelapp_ge_id;simons_searchlight
HGNC:12637,KDM6A,T1,ndd_with_epilepsy,clingen;genes4epilepsy;orphadata_genes;panelapp_au_epilepsy;panelapp_au_id;panelapp_ge_id
HGNC:29012,KDM6B,T1,ndd_with_epilepsy,clingen;orphadata_genes;panelapp_au_id;panelapp_ge_epilepsy;panelapp_ge_id;simons_searchlight
HGNC:6307,KDR,T1,unclassified,clingen;orphadata_genes
HGNC:4021,KDSR,T1,unclassified,clingen;orphadata_genes
HGNC:19960,KIAA0586,T1,ndd_no_documented_epilepsy,orphadata_genes;panelapp_au_id;panelapp_ge_id
HGNC:22219,KIAA1549,T1,unclassified,clingen;orphadata_genes
HGNC:26517,KICS2,T1,ndd_with_epilepsy,genes4epilepsy;panelapp_au_epilepsy;panelapp_au_id;panelapp_ge_epilepsy;panelapp_ge_id
HGNC:29508,KIDINS220,T1,ndd_no_documented_epilepsy,clingen;orphadata_genes;panelapp_au_id;panelapp_ge_id
HGNC:6388,KIF11,T1,ndd_no_documented_epilepsy,clingen;orphadata_genes;panelapp_au_id;panelapp_ge_id
HGNC:19181,KIF14,T1,ndd_no_documented_epilepsy,orphadata_genes;panelapp_au_id;panelapp_ge_id
HGNC:19349,KIF21A,T1,ndd_no_documented_epilepsy,clingen;orphadata_genes;panelapp_au_id;panelapp_ge_id
HGNC:29442,KIF21B,T1,ndd_no_documented_epilepsy,panelapp_au_id;panelapp_ge_id
HGNC:20226,KIF26A,T1,ndd_no_documented_epilepsy,clingen;panelapp_au_id;panelapp_ge_id
HGNC:6318,KIF2A,T1,ndd_with_epilepsy,genes4epilepsy;panelapp_au_epilepsy;panelapp_au_id;panelapp_ge_epilepsy;panelapp_ge_id
HGNC:6323,KIF5A,T1,ndd_with_epilepsy,clingen;genes4epilepsy;orphadata_genes;panelapp_au_epilepsy;panelapp_au_id;panelapp_ge_id
HGNC:6325,KIF5C,T1,ndd_with_epilepsy,clingen;genes4epilepsy;panelapp_au_epilepsy;panelapp_au_id;panelapp_ge_epilepsy;panelapp_ge_id
HGNC:30497,KIF7,T1,ndd_no_documented_epilepsy,orphadata_genes;panelapp_au_id;panelapp_ge_id
HGNC:23419,KIFBP,T1,ndd_with_epilepsy,clingen;genes4epilepsy;orphadata_genes;panelapp_au_epilepsy;panelapp_au_id;panelapp_ge_epilepsy;panelapp_ge_id
HGNC:6342,KIT,T1,ndd_no_documented_epilepsy,clingen;orphadata_genes;panelapp_ge_id
HGNC:15865,KIZ,T1,unclassified,clingen;orphadata_genes
HGNC:6387,KLC1,T1,ndd_no_documented_epilepsy,panelapp_au_id
HGNC:6350,KLF7,T1,ndd_no_documented_epilepsy,panelapp_au_id;panelapp_ge_id
HGNC:22931,KLHL13,T1,ndd_no_documented_epilepsy,panelapp_au_id
HGNC:29347,KLHL15,T1,ndd_no_documented_epilepsy,panelapp_au_id;panelapp_ge_id
HGNC:25056,KLHL20,T1,ndd_with_epilepsy,clingen;genes4epilepsy;panelapp_au_epilepsy;panelapp_au_id;panelapp_ge_epilepsy;panelapp_ge_id
HGNC:6354,KLHL3,T1,unclassified,clingen;orphadata_genes
HGNC:30372,KLHL40,T1,ndd_no_documented_epilepsy,clingen;orphadata_genes;panelapp_ge_id
HGNC:15646,KLHL7,T1,ndd_no_documented_epilepsy,orphadata_genes;panelapp_au_id;panelapp_ge_id
HGNC:6371,KLKB1,T1,unclassified,clingen;orphadata_genes
HGNC:15840,KMT2B,T1,ndd_with_epilepsy,clingen;genes4epilepsy;orphadata_genes;panelapp_au_epilepsy;panelapp_au_id;panelapp_ge_id
HGNC:6383,KNG1,T1,unclassified,clingen;orphadata_genes
HGNC:24054,KNL1,T1,ndd_no_documented_epilepsy,orphadata_genes;panelapp_au_id;panelapp_ge_id
HGNC:6469,KYNU,T1,ndd_no_documented_epilepsy,clingen;orphadata_genes;panelapp_au_id
HGNC:6470,L1CAM,T1,ndd_no_documented_epilepsy,clingen;orphadata_genes;panelapp_au_id;panelapp_ge_id
HGNC:20499,L2HGDH,T1,ndd_with_epilepsy,clingen;genes4epilepsy;orphadata_genes;panelapp_au_epilepsy;panelapp_au_id;panelapp_ge_id
HGNC:26058,LAGE3,T1,ndd_no_documented_epilepsy,orphadata_genes;panelapp_au_id
HGNC:6481,LAMA1,T1,ndd_no_documented_epilepsy,orphadata_genes;panelapp_au_id;panelapp_ge_id
HGNC:6485,LAMA5,T1,unclassified,clingen;orphadata_genes
HGNC:6486,LAMB1,T1,ndd_no_documented_epilepsy,clingen;orphadata_genes;panelapp_au_id;panelapp_ge_id
HGNC:6487,LAMB2,T1,ndd_no_documented_epilepsy,orphadata_genes;panelapp_au_id;panelapp_ge_id
HGNC:6501,LAMP2,T1,ndd_no_documented_epilepsy,clingen;orphadata_genes;panelapp_au_id;panelapp_ge_id
HGNC:14582,LAMP3,T1,unclassified,clingen
HGNC:6511,LARGE1,T1,ndd_with_epilepsy,clingen;genes4epilepsy;orphadata_genes;panelapp_au_epilepsy;panelapp_au_id;panelapp_ge_epilepsy;panelapp_ge_id
HGNC:29531,LARP1,T1,ndd_no_documented_epilepsy,panelapp_au_id
HGNC:24912,LARP7,T1,ndd_no_documented_epilepsy,orphadata_genes;panelapp_au_id;panelapp_ge_id
HGNC:17095,LARS2,T1,ndd_no_documented_epilepsy,clingen;orphadata_genes;panelapp_au_id;panelapp_ge_id
HGNC:25726,LAS1L,T1,ndd_no_documented_epilepsy,clingen;orphadata_genes;panelapp_au_id;panelapp_ge_id
HGNC:18874,LAT,T1,unclassified,clingen;orphadata_genes
HGNC:31923,LCA5,T1,unclassified,clingen;orphadata_genes
HGNC:6524,LCK,T1,unclassified,clingen;orphadata_genes
HGNC:6529,LCP2,T1,unclassified,clingen;orphadata_genes
HGNC:6547,LDLR,T1,unclassified,clingen;orphadata_genes
HGNC:18640,LDLRAP1,T1,unclassified,clingen;orphadata_genes
HGNC:30401,LEO1,T1,ndd_no_documented_epilepsy,panelapp_au_id
HGNC:6556,LETM1,T1,ndd_with_epilepsy,orphadata_genes;panelapp_au_epilepsy;panelapp_au_id;panelapp_ge_epilepsy;panelapp_ge_id
HGNC:6572,LGI1,T1,ndd_with_epilepsy,clingen;genes4epilepsy;orphadata_genes;panelapp_au_epilepsy;panelapp_au_id;panelapp_ge_epilepsy;panelapp_ge_id
HGNC:18711,LGI3,T1,ndd_no_documented_epilepsy,panelapp_au_id;panelapp_ge_id
HGNC:21253,LHFPL5,T1,unclassified,clingen;orphadata_genes
HGNC:6594,LHX2,T1,ndd_no_documented_epilepsy,clingen;panelapp_au_id;panelapp_ge_id
HGNC:16429,LIAS,T1,ndd_with_epilepsy,clingen;genes4epilepsy;orphadata_genes;panelapp_au_epilepsy;panelapp_au_id;panelapp_ge_epilepsy;panelapp_ge_id
HGNC:6597,LIFR,T1,unclassified,clingen;orphadata_genes
HGNC:6598,LIG1,T1,unclassified,clingen
HGNC:6600,LIG3,T1,epilepsy_only_unclassified,clingen;genes4epilepsy;orphadata_genes;panelapp_au_epilepsy
HGNC:6601,LIG4,T1,ndd_no_documented_epilepsy,clingen;orphadata_genes;panelapp_au_id;panelapp_ge_id
HGNC:31814,LINGO4,T1,ndd_no_documented_epilepsy,panelapp_au_id;panelapp_ge_id
HGNC:30922,LINS1,T1,ndd_no_documented_epilepsy,clingen;orphadata_genes;panelapp_au_id;panelapp_ge_id
HGNC:6617,LIPA,T1,unclassified,clingen;orphadata_genes
HGNC:6621,LIPE,T1,unclassified,clingen;orphadata_genes
HGNC:29569,LIPT1,T1,ndd_with_epilepsy,clingen;orphadata_genes;panelapp_au_id;panelapp_ge_epilepsy;panelapp_ge_id
HGNC:37216,LIPT2,T1,ndd_with_epilepsy,clingen;genes4epilepsy;panelapp_au_epilepsy;panelapp_au_id;panelapp_ge_epilepsy;panelapp_ge_id
HGNC:16841,LITAF,T1,ndd_no_documented_epilepsy,clingen;orphadata_genes;panelapp_ge_id
HGNC:6631,LMAN1,T1,unclassified,clingen;orphadata_genes
HGNC:19263,LMAN2L,T1,ndd_with_epilepsy,orphadata_genes;panelapp_au_id;panelapp_ge_epilepsy;panelapp_ge_id
HGNC:23038,LMBRD1,T1,ndd_no_documented_epilepsy,clingen;orphadata_genes;panelapp_au_id;panelapp_ge_id
HGNC:25287,LMBRD2,T1,ndd_with_epilepsy,genes4epilepsy;orphadata_genes;panelapp_au_epilepsy;panelapp_au_id;panelapp_ge_epilepsy;panelapp_ge_id
HGNC:6637,LMNB1,T1,ndd_with_epilepsy,clingen;orphadata_genes;panelapp_au_epilepsy;panelapp_au_id;panelapp_ge_epilepsy;panelapp_ge_id
HGNC:6638,LMNB2,T1,ndd_with_epilepsy,genes4epilepsy;orphadata_genes;panelapp_au_epilepsy;panelapp_au_id;panelapp_ge_epilepsy;panelapp_ge_id
HGNC:6648,LMOD2,T1,unclassified,clingen;orphadata_genes
HGNC:6649,LMOD3,T1,unclassified,clingen;orphadata_genes
HGNC:6653,LMX1A,T1,unclassified,clingen
HGNC:6654,LMX1B,T1,ndd_with_epilepsy,clingen;genes4epilepsy;orphadata_genes;panelapp_au_epilepsy;panelapp_ge_id
HGNC:21610,LNPK,T1,ndd_with_epilepsy,genes4epilepsy;panelapp_au_epilepsy;panelapp_au_id;panelapp_ge_epilepsy;panelapp_ge_id
HGNC:9479,LONP1,T1,ndd_with_epilepsy,clingen;orphadata_genes;panelapp_au_epilepsy;panelapp_au_id;panelapp_ge_id
HGNC:6664,LOX,T1,unclassified,clingen;orphadata_genes
HGNC:26521,LOXHD1,T1,ndd_no_documented_epilepsy,clingen;orphadata_genes;panelapp_ge_id
HGNC:13345,LPIN1,T1,unclassified,clingen;orphadata_genes
HGNC:14450,LPIN2,T1,unclassified,clingen;orphadata_genes
HGNC:6685,LRAT,T1,ndd_no_documented_epilepsy,clingen;orphadata_genes;panelapp_ge_id
HGNC:1742,LRBA,T1,epilepsy_only_unclassified,clingen;genes4epilepsy;orphadata_genes
HGNC:6694,LRP2,T1,ndd_no_documented_epilepsy,clingen;orphadata_genes;panelapp_au_id;panelapp_ge_id
HGNC:6696,LRP4,T1,ndd_no_documented_epilepsy,clingen;orphadata_genes;panelapp_ge_id
HGNC:6697,LRP5,T1,ndd_no_documented_epilepsy,clingen;orphadata_genes;panelapp_au_id;panelapp_ge_id
HGNC:15714,LRPPRC,T1,ndd_with_epilepsy,clingen;genes4epilepsy;orphadata_genes;panelapp_au_epilepsy;panelapp_au_id;panelapp_ge_id
HGNC:18531,LRRC7,T1,ndd_with_epilepsy,genes4epilepsy;panelapp_au_id;panelapp_ge_id
HGNC:18618,LRRK2,T1,ndd_no_documented_epilepsy,clingen;orphadata_genes;panelapp_ge_id
HGNC:25135,LRSAM1,T1,unclassified,clingen;orphadata_genes
HGNC:25033,LRTOMT,T1,unclassified,clingen;orphadata_genes
HGNC:20472,LSM1,T1,ndd_no_documented_epilepsy,panelapp_au_id;panelapp_ge_id
HGNC:6708,LSS,T1,ndd_with_epilepsy,genes4epilepsy;orphadata_genes;panelapp_au_epilepsy;panelapp_au_id;panelapp_ge_epilepsy;panelapp_ge_id
HGNC:6714,LTBP1,T1,ndd_no_documented_epilepsy,orphadata_genes;panelapp_au_id
HGNC:6715,LTBP2,T1,ndd_no_documented_epilepsy,clingen;orphadata_genes;panelapp_ge_id
HGNC:28072,LYRM7,T1,ndd_no_documented_epilepsy,clingen;orphadata_genes;panelapp_au_id;panelapp_ge_id
HGNC:20218,LYSET,T1,ndd_no_documented_epilepsy,panelapp_au_id
HGNC:1968,LYST,T1,ndd_with_epilepsy,clingen;genes4epilepsy;orphadata_genes;panelapp_au_epilepsy;panelapp_au_id;panelapp_ge_epilepsy;panelapp_ge_id
HGNC:6741,LZTFL1,T1,ndd_no_documented_epilepsy,clingen;orphadata_genes;panelapp_au_id;panelapp_ge_id
HGNC:6742,LZTR1,T1,ndd_no_documented_epilepsy,clingen;orphadata_genes;panelapp_au_id;panelapp_ge_id
HGNC:6757,MAB21L1,T1,ndd_no_documented_epilepsy,clingen;orphadata_genes;panelapp_au_id;panelapp_ge_id
HGNC:6758,MAB21L2,T1,ndd_no_documented_epilepsy,clingen;orphadata_genes;panelapp_au_id;panelapp_ge_id
HGNC:13664,MACF1,T1,ndd_with_epilepsy,clingen;genes4epilepsy;orphadata_genes;panelapp_au_epilepsy;panelapp_au_id;panelapp_ge_epilepsy;panelapp_ge_id
HGNC:6766,MADD,T1,ndd_with_epilepsy,genes4epilepsy;orphadata_genes;panelapp_au_epilepsy;panelapp_au_id;panelapp_ge_epilepsy;panelapp_ge_id
HGNC:13731,MAEA,T1,ndd_no_documented_epilepsy,panelapp_au_id
HGNC:6776,MAF,T1,ndd_with_epilepsy,genes4epilepsy;orphadata_genes;panelapp_au_epilepsy;panelapp_au_id;panelapp_ge_epilepsy;panelapp_ge_id
HGNC:6783,MAG,T1,ndd_no_documented_epilepsy,clingen;orphadata_genes;panelapp_ge_id
HGNC:16353,MAGED2,T1,unclassified,clingen;orphadata_genes
HGNC:6814,MAGEL2,T1,ndd_no_documented_epilepsy,clingen;orphadata_genes;panelapp_au_id;panelapp_ge_id
HGNC:6816,MAK,T1,unclassified,clingen;orphadata_genes
HGNC:6819,MALT1,T1,unclassified,clingen;orphadata_genes
HGNC:6823,MAN1B1,T1,ndd_no_documented_epilepsy,clingen;orphadata_genes;panelapp_au_id;panelapp_ge_id
HGNC:6826,MAN2B1,T1,ndd_no_documented_epilepsy,clingen;orphadata_genes;panelapp_au_id;panelapp_ge_id
HGNC:6827,MAN2C1,T1,ndd_no_documented_epilepsy,clingen;orphadata_genes;panelapp_au_id;panelapp_ge_id
HGNC:6833,MAOA,T1,ndd_no_documented_epilepsy,clingen;orphadata_genes;panelapp_au_id;panelapp_ge_id;simons_searchlight
HGNC:6836,MAP1B,T1,ndd_with_epilepsy,clingen;genes4epilepsy;orphadata_genes;panelapp_au_epilepsy;panelapp_au_id;panelapp_ge_id
HGNC:6844,MAP2K4,T1,ndd_with_epilepsy,panelapp_au_epilepsy;panelapp_au_id
HGNC:17797,MAP3K20,T1,unclassified,clingen;orphadata_genes
HGNC:6866,MAP4K4,T1,ndd_no_documented_epilepsy,panelapp_au_id;panelapp_ge_id
HGNC:6871,MAPK1,T1,ndd_no_documented_epilepsy,orphadata_genes;panelapp_au_id;panelapp_ge_id
HGNC:6884,MAPK8IP3,T1,ndd_with_epilepsy,clingen;orphadata_genes;panelapp_au_epilepsy;panelapp_au_id;panelapp_ge_id
HGNC:6889,MAPKAPK5,T1,ndd_no_documented_epilepsy,panelapp_au_id;panelapp_ge_id
HGNC:29536,MAPKBP1,T1,unclassified,clingen;orphadata_genes
HGNC:6891,MAPRE2,T1,ndd_no_documented_epilepsy,orphadata_genes;panelapp_au_id;panelapp_ge_id
HGNC:3332,MARK2,T1,ndd_with_epilepsy,genes4epilepsy;orphadata_genes;panelapp_au_epilepsy;panelapp_au_id;panelapp_ge_epilepsy;panelapp_ge_id
HGNC:25133,MARS2,T1,ndd_no_documented_epilepsy,clingen;orphadata_genes;panelapp_au_id;panelapp_ge_id
HGNC:26401,MARVELD2,T1,unclassified,clingen;orphadata_genes
HGNC:6901,MASP1,T1,ndd_no_documented_epilepsy,clingen;orphadata_genes;panelapp_au_id;panelapp_ge_id
HGNC:6903,MAT1A,T1,ndd_no_documented_epilepsy,clingen;orphadata_genes;panelapp_au_id;panelapp_ge_id
HGNC:6912,MATR3,T1,unclassified,clingen;orphadata_genes
HGNC:29140,MAU2,T1,ndd_no_documented_epilepsy,orphadata_genes;panelapp_au_id
HGNC:6913,MAX,T1,ndd_no_documented_epilepsy,clingen;orphadata_genes;panelapp_au_id
HGNC:15505,MBOAT7,T1,ndd_with_epilepsy,clingen;genes4epilepsy;orphadata_genes;panelapp_au_epilepsy;panelapp_au_id;panelapp_ge_epilepsy;panelapp_ge_id;simons_searchlight
HGNC:15456,MBTPS1,T1,unclassified,clingen
HGNC:15455,MBTPS2,T1,ndd_no_documented_epilepsy,clingen;orphadata_genes;panelapp_au_id;panelapp_ge_id
HGNC:6936,MCCC1,T1,ndd_no_documented_epilepsy,clingen;orphadata_genes;panelapp_au_id;panelapp_ge_id
HGNC:6937,MCCC2,T1,ndd_no_documented_epilepsy,clingen;orphadata_genes;panelapp_au_id;panelapp_ge_id
HGNC:16732,MCEE,T1,ndd_no_documented_epilepsy,clingen;orphadata_genes;panelapp_ge_id
HGNC:18451,MCFD2,T1,unclassified,clingen;orphadata_genes
HGNC:40050,MCIDAS,T1,unclassified,clingen;orphadata_genes
HGNC:6946,MCM3AP,T1,ndd_with_epilepsy,clingen;genes4epilepsy;panelapp_au_epilepsy;panelapp_au_id;panelapp_ge_epilepsy;panelapp_ge_id
HGNC:6949,MCM6,T1,ndd_no_documented_epilepsy,panelapp_au_id
HGNC:21484,MCM9,T1,ndd_no_documented_epilepsy,clingen;orphadata_genes;panelapp_ge_id
HGNC:6954,MCPH1,T1,ndd_with_epilepsy,clingen;genes4epilepsy;orphadata_genes;panelapp_au_id;panelapp_ge_id
HGNC:19835,MDGA2,T1,ndd_with_epilepsy,genes4epilepsy;orphadata_genes;panelapp_au_epilepsy;panelapp_au_id
HGNC:6971,MDH2,T1,ndd_with_epilepsy,genes4epilepsy;orphadata_genes;panelapp_au_epilepsy;panelapp_au_id;panelapp_ge_epilepsy;panelapp_ge_id
HGNC:3498,MECOM,T1,unclassified,clingen;orphadata_genes
HGNC:32687,MED11,T1,ndd_with_epilepsy,genes4epilepsy;panelapp_au_epilepsy;panelapp_au_id;panelapp_ge_epilepsy;panelapp_ge_id
HGNC:16050,MED12L,T1,ndd_no_documented_epilepsy,clingen;orphadata_genes;panelapp_au_id;panelapp_ge_id
HGNC:17556,MED16,T1,ndd_no_documented_epilepsy,panelapp_au_id;panelapp_ge_id
HGNC:2375,MED17,T1,ndd_with_epilepsy,genes4epilepsy;orphadata_genes;panelapp_au_epilepsy;panelapp_au_id;panelapp_ge_epilepsy;panelapp_ge_id
HGNC:2377,MED27,T1,ndd_with_epilepsy,clingen;genes4epilepsy;orphadata_genes;panelapp_au_epilepsy;panelapp_au_id;panelapp_ge_epilepsy;panelapp_ge_id
HGNC:6998,MEFV,T1,unclassified,clingen;orphadata_genes
HGNC:14575,MEG3,T1,ndd_no_documented_epilepsy,orphadata_genes;panelapp_au_id
HGNC:29634,MEGF10,T1,ndd_no_documented_epilepsy,clingen;orphadata_genes;panelapp_ge_id
HGNC:3233,MEGF8,T1,ndd_no_documented_epilepsy,clingen;orphadata_genes;panelapp_au_id;panelapp_ge_id
HGNC:7001,MEIS2,T1,ndd_no_documented_epilepsy,clingen;orphadata_genes;panelapp_au_id;panelapp_ge_id;simons_searchlight
HGNC:7010,MEN1,T1,unclassified,clingen;orphadata_genes
HGNC:7027,MERTK,T1,unclassified,clingen;orphadata_genes
HGNC:26988,METTL23,T1,ndd_no_documented_epilepsy,clingen;orphadata_genes;panelapp_au_id;panelapp_ge_id
HGNC:25006,METTL5,T1,ndd_no_documented_epilepsy,orphadata_genes;panelapp_au_id;panelapp_ge_id
HGNC:24858,MFF,T1,ndd_with_epilepsy,clingen;genes4epilepsy;orphadata_genes;panelapp_au_epilepsy;panelapp_au_id;panelapp_ge_epilepsy;panelapp_ge_id
HGNC:16877,MFN2,T1,ndd_no_documented_epilepsy,clingen;orphadata_genes;panelapp_au_id
HGNC:25897,MFSD2A,T1,ndd_no_documented_epilepsy,orphadata_genes;panelapp_au_id;panelapp_ge_id
HGNC:7045,MGAT2,T1,ndd_no_documented_epilepsy,clingen;orphadata_genes;panelapp_au_id;panelapp_ge_id
HGNC:16205,MGME1,T1,ndd_no_documented_epilepsy,clingen;orphadata_genes;panelapp_au_id
HGNC:7060,MGP,T1,ndd_no_documented_epilepsy,clingen;orphadata_genes;panelapp_au_id;panelapp_ge_id
HGNC:33702,MICOS13,T1,unclassified,clingen;orphadata_genes
HGNC:1530,MICU1,T1,ndd_no_documented_epilepsy,clingen;orphadata_genes;panelapp_au_id;panelapp_ge_id
HGNC:7095,MID1,T1,ndd_no_documented_epilepsy,clingen;orphadata_genes;panelapp_au_id;panelapp_ge_id
HGNC:33914,MINAR2,T1,unclassified,clingen;orphadata_genes
HGNC:7102,MINPP1,T1,ndd_with_epilepsy,clingen;genes4epilepsy;orphadata_genes;panelapp_au_epilepsy;panelapp_ge_epilepsy;panelapp_ge_id
HGNC:7105,MITF,T1,ndd_no_documented_epilepsy,clingen;orphadata_genes;panelapp_ge_id
HGNC:7108,MKKS,T1,ndd_no_documented_epilepsy,clingen;orphadata_genes;panelapp_au_id;panelapp_ge_id
HGNC:7121,MKS1,T1,ndd_no_documented_epilepsy,clingen;orphadata_genes;panelapp_au_id;panelapp_ge_id
HGNC:17082,MLC1,T1,ndd_with_epilepsy,clingen;genes4epilepsy;orphadata_genes;panelapp_au_epilepsy;panelapp_au_id;panelapp_ge_epilepsy;panelapp_ge_id
HGNC:7150,MLYCD,T1,ndd_no_documented_epilepsy,clingen;orphadata_genes;panelapp_au_id;panelapp_ge_id
HGNC:18871,MMAA,T1,ndd_no_documented_epilepsy,clingen;orphadata_genes;panelapp_au_id;panelapp_ge_id
HGNC:19331,MMAB,T1,ndd_no_documented_epilepsy,clingen;orphadata_genes;panelapp_au_id;panelapp_ge_id
HGNC:24525,MMACHC,T1,ndd_with_epilepsy,clingen;genes4epilepsy;orphadata_genes;panelapp_au_epilepsy;panelapp_au_id;panelapp_ge_epilepsy;panelapp_ge_id
HGNC:25221,MMADHC,T1,ndd_with_epilepsy,clingen;genes4epilepsy;orphadata_genes;panelapp_au_epilepsy;panelapp_au_id;panelapp_ge_epilepsy;panelapp_ge_id
HGNC:7154,MME,T1,unclassified,clingen;orphadata_genes
HGNC:7526,MMUT,T1,ndd_no_documented_epilepsy,clingen;orphadata_genes;panelapp_au_id;panelapp_ge_id
HGNC:7180,MN1,T1,ndd_no_documented_epilepsy,clingen;orphadata_genes;panelapp_au_id;panelapp_ge_id
HGNC:18234,MOCOS,T1,unclassified,clingen;orphadata_genes
HGNC:7190,MOCS1,T1,ndd_with_epilepsy,clingen;genes4epilepsy;orphadata_genes;panelapp_au_epilepsy;panelapp_au_id;panelapp_ge_epilepsy;panelapp_ge_id
HGNC:7193,MOCS2,T1,ndd_with_epilepsy,clingen;genes4epilepsy;orphadata_genes;panelapp_au_epilepsy;panelapp_au_id;panelapp_ge_epilepsy;panelapp_ge_id
HGNC:24862,MOGS,T1,ndd_with_epilepsy,clingen;genes4epilepsy;orphadata_genes;panelapp_au_epilepsy;panelapp_au_id;panelapp_ge_epilepsy;panelapp_ge_id
HGNC:23573,MORC2,T1,ndd_with_epilepsy,clingen;genes4epilepsy;orphadata_genes;panelapp_au_id;panelapp_ge_id
HGNC:21606,MPC1,T1,unclassified,clingen;orphadata_genes
HGNC:7207,MPDU1,T1,ndd_with_epilepsy,clingen;genes4epilepsy;orphadata_genes;panelapp_au_epilepsy;panelapp_au_id;panelapp_ge_epilepsy;panelapp_ge_id
HGNC:7208,MPDZ,T1,ndd_no_documented_epilepsy,orphadata_genes;panelapp_au_id;panelapp_ge_id
HGNC:7216,MPI,T1,ndd_no_documented_epilepsy,clingen;orphadata_genes;panelapp_au_id;panelapp_ge_id
HGNC:13937,MPIG6B,T1,unclassified,clingen;orphadata_genes
HGNC:7217,MPL,T1,unclassified,clingen;orphadata_genes
HGNC:16002,MPLKIP,T1,ndd_no_documented_epilepsy,orphadata_genes;panelapp_au_id;panelapp_ge_id
HGNC:7224,MPV17,T1,ndd_no_documented_epilepsy,clingen;orphadata_genes;panelapp_au_id;panelapp_ge_id
HGNC:7225,MPZ,T1,ndd_no_documented_epilepsy,clingen;orphadata_genes;panelapp_au_id;panelapp_ge_id
HGNC:3496,MPZL2,T1,unclassified,clingen;orphadata_genes
HGNC:7227,MRAS,T1,ndd_no_documented_epilepsy,clingen;orphadata_genes;panelapp_au_id
HGNC:16650,MRPL44,T1,unclassified,clingen;orphadata_genes
HGNC:1176,MRPL49,T1,ndd_no_documented_epilepsy,panelapp_au_id;panelapp_ge_id
HGNC:14508,MRPS22,T1,ndd_no_documented_epilepsy,clingen;orphadata_genes;panelapp_au_id;panelapp_ge_id
HGNC:16618,MRPS34,T1,ndd_no_documented_epilepsy,clingen;panelapp_au_id;panelapp_ge_id
HGNC:25544,MSL2,T1,ndd_with_epilepsy,genes4epilepsy;orphadata_genes;panelapp_au_id;panelapp_ge_id
HGNC:7370,MSL3,T1,ndd_no_documented_epilepsy,clingen;orphadata_genes;panelapp_au_id;panelapp_ge_id
HGNC:10545,MSMO1,T1,ndd_no_documented_epilepsy,orphadata_genes;panelapp_au_id;panelapp_ge_id
HGNC:7373,MSN,T1,unclassified,clingen;orphadata_genes
HGNC:27375,MSRB3,T1,unclassified,clingen;orphadata_genes
HGNC:29678,MSTO1,T1,unclassified,clingen;orphadata_genes
HGNC:7392,MSX2,T1,ndd_no_documented_epilepsy,clingen;orphadata_genes;panelapp_ge_id
HGNC:7414,MT-ATP6,T1,ndd_with_epilepsy,clingen;genes4epilepsy;orphadata_genes;panelapp_au_id;panelapp_ge_id
HGNC:7419,MT-CO1,T1,epilepsy_only_unclassified,clingen;orphadata_genes;panelapp_au_epilepsy
HGNC:7421,MT-CO2,T1,ndd_with_epilepsy,clingen;orphadata_genes;panelapp_au_epilepsy;panelapp_au_id
HGNC:7422,MT-CO3,T1,epilepsy_only_unclassified,clingen;orphadata_genes;panelapp_ge_epilepsy
HGNC:7427,MT-CYB,T1,epilepsy_only_unclassified,clingen;orphadata_genes;panelapp_au_epilepsy
HGNC:7455,MT-ND1,T1,ndd_no_documented_epilepsy,clingen;orphadata_genes;panelapp_ge_id
HGNC:7458,MT-ND3,T1,epilepsy_only_unclassified,clingen;genes4epilepsy;orphadata_genes;panelapp_au_epilepsy
HGNC:7459,MT-ND4,T1,ndd_with_epilepsy,clingen;orphadata_genes;panelapp_au_epilepsy;panelapp_au_id;panelapp_ge_id
HGNC:7461,MT-ND5,T1,epilepsy_only_unclassified,clingen;orphadata_genes;panelapp_au_epilepsy
HGNC:7462,MT-ND6,T1,unclassified,clingen;orphadata_genes
HGNC:7470,MT-RNR1,T1,unclassified,clingen;orphadata_genes
HGNC:7475,MT-TA,T1,unclassified,clingen
HGNC:7479,MT-TE,T1,ndd_with_epilepsy,clingen;orphadata_genes;panelapp_au_epilepsy;panelapp_au_id
HGNC:7481,MT-TF,T1,epilepsy_only_unclassified,clingen;orphadata_genes;panelapp_au_epilepsy
HGNC:7486,MT-TG,T1,epilepsy_only_unclassified,clingen;panelapp_au_epilepsy
HGNC:7487,MT-TH,T1,epilepsy_only_unclassified,clingen;orphadata_genes;panelapp_au_epilepsy
HGNC:7488,MT-TI,T1,unclassified,clingen;orphadata_genes
HGNC:7489,MT-TK,T1,ndd_with_epilepsy,clingen;genes4epilepsy;orphadata_genes;panelapp_ge_epilepsy;panelapp_ge_id
HGNC:7490,MT-TL1,T1,epilepsy_only_unclassified,clingen;genes4epilepsy;orphadata_genes;panelapp_ge_epilepsy
HGNC:7492,MT-TM,T1,unclassified,clingen
HGNC:7493,MT-TN,T1,unclassified,clingen;orphadata_genes
HGNC:7494,MT-TP,T1,ndd_no_documented_epilepsy,clingen;orphadata_genes;panelapp_ge_id
HGNC:7496,MT-TR,T1,ndd_with_epilepsy,clingen;panelapp_au_epilepsy;panelapp_au_id
HGNC:7497,MT-TS1,T1,ndd_with_epilepsy,clingen;orphadata_genes;panelapp_au_epilepsy;panelapp_au_id
HGNC:7498,MT-TS2,T1,ndd_with_epilepsy,clingen;orphadata_genes;panelapp_au_epilepsy;panelapp_au_id
HGNC:7499,MT-TT,T1,epilepsy_only_unclassified,clingen;orphadata_genes;panelapp_au_epilepsy
HGNC:7500,MT-TV,T1,ndd_with_epilepsy,clingen;orphadata_genes;panelapp_au_epilepsy;panelapp_au_id
HGNC:7501,MT-TW,T1,ndd_with_epilepsy,clingen;orphadata_genes;panelapp_au_epilepsy;panelapp_au_id
HGNC:7502,MT-TY,T1,epilepsy_only_unclassified,clingen;panelapp_au_epilepsy
HGNC:29666,MTFMT,T1,ndd_no_documented_epilepsy,clingen;orphadata_genes;panelapp_au_id;panelapp_ge_id
HGNC:7432,MTHFD1,T1,unclassified,clingen;orphadata_genes
HGNC:7436,MTHFR,T1,ndd_with_epilepsy,clingen;genes4epilepsy;orphadata_genes;panelapp_au_epilepsy;panelapp_au_id;panelapp_ge_epilepsy;panelapp_ge_id
HGNC:7437,MTHFS,T1,ndd_with_epilepsy,genes4epilepsy;orphadata_genes;panelapp_au_epilepsy;panelapp_au_id;panelapp_ge_epilepsy;panelapp_ge_id
HGNC:7448,MTM1,T1,ndd_no_documented_epilepsy,clingen;orphadata_genes;panelapp_au_id;panelapp_ge_id
HGNC:7450,MTMR2,T1,ndd_no_documented_epilepsy,clingen;orphadata_genes;panelapp_au_id;panelapp_ge_id
HGNC:19261,MTO1,T1,ndd_no_documented_epilepsy,clingen;orphadata_genes;panelapp_au_id;panelapp_ge_id
HGNC:25532,MTPAP,T1,ndd_no_documented_epilepsy,clingen;orphadata_genes;panelapp_au_id;panelapp_ge_id
HGNC:7468,MTR,T1,ndd_with_epilepsy,clingen;genes4epilepsy;orphadata_genes;panelapp_au_epilepsy;panelapp_au_id;panelapp_ge_epilepsy;panelapp_ge_id
HGNC:26784,MTRFR,T1,ndd_no_documented_epilepsy,clingen;orphadata_genes;panelapp_au_id;panelapp_ge_id
HGNC:7473,MTRR,T1,ndd_no_documented_epilepsy,clingen;orphadata_genes;panelapp_au_id;panelapp_ge_id
HGNC:25094,MTSS2,T1,ndd_no_documented_epilepsy,orphadata_genes;panelapp_au_id;panelapp_ge_id
HGNC:7506,MTX2,T1,unclassified,clingen;orphadata_genes
HGNC:7508,MUC1,T1,unclassified,clingen;orphadata_genes
HGNC:7525,MUSK,T1,unclassified,clingen;orphadata_genes
HGNC:7530,MVK,T1,ndd_no_documented_epilepsy,clingen;orphadata_genes;panelapp_au_id;panelapp_ge_id
HGNC:7551,MYBPC3,T1,unclassified,clingen;orphadata_genes
HGNC:7559,MYCN,T1,ndd_no_documented_epilepsy,clingen;orphadata_genes;panelapp_au_id;panelapp_ge_id
HGNC:7568,MYH10,T1,ndd_no_documented_epilepsy,clingen;panelapp_au_id;panelapp_ge_id
HGNC:7569,MYH11,T1,unclassified,clingen;orphadata_genes
HGNC:7572,MYH2,T1,unclassified,clingen;orphadata_genes
HGNC:7577,MYH7,T1,unclassified,clingen;orphadata_genes
HGNC:7579,MYH9,T1,ndd_no_documented_epilepsy,clingen;orphadata_genes;panelapp_ge_id
HGNC:7583,MYL2,T1,unclassified,clingen;orphadata_genes
HGNC:7590,MYLK,T1,unclassified,clingen;orphadata_genes
HGNC:33778,MYMK,T1,ndd_no_documented_epilepsy,clingen;orphadata_genes;panelapp_au_id
HGNC:7594,MYO15A,T1,unclassified,clingen;orphadata_genes
HGNC:18150,MYO18B,T1,unclassified,clingen;orphadata_genes
HGNC:7601,MYO3A,T1,unclassified,clingen;orphadata_genes
HGNC:7602,MYO5A,T1,ndd_no_documented_epilepsy,clingen;orphadata_genes;panelapp_au_id;panelapp_ge_id
HGNC:7605,MYO6,T1,unclassified,clingen;orphadata_genes
HGNC:7606,MYO7A,T1,ndd_no_documented_epilepsy,clingen;orphadata_genes;panelapp_au_id;panelapp_ge_id
HGNC:7610,MYOC,T1,unclassified,clingen;orphadata_genes
HGNC:1181,MYRF,T1,unclassified,clingen;orphadata_genes
HGNC:29401,MYSM1,T1,unclassified,clingen;orphadata_genes
HGNC:15908,NAA20,T1,ndd_no_documented_epilepsy,clingen;orphadata_genes;panelapp_au_id;panelapp_ge_id
HGNC:20967,NACC1,T1,ndd_with_epilepsy,clingen;genes4epilepsy;orphadata_genes;panelapp_au_epilepsy;panelapp_au_id;panelapp_ge_epilepsy;panelapp_ge_id
HGNC:621,NAE1,T1,ndd_no_documented_epilepsy,panelapp_au_id
HGNC:25126,NAF1,T1,unclassified,clingen
HGNC:7631,NAGA,T1,ndd_with_epilepsy,clingen;orphadata_genes;panelapp_au_epilepsy;panelapp_au_id;panelapp_ge_epilepsy;panelapp_ge_id
HGNC:7632,NAGLU,T1,ndd_with_epilepsy,clingen;genes4epilepsy;orphadata_genes;panelapp_au_epilepsy;panelapp_au_id;panelapp_ge_id
HGNC:17996,NAGS,T1,ndd_no_documented_epilepsy,clingen;orphadata_genes;panelapp_au_id;panelapp_ge_id
HGNC:19237,NANS,T1,ndd_no_documented_epilepsy,clingen;orphadata_genes;panelapp_au_id;panelapp_ge_id
HGNC:15751,NAPB,T1,ndd_with_epilepsy,genes4epilepsy;panelapp_au_epilepsy;panelapp_au_id;panelapp_ge_epilepsy;panelapp_ge_id
HGNC:26274,NARS2,T1,epilepsy_only_unclassified,clingen;genes4epilepsy;orphadata_genes;panelapp_au_epilepsy;panelapp_ge_epilepsy
HGNC:15998,NAV3,T1,ndd_no_documented_epilepsy,panelapp_au_id;panelapp_ge_id
HGNC:25576,NAXD,T1,epilepsy_only_unclassified,clingen;genes4epilepsy;orphadata_genes
HGNC:18453,NAXE,T1,epilepsy_only_unclassified,clingen;genes4epilepsy;orphadata_genes
HGNC:31928,NBEAL2,T1,unclassified,clingen;orphadata_genes
HGNC:24305,NCAPD2,T1,ndd_no_documented_epilepsy,panelapp_au_id;panelapp_ge_id
HGNC:17597,NCDN,T1,ndd_with_epilepsy,genes4epilepsy;orphadata_genes;panelapp_au_epilepsy;panelapp_au_id;panelapp_ge_epilepsy;panelapp_ge_id
HGNC:7672,NCOR1,T1,ndd_with_epilepsy,panelapp_au_epilepsy;panelapp_au_id
HGNC:25525,NDC1,T1,ndd_no_documented_epilepsy,panelapp_au_id
HGNC:17619,NDE1,T1,ndd_with_epilepsy,clingen;genes4epilepsy;orphadata_genes;panelapp_au_epilepsy;panelapp_au_id;panelapp_ge_epilepsy;panelapp_ge_id
HGNC:7678,NDP,T1,ndd_with_epilepsy,clingen;genes4epilepsy;orphadata_genes;panelapp_au_epilepsy;panelapp_au_id;panelapp_ge_epilepsy;panelapp_ge_id
HGNC:7680,NDST1,T1,ndd_with_epilepsy,genes4epilepsy;orphadata_genes;panelapp_au_epilepsy;panelapp_au_id;panelapp_ge_id
HGNC:7683,NDUFA1,T1,ndd_with_epilepsy,clingen;genes4epilepsy;orphadata_genes;panelapp_au_epilepsy;panelapp_au_id;panelapp_ge_epilepsy;panelapp_ge_id
HGNC:7684,NDUFA10,T1,ndd_with_epilepsy,clingen;genes4epilepsy;panelapp_au_epilepsy;panelapp_au_id;panelapp_ge_epilepsy;panelapp_ge_id
HGNC:23987,NDUFA12,T1,ndd_no_documented_epilepsy,clingen;panelapp_ge_id
HGNC:7685,NDUFA2,T1,ndd_with_epilepsy,clingen;genes4epilepsy;orphadata_genes;panelapp_au_epilepsy;panelapp_au_id;panelapp_ge_epilepsy;panelapp_ge_id
HGNC:7686,NDUFA3,T1,ndd_no_documented_epilepsy,panelapp_au_id
HGNC:7688,NDUFA5,T1,ndd_no_documented_epilepsy,panelapp_au_id
HGNC:18828,NDUFAF1,T1,ndd_no_documented_epilepsy,clingen;orphadata_genes;panelapp_au_id;panelapp_ge_id
HGNC:28086,NDUFAF2,T1,ndd_with_epilepsy,clingen;genes4epilepsy;orphadata_genes;panelapp_au_epilepsy;panelapp_au_id;panelapp_ge_epilepsy;panelapp_ge_id
HGNC:29918,NDUFAF3,T1,ndd_with_epilepsy,clingen;genes4epilepsy;orphadata_genes;panelapp_au_epilepsy;panelapp_au_id;panelapp_ge_epilepsy;panelapp_ge_id
HGNC:21034,NDUFAF4,T1,ndd_with_epilepsy,clingen;genes4epilepsy;orphadata_genes;panelapp_au_epilepsy;panelapp_au_id;panelapp_ge_epilepsy
HGNC:15899,NDUFAF5,T1,ndd_with_epilepsy,clingen;genes4epilepsy;orphadata_genes;panelapp_au_epilepsy;panelapp_au_id;panelapp_ge_epilepsy;panelapp_ge_id
HGNC:28625,NDUFAF6,T1,ndd_no_documented_epilepsy,clingen;orphadata_genes;panelapp_au_id
HGNC:20372,NDUFB11,T1,unclassified,clingen;orphadata_genes
HGNC:7698,NDUFB3,T1,ndd_no_documented_epilepsy,clingen;orphadata_genes;panelapp_au_id
HGNC:7702,NDUFB7,T1,ndd_no_documented_epilepsy,clingen;panelapp_au_id
HGNC:7707,NDUFS1,T1,ndd_with_epilepsy,clingen;genes4epilepsy;orphadata_genes;panelapp_au_epilepsy;panelapp_au_id;panelapp_ge_epilepsy;panelapp_ge_id
HGNC:7708,NDUFS2,T1,ndd_with_epilepsy,clingen;genes4epilepsy;orphadata_genes;panelapp_au_epilepsy;panelapp_au_id;panelapp_ge_epilepsy;panelapp_ge_id
HGNC:7711,NDUFS4,T1,ndd_with_epilepsy,clingen;genes4epilepsy;orphadata_genes;panelapp_au_epilepsy;panelapp_au_id;panelapp_ge_epilepsy;panelapp_ge_id
HGNC:7713,NDUFS6,T1,ndd_with_epilepsy,clingen;genes4epilepsy;orphadata_genes;panelapp_au_epilepsy;panelapp_au_id;panelapp_ge_epilepsy
HGNC:7714,NDUFS7,T1,ndd_with_epilepsy,clingen;genes4epilepsy;orphadata_genes;panelapp_au_epilepsy;panelapp_au_id;panelapp_ge_epilepsy;panelapp_ge_id
HGNC:7715,NDUFS8,T1,ndd_with_epilepsy,clingen;genes4epilepsy;orphadata_genes;panelapp_au_epilepsy;panelapp_au_id;panelapp_ge_epilepsy;panelapp_ge_id
HGNC:7716,NDUFV1,T1,ndd_with_epilepsy,clingen;genes4epilepsy;orphadata_genes;panelapp_au_epilepsy;panelapp_au_id;panelapp_ge_epilepsy;panelapp_ge_id
HGNC:7717,NDUFV2,T1,ndd_with_epilepsy,clingen;orphadata_genes;panelapp_au_epilepsy;panelapp_au_id
HGNC:7720,NEB,T1,ndd_no_documented_epilepsy,clingen;orphadata_genes;panelapp_ge_id
HGNC:9706,NECTIN1,T1,ndd_no_documented_epilepsy,clingen;orphadata_genes;panelapp_ge_id
HGNC:7728,NEDD4L,T1,ndd_with_epilepsy,clingen;genes4epilepsy;orphadata_genes;panelapp_au_epilepsy;panelapp_au_id;panelapp_ge_epilepsy;panelapp_ge_id
HGNC:7737,NEFH,T1,unclassified,clingen;orphadata_genes
HGNC:7739,NEFL,T1,ndd_no_documented_epilepsy,clingen;orphadata_genes;panelapp_ge_id
HGNC:7744,NEK1,T1,ndd_no_documented_epilepsy,clingen;orphadata_genes;panelapp_ge_id
HGNC:18592,NEK10,T1,unclassified,clingen;orphadata_genes
HGNC:13387,NEK8,T1,unclassified,clingen;orphadata_genes
HGNC:10663,NEMF,T1,ndd_no_documented_epilepsy,clingen;orphadata_genes;panelapp_au_id;panelapp_ge_id
HGNC:7758,NEU1,T1,ndd_with_epilepsy,clingen;genes4epilepsy;orphadata_genes;panelapp_au_epilepsy;panelapp_au_id;panelapp_ge_id
HGNC:7763,NEUROD2,T1,ndd_with_epilepsy,genes4epilepsy;orphadata_genes;panelapp_au_epilepsy;panelapp_au_id;panelapp_ge_epilepsy;panelapp_ge_id
HGNC:7764,NEUROG1,T1,ndd_no_documented_epilepsy,panelapp_au_id;panelapp_ge_id
HGNC:29557,NEXN,T1,unclassified,clingen;orphadata_genes
HGNC:7773,NF2,T1,unclassified,clingen;orphadata_genes
HGNC:29866,NFASC,T1,ndd_no_documented_epilepsy,panelapp_au_id;panelapp_ge_id
HGNC:7784,NFIA,T1,ndd_no_documented_epilepsy,clingen;orphadata_genes;panelapp_au_id;panelapp_ge_id
HGNC:7785,NFIB,T1,ndd_no_documented_epilepsy,clingen;orphadata_genes;panelapp_au_id;panelapp_ge_id
HGNC:7786,NFIC,T1,ndd_no_documented_epilepsy,panelapp_au_id
HGNC:7794,NFKB1,T1,unclassified,clingen;orphadata_genes
HGNC:7795,NFKB2,T1,unclassified,clingen;orphadata_genes
HGNC:7797,NFKBIA,T1,unclassified,clingen;orphadata_genes
HGNC:16287,NFU1,T1,ndd_no_documented_epilepsy,clingen;orphadata_genes;panelapp_au_id;panelapp_ge_id
HGNC:7808,NGF,T1,ndd_no_documented_epilepsy,clingen;orphadata_genes;panelapp_au_id;panelapp_ge_id
HGNC:25737,NHEJ1,T1,ndd_no_documented_epilepsy,clingen;orphadata_genes;panelapp_au_id;panelapp_ge_id
HGNC:24731,NHLRC2,T1,ndd_with_epilepsy,genes4epilepsy;orphadata_genes;panelapp_ge_id
HGNC:7820,NHS,T1,ndd_no_documented_epilepsy,clingen;orphadata_genes;panelapp_au_id;panelapp_ge_id
HGNC:29873,NKAP,T1,ndd_no_documented_epilepsy,orphadata_genes;panelapp_au_id;panelapp_ge_id
HGNC:11825,NKX2-1,T1,ndd_no_documented_epilepsy,clingen;orphadata_genes;panelapp_au_id;panelapp_ge_id
HGNC:2488,NKX2-5,T1,ndd_no_documented_epilepsy,clingen;orphadata_genes;panelapp_ge_id
HGNC:14289,NLGN3,T1,ndd_no_documented_epilepsy,clingen;panelapp_au_id;panelapp_ge_id;simons_searchlight
HGNC:14287,NLGN4X,T1,ndd_no_documented_epilepsy,clingen;panelapp_au_id;panelapp_ge_id;simons_searchlight
HGNC:17877,NMNAT1,T1,ndd_no_documented_epilepsy,clingen;orphadata_genes;panelapp_au_id;panelapp_ge_id
HGNC:7863,NNT,T1,unclassified,clingen;orphadata_genes
HGNC:5331,NOD2,T1,unclassified,clingen;orphadata_genes
HGNC:7865,NODAL,T1,ndd_no_documented_epilepsy,clingen;orphadata_genes;panelapp_ge_id
HGNC:7866,NOG,T1,ndd_no_documented_epilepsy,clingen;orphadata_genes;panelapp_ge_id
HGNC:7871,NONO,T1,ndd_no_documented_epilepsy,clingen;orphadata_genes;panelapp_au_id;panelapp_ge_id
HGNC:7881,NOTCH1,T1,ndd_no_documented_epilepsy,clingen;orphadata_genes;panelapp_au_id
HGNC:7882,NOTCH2,T1,ndd_no_documented_epilepsy,clingen;orphadata_genes;panelapp_ge_id
HGNC:7887,NOVA2,T1,ndd_with_epilepsy,clingen;genes4epilepsy;orphadata_genes;panelapp_au_epilepsy;panelapp_au_id;panelapp_ge_id
HGNC:14537,NPC2,T1,ndd_with_epilepsy,clingen;genes4epilepsy;orphadata_genes;panelapp_au_id;panelapp_ge_id
HGNC:7905,NPHP1,T1,ndd_no_documented_epilepsy,clingen;orphadata_genes;panelapp_au_id;panelapp_ge_id
HGNC:7907,NPHP3,T1,ndd_no_documented_epilepsy,clingen;orphadata_genes;panelapp_au_id;panelapp_ge_id
HGNC:19104,NPHP4,T1,ndd_no_documented_epilepsy,clingen;orphadata_genes;panelapp_ge_id
HGNC:7908,NPHS1,T1,ndd_no_documented_epilepsy,clingen;orphadata_genes;panelapp_ge_id
HGNC:24969,NPRL2,T1,ndd_with_epilepsy,clingen;genes4epilepsy;orphadata_genes;panelapp_au_epilepsy;panelapp_au_id;panelapp_ge_epilepsy
HGNC:14124,NPRL3,T1,epilepsy_only_unclassified,clingen;genes4epilepsy;orphadata_genes;panelapp_au_epilepsy;panelapp_ge_epilepsy
HGNC:17867,NPTN,T1,ndd_no_documented_epilepsy,panelapp_au_id;panelapp_ge_id
HGNC:7974,NR2E3,T1,unclassified,clingen;orphadata_genes
HGNC:7976,NR2F2,T1,ndd_no_documented_epilepsy,clingen;orphadata_genes;panelapp_au_id;panelapp_ge_id
HGNC:7979,NR3C2,T1,unclassified,clingen;orphadata_genes
HGNC:7983,NR5A1,T1,ndd_no_documented_epilepsy,clingen;orphadata_genes;panelapp_ge_id
HGNC:7988,NRAP,T1,unclassified,clingen;orphadata_genes
HGNC:7994,NRCAM,T1,ndd_no_documented_epilepsy,orphadata_genes;panelapp_au_id;panelapp_ge_id
HGNC:7995,NRDC,T1,ndd_with_epilepsy,genes4epilepsy;panelapp_au_epilepsy;panelapp_au_id;panelapp_ge_epilepsy;panelapp_ge_id
HGNC:8002,NRL,T1,unclassified,clingen;orphadata_genes
HGNC:24613,NRROS,T1,ndd_with_epilepsy,clingen;genes4epilepsy;panelapp_au_epilepsy;panelapp_au_id;panelapp_ge_epilepsy;panelapp_ge_id
HGNC:14234,NSD1,T1,ndd_with_epilepsy,clingen;genes4epilepsy;orphadata_genes;panelapp_au_epilepsy;panelapp_au_id;panelapp_ge_epilepsy;panelapp_ge_id;simons_searchlight
HGNC:12766,NSD2,T1,ndd_no_documented_epilepsy,clingen;orphadata_genes;panelapp_au_id;panelapp_ge_id
HGNC:13398,NSDHL,T1,ndd_with_epilepsy,clingen;genes4epilepsy;orphadata_genes;panelapp_au_epilepsy;panelapp_au_id;panelapp_ge_epilepsy;panelapp_ge_id
HGNC:8016,NSF,T1,ndd_with_epilepsy,genes4epilepsy;panelapp_au_epilepsy;panelapp_au_id;panelapp_ge_epilepsy;panelapp_ge_id
HGNC:25305,NSRP1,T1,ndd_with_epilepsy,clingen;genes4epilepsy;panelapp_au_epilepsy;panelapp_au_id;panelapp_ge_epilepsy;panelapp_ge_id
HGNC:26208,NSUN3,T1,ndd_no_documented_epilepsy,panelapp_au_id
HGNC:23529,NSUN6,T1,ndd_no_documented_epilepsy,panelapp_au_id
HGNC:8022,NT5C2,T1,ndd_no_documented_epilepsy,clingen;orphadata_genes;panelapp_au_id;panelapp_ge_id
HGNC:8028,NTHL1,T1,unclassified,clingen;orphadata_genes
HGNC:14288,NTNG2,T1,ndd_no_documented_epilepsy,orphadata_genes;panelapp_au_id;panelapp_ge_id
HGNC:8031,NTRK1,T1,ndd_no_documented_epilepsy,clingen;orphadata_genes;panelapp_au_id;panelapp_ge_id
HGNC:8032,NTRK2,T1,ndd_with_epilepsy,genes4epilepsy;orphadata_genes;panelapp_au_epilepsy;panelapp_au_id;panelapp_ge_epilepsy;panelapp_ge_id
HGNC:20278,NUBPL,T1,ndd_with_epilepsy,clingen;genes4epilepsy;orphadata_genes;panelapp_au_epilepsy;panelapp_au_id;panelapp_ge_epilepsy;panelapp_ge_id
HGNC:8049,NUDT2,T1,ndd_no_documented_epilepsy,orphadata_genes;panelapp_au_id;panelapp_ge_id
HGNC:17859,NUP188,T1,ndd_no_documented_epilepsy,clingen;orphadata_genes;panelapp_au_id;panelapp_ge_id
HGNC:8064,NUP214,T1,ndd_with_epilepsy,genes4epilepsy;orphadata_genes;panelapp_au_epilepsy;panelapp_au_id;panelapp_ge_epilepsy;panelapp_ge_id
HGNC:28958,NUP93,T1,unclassified,clingen;orphadata_genes
HGNC:8082,NYX,T1,ndd_no_documented_epilepsy,clingen;panelapp_ge_id
HGNC:8091,OAT,T1,unclassified,clingen;orphadata_genes
HGNC:8101,OCA2,T1,unclassified,clingen;orphadata_genes
HGNC:8104,OCLN,T1,ndd_with_epilepsy,genes4epilepsy;orphadata_genes;panelapp_au_epilepsy;panelapp_au_id;panelapp_ge_epilepsy;panelapp_ge_id
HGNC:8108,OCRL,T1,ndd_with_epilepsy,clingen;genes4epilepsy;orphadata_genes;panelapp_au_epilepsy;panelapp_au_id;panelapp_ge_id
HGNC:26560,ODAD1,T1,ndd_no_documented_epilepsy,clingen;orphadata_genes;panelapp_ge_id
HGNC:25583,ODAD2,T1,ndd_no_documented_epilepsy,clingen;orphadata_genes;panelapp_ge_id
HGNC:28303,ODAD3,T1,unclassified,clingen;orphadata_genes
HGNC:25280,ODAD4,T1,unclassified,clingen;orphadata_genes
HGNC:8109,ODC1,T1,ndd_with_epilepsy,orphadata_genes;panelapp_au_epilepsy;panelapp_au_id;panelapp_ge_id
HGNC:2567,OFD1,T1,ndd_with_epilepsy,clingen;genes4epilepsy;orphadata_genes;panelapp_au_epilepsy;panelapp_au_id;panelapp_ge_id
HGNC:8124,OGDH,T1,ndd_no_documented_epilepsy,clingen;orphadata_genes;panelapp_au_id;panelapp_ge_id
HGNC:25590,OGDHL,T1,ndd_with_epilepsy,genes4epilepsy;panelapp_au_epilepsy;panelapp_au_id;panelapp_ge_epilepsy;panelapp_ge_id
HGNC:8127,OGT,T1,ndd_with_epilepsy,clingen;panelapp_au_epilepsy;panelapp_au_id;panelapp_ge_id
HGNC:28833,OLA1,T1,ndd_with_epilepsy,panelapp_au_id;panelapp_ge_epilepsy;panelapp_ge_id
HGNC:8140,OPA1,T1,ndd_no_documented_epilepsy,clingen;orphadata_genes;panelapp_ge_id
HGNC:8142,OPA3,T1,ndd_no_documented_epilepsy,clingen;orphadata_genes;panelapp_au_id;panelapp_ge_id
HGNC:9936,OPN1LW,T1,unclassified,clingen;orphadata_genes
HGNC:4206,OPN1MW,T1,unclassified,clingen;orphadata_genes
HGNC:17142,OPTN,T1,unclassified,clingen;orphadata_genes
HGNC:25896,ORAI1,T1,unclassified,clingen;orphadata_genes
HGNC:17151,ORC6,T1,ndd_no_documented_epilepsy,clingen;orphadata_genes;panelapp_au_id;panelapp_ge_id
HGNC:18028,OSGEP,T1,ndd_with_epilepsy,genes4epilepsy;orphadata_genes;panelapp_au_epilepsy;panelapp_au_id;panelapp_ge_id
HGNC:21652,OSTM1,T1,unclassified,clingen;orphadata_genes
HGNC:8512,OTC,T1,ndd_no_documented_epilepsy,clingen;orphadata_genes;panelapp_au_id;panelapp_ge_id
HGNC:16378,OTOA,T1,unclassified,clingen;orphadata_genes
HGNC:8515,OTOF,T1,unclassified,clingen;orphadata_genes
HGNC:8516,OTOG,T1,unclassified,clingen;orphadata_genes
HGNC:26901,OTOGL,T1,ndd_no_documented_epilepsy,clingen;orphadata_genes;panelapp_ge_id
HGNC:25402,OTUD5,T1,ndd_with_epilepsy,clingen;genes4epilepsy;orphadata_genes;panelapp_au_epilepsy;panelapp_au_id;panelapp_ge_id
HGNC:24281,OTUD6B,T1,ndd_with_epilepsy,clingen;genes4epilepsy;orphadata_genes;panelapp_au_epilepsy;panelapp_au_id;panelapp_ge_epilepsy;panelapp_ge_id
HGNC:20718,OTUD7A,T1,ndd_with_epilepsy,clingen;panelapp_au_epilepsy;panelapp_au_id;panelapp_ge_epilepsy;panelapp_ge_id
HGNC:25118,OTULIN,T1,ndd_no_documented_epilepsy,clingen;orphadata_genes;panelapp_ge_id
HGNC:8522,OTX2,T1,ndd_with_epilepsy,genes4epilepsy;orphadata_genes;panelapp_au_epilepsy;panelapp_au_id;panelapp_ge_epilepsy;panelapp_ge_id
HGNC:8527,OXCT1,T1,ndd_no_documented_epilepsy,clingen;orphadata_genes;panelapp_ge_id
HGNC:15822,OXR1,T1,ndd_with_epilepsy,genes4epilepsy;panelapp_au_epilepsy;panelapp_au_id;panelapp_ge_epilepsy;panelapp_ge_id
HGNC:18124,P2RY12,T1,unclassified,clingen;orphadata_genes
HGNC:28858,P4HTM,T1,ndd_with_epilepsy,genes4epilepsy;orphadata_genes;panelapp_au_epilepsy;panelapp_au_id;panelapp_ge_epilepsy;panelapp_ge_id
HGNC:8554,PABPC1,T1,ndd_with_epilepsy,panelapp_au_epilepsy;panelapp_au_id;panelapp_ge_epilepsy;panelapp_ge_id
HGNC:8582,PAH,T1,ndd_with_epilepsy,clingen;genes4epilepsy;orphadata_genes;panelapp_au_epilepsy;panelapp_au_id;panelapp_ge_epilepsy;panelapp_ge_id
HGNC:8590,PAK1,T1,ndd_with_epilepsy,genes4epilepsy;orphadata_genes;panelapp_au_epilepsy;panelapp_au_id;panelapp_ge_epilepsy;panelapp_ge_id
HGNC:8591,PAK2,T1,ndd_with_epilepsy,genes4epilepsy;orphadata_genes;panelapp_au_epilepsy;panelapp_au_id;panelapp_ge_epilepsy
HGNC:8592,PAK3,T1,ndd_with_epilepsy,clingen;genes4epilepsy;orphadata_genes;panelapp_au_epilepsy;panelapp_au_id;panelapp_ge_id
HGNC:26144,PALB2,T1,ndd_no_documented_epilepsy,clingen;orphadata_genes;panelapp_ge_id
HGNC:18669,PALS1,T1,ndd_no_documented_epilepsy,orphadata_genes;panelapp_au_id;panelapp_ge_id
HGNC:29679,PAM16,T1,ndd_no_documented_epilepsy,orphadata_genes;panelapp_au_id;panelapp_ge_id
HGNC:20074,PAN2,T1,ndd_no_documented_epilepsy,clingen;panelapp_au_id;panelapp_ge_id
HGNC:16369,PARK7,T1,ndd_no_documented_epilepsy,clingen;orphadata_genes;panelapp_ge_id
HGNC:8609,PARN,T1,ndd_no_documented_epilepsy,clingen;orphadata_genes;panelapp_au_id;panelapp_ge_id
HGNC:26921,PARP6,T1,ndd_with_epilepsy,genes4epilepsy;panelapp_au_epilepsy;panelapp_au_id;panelapp_ge_epilepsy;panelapp_ge_id
HGNC:30563,PARS2,T1,epilepsy_only_unclassified,clingen;genes4epilepsy;orphadata_genes;panelapp_au_epilepsy;panelapp_ge_epilepsy
HGNC:8615,PAX1,T1,ndd_no_documented_epilepsy,clingen;orphadata_genes;panelapp_au_id;panelapp_ge_id
HGNC:8616,PAX2,T1,ndd_no_documented_epilepsy,clingen;orphadata_genes;panelapp_au_id;panelapp_ge_id
HGNC:8617,PAX3,T1,ndd_no_documented_epilepsy,clingen;orphadata_genes;panelapp_au_id;panelapp_ge_id
HGNC:8619,PAX5,T1,ndd_no_documented_epilepsy,clingen;orphadata_genes;panelapp_au_id
HGNC:8622,PAX8,T1,ndd_no_documented_epilepsy,orphadata_genes;panelapp_au_id;panelapp_ge_id
HGNC:8623,PAX9,T1,ndd_no_documented_epilepsy,clingen;orphadata_genes;panelapp_ge_id
HGNC:8632,PBX1,T1,ndd_no_documented_epilepsy,clingen;orphadata_genes;panelapp_au_id;panelapp_ge_id
HGNC:8636,PC,T1,ndd_no_documented_epilepsy,orphadata_genes;panelapp_au_id;panelapp_ge_id
HGNC:34383,PCARE,T1,ndd_no_documented_epilepsy,clingen;orphadata_genes;panelapp_ge_id
HGNC:8646,PCBD1,T1,ndd_no_documented_epilepsy,clingen;orphadata_genes;panelapp_au_id;panelapp_ge_id
HGNC:8647,PCBP1,T1,ndd_no_documented_epilepsy,panelapp_au_id
HGNC:8648,PCBP2,T1,ndd_no_documented_epilepsy,panelapp_au_id;panelapp_ge_id
HGNC:8653,PCCA,T1,ndd_with_epilepsy,clingen;genes4epilepsy;orphadata_genes;panelapp_au_epilepsy;panelapp_au_id;panelapp_ge_epilepsy;panelapp_ge_id
HGNC:8654,PCCB,T1,ndd_with_epilepsy,clingen;genes4epilepsy;orphadata_genes;panelapp_au_epilepsy;panelapp_au_id;panelapp_ge_epilepsy;panelapp_ge_id
HGNC:8657,PCDH12,T1,ndd_with_epilepsy,genes4epilepsy;orphadata_genes;panelapp_au_epilepsy;panelapp_au_id;panelapp_ge_epilepsy;panelapp_ge_id
HGNC:8717,PCDHGC4,T1,ndd_with_epilepsy,genes4epilepsy;orphadata_genes;panelapp_au_epilepsy;panelapp_au_id;panelapp_ge_epilepsy;panelapp_ge_id
HGNC:12929,PCGF2,T1,ndd_no_documented_epilepsy,clingen;orphadata_genes;panelapp_au_id;panelapp_ge_id
HGNC:8724,PCK1,T1,unclassified,clingen;orphadata_genes
HGNC:13406,PCLO,T1,ndd_with_epilepsy,genes4epilepsy;orphadata_genes;panelapp_au_epilepsy;panelapp_au_id;panelapp_ge_epilepsy;panelapp_ge_id
HGNC:16068,PCNT,T1,ndd_no_documented_epilepsy,clingen;orphadata_genes;panelapp_au_id;panelapp_ge_id
HGNC:20001,PCSK9,T1,unclassified,clingen;orphadata_genes
HGNC:8754,PCYT1A,T1,ndd_no_documented_epilepsy,clingen;orphadata_genes;panelapp_ge_id
HGNC:8756,PCYT2,T1,ndd_with_epilepsy,genes4epilepsy;orphadata_genes;panelapp_au_epilepsy;panelapp_au_id;panelapp_ge_epilepsy;panelapp_ge_id
HGNC:8766,PDCD6IP,T1,ndd_no_documented_epilepsy,orphadata_genes;panelapp_au_id;panelapp_ge_id
HGNC:8772,PDE10A,T1,ndd_no_documented_epilepsy,orphadata_genes;panelapp_au_id;panelapp_ge_id
HGNC:8775,PDE1B,T1,ndd_no_documented_epilepsy,panelapp_au_id;panelapp_ge_id
HGNC:8777,PDE2A,T1,ndd_with_epilepsy,genes4epilepsy;panelapp_au_epilepsy;panelapp_au_id
HGNC:8783,PDE4D,T1,ndd_no_documented_epilepsy,orphadata_genes;panelapp_au_id;panelapp_ge_id
HGNC:8785,PDE6A,T1,unclassified,clingen;orphadata_genes
HGNC:8786,PDE6B,T1,unclassified,clingen;orphadata_genes
HGNC:8787,PDE6C,T1,unclassified,clingen;orphadata_genes
HGNC:8788,PDE6D,T1,ndd_no_documented_epilepsy,clingen;orphadata_genes;panelapp_au_id;panelapp_ge_id
HGNC:8789,PDE6G,T1,ndd_no_documented_epilepsy,clingen;orphadata_genes;panelapp_ge_id
HGNC:8803,PDGFRA,T1,unclassified,clingen;orphadata_genes
HGNC:8804,PDGFRB,T1,ndd_no_documented_epilepsy,orphadata_genes;panelapp_au_id;panelapp_ge_id
HGNC:8806,PDHA1,T1,ndd_with_epilepsy,clingen;genes4epilepsy;orphadata_genes;panelapp_au_epilepsy;panelapp_au_id;panelapp_ge_epilepsy;panelapp_ge_id
HGNC:8808,PDHB,T1,ndd_no_documented_epilepsy,clingen;orphadata_genes;panelapp_au_id;panelapp_ge_id
HGNC:21350,PDHX,T1,ndd_with_epilepsy,clingen;genes4epilepsy;orphadata_genes;panelapp_au_epilepsy;panelapp_au_id;panelapp_ge_epilepsy;panelapp_ge_id
HGNC:8811,PDK3,T1,unclassified,clingen;orphadata_genes
HGNC:9279,PDP1,T1,ndd_no_documented_epilepsy,orphadata_genes;panelapp_au_id;panelapp_ge_id
HGNC:29088,PDS5A,T1,ndd_no_documented_epilepsy,panelapp_au_id;panelapp_ge_id
HGNC:20418,PDS5B,T1,ndd_no_documented_epilepsy,panelapp_au_id;panelapp_ge_id
HGNC:17759,PDSS1,T1,ndd_no_documented_epilepsy,clingen;orphadata_genes;panelapp_au_id;panelapp_ge_id
HGNC:23041,PDSS2,T1,ndd_with_epilepsy,clingen;genes4epilepsy;panelapp_au_epilepsy;panelapp_au_id;panelapp_ge_epilepsy;panelapp_ge_id
HGNC:6107,PDX1,T1,unclassified,clingen;orphadata_genes
HGNC:26257,PDZD7,T1,unclassified,clingen;orphadata_genes
HGNC:26974,PDZD8,T1,ndd_no_documented_epilepsy,panelapp_au_id;panelapp_ge_id
HGNC:8840,PEPD,T1,ndd_no_documented_epilepsy,clingen;orphadata_genes;panelapp_au_id;panelapp_ge_id
HGNC:40038,PET100,T1,ndd_with_epilepsy,clingen;genes4epilepsy;panelapp_au_epilepsy;panelapp_au_id;panelapp_ge_epilepsy;panelapp_ge_id
HGNC:8851,PEX10,T1,ndd_with_epilepsy,clingen;genes4epilepsy;orphadata_genes;panelapp_au_epilepsy;panelapp_au_id;panelapp_ge_epilepsy;panelapp_ge_id
HGNC:8853,PEX11B,T1,ndd_no_documented_epilepsy,clingen;orphadata_genes;panelapp_au_id;panelapp_ge_id
HGNC:8854,PEX12,T1,ndd_with_epilepsy,clingen;genes4epilepsy;orphadata_genes;panelapp_au_epilepsy;panelapp_au_id;panelapp_ge_epilepsy;panelapp_ge_id
HGNC:8855,PEX13,T1,ndd_with_epilepsy,clingen;genes4epilepsy;orphadata_genes;panelapp_au_epilepsy;panelapp_au_id;panelapp_ge_epilepsy;panelapp_ge_id
HGNC:8856,PEX14,T1,ndd_no_documented_epilepsy,clingen;orphadata_genes;panelapp_au_id;panelapp_ge_id
HGNC:8857,PEX16,T1,ndd_no_documented_epilepsy,clingen;orphadata_genes;panelapp_au_id;panelapp_ge_id
HGNC:9713,PEX19,T1,ndd_with_epilepsy,clingen;genes4epilepsy;orphadata_genes;panelapp_au_epilepsy;panelapp_au_id;panelapp_ge_epilepsy;panelapp_ge_id
HGNC:9717,PEX2,T1,ndd_with_epilepsy,clingen;genes4epilepsy;orphadata_genes;panelapp_au_epilepsy;panelapp_au_id;panelapp_ge_epilepsy;panelapp_ge_id
HGNC:8858,PEX3,T1,ndd_with_epilepsy,clingen;genes4epilepsy;orphadata_genes;panelapp_au_epilepsy;panelapp_au_id;panelapp_ge_epilepsy;panelapp_ge_id
HGNC:9719,PEX5,T1,ndd_with_epilepsy,clingen;genes4epilepsy;orphadata_genes;panelapp_au_epilepsy;panelapp_au_id;panelapp_ge_epilepsy;panelapp_ge_id
HGNC:8860,PEX7,T1,ndd_with_epilepsy,clingen;genes4epilepsy;orphadata_genes;panelapp_au_epilepsy;panelapp_au_id;panelapp_ge_epilepsy;panelapp_ge_id
HGNC:8881,PFN1,T1,unclassified,clingen;orphadata_genes
HGNC:25712,PGAP1,T1,ndd_no_documented_epilepsy,orphadata_genes;panelapp_au_id;panelapp_ge_id
HGNC:17893,PGAP2,T1,ndd_with_epilepsy,genes4epilepsy;orphadata_genes;panelapp_au_epilepsy;panelapp_au_id;panelapp_ge_id
HGNC:23719,PGAP3,T1,ndd_with_epilepsy,clingen;genes4epilepsy;orphadata_genes;panelapp_au_epilepsy;panelapp_au_id;panelapp_ge_id
HGNC:19405,PGBD5,T1,ndd_with_epilepsy,panelapp_au_epilepsy;panelapp_au_id;panelapp_ge_epilepsy;panelapp_ge_id
HGNC:8896,PGK1,T1,ndd_with_epilepsy,genes4epilepsy;orphadata_genes;panelapp_au_id;panelapp_ge_id
HGNC:8905,PGM1,T1,ndd_no_documented_epilepsy,clingen;orphadata_genes;panelapp_ge_id
HGNC:20898,PGM2L1,T1,ndd_with_epilepsy,genes4epilepsy;orphadata_genes;panelapp_au_epilepsy;panelapp_au_id;panelapp_ge_epilepsy;panelapp_ge_id
HGNC:8907,PGM3,T1,ndd_with_epilepsy,clingen;orphadata_genes;panelapp_au_epilepsy;panelapp_au_id;panelapp_ge_id
HGNC:20990,PHACTR1,T1,ndd_with_epilepsy,genes4epilepsy;orphadata_genes;panelapp_au_epilepsy;panelapp_au_id;panelapp_ge_epilepsy;panelapp_ge_id
HGNC:8918,PHEX,T1,unclassified,clingen;orphadata_genes
HGNC:20816,PHF12,T1,ndd_no_documented_epilepsy,clingen;panelapp_ge_id
HGNC:18000,PHF5A,T1,ndd_no_documented_epilepsy,panelapp_au_id;panelapp_ge_id
HGNC:18145,PHF6,T1,ndd_with_epilepsy,clingen;genes4epilepsy;orphadata_genes;panelapp_au_epilepsy;panelapp_au_id;panelapp_ge_id
HGNC:20672,PHF8,T1,ndd_no_documented_epilepsy,clingen;orphadata_genes;panelapp_au_id;panelapp_ge_id
HGNC:8923,PHGDH,T1,ndd_with_epilepsy,clingen;genes4epilepsy;orphadata_genes;panelapp_au_epilepsy;panelapp_au_id;panelapp_ge_epilepsy;panelapp_ge_id
HGNC:15673,PHIP,T1,ndd_no_documented_epilepsy,clingen;orphadata_genes;panelapp_au_id;panelapp_ge_id;simons_searchlight
HGNC:8925,PHKA1,T1,ndd_no_documented_epilepsy,clingen;orphadata_genes;panelapp_ge_id
HGNC:8927,PHKB,T1,unclassified,clingen;orphadata_genes
HGNC:8931,PHKG2,T1,ndd_no_documented_epilepsy,clingen;orphadata_genes;panelapp_au_id;panelapp_ge_id
HGNC:9143,PHOX2B,T1,ndd_no_documented_epilepsy,clingen;orphadata_genes;panelapp_ge_id
HGNC:8940,PHYH,T1,unclassified,clingen;orphadata_genes
HGNC:30031,PI4K2A,T1,ndd_with_epilepsy,genes4epilepsy;panelapp_au_epilepsy;panelapp_au_id;panelapp_ge_epilepsy;panelapp_ge_id
HGNC:8983,PI4KA,T1,ndd_no_documented_epilepsy,orphadata_genes;panelapp_au_id;panelapp_ge_id
HGNC:23352,PIBF1,T1,ndd_no_documented_epilepsy,orphadata_genes;panelapp_au_id;panelapp_ge_id
HGNC:16491,PIDD1,T1,ndd_with_epilepsy,clingen;genes4epilepsy;panelapp_au_epilepsy;panelapp_au_id;panelapp_ge_epilepsy;panelapp_ge_id
HGNC:28993,PIEZO1,T1,unclassified,clingen;orphadata_genes
HGNC:8959,PIGB,T1,ndd_with_epilepsy,clingen;genes4epilepsy;panelapp_au_epilepsy;panelapp_au_id;panelapp_ge_epilepsy;panelapp_ge_id
HGNC:8960,PIGC,T1,ndd_with_epilepsy,clingen;genes4epilepsy;orphadata_genes;panelapp_au_epilepsy;panelapp_au_id;panelapp_ge_epilepsy;panelapp_ge_id
HGNC:25985,PIGG,T1,ndd_with_epilepsy,genes4epilepsy;orphadata_genes;panelapp_au_epilepsy;panelapp_au_id;panelapp_ge_epilepsy;panelapp_ge_id
HGNC:8964,PIGH,T1,ndd_with_epilepsy,clingen;genes4epilepsy;panelapp_au_epilepsy;panelapp_au_id;panelapp_ge_epilepsy;panelapp_ge_id
HGNC:8965,PIGK,T1,ndd_with_epilepsy,genes4epilepsy;panelapp_au_epilepsy;panelapp_au_id;panelapp_ge_epilepsy;panelapp_ge_id
HGNC:8966,PIGL,T1,ndd_with_epilepsy,clingen;genes4epilepsy;orphadata_genes;panelapp_au_id;panelapp_ge_id
HGNC:18858,PIGM,T1,epilepsy_only_unclassified,clingen;genes4epilepsy;orphadata_genes;panelapp_au_epilepsy;panelapp_ge_epilepsy
HGNC:23215,PIGO,T1,ndd_with_epilepsy,clingen;genes4epilepsy;orphadata_genes;panelapp_au_epilepsy;panelapp_au_id;panelapp_ge_epilepsy;panelapp_ge_id
HGNC:3046,PIGP,T1,ndd_with_epilepsy,clingen;genes4epilepsy;orphadata_genes;panelapp_au_epilepsy;panelapp_au_id;panelapp_ge_epilepsy;panelapp_ge_id
HGNC:14135,PIGQ,T1,ndd_with_epilepsy,clingen;genes4epilepsy;orphadata_genes;panelapp_au_epilepsy;panelapp_au_id;panelapp_ge_epilepsy;panelapp_ge_id
HGNC:14937,PIGS,T1,ndd_with_epilepsy,clingen;genes4epilepsy;panelapp_au_epilepsy;panelapp_au_id;panelapp_ge_epilepsy;panelapp_ge_id
HGNC:14938,PIGT,T1,ndd_with_epilepsy,clingen;genes4epilepsy;orphadata_genes;panelapp_au_epilepsy;panelapp_au_id;panelapp_ge_epilepsy;panelapp_ge_id
HGNC:15791,PIGU,T1,ndd_with_epilepsy,clingen;genes4epilepsy;panelapp_au_epilepsy;panelapp_au_id;panelapp_ge_epilepsy;panelapp_ge_id
HGNC:26031,PIGV,T1,ndd_with_epilepsy,clingen;genes4epilepsy;orphadata_genes;panelapp_au_epilepsy;panelapp_au_id;panelapp_ge_id
HGNC:23213,PIGW,T1,ndd_with_epilepsy,clingen;genes4epilepsy;orphadata_genes;panelapp_au_epilepsy;panelapp_au_id;panelapp_ge_epilepsy;panelapp_ge_id
HGNC:8971,PIK3C2A,T1,ndd_no_documented_epilepsy,orphadata_genes;panelapp_au_id;panelapp_ge_id
HGNC:8977,PIK3CD,T1,unclassified,clingen;orphadata_genes
HGNC:8979,PIK3R1,T1,ndd_no_documented_epilepsy,clingen;orphadata_genes;panelapp_au_id;panelapp_ge_id
HGNC:8980,PIK3R2,T1,ndd_with_epilepsy,clingen;genes4epilepsy;orphadata_genes;panelapp_au_epilepsy;panelapp_au_id;panelapp_ge_epilepsy;panelapp_ge_id
HGNC:14581,PINK1,T1,ndd_with_epilepsy,clingen;genes4epilepsy;orphadata_genes;panelapp_au_id;panelapp_ge_id
HGNC:8996,PIP5K1C,T1,ndd_with_epilepsy,clingen;genes4epilepsy;orphadata_genes;panelapp_au_epilepsy;panelapp_au_id;panelapp_ge_epilepsy;panelapp_ge_id
HGNC:8999,PISD,T1,ndd_no_documented_epilepsy,clingen;orphadata_genes;panelapp_au_id;panelapp_ge_id
HGNC:17663,PITRM1,T1,ndd_no_documented_epilepsy,panelapp_au_id;panelapp_ge_id
HGNC:9005,PITX2,T1,ndd_no_documented_epilepsy,clingen;orphadata_genes;panelapp_ge_id
HGNC:29502,PJVK,T1,unclassified,clingen;orphadata_genes
HGNC:9008,PKD1,T1,unclassified,clingen;orphadata_genes
HGNC:9009,PKD2,T1,unclassified,clingen;orphadata_genes
HGNC:9016,PKHD1,T1,ndd_no_documented_epilepsy,clingen;orphadata_genes;panelapp_ge_id
HGNC:9020,PKLR,T1,unclassified,clingen;orphadata_genes
HGNC:9043,PLAA,T1,ndd_with_epilepsy,genes4epilepsy;orphadata_genes;panelapp_au_epilepsy;panelapp_au_id;panelapp_ge_epilepsy;panelapp_ge_id
HGNC:17825,PLAAT3,T1,ndd_no_documented_epilepsy,orphadata_genes;panelapp_au_id;panelapp_ge_id
HGNC:15917,PLCB1,T1,ndd_with_epilepsy,clingen;genes4epilepsy;orphadata_genes;panelapp_au_epilepsy;panelapp_au_id;panelapp_ge_epilepsy;panelapp_ge_id
HGNC:9059,PLCB4,T1,unclassified,clingen;orphadata_genes
HGNC:17175,PLCE1,T1,ndd_no_documented_epilepsy,clingen;orphadata_genes;panelapp_ge_id
HGNC:9067,PLD1,T1,unclassified,clingen
HGNC:9069,PLEC,T1,ndd_no_documented_epilepsy,clingen;orphadata_genes;panelapp_ge_id
HGNC:29515,PLEKHG2,T1,ndd_no_documented_epilepsy,panelapp_au_id;panelapp_ge_id
HGNC:29105,PLEKHG5,T1,unclassified,clingen;orphadata_genes
HGNC:9071,PLG,T1,unclassified,clingen;orphadata_genes
HGNC:9076,PLIN1,T1,unclassified,clingen;orphadata_genes
HGNC:9077,PLK1,T1,ndd_with_epilepsy,genes4epilepsy;panelapp_au_epilepsy;panelapp_au_id;panelapp_ge_epilepsy;panelapp_ge_id
HGNC:11397,PLK4,T1,ndd_no_documented_epilepsy,orphadata_genes;panelapp_au_id;panelapp_ge_id
HGNC:9080,PLN,T1,unclassified,clingen;orphadata_genes
HGNC:9086,PLP1,T1,ndd_with_epilepsy,clingen;genes4epilepsy;orphadata_genes;panelapp_au_epilepsy;panelapp_au_id;panelapp_ge_id
HGNC:9457,PLPBP,T1,ndd_with_epilepsy,genes4epilepsy;orphadata_genes;panelapp_au_epilepsy;panelapp_au_id;panelapp_ge_epilepsy;panelapp_ge_id
HGNC:9099,PLXNA1,T1,ndd_with_epilepsy,genes4epilepsy;orphadata_genes;panelapp_au_epilepsy;panelapp_au_id;panelapp_ge_epilepsy;panelapp_ge_id
HGNC:9118,PMP22,T1,ndd_no_documented_epilepsy,clingen;orphadata_genes;panelapp_ge_id
HGNC:18667,PMPCA,T1,ndd_no_documented_epilepsy,clingen;orphadata_genes;panelapp_au_id;panelapp_ge_id
HGNC:9119,PMPCB,T1,ndd_with_epilepsy,genes4epilepsy;orphadata_genes;panelapp_au_epilepsy;panelapp_au_id;panelapp_ge_epilepsy;panelapp_ge_id
HGNC:7892,PNP,T1,ndd_no_documented_epilepsy,clingen;orphadata_genes;panelapp_au_id;panelapp_ge_id
HGNC:30802,PNPLA2,T1,unclassified,clingen;orphadata_genes
HGNC:16268,PNPLA6,T1,ndd_no_documented_epilepsy,clingen;orphadata_genes;panelapp_au_id;panelapp_ge_id
HGNC:28900,PNPLA8,T1,ndd_with_epilepsy,clingen;genes4epilepsy;panelapp_au_epilepsy;panelapp_au_id;panelapp_ge_epilepsy;panelapp_ge_id
HGNC:30260,PNPO,T1,ndd_with_epilepsy,clingen;genes4epilepsy;orphadata_genes;panelapp_au_epilepsy;panelapp_ge_epilepsy;panelapp_ge_id
HGNC:23166,PNPT1,T1,ndd_with_epilepsy,clingen;genes4epilepsy;orphadata_genes;panelapp_au_epilepsy;panelapp_au_id;panelapp_ge_epilepsy;panelapp_ge_id
HGNC:24488,POC1A,T1,ndd_no_documented_epilepsy,orphadata_genes;panelapp_au_id;panelapp_ge_id
HGNC:30836,POC1B,T1,ndd_no_documented_epilepsy,clingen;orphadata_genes;panelapp_ge_id
HGNC:14988,POFUT1,T1,unclassified,clingen;orphadata_genes
HGNC:22954,POGLUT1,T1,ndd_no_documented_epilepsy,clingen;orphadata_genes;panelapp_ge_id
HGNC:9173,POLA1,T1,ndd_no_documented_epilepsy,clingen;orphadata_genes;panelapp_au_id;panelapp_ge_id
HGNC:9175,POLD1,T1,ndd_no_documented_epilepsy,clingen;orphadata_genes;panelapp_au_id;panelapp_ge_id
HGNC:9177,POLE,T1,unclassified,clingen;orphadata_genes
HGNC:9181,POLH,T1,unclassified,clingen;orphadata_genes
HGNC:17264,POLR1A,T1,ndd_with_epilepsy,genes4epilepsy;orphadata_genes;panelapp_au_epilepsy;panelapp_au_id
HGNC:20194,POLR1C,T1,ndd_no_documented_epilepsy,clingen;orphadata_genes;panelapp_au_id;panelapp_ge_id
HGNC:20422,POLR1D,T1,ndd_no_documented_epilepsy,clingen;orphadata_genes;panelapp_ge_id
HGNC:9187,POLR2A,T1,ndd_no_documented_epilepsy,clingen;orphadata_genes;panelapp_au_id;panelapp_ge_id
HGNC:30074,POLR3A,T1,ndd_no_documented_epilepsy,clingen;orphadata_genes;panelapp_au_id;panelapp_ge_id
HGNC:30348,POLR3B,T1,ndd_with_epilepsy,clingen;genes4epilepsy;orphadata_genes;panelapp_au_epilepsy;panelapp_au_id;panelapp_ge_id
HGNC:14121,POLR3K,T1,ndd_no_documented_epilepsy,clingen;panelapp_au_id
HGNC:9200,POLRMT,T1,ndd_no_documented_epilepsy,panelapp_au_id;panelapp_ge_id
HGNC:19139,POMGNT1,T1,ndd_with_epilepsy,clingen;genes4epilepsy;orphadata_genes;panelapp_au_epilepsy;panelapp_au_id;panelapp_ge_epilepsy;panelapp_ge_id;simons_searchlight
HGNC:25902,POMGNT2,T1,ndd_with_epilepsy,clingen;genes4epilepsy;orphadata_genes;panelapp_au_epilepsy;panelapp_au_id;panelapp_ge_id
HGNC:26267,POMK,T1,ndd_with_epilepsy,genes4epilepsy;orphadata_genes;panelapp_au_epilepsy;panelapp_au_id;panelapp_ge_id
HGNC:9202,POMT1,T1,ndd_with_epilepsy,clingen;genes4epilepsy;orphadata_genes;panelapp_au_epilepsy;panelapp_au_id;panelapp_ge_epilepsy;panelapp_ge_id
HGNC:19743,POMT2,T1,ndd_with_epilepsy,clingen;genes4epilepsy;orphadata_genes;panelapp_au_epilepsy;panelapp_au_id;panelapp_ge_epilepsy;panelapp_ge_id
HGNC:1152,POPDC1,T1,unclassified,clingen;orphadata_genes
HGNC:17649,POPDC3,T1,unclassified,clingen
HGNC:9208,POR,T1,unclassified,clingen;orphadata_genes
HGNC:17652,PORCN,T1,ndd_no_documented_epilepsy,clingen;orphadata_genes;panelapp_au_id;panelapp_ge_id
HGNC:17284,POT1,T1,unclassified,clingen;orphadata_genes
HGNC:9215,POU3F2,T1,ndd_no_documented_epilepsy,panelapp_au_id;panelapp_ge_id
HGNC:9216,POU3F3,T1,ndd_with_epilepsy,clingen;genes4epilepsy;orphadata_genes;panelapp_au_epilepsy;panelapp_au_id;panelapp_ge_id
HGNC:9217,POU3F4,T1,unclassified,clingen;orphadata_genes
HGNC:9220,POU4F3,T1,unclassified,clingen;orphadata_genes
HGNC:28883,PPA2,T1,ndd_no_documented_epilepsy,clingen;panelapp_ge_id
HGNC:9236,PPARG,T1,unclassified,clingen;orphadata_genes
HGNC:9246,PPFIA2,T1,ndd_no_documented_epilepsy,panelapp_au_id
HGNC:9247,PPFIA3,T1,ndd_with_epilepsy,genes4epilepsy;panelapp_au_epilepsy;panelapp_au_id;panelapp_ge_id
HGNC:9249,PPFIBP1,T1,ndd_with_epilepsy,genes4epilepsy;panelapp_au_epilepsy;panelapp_au_id;panelapp_ge_epilepsy;panelapp_ge_id
HGNC:9260,PPIL1,T1,ndd_with_epilepsy,genes4epilepsy;panelapp_au_epilepsy;panelapp_au_id;panelapp_ge_epilepsy;panelapp_ge_id
HGNC:9277,PPM1D,T1,ndd_no_documented_epilepsy,clingen;orphadata_genes;panelapp_au_id;panelapp_ge_id
HGNC:9280,PPOX,T1,ndd_with_epilepsy,clingen;orphadata_genes;panelapp_au_id;panelapp_ge_epilepsy;panelapp_ge_id
HGNC:9282,PPP1CB,T1,ndd_with_epilepsy,clingen;orphadata_genes;panelapp_au_epilepsy;panelapp_au_id;panelapp_ge_id
HGNC:7618,PPP1R12A,T1,ndd_no_documented_epilepsy,clingen;panelapp_au_id;panelapp_ge_id
HGNC:18838,PPP1R13L,T1,unclassified,clingen
HGNC:14951,PPP1R15B,T1,ndd_no_documented_epilepsy,orphadata_genes;panelapp_au_id;panelapp_ge_id
HGNC:30595,PPP1R21,T1,ndd_no_documented_epilepsy,clingen;panelapp_au_id;panelapp_ge_id
HGNC:14944,PPP1R3F,T1,ndd_with_epilepsy,panelapp_au_epilepsy;panelapp_au_id;panelapp_ge_epilepsy;panelapp_ge_id
HGNC:9299,PPP2CA,T1,ndd_with_epilepsy,clingen;genes4epilepsy;orphadata_genes;panelapp_au_epilepsy;panelapp_au_id;panelapp_ge_epilepsy;panelapp_ge_id;simons_searchlight
HGNC:9305,PPP2R2B,T1,ndd_with_epilepsy,orphadata_genes;panelapp_au_epilepsy;panelapp_au_id;panelapp_ge_epilepsy;panelapp_ge_id
HGNC:9330,PQBP1,T1,ndd_no_documented_epilepsy,clingen;orphadata_genes;panelapp_au_id;panelapp_ge_id
HGNC:13998,PRDM13,T1,ndd_no_documented_epilepsy,orphadata_genes;panelapp_au_id;panelapp_ge_id
HGNC:14000,PRDM16,T1,unclassified,clingen;orphadata_genes
HGNC:9360,PRF1,T1,ndd_no_documented_epilepsy,clingen;orphadata_genes;panelapp_au_id
HGNC:9364,PRG4,T1,unclassified,clingen;orphadata_genes
HGNC:20340,PRICKLE2,T1,ndd_with_epilepsy,clingen;orphadata_genes;panelapp_au_epilepsy;panelapp_au_id;panelapp_ge_epilepsy;panelapp_ge_id
HGNC:9381,PRKACB,T1,ndd_no_documented_epilepsy,orphadata_genes;panelapp_au_id;panelapp_ge_id
HGNC:9386,PRKAG2,T1,unclassified,clingen;orphadata_genes
HGNC:9388,PRKAR1A,T1,ndd_no_documented_epilepsy,clingen;orphadata_genes;panelapp_au_id;panelapp_ge_id
HGNC:9390,PRKAR1B,T1,ndd_no_documented_epilepsy,orphadata_genes;panelapp_au_id;panelapp_ge_id
HGNC:9399,PRKCD,T1,unclassified,clingen;orphadata_genes
HGNC:9411,PRKCSH,T1,unclassified,clingen;orphadata_genes
HGNC:9413,PRKDC,T1,ndd_no_documented_epilepsy,clingen;orphadata_genes;panelapp_au_id
HGNC:9414,PRKG1,T1,unclassified,clingen;orphadata_genes
HGNC:8607,PRKN,T1,ndd_no_documented_epilepsy,clingen;orphadata_genes;panelapp_au_id;panelapp_ge_id
HGNC:5187,PRMT1,T1,ndd_no_documented_epilepsy,panelapp_au_id
HGNC:25557,PRMT7,T1,ndd_with_epilepsy,genes4epilepsy;orphadata_genes;panelapp_au_epilepsy;panelapp_au_id;panelapp_ge_epilepsy;panelapp_ge_id
HGNC:25099,PRMT9,T1,ndd_with_epilepsy,genes4epilepsy;panelapp_au_epilepsy;panelapp_au_id;panelapp_ge_epilepsy;panelapp_ge_id
HGNC:9451,PROC,T1,unclassified,clingen;orphadata_genes
HGNC:9453,PRODH,T1,ndd_with_epilepsy,clingen;genes4epilepsy;orphadata_genes;panelapp_au_epilepsy;panelapp_au_id;panelapp_ge_epilepsy;panelapp_ge_id
HGNC:18455,PROK2,T1,unclassified,clingen;orphadata_genes
HGNC:15836,PROKR2,T1,unclassified,clingen;orphadata_genes
HGNC:9454,PROM1,T1,unclassified,clingen;orphadata_genes
HGNC:19958,PRORP,T1,ndd_no_documented_epilepsy,clingen;orphadata_genes;panelapp_au_id
HGNC:9456,PROS1,T1,unclassified,clingen;orphadata_genes
HGNC:17896,PRPF19,T1,ndd_no_documented_epilepsy,panelapp_au_id
HGNC:17348,PRPF3,T1,unclassified,clingen;orphadata_genes
HGNC:15446,PRPF31,T1,unclassified,clingen;orphadata_genes
HGNC:17340,PRPF8,T1,ndd_with_epilepsy,clingen;genes4epilepsy;orphadata_genes;panelapp_au_epilepsy;panelapp_au_id;panelapp_ge_epilepsy;panelapp_ge_id
HGNC:9942,PRPH2,T1,unclassified,clingen;orphadata_genes
HGNC:9462,PRPS1,T1,ndd_no_documented_epilepsy,clingen;orphadata_genes;panelapp_au_id;panelapp_ge_id
HGNC:29217,PRR12,T1,ndd_no_documented_epilepsy,clingen;orphadata_genes;panelapp_au_id;panelapp_ge_id
HGNC:9475,PRSS1,T1,unclassified,clingen;orphadata_genes
HGNC:9477,PRSS12,T1,ndd_no_documented_epilepsy,clingen;orphadata_genes;panelapp_au_id;panelapp_ge_id
HGNC:39433,PRSS56,T1,ndd_no_documented_epilepsy,clingen;orphadata_genes;panelapp_ge_id
HGNC:13420,PRUNE1,T1,ndd_with_epilepsy,genes4epilepsy;orphadata_genes;panelapp_au_epilepsy;panelapp_au_id;panelapp_ge_id
HGNC:13797,PRX,T1,ndd_no_documented_epilepsy,clingen;orphadata_genes;panelapp_au_id;panelapp_ge_id
HGNC:9498,PSAP,T1,ndd_with_epilepsy,clingen;genes4epilepsy;orphadata_genes;panelapp_au_epilepsy;panelapp_au_id;panelapp_ge_epilepsy;panelapp_ge_id
HGNC:19129,PSAT1,T1,ndd_with_epilepsy,clingen;genes4epilepsy;orphadata_genes;panelapp_au_epilepsy;panelapp_au_id;panelapp_ge_epilepsy;panelapp_ge_id
HGNC:9549,PSMC3,T1,ndd_no_documented_epilepsy,panelapp_au_id;panelapp_ge_id
HGNC:9552,PSMC5,T1,ndd_with_epilepsy,genes4epilepsy;panelapp_au_id;panelapp_ge_id
HGNC:9556,PSMD11,T1,ndd_no_documented_epilepsy,panelapp_au_id
HGNC:9557,PSMD12,T1,ndd_no_documented_epilepsy,clingen;orphadata_genes;panelapp_au_id;panelapp_ge_id;simons_searchlight
HGNC:9571,PSMF1,T1,ndd_no_documented_epilepsy,panelapp_au_id
HGNC:9577,PSPH,T1,ndd_with_epilepsy,clingen;genes4epilepsy;orphadata_genes;panelapp_au_epilepsy;panelapp_au_id;panelapp_ge_epilepsy;panelapp_ge_id
HGNC:9583,PTBP1,T1,ndd_with_epilepsy,genes4epilepsy;panelapp_au_epilepsy;panelapp_au_id;panelapp_ge_id
HGNC:24717,PTCD3,T1,ndd_with_epilepsy,clingen;panelapp_au_id;panelapp_ge_epilepsy
HGNC:9585,PTCH1,T1,ndd_with_epilepsy,clingen;genes4epilepsy;orphadata_genes;panelapp_au_epilepsy;panelapp_au_id;panelapp_ge_epilepsy;panelapp_ge_id
HGNC:26392,PTCHD1,T1,ndd_no_documented_epilepsy,clingen;orphadata_genes;panelapp_au_id;panelapp_ge_id;simons_searchlight
HGNC:21290,PTCRA,T1,unclassified,clingen
HGNC:9587,PTDSS1,T1,ndd_no_documented_epilepsy,orphadata_genes;panelapp_au_id;panelapp_ge_id
HGNC:23734,PTF1A,T1,ndd_with_epilepsy,genes4epilepsy;orphadata_genes;panelapp_au_epilepsy;panelapp_au_id;panelapp_ge_epilepsy;panelapp_ge_id
HGNC:26965,PTPMT1,T1,ndd_with_epilepsy,genes4epilepsy;panelapp_au_id;panelapp_ge_epilepsy;panelapp_ge_id
HGNC:9642,PTPN1,T1,ndd_no_documented_epilepsy,panelapp_au_id;panelapp_ge_id
HGNC:14406,PTPN23,T1,ndd_with_epilepsy,genes4epilepsy;orphadata_genes;panelapp_au_epilepsy;panelapp_au_id;panelapp_ge_epilepsy;panelapp_ge_id
HGNC:9656,PTPN4,T1,ndd_no_documented_epilepsy,panelapp_au_id;panelapp_ge_id
HGNC:9666,PTPRC,T1,unclassified,clingen;orphadata_genes
HGNC:9679,PTPRQ,T1,unclassified,clingen;orphadata_genes
HGNC:24265,PTRH2,T1,ndd_no_documented_epilepsy,orphadata_genes;panelapp_au_id;panelapp_ge_id
HGNC:33782,PTRHD1,T1,ndd_no_documented_epilepsy,panelapp_au_id;panelapp_ge_id
HGNC:9689,PTS,T1,ndd_with_epilepsy,clingen;genes4epilepsy;orphadata_genes;panelapp_au_epilepsy;panelapp_au_id;panelapp_ge_epilepsy;panelapp_ge_id
HGNC:17042,PUF60,T1,ndd_with_epilepsy,clingen;genes4epilepsy;orphadata_genes;panelapp_au_id;panelapp_ge_id
HGNC:14957,PUM1,T1,ndd_with_epilepsy,genes4epilepsy;orphadata_genes;panelapp_au_epilepsy;panelapp_au_id;panelapp_ge_epilepsy;panelapp_ge_id
HGNC:15508,PUS1,T1,ndd_no_documented_epilepsy,clingen;orphadata_genes;panelapp_au_id;panelapp_ge_id
HGNC:25461,PUS3,T1,ndd_with_epilepsy,genes4epilepsy;orphadata_genes;panelapp_au_epilepsy;panelapp_au_id;panelapp_ge_id
HGNC:26033,PUS7,T1,ndd_no_documented_epilepsy,orphadata_genes;panelapp_au_id;panelapp_ge_id
HGNC:14966,PXDN,T1,unclassified,clingen;orphadata_genes
HGNC:9721,PYCR1,T1,ndd_no_documented_epilepsy,clingen;orphadata_genes;panelapp_au_id;panelapp_ge_id
HGNC:30262,PYCR2,T1,ndd_no_documented_epilepsy,orphadata_genes;panelapp_au_id;panelapp_ge_id
HGNC:9725,PYGL,T1,ndd_no_documented_epilepsy,clingen;orphadata_genes;panelapp_au_id;panelapp_ge_id
HGNC:9726,PYGM,T1,unclassified,clingen;orphadata_genes
HGNC:26162,PYROXD1,T1,unclassified,clingen
HGNC:9752,QDPR,T1,ndd_with_epilepsy,clingen;genes4epilepsy;orphadata_genes;panelapp_au_epilepsy;panelapp_au_id;panelapp_ge_epilepsy;panelapp_ge_id
HGNC:24713,QRICH1,T1,ndd_no_documented_epilepsy,clingen;orphadata_genes;panelapp_au_id;panelapp_ge_id
HGNC:9760,RAB11A,T1,ndd_with_epilepsy,clingen;genes4epilepsy;orphadata_genes;panelapp_au_epilepsy;panelapp_au_id;panelapp_ge_epilepsy;panelapp_ge_id
HGNC:9761,RAB11B,T1,ndd_with_epilepsy,genes4epilepsy;panelapp_au_epilepsy;panelapp_au_id;panelapp_ge_epilepsy;panelapp_ge_id
HGNC:9758,RAB1A,T1,ndd_no_documented_epilepsy,orphadata_genes;panelapp_au_id
HGNC:14263,RAB23,T1,ndd_no_documented_epilepsy,clingen;orphadata_genes;panelapp_au_id;panelapp_ge_id
HGNC:9766,RAB27A,T1,ndd_no_documented_epilepsy,clingen;orphadata_genes;panelapp_au_id;panelapp_ge_id
HGNC:9768,RAB28,T1,unclassified,clingen;orphadata_genes
HGNC:16499,RAB39B,T1,ndd_with_epilepsy,clingen;genes4epilepsy;orphadata_genes;panelapp_au_epilepsy;panelapp_au_id;panelapp_ge_id
HGNC:9777,RAB3A,T1,ndd_no_documented_epilepsy,panelapp_au_id;panelapp_ge_id
HGNC:9785,RAB5C,T1,ndd_with_epilepsy,genes4epilepsy;panelapp_au_epilepsy;panelapp_au_id;panelapp_ge_epilepsy;panelapp_ge_id
HGNC:9788,RAB7A,T1,unclassified,clingen;orphadata_genes
HGNC:17155,RABGAP1,T1,ndd_with_epilepsy,genes4epilepsy;panelapp_au_id
HGNC:9801,RAC1,T1,ndd_no_documented_epilepsy,clingen;orphadata_genes;panelapp_au_id;panelapp_ge_id
HGNC:9802,RAC2,T1,unclassified,clingen;orphadata_genes
HGNC:9803,RAC3,T1,ndd_with_epilepsy,genes4epilepsy;orphadata_genes;panelapp_au_epilepsy;panelapp_au_id;panelapp_ge_epilepsy;panelapp_ge_id
HGNC:9820,RAD51C,T1,ndd_no_documented_epilepsy,clingen;orphadata_genes;panelapp_ge_id
HGNC:9823,RAD51D,T1,unclassified,clingen;orphadata_genes
HGNC:9831,RAG1,T1,unclassified,clingen;orphadata_genes
HGNC:9832,RAG2,T1,unclassified,clingen;orphadata_genes
HGNC:9839,RALA,T1,ndd_with_epilepsy,clingen;genes4epilepsy;orphadata_genes;panelapp_au_epilepsy;panelapp_au_id;panelapp_ge_epilepsy;panelapp_ge_id
HGNC:17770,RALGAPA1,T1,ndd_with_epilepsy,genes4epilepsy;panelapp_au_epilepsy;panelapp_au_id;panelapp_ge_epilepsy;panelapp_ge_id
HGNC:9848,RANBP2,T1,ndd_with_epilepsy,clingen;genes4epilepsy;orphadata_genes;panelapp_au_epilepsy;panelapp_au_id;panelapp_ge_epilepsy;panelapp_ge_id
HGNC:9857,RAP1B,T1,ndd_no_documented_epilepsy,clingen;panelapp_au_id;panelapp_ge_id
HGNC:9859,RAP1GDS1,T1,ndd_no_documented_epilepsy,panelapp_au_id;panelapp_ge_id
HGNC:16854,RAPGEF2,T1,ndd_with_epilepsy,genes4epilepsy;orphadata_genes;panelapp_au_epilepsy;panelapp_au_id
HGNC:9865,RARB,T1,ndd_no_documented_epilepsy,clingen;orphadata_genes;panelapp_au_id;panelapp_ge_id
HGNC:9878,RASGRP1,T1,unclassified,clingen;orphadata_genes
HGNC:9879,RASGRP2,T1,unclassified,clingen;orphadata_genes
HGNC:9884,RB1,T1,unclassified,clingen;orphadata_genes
HGNC:9888,RBBP5,T1,ndd_no_documented_epilepsy,panelapp_au_id;panelapp_ge_id
HGNC:9891,RBBP8,T1,ndd_no_documented_epilepsy,orphadata_genes;panelapp_au_id;panelapp_ge_id
HGNC:15864,RBCK1,T1,unclassified,clingen;orphadata_genes
HGNC:18222,RBFOX1,T1,ndd_with_epilepsy,panelapp_au_epilepsy;panelapp_au_id;panelapp_ge_id
HGNC:9906,RBFOX2,T1,unclassified,clingen
HGNC:9894,RBL2,T1,ndd_with_epilepsy,genes4epilepsy;panelapp_au_epilepsy;panelapp_au_id;panelapp_ge_id
HGNC:9896,RBM10,T1,ndd_no_documented_epilepsy,clingen;orphadata_genes;panelapp_au_id;panelapp_ge_id
HGNC:27424,RBM20,T1,unclassified,clingen;orphadata_genes
HGNC:9905,RBM8A,T1,ndd_no_documented_epilepsy,clingen;orphadata_genes;panelapp_au_id;panelapp_ge_id
HGNC:9910,RBMX,T1,ndd_with_epilepsy,orphadata_genes;panelapp_au_epilepsy;panelapp_au_id
HGNC:9922,RBP4,T1,unclassified,clingen;orphadata_genes
HGNC:20759,RBSN,T1,ndd_no_documented_epilepsy,orphadata_genes;panelapp_au_id;panelapp_ge_id
HGNC:18243,RCBTB1,T1,unclassified,clingen;orphadata_genes
HGNC:19689,RD3,T1,unclassified,clingen;orphadata_genes
HGNC:17964,RDH11,T1,ndd_no_documented_epilepsy,orphadata_genes;panelapp_au_id;panelapp_ge_id
HGNC:19977,RDH12,T1,unclassified,clingen;orphadata_genes
HGNC:9940,RDH5,T1,unclassified,clingen;orphadata_genes
HGNC:9944,RDX,T1,unclassified,clingen;orphadata_genes
HGNC:9949,RECQL4,T1,ndd_no_documented_epilepsy,clingen;orphadata_genes;panelapp_au_id;panelapp_ge_id
HGNC:30078,REEP6,T1,unclassified,clingen;orphadata_genes
HGNC:9955,RELA,T1,unclassified,clingen;orphadata_genes
HGNC:9956,RELB,T1,unclassified,clingen;orphadata_genes
HGNC:9958,REN,T1,unclassified,clingen;orphadata_genes
HGNC:9967,RET,T1,ndd_no_documented_epilepsy,clingen;orphadata_genes;panelapp_au_id;panelapp_ge_id
HGNC:25964,RETREG1,T1,ndd_no_documented_epilepsy,clingen;orphadata_genes;panelapp_ge_id
HGNC:9969,RFC1,T1,unclassified,clingen;orphadata_genes
HGNC:9972,RFC4,T1,ndd_no_documented_epilepsy,orphadata_genes;panelapp_au_id
HGNC:30220,RFT1,T1,ndd_with_epilepsy,clingen;genes4epilepsy;orphadata_genes;panelapp_au_epilepsy;panelapp_au_id;panelapp_ge_epilepsy;panelapp_ge_id
HGNC:9984,RFX3,T1,ndd_with_epilepsy,clingen;genes4epilepsy;panelapp_au_id;panelapp_ge_id;simons_searchlight
HGNC:9985,RFX4,T1,ndd_no_documented_epilepsy,panelapp_au_id;panelapp_ge_id
HGNC:9986,RFX5,T1,unclassified,clingen;orphadata_genes
HGNC:21478,RFX6,T1,ndd_no_documented_epilepsy,clingen;orphadata_genes;panelapp_au_id;panelapp_ge_id
HGNC:25777,RFX7,T1,ndd_no_documented_epilepsy,clingen;panelapp_au_id;panelapp_ge_id
HGNC:9987,RFXANK,T1,unclassified,clingen;orphadata_genes
HGNC:9988,RFXAP,T1,unclassified,clingen;orphadata_genes
HGNC:20788,RHBDF2,T1,unclassified,clingen;orphadata_genes
HGNC:10011,RHEB,T1,ndd_with_epilepsy,panelapp_au_epilepsy;panelapp_au_id;panelapp_ge_epilepsy;panelapp_ge_id
HGNC:10012,RHO,T1,unclassified,clingen;orphadata_genes
HGNC:28611,RICTOR,T1,ndd_no_documented_epilepsy,panelapp_au_id
HGNC:18750,RIN2,T1,ndd_no_documented_epilepsy,clingen;orphadata_genes;panelapp_au_id
HGNC:10018,RING1,T1,ndd_with_epilepsy,panelapp_au_epilepsy;panelapp_au_id;panelapp_ge_id
HGNC:10019,RIPK1,T1,unclassified,clingen;orphadata_genes
HGNC:13872,RIPOR2,T1,unclassified,clingen;orphadata_genes
HGNC:10023,RIT1,T1,ndd_no_documented_epilepsy,clingen;orphadata_genes;panelapp_au_id;panelapp_ge_id
HGNC:10024,RLBP1,T1,unclassified,clingen;orphadata_genes
HGNC:13429,RLIM,T1,ndd_no_documented_epilepsy,orphadata_genes;panelapp_au_id;panelapp_ge_id
HGNC:21176,RMND1,T1,ndd_with_epilepsy,clingen;genes4epilepsy;orphadata_genes;panelapp_au_epilepsy;panelapp_au_id;panelapp_ge_epilepsy;panelapp_ge_id
HGNC:10031,RMRP,T1,ndd_no_documented_epilepsy,clingen;orphadata_genes;panelapp_au_id;panelapp_ge_id
HGNC:18518,RNASEH2A,T1,ndd_with_epilepsy,clingen;genes4epilepsy;orphadata_genes;panelapp_au_epilepsy;panelapp_au_id;panelapp_ge_epilepsy;panelapp_ge_id
HGNC:25671,RNASEH2B,T1,ndd_with_epilepsy,clingen;genes4epilepsy;orphadata_genes;panelapp_au_epilepsy;panelapp_au_id;panelapp_ge_epilepsy;panelapp_ge_id
HGNC:24116,RNASEH2C,T1,ndd_with_epilepsy,clingen;genes4epilepsy;orphadata_genes;panelapp_au_epilepsy;panelapp_au_id;panelapp_ge_epilepsy;panelapp_ge_id
HGNC:21686,RNASET2,T1,ndd_with_epilepsy,genes4epilepsy;orphadata_genes;panelapp_au_epilepsy;panelapp_au_id;panelapp_ge_epilepsy;panelapp_ge_id
HGNC:12974,RNF113A,T1,ndd_with_epilepsy,genes4epilepsy;orphadata_genes;panelapp_au_epilepsy;panelapp_au_id;panelapp_ge_epilepsy;panelapp_ge_id
HGNC:21150,RNF125,T1,ndd_no_documented_epilepsy,panelapp_au_id;panelapp_ge_id
HGNC:10057,RNF13,T1,ndd_with_epilepsy,genes4epilepsy;orphadata_genes;panelapp_au_epilepsy;panelapp_au_id;panelapp_ge_epilepsy;panelapp_ge_id
HGNC:26661,RNF168,T1,ndd_no_documented_epilepsy,clingen;orphadata_genes;panelapp_ge_id
HGNC:10061,RNF2,T1,ndd_with_epilepsy,orphadata_genes;panelapp_au_epilepsy;panelapp_au_id;panelapp_ge_epilepsy;panelapp_ge_id
HGNC:25552,RNF220,T1,ndd_no_documented_epilepsy,panelapp_au_id;panelapp_ge_id
HGNC:18505,RNF43,T1,unclassified,clingen;orphadata_genes
HGNC:10074,RNH1,T1,ndd_with_epilepsy,panelapp_au_epilepsy;panelapp_au_id
HGNC:18666,RNPC3,T1,ndd_no_documented_epilepsy,orphadata_genes;panelapp_au_id;panelapp_ge_id
HGNC:10193,RNU4-2,T1,ndd_with_epilepsy,clingen;genes4epilepsy;orphadata_genes;panelapp_au_epilepsy;panelapp_au_id;panelapp_ge_epilepsy;panelapp_ge_id
HGNC:34016,RNU4ATAC,T1,ndd_with_epilepsy,clingen;genes4epilepsy;orphadata_genes;panelapp_au_epilepsy;panelapp_au_id;panelapp_ge_epilepsy;panelapp_ge_id
HGNC:10212,RNU5B-1,T1,ndd_with_epilepsy,clingen;panelapp_au_id;panelapp_ge_epilepsy;panelapp_ge_id
HGNC:34017,RNU6ATAC,T1,ndd_with_epilepsy,panelapp_au_epilepsy;panelapp_au_id;panelapp_ge_epilepsy;panelapp_ge_id
HGNC:34033,RNU7-1,T1,ndd_no_documented_epilepsy,clingen;orphadata_genes;panelapp_au_id;panelapp_ge_id
HGNC:10249,ROBO1,T1,ndd_no_documented_epilepsy,clingen;orphadata_genes;panelapp_au_id;panelapp_ge_id
HGNC:13433,ROBO3,T1,ndd_no_documented_epilepsy,clingen;orphadata_genes;panelapp_ge_id
HGNC:10257,ROR2,T1,ndd_no_documented_epilepsy,orphadata_genes;panelapp_au_id;panelapp_ge_id
HGNC:10258,RORA,T1,ndd_with_epilepsy,genes4epilepsy;orphadata_genes;panelapp_au_epilepsy;panelapp_au_id;panelapp_ge_epilepsy;panelapp_ge_id
HGNC:10263,RP1,T1,unclassified,clingen;orphadata_genes
HGNC:15946,RP1L1,T1,unclassified,clingen;orphadata_genes
HGNC:10274,RP2,T1,unclassified,clingen;orphadata_genes
HGNC:10294,RPE65,T1,ndd_no_documented_epilepsy,clingen;orphadata_genes;panelapp_ge_id
HGNC:10295,RPGR,T1,ndd_no_documented_epilepsy,clingen;orphadata_genes;panelapp_ge_id
HGNC:29168,RPGRIP1L,T1,ndd_no_documented_epilepsy,clingen;orphadata_genes;panelapp_au_id;panelapp_ge_id
HGNC:17056,RPH3A,T1,ndd_with_epilepsy,genes4epilepsy;orphadata_genes;panelapp_au_epilepsy;panelapp_au_id
HGNC:10297,RPIA,T1,ndd_with_epilepsy,genes4epilepsy;orphadata_genes;panelapp_au_epilepsy;panelapp_au_id;panelapp_ge_epilepsy;panelapp_ge_id
HGNC:10298,RPL10,T1,ndd_no_documented_epilepsy,clingen;orphadata_genes;panelapp_au_id;panelapp_ge_id
HGNC:10360,RPL5,T1,unclassified,clingen;orphadata_genes
HGNC:10383,RPS10,T1,unclassified,clingen;orphadata_genes
HGNC:10402,RPS19,T1,ndd_no_documented_epilepsy,clingen;orphadata_genes;panelapp_au_id;panelapp_ge_id
HGNC:10411,RPS24,T1,unclassified,clingen;orphadata_genes
HGNC:10424,RPS4X,T1,ndd_no_documented_epilepsy,panelapp_au_id
HGNC:10432,RPS6KA3,T1,ndd_with_epilepsy,clingen;genes4epilepsy;orphadata_genes;panelapp_au_epilepsy;panelapp_au_id;panelapp_ge_id
HGNC:10439,RPS6KC1,T1,ndd_with_epilepsy,panelapp_au_epilepsy;panelapp_au_id;panelapp_ge_epilepsy;panelapp_ge_id
HGNC:17271,RRAS2,T1,ndd_no_documented_epilepsy,clingen;orphadata_genes;panelapp_au_id
HGNC:10449,RREB1,T1,ndd_no_documented_epilepsy,orphadata_genes;panelapp_au_id;panelapp_ge_id
HGNC:17296,RRM2B,T1,ndd_with_epilepsy,genes4epilepsy;orphadata_genes;panelapp_au_epilepsy;panelapp_au_id;panelapp_ge_epilepsy;panelapp_ge_id
HGNC:10457,RS1,T1,unclassified,clingen;orphadata_genes
HGNC:18118,RSF1,T1,ndd_with_epilepsy,genes4epilepsy;panelapp_au_id;panelapp_ge_id
HGNC:12371,RSPH1,T1,ndd_no_documented_epilepsy,clingen;orphadata_genes;panelapp_ge_id
HGNC:21054,RSPH3,T1,ndd_no_documented_epilepsy,clingen;orphadata_genes;panelapp_ge_id
HGNC:21558,RSPH4A,T1,unclassified,clingen;orphadata_genes
HGNC:21057,RSPH9,T1,unclassified,clingen;orphadata_genes
HGNC:29420,RSPRY1,T1,ndd_no_documented_epilepsy,orphadata_genes;panelapp_au_id;panelapp_ge_id
HGNC:24152,RSRC1,T1,ndd_no_documented_epilepsy,clingen;orphadata_genes;panelapp_au_id;panelapp_ge_id
HGNC:15888,RTEL1,T1,ndd_with_epilepsy,clingen;orphadata_genes;panelapp_au_id;panelapp_ge_epilepsy;panelapp_ge_id
HGNC:28996,RTF1,T1,ndd_no_documented_epilepsy,panelapp_au_id
HGNC:18647,RTN4IP1,T1,ndd_with_epilepsy,clingen;genes4epilepsy;orphadata_genes;panelapp_au_epilepsy;panelapp_au_id;panelapp_ge_epilepsy;panelapp_ge_id
HGNC:18654,RTTN,T1,ndd_with_epilepsy,clingen;genes4epilepsy;orphadata_genes;panelapp_au_epilepsy;panelapp_au_id;panelapp_ge_epilepsy;panelapp_ge_id
HGNC:1535,RUNX1T1,T1,ndd_no_documented_epilepsy,orphadata_genes;panelapp_au_id;panelapp_ge_id
HGNC:13530,RXYLT1,T1,ndd_with_epilepsy,clingen;genes4epilepsy;orphadata_genes;panelapp_au_epilepsy;panelapp_au_id;panelapp_ge_id
HGNC:10480,RYBP,T1,ndd_no_documented_epilepsy,orphadata_genes;panelapp_au_id
HGNC:10483,RYR1,T1,ndd_no_documented_epilepsy,clingen;orphadata_genes;panelapp_ge_id
HGNC:3169,S1PR2,T1,unclassified,clingen;orphadata_genes
HGNC:10521,SAG,T1,unclassified,clingen;orphadata_genes
HGNC:10524,SALL1,T1,ndd_no_documented_epilepsy,clingen;orphadata_genes;panelapp_au_id;panelapp_ge_id
HGNC:31750,SAMD12,T1,epilepsy_only_unclassified,genes4epilepsy;orphadata_genes;panelapp_au_epilepsy;panelapp_ge_epilepsy
HGNC:1348,SAMD9,T1,ndd_no_documented_epilepsy,clingen;orphadata_genes;panelapp_au_id;panelapp_ge_id
HGNC:1349,SAMD9L,T1,ndd_no_documented_epilepsy,clingen;orphadata_genes;panelapp_au_id;panelapp_ge_id
HGNC:15925,SAMHD1,T1,ndd_with_epilepsy,clingen;genes4epilepsy;orphadata_genes;panelapp_au_epilepsy;panelapp_au_id;panelapp_ge_epilepsy;panelapp_ge_id
HGNC:17697,SARS2,T1,ndd_no_documented_epilepsy,clingen;orphadata_genes;panelapp_au_id;panelapp_ge_id
HGNC:16860,SART3,T1,ndd_with_epilepsy,panelapp_au_epilepsy;panelapp_au_id
HGNC:15975,SASH3,T1,unclassified,clingen;orphadata_genes
HGNC:25403,SASS6,T1,ndd_no_documented_epilepsy,orphadata_genes;panelapp_au_id
HGNC:10541,SATB1,T1,ndd_with_epilepsy,clingen;genes4epilepsy;orphadata_genes;panelapp_au_epilepsy;panelapp_au_id;panelapp_ge_epilepsy;panelapp_ge_id
HGNC:19440,SBDS,T1,ndd_no_documented_epilepsy,clingen;orphadata_genes;panelapp_au_id;panelapp_ge_id
HGNC:10542,SBF1,T1,ndd_no_documented_epilepsy,clingen;orphadata_genes;panelapp_au_id;panelapp_ge_id
HGNC:2135,SBF2,T1,ndd_no_documented_epilepsy,clingen;orphadata_genes;panelapp_ge_id
HGNC:10547,SC5D,T1,ndd_no_documented_epilepsy,orphadata_genes;panelapp_au_id;panelapp_ge_id
HGNC:19304,SCAF4,T1,ndd_with_epilepsy,clingen;genes4epilepsy;orphadata_genes;panelapp_au_epilepsy;panelapp_au_id;panelapp_ge_epilepsy;panelapp_ge_id
HGNC:13081,SCAPER,T1,ndd_no_documented_epilepsy,clingen;orphadata_genes;panelapp_au_id;panelapp_ge_id
HGNC:1665,SCARB2,T1,ndd_with_epilepsy,clingen;genes4epilepsy;orphadata_genes;panelapp_au_epilepsy;panelapp_ge_epilepsy;panelapp_ge_id
HGNC:10583,SCN11A,T1,ndd_no_documented_epilepsy,clingen;orphadata_genes;panelapp_au_id;panelapp_ge_id
HGNC:10591,SCN4A,T1,ndd_no_documented_epilepsy,clingen;orphadata_genes;panelapp_ge_id
HGNC:10599,SCNN1A,T1,unclassified,clingen;orphadata_genes
HGNC:10602,SCNN1G,T1,unclassified,clingen;orphadata_genes
HGNC:10603,SCO1,T1,ndd_with_epilepsy,clingen;genes4epilepsy;orphadata_genes;panelapp_au_epilepsy;panelapp_au_id;panelapp_ge_epilepsy;panelapp_ge_id
HGNC:10604,SCO2,T1,ndd_with_epilepsy,clingen;genes4epilepsy;orphadata_genes;panelapp_au_epilepsy;panelapp_au_id;panelapp_ge_epilepsy;panelapp_ge_id
HGNC:10606,SCP2,T1,unclassified,clingen;orphadata_genes
HGNC:14372,SCYL1,T1,ndd_no_documented_epilepsy,orphadata_genes;panelapp_ge_id
HGNC:19286,SCYL2,T1,ndd_with_epilepsy,orphadata_genes;panelapp_au_epilepsy;panelapp_au_id
HGNC:10671,SDCCAG8,T1,ndd_no_documented_epilepsy,clingen;orphadata_genes;panelapp_au_id;panelapp_ge_id
HGNC:10680,SDHA,T1,ndd_with_epilepsy,clingen;genes4epilepsy;orphadata_genes;panelapp_au_epilepsy;panelapp_au_id;panelapp_ge_epilepsy;panelapp_ge_id
HGNC:33867,SDHAF1,T1,ndd_no_documented_epilepsy,clingen;orphadata_genes;panelapp_au_id;panelapp_ge_id
HGNC:26034,SDHAF2,T1,unclassified,clingen;orphadata_genes
HGNC:10681,SDHB,T1,unclassified,clingen;orphadata_genes
HGNC:10682,SDHC,T1,unclassified,clingen;orphadata_genes
HGNC:10683,SDHD,T1,unclassified,clingen;orphadata_genes
HGNC:10702,SEC23B,T1,ndd_no_documented_epilepsy,clingen;orphadata_genes;panelapp_ge_id
HGNC:17052,SEC31A,T1,ndd_with_epilepsy,panelapp_au_epilepsy;panelapp_au_id;panelapp_ge_epilepsy;panelapp_ge_id
HGNC:21082,SEC63,T1,unclassified,clingen;orphadata_genes
HGNC:30972,SECISBP2,T1,ndd_with_epilepsy,orphadata_genes;panelapp_au_epilepsy;panelapp_au_id
HGNC:10717,SEL1L,T1,ndd_no_documented_epilepsy,panelapp_au_id;panelapp_ge_id
HGNC:29361,SELENOI,T1,ndd_with_epilepsy,orphadata_genes;panelapp_au_epilepsy;panelapp_au_id;panelapp_ge_id
HGNC:10738,SEMA6A,T1,ndd_no_documented_epilepsy,panelapp_au_id
HGNC:10739,SEMA6B,T1,ndd_with_epilepsy,clingen;genes4epilepsy;orphadata_genes;panelapp_au_epilepsy;panelapp_au_id;panelapp_ge_epilepsy;panelapp_ge_id
HGNC:19685,SEPHS1,T1,ndd_no_documented_epilepsy,panelapp_au_id;panelapp_ge_id
HGNC:30605,SEPSECS,T1,ndd_with_epilepsy,genes4epilepsy;orphadata_genes;panelapp_au_epilepsy;panelapp_au_id;panelapp_ge_epilepsy;panelapp_ge_id
HGNC:7729,SEPTIN2,T1,ndd_no_documented_epilepsy,panelapp_au_id
HGNC:21061,SERAC1,T1,ndd_with_epilepsy,clingen;genes4epilepsy;orphadata_genes;panelapp_au_epilepsy;panelapp_au_id;panelapp_ge_id
HGNC:775,SERPINC1,T1,unclassified,clingen;orphadata_genes
HGNC:4838,SERPIND1,T1,unclassified,clingen
HGNC:8583,SERPINE1,T1,unclassified,clingen;orphadata_genes
HGNC:9075,SERPINF2,T1,unclassified,clingen;orphadata_genes
HGNC:1228,SERPING1,T1,unclassified,clingen;orphadata_genes
HGNC:8943,SERPINI1,T1,epilepsy_only_unclassified,clingen;genes4epilepsy;orphadata_genes;panelapp_au_epilepsy;panelapp_ge_epilepsy
HGNC:10760,SET,T1,ndd_no_documented_epilepsy,clingen;orphadata_genes;panelapp_au_id;panelapp_ge_id
HGNC:29010,SETD1A,T1,ndd_with_epilepsy,genes4epilepsy;orphadata_genes;panelapp_au_epilepsy;panelapp_au_id;panelapp_ge_epilepsy;panelapp_ge_id
HGNC:18420,SETD2,T1,ndd_no_documented_epilepsy,clingen;orphadata_genes;panelapp_au_id;panelapp_ge_id;simons_searchlight
HGNC:445,SETX,T1,ndd_no_documented_epilepsy,clingen;orphadata_genes;panelapp_ge_id
HGNC:12950,SF1,T1,ndd_with_epilepsy,genes4epilepsy;panelapp_au_id;panelapp_ge_id
HGNC:10768,SF3B1,T1,ndd_with_epilepsy,genes4epilepsy;orphadata_genes;panelapp_au_id;panelapp_ge_epilepsy;panelapp_ge_id
HGNC:10770,SF3B3,T1,ndd_no_documented_epilepsy,panelapp_au_id
HGNC:10771,SF3B4,T1,ndd_no_documented_epilepsy,clingen;orphadata_genes;panelapp_au_id;panelapp_ge_id
HGNC:10799,SFTPA2,T1,unclassified,clingen;orphadata_genes
HGNC:10801,SFTPB,T1,unclassified,clingen;orphadata_genes
HGNC:10802,SFTPC,T1,unclassified,clingen;orphadata_genes
HGNC:16088,SFXN4,T1,ndd_no_documented_epilepsy,clingen;orphadata_genes;panelapp_au_id;panelapp_ge_id
HGNC:10805,SGCA,T1,ndd_no_documented_epilepsy,clingen;orphadata_genes;panelapp_au_id;panelapp_ge_id
HGNC:10806,SGCB,T1,unclassified,clingen;orphadata_genes
HGNC:10807,SGCD,T1,unclassified,clingen;orphadata_genes
HGNC:10808,SGCE,T1,ndd_with_epilepsy,orphadata_genes;panelapp_au_epilepsy;panelapp_ge_id
HGNC:10809,SGCG,T1,unclassified,clingen;orphadata_genes
HGNC:10817,SGPL1,T1,ndd_no_documented_epilepsy,clingen;orphadata_genes;panelapp_au_id;panelapp_ge_id
HGNC:10818,SGSH,T1,ndd_with_epilepsy,clingen;genes4epilepsy;orphadata_genes;panelapp_au_epilepsy;panelapp_au_id;panelapp_ge_epilepsy;panelapp_ge_id
HGNC:25228,SGSM3,T1,ndd_no_documented_epilepsy,panelapp_au_id;panelapp_ge_id
HGNC:29605,SH2B3,T1,unclassified,clingen;orphadata_genes
HGNC:10820,SH2D1A,T1,unclassified,clingen;orphadata_genes
HGNC:29242,SH3PXD2B,T1,ndd_no_documented_epilepsy,clingen;orphadata_genes;panelapp_ge_id
HGNC:29427,SH3TC2,T1,ndd_no_documented_epilepsy,clingen;orphadata_genes;panelapp_au_id;panelapp_ge_id
HGNC:10848,SHH,T1,ndd_with_epilepsy,clingen;genes4epilepsy;orphadata_genes;panelapp_au_epilepsy;panelapp_au_id;panelapp_ge_epilepsy;panelapp_ge_id
HGNC:10852,SHMT2,T1,ndd_no_documented_epilepsy,clingen;panelapp_au_id;panelapp_ge_id
HGNC:25543,SHQ1,T1,ndd_with_epilepsy,orphadata_genes;panelapp_ge_epilepsy;panelapp_ge_id
HGNC:10857,SIAH1,T1,ndd_no_documented_epilepsy,orphadata_genes;panelapp_au_id;panelapp_ge_id
HGNC:11142,SIK1,T1,ndd_with_epilepsy,clingen;genes4epilepsy;orphadata_genes;panelapp_au_epilepsy;panelapp_au_id;panelapp_ge_epilepsy;panelapp_ge_id
HGNC:24624,SIL1,T1,ndd_no_documented_epilepsy,clingen;orphadata_genes;panelapp_au_id;panelapp_ge_id
HGNC:19353,SIN3A,T1,ndd_no_documented_epilepsy,clingen;orphadata_genes;panelapp_au_id;panelapp_ge_id;simons_searchlight
HGNC:19354,SIN3B,T1,ndd_no_documented_epilepsy,orphadata_genes;panelapp_au_id;panelapp_ge_id
HGNC:10887,SIX1,T1,ndd_no_documented_epilepsy,clingen;orphadata_genes;panelapp_ge_id
HGNC:10889,SIX3,T1,ndd_with_epilepsy,genes4epilepsy;orphadata_genes;panelapp_au_epilepsy;panelapp_au_id;panelapp_ge_epilepsy;panelapp_ge_id
HGNC:10896,SKI,T1,ndd_no_documented_epilepsy,clingen;orphadata_genes;panelapp_au_id;panelapp_ge_id
HGNC:10898,SKIC2,T1,ndd_no_documented_epilepsy,clingen;orphadata_genes;panelapp_ge_id
HGNC:23639,SKIC3,T1,ndd_no_documented_epilepsy,clingen;orphadata_genes;panelapp_au_id;panelapp_ge_id
HGNC:32695,SKOR2,T1,ndd_no_documented_epilepsy,panelapp_au_id;panelapp_ge_id
HGNC:23088,SLC10A7,T1,unclassified,clingen
HGNC:10908,SLC11A2,T1,unclassified,clingen;orphadata_genes
HGNC:10910,SLC12A1,T1,ndd_no_documented_epilepsy,clingen;orphadata_genes;panelapp_au_id
HGNC:10911,SLC12A2,T1,ndd_no_documented_epilepsy,orphadata_genes;panelapp_au_id;panelapp_ge_id
HGNC:13818,SLC12A5,T1,ndd_with_epilepsy,clingen;genes4epilepsy;orphadata_genes;panelapp_au_epilepsy;panelapp_au_id;panelapp_ge_epilepsy;panelapp_ge_id
HGNC:10914,SLC12A6,T1,ndd_no_documented_epilepsy,orphadata_genes;panelapp_au_id;panelapp_ge_id
HGNC:17435,SLC12A9,T1,ndd_no_documented_epilepsy,panelapp_au_id;panelapp_ge_id
HGNC:14430,SLC13A3,T1,epilepsy_only_unclassified,panelapp_au_epilepsy;panelapp_ge_epilepsy
HGNC:10923,SLC16A2,T1,ndd_with_epilepsy,clingen;genes4epilepsy;orphadata_genes;panelapp_au_epilepsy;panelapp_au_id;panelapp_ge_epilepsy;panelapp_ge_id
HGNC:10933,SLC17A5,T1,ndd_no_documented_epilepsy,clingen;orphadata_genes;panelapp_au_id;panelapp_ge_id
HGNC:20151,SLC17A8,T1,unclassified,clingen;orphadata_genes
HGNC:10935,SLC18A2,T1,ndd_no_documented_epilepsy,clingen;orphadata_genes;panelapp_au_id
HGNC:16266,SLC19A3,T1,ndd_with_epilepsy,clingen;genes4epilepsy;orphadata_genes;panelapp_au_epilepsy;panelapp_au_id;panelapp_ge_id
HGNC:10939,SLC1A1,T1,ndd_no_documented_epilepsy,clingen;orphadata_genes;panelapp_au_id;panelapp_ge_id
HGNC:10940,SLC1A2,T1,ndd_with_epilepsy,clingen;genes4epilepsy;orphadata_genes;panelapp_au_epilepsy;panelapp_au_id;panelapp_ge_epilepsy;panelapp_ge_id
HGNC:10941,SLC1A3,T1,ndd_with_epilepsy,clingen;orphadata_genes;panelapp_au_epilepsy;panelapp_au_id
HGNC:10942,SLC1A4,T1,ndd_with_epilepsy,clingen;genes4epilepsy;orphadata_genes;panelapp_au_epilepsy;panelapp_au_id;panelapp_ge_epilepsy;panelapp_ge_id
HGNC:10975,SLC24A1,T1,unclassified,clingen
HGNC:10979,SLC25A1,T1,ndd_with_epilepsy,clingen;genes4epilepsy;orphadata_genes;panelapp_au_epilepsy;panelapp_au_id;panelapp_ge_epilepsy;panelapp_ge_id
HGNC:10982,SLC25A12,T1,ndd_with_epilepsy,clingen;genes4epilepsy;orphadata_genes;panelapp_au_epilepsy;panelapp_au_id;panelapp_ge_epilepsy;panelapp_ge_id
HGNC:10983,SLC25A13,T1,ndd_no_documented_epilepsy,clingen;orphadata_genes;panelapp_au_id;panelapp_ge_id
HGNC:10985,SLC25A15,T1,ndd_no_documented_epilepsy,clingen;orphadata_genes;panelapp_au_id;panelapp_ge_id
HGNC:1421,SLC25A20,T1,ndd_no_documented_epilepsy,clingen;orphadata_genes;panelapp_au_id;panelapp_ge_id
HGNC:19954,SLC25A22,T1,ndd_with_epilepsy,clingen;genes4epilepsy;orphadata_genes;panelapp_au_epilepsy;panelapp_au_id;panelapp_ge_epilepsy;panelapp_ge_id
HGNC:20662,SLC25A24,T1,ndd_no_documented_epilepsy,clingen;orphadata_genes;panelapp_au_id;panelapp_ge_id
HGNC:20661,SLC25A26,T1,ndd_no_documented_epilepsy,clingen;orphadata_genes;panelapp_ge_id
HGNC:10990,SLC25A4,T1,ndd_no_documented_epilepsy,clingen;orphadata_genes;panelapp_au_id
HGNC:25198,SLC25A46,T1,unclassified,clingen;orphadata_genes
HGNC:10994,SLC26A2,T1,ndd_no_documented_epilepsy,clingen;orphadata_genes;panelapp_ge_id
HGNC:8818,SLC26A4,T1,unclassified,clingen;orphadata_genes
HGNC:23096,SLC29A3,T1,ndd_no_documented_epilepsy,clingen;orphadata_genes;panelapp_au_id
HGNC:13444,SLC2A10,T1,ndd_no_documented_epilepsy,clingen;orphadata_genes;panelapp_au_id;panelapp_ge_id
HGNC:11013,SLC30A2,T1,unclassified,clingen
HGNC:1329,SLC30A9,T1,ndd_no_documented_epilepsy,clingen;orphadata_genes;panelapp_au_id;panelapp_ge_id
HGNC:11016,SLC31A1,T1,ndd_with_epilepsy,panelapp_au_epilepsy;panelapp_au_id;panelapp_ge_epilepsy;panelapp_ge_id
HGNC:11018,SLC32A1,T1,ndd_with_epilepsy,genes4epilepsy;orphadata_genes;panelapp_au_epilepsy;panelapp_au_id;panelapp_ge_epilepsy;panelapp_ge_id
HGNC:95,SLC33A1,T1,ndd_no_documented_epilepsy,orphadata_genes;panelapp_au_id;panelapp_ge_id
HGNC:11021,SLC35A1,T1,ndd_with_epilepsy,clingen;genes4epilepsy;orphadata_genes;panelapp_au_epilepsy;panelapp_au_id;panelapp_ge_epilepsy;panelapp_ge_id
HGNC:20197,SLC35C1,T1,ndd_no_documented_epilepsy,clingen;orphadata_genes;panelapp_au_id;panelapp_ge_id
HGNC:20800,SLC35D1,T1,ndd_no_documented_epilepsy,clingen;orphadata_genes;panelapp_ge_id
HGNC:18044,SLC38A3,T1,ndd_with_epilepsy,genes4epilepsy;orphadata_genes;panelapp_au_epilepsy;panelapp_au_id;panelapp_ge_epilepsy;panelapp_ge_id
HGNC:32434,SLC38A8,T1,unclassified,clingen;orphadata_genes
HGNC:20859,SLC39A13,T1,ndd_no_documented_epilepsy,clingen;orphadata_genes;panelapp_ge_id
HGNC:20858,SLC39A14,T1,ndd_no_documented_epilepsy,orphadata_genes;panelapp_au_id;panelapp_ge_id
HGNC:17129,SLC39A4,T1,ndd_no_documented_epilepsy,clingen;orphadata_genes;panelapp_au_id
HGNC:20862,SLC39A8,T1,ndd_with_epilepsy,clingen;genes4epilepsy;orphadata_genes;panelapp_au_epilepsy;panelapp_au_id;panelapp_ge_epilepsy;panelapp_ge_id
HGNC:11025,SLC3A1,T1,unclassified,clingen;orphadata_genes
HGNC:10909,SLC40A1,T1,unclassified,clingen;orphadata_genes
HGNC:17939,SLC45A1,T1,ndd_with_epilepsy,genes4epilepsy;orphadata_genes;panelapp_au_epilepsy;panelapp_au_id;panelapp_ge_epilepsy;panelapp_ge_id
HGNC:30521,SLC46A1,T1,ndd_with_epilepsy,clingen;genes4epilepsy;orphadata_genes;panelapp_au_epilepsy;panelapp_au_id;panelapp_ge_id
HGNC:13811,SLC4A10,T1,ndd_with_epilepsy,clingen;genes4epilepsy;orphadata_genes;panelapp_au_id;panelapp_ge_epilepsy;panelapp_ge_id
HGNC:11030,SLC4A4,T1,ndd_with_epilepsy,orphadata_genes;panelapp_au_epilepsy;panelapp_au_id;panelapp_ge_id
HGNC:30224,SLC52A2,T1,unclassified,clingen;orphadata_genes
HGNC:16187,SLC52A3,T1,ndd_no_documented_epilepsy,clingen;orphadata_genes;panelapp_ge_id
HGNC:11041,SLC5A6,T1,ndd_with_epilepsy,genes4epilepsy;panelapp_au_epilepsy;panelapp_au_id;panelapp_ge_epilepsy;panelapp_ge_id
HGNC:14025,SLC5A7,T1,ndd_no_documented_epilepsy,clingen;orphadata_genes;panelapp_ge_id
HGNC:31399,SLC6A17,T1,ndd_no_documented_epilepsy,clingen;orphadata_genes;panelapp_au_id;panelapp_ge_id
HGNC:27960,SLC6A19,T1,ndd_with_epilepsy,clingen;orphadata_genes;panelapp_au_epilepsy;panelapp_au_id;panelapp_ge_epilepsy;panelapp_ge_id
HGNC:11049,SLC6A3,T1,ndd_no_documented_epilepsy,clingen;orphadata_genes;panelapp_au_id;panelapp_ge_id
HGNC:11051,SLC6A5,T1,ndd_with_epilepsy,clingen;orphadata_genes;panelapp_ge_epilepsy;panelapp_ge_id
HGNC:11056,SLC6A9,T1,ndd_with_epilepsy,clingen;orphadata_genes;panelapp_au_id;panelapp_ge_id
HGNC:11065,SLC7A7,T1,ndd_no_documented_epilepsy,clingen;orphadata_genes;panelapp_au_id;panelapp_ge_id
HGNC:11067,SLC7A9,T1,unclassified,clingen;orphadata_genes
HGNC:17814,SLF2,T1,ndd_no_documented_epilepsy,panelapp_au_id
HGNC:13449,SLITRK2,T1,ndd_with_epilepsy,clingen;panelapp_au_epilepsy;panelapp_au_id;panelapp_ge_id
HGNC:23503,SLITRK6,T1,unclassified,clingen;orphadata_genes
HGNC:11088,SLK,T1,ndd_no_documented_epilepsy,panelapp_au_id
HGNC:6768,SMAD2,T1,unclassified,clingen;orphadata_genes
HGNC:6772,SMAD6,T1,ndd_no_documented_epilepsy,clingen;orphadata_genes;panelapp_au_id
HGNC:6774,SMAD9,T1,unclassified,clingen;orphadata_genes
HGNC:11097,SMARCA1,T1,ndd_with_epilepsy,clingen;genes4epilepsy;panelapp_au_id;panelapp_ge_id
HGNC:11100,SMARCA4,T1,ndd_with_epilepsy,clingen;genes4epilepsy;orphadata_genes;panelapp_au_epilepsy;panelapp_au_id;panelapp_ge_id;simons_searchlight
HGNC:11101,SMARCA5,T1,ndd_no_documented_epilepsy,clingen;orphadata_genes;panelapp_au_id;panelapp_ge_id
HGNC:11102,SMARCAL1,T1,ndd_no_documented_epilepsy,clingen;orphadata_genes;panelapp_ge_id
HGNC:11104,SMARCC1,T1,ndd_no_documented_epilepsy,clingen;panelapp_au_id;panelapp_ge_id
HGNC:11106,SMARCD1,T1,ndd_no_documented_epilepsy,orphadata_genes;panelapp_au_id;panelapp_ge_id
HGNC:11109,SMARCE1,T1,ndd_with_epilepsy,clingen;genes4epilepsy;orphadata_genes;panelapp_au_epilepsy;panelapp_au_id;panelapp_ge_id
HGNC:20465,SMC5,T1,ndd_no_documented_epilepsy,panelapp_au_id
HGNC:29090,SMCHD1,T1,ndd_no_documented_epilepsy,clingen;orphadata_genes;panelapp_au_id;panelapp_ge_id
HGNC:25551,SMG8,T1,ndd_no_documented_epilepsy,clingen;panelapp_au_id;panelapp_ge_id
HGNC:25763,SMG9,T1,ndd_no_documented_epilepsy,panelapp_au_id;panelapp_ge_id
HGNC:11119,SMO,T1,ndd_no_documented_epilepsy,clingen;orphadata_genes;panelapp_ge_id
HGNC:20318,SMOC1,T1,ndd_no_documented_epilepsy,orphadata_genes;panelapp_au_id;panelapp_ge_id
HGNC:11120,SMPD1,T1,ndd_no_documented_epilepsy,clingen;orphadata_genes;panelapp_au_id;panelapp_ge_id
HGNC:32949,SMPD4,T1,ndd_no_documented_epilepsy,orphadata_genes;panelapp_au_id;panelapp_ge_id
HGNC:11122,SMPX,T1,unclassified,clingen;orphadata_genes
HGNC:11133,SNAP29,T1,ndd_with_epilepsy,genes4epilepsy;orphadata_genes;panelapp_au_epilepsy;panelapp_au_id;panelapp_ge_id
HGNC:11137,SNAPC4,T1,ndd_no_documented_epilepsy,panelapp_au_id
HGNC:17145,SNAPIN,T1,ndd_no_documented_epilepsy,panelapp_au_id
HGNC:11138,SNCA,T1,ndd_no_documented_epilepsy,clingen;orphadata_genes;panelapp_ge_id
HGNC:17028,SNF8,T1,ndd_with_epilepsy,genes4epilepsy;panelapp_au_epilepsy;panelapp_au_id;panelapp_ge_epilepsy;panelapp_ge_id
HGNC:30587,SNIP1,T1,ndd_with_epilepsy,genes4epilepsy;panelapp_au_epilepsy;panelapp_au_id;panelapp_ge_epilepsy;panelapp_ge_id
HGNC:32952,SNORD118,T1,ndd_with_epilepsy,genes4epilepsy;orphadata_genes;panelapp_au_epilepsy;panelapp_au_id;panelapp_ge_epilepsy;panelapp_ge_id
HGNC:30859,SNRNP200,T1,unclassified,clingen;orphadata_genes
HGNC:11153,SNRPB,T1,ndd_no_documented_epilepsy,orphadata_genes;panelapp_au_id;panelapp_ge_id
HGNC:14245,SNUPN,T1,unclassified,clingen
HGNC:16696,SNW1,T1,ndd_with_epilepsy,genes4epilepsy;panelapp_au_epilepsy;panelapp_au_id;panelapp_ge_epilepsy;panelapp_ge_id
HGNC:14974,SNX10,T1,unclassified,clingen;orphadata_genes
HGNC:14977,SNX14,T1,ndd_no_documented_epilepsy,clingen;orphadata_genes;panelapp_au_id;panelapp_ge_id
HGNC:20073,SNX27,T1,ndd_with_epilepsy,genes4epilepsy;panelapp_au_epilepsy;panelapp_au_id;panelapp_ge_epilepsy;panelapp_ge_id
HGNC:19383,SOCS1,T1,unclassified,clingen;orphadata_genes
HGNC:11179,SOD1,T1,ndd_no_documented_epilepsy,clingen;orphadata_genes;panelapp_au_id;panelapp_ge_id
HGNC:11184,SORD,T1,unclassified,clingen;orphadata_genes
HGNC:11188,SOS2,T1,ndd_no_documented_epilepsy,clingen;orphadata_genes;panelapp_au_id;panelapp_ge_id
HGNC:11190,SOX10,T1,ndd_with_epilepsy,clingen;orphadata_genes;panelapp_au_epilepsy;panelapp_au_id;panelapp_ge_id
HGNC:11191,SOX11,T1,ndd_with_epilepsy,clingen;genes4epilepsy;orphadata_genes;panelapp_au_epilepsy;panelapp_au_id;panelapp_ge_id
HGNC:18122,SOX17,T1,ndd_no_documented_epilepsy,clingen;orphadata_genes;panelapp_ge_id
HGNC:11195,SOX2,T1,ndd_with_epilepsy,genes4epilepsy;orphadata_genes;panelapp_au_id;panelapp_ge_id
HGNC:11200,SOX4,T1,ndd_no_documented_epilepsy,orphadata_genes;panelapp_au_id;panelapp_ge_id
HGNC:11201,SOX5,T1,ndd_no_documented_epilepsy,clingen;orphadata_genes;panelapp_au_id;panelapp_ge_id;simons_searchlight
HGNC:16421,SOX6,T1,ndd_no_documented_epilepsy,clingen;panelapp_au_id;panelapp_ge_id
HGNC:11204,SOX9,T1,ndd_no_documented_epilepsy,clingen;orphadata_genes;panelapp_au_id;panelapp_ge_id
HGNC:5401,SP110,T1,unclassified,clingen;orphadata_genes
HGNC:30690,SP9,T1,ndd_with_epilepsy,genes4epilepsy;panelapp_au_epilepsy;panelapp_au_id;panelapp_ge_epilepsy;panelapp_ge_id
HGNC:11212,SPAG1,T1,ndd_no_documented_epilepsy,clingen;orphadata_genes;panelapp_ge_id
HGNC:18514,SPART,T1,ndd_no_documented_epilepsy,clingen;orphadata_genes;panelapp_au_id;panelapp_ge_id
HGNC:11233,SPAST,T1,ndd_no_documented_epilepsy,orphadata_genes;panelapp_au_id;panelapp_ge_id
HGNC:20423,SPATA7,T1,unclassified,clingen;orphadata_genes
HGNC:29022,SPECC1L,T1,ndd_no_documented_epilepsy,orphadata_genes;panelapp_au_id;panelapp_ge_id
HGNC:26293,SPEF2,T1,unclassified,clingen;orphadata_genes
HGNC:16901,SPEG,T1,ndd_no_documented_epilepsy,clingen;orphadata_genes;panelapp_au_id;panelapp_ge_id
HGNC:17575,SPEN,T1,ndd_with_epilepsy,clingen;orphadata_genes;panelapp_au_epilepsy;panelapp_au_id;panelapp_ge_id
HGNC:11226,SPG11,T1,ndd_no_documented_epilepsy,clingen;orphadata_genes;panelapp_au_id;panelapp_ge_id
HGNC:11241,SPI1,T1,unclassified,clingen;orphadata_genes
HGNC:15464,SPINK5,T1,ndd_no_documented_epilepsy,clingen;orphadata_genes;panelapp_au_id
HGNC:30621,SPNS1,T1,ndd_no_documented_epilepsy,panelapp_au_id
HGNC:11254,SPOP,T1,ndd_no_documented_epilepsy,clingen;orphadata_genes;panelapp_au_id;panelapp_ge_id
HGNC:26933,SPOUT1,T1,ndd_with_epilepsy,genes4epilepsy;panelapp_au_epilepsy;panelapp_au_id;panelapp_ge_epilepsy;panelapp_ge_id
HGNC:11257,SPR,T1,ndd_with_epilepsy,clingen;genes4epilepsy;orphadata_genes;panelapp_au_epilepsy;panelapp_au_id;panelapp_ge_epilepsy;panelapp_ge_id
HGNC:17722,SPRED2,T1,ndd_no_documented_epilepsy,orphadata_genes;panelapp_au_id;panelapp_ge_id
HGNC:11276,SPTBN2,T1,ndd_no_documented_epilepsy,clingen;orphadata_genes;panelapp_au_id;panelapp_ge_id
HGNC:14896,SPTBN4,T1,ndd_with_epilepsy,clingen;genes4epilepsy;panelapp_au_epilepsy;panelapp_au_id;panelapp_ge_epilepsy;panelapp_ge_id
HGNC:11277,SPTLC1,T1,ndd_no_documented_epilepsy,clingen;orphadata_genes;panelapp_au_id;panelapp_ge_id
HGNC:11278,SPTLC2,T1,ndd_no_documented_epilepsy,clingen;orphadata_genes;panelapp_ge_id
HGNC:16974,SRCAP,T1,ndd_with_epilepsy,clingen;genes4epilepsy;orphadata_genes;panelapp_au_epilepsy;panelapp_au_id;panelapp_ge_id;simons_searchlight
HGNC:25812,SRD5A3,T1,ndd_with_epilepsy,clingen;orphadata_genes;panelapp_au_epilepsy;panelapp_au_id;panelapp_ge_id
HGNC:11402,SRPK3,T1,ndd_no_documented_epilepsy,panelapp_au_id;panelapp_ge_id
HGNC:16638,SRRM1,T1,ndd_no_documented_epilepsy,panelapp_au_id
HGNC:16639,SRRM2,T1,ndd_no_documented_epilepsy,orphadata_genes;panelapp_au_id;panelapp_ge_id
HGNC:29389,SRRM4,T1,ndd_with_epilepsy,panelapp_au_epilepsy;panelapp_au_id
HGNC:10780,SRSF1,T1,ndd_no_documented_epilepsy,panelapp_au_id;panelapp_ge_id
HGNC:11317,SSBP1,T1,unclassified,clingen;orphadata_genes
HGNC:21998,SSPOP,T1,ndd_with_epilepsy,genes4epilepsy;panelapp_au_epilepsy;panelapp_au_id
HGNC:11326,SSR4,T1,ndd_no_documented_epilepsy,orphadata_genes;panelapp_au_id;panelapp_ge_id
HGNC:10866,ST3GAL3,T1,ndd_with_epilepsy,clingen;genes4epilepsy;orphadata_genes;panelapp_au_epilepsy;panelapp_au_id;panelapp_ge_epilepsy;panelapp_ge_id
HGNC:10872,ST3GAL5,T1,ndd_with_epilepsy,clingen;genes4epilepsy;orphadata_genes;panelapp_au_epilepsy;panelapp_au_id;panelapp_ge_epilepsy;panelapp_ge_id
HGNC:28423,STAC3,T1,ndd_no_documented_epilepsy,clingen;orphadata_genes;panelapp_au_id
HGNC:11355,STAG2,T1,ndd_no_documented_epilepsy,orphadata_genes;panelapp_au_id;panelapp_ge_id
HGNC:16950,STAMBP,T1,ndd_with_epilepsy,genes4epilepsy;orphadata_genes;panelapp_au_epilepsy;panelapp_au_id;panelapp_ge_epilepsy;panelapp_ge_id
HGNC:11362,STAT1,T1,ndd_no_documented_epilepsy,clingen;orphadata_genes;panelapp_ge_id
HGNC:11364,STAT3,T1,epilepsy_only_unclassified,clingen;orphadata_genes;panelapp_au_epilepsy
HGNC:11367,STAT5B,T1,ndd_no_documented_epilepsy,clingen;orphadata_genes;panelapp_au_id;panelapp_ge_id
HGNC:11368,STAT6,T1,unclassified,clingen;orphadata_genes
HGNC:26239,STEEP1,T1,ndd_with_epilepsy,clingen;genes4epilepsy;orphadata_genes;panelapp_au_epilepsy;panelapp_au_id;panelapp_ge_id
HGNC:10879,STIL,T1,ndd_with_epilepsy,clingen;orphadata_genes;panelapp_au_id;panelapp_ge_epilepsy;panelapp_ge_id
HGNC:11386,STIM1,T1,unclassified,clingen;orphadata_genes
HGNC:11389,STK11,T1,unclassified,clingen;orphadata_genes
HGNC:11408,STK4,T1,unclassified,clingen;orphadata_genes
HGNC:30650,STRA6,T1,ndd_no_documented_epilepsy,orphadata_genes;panelapp_au_id;panelapp_ge_id
HGNC:30172,STRADA,T1,ndd_with_epilepsy,genes4epilepsy;orphadata_genes;panelapp_au_epilepsy;panelapp_au_id;panelapp_ge_epilepsy;panelapp_ge_id
HGNC:16035,STRC,T1,unclassified,clingen;orphadata_genes
HGNC:6172,STT3A,T1,ndd_no_documented_epilepsy,clingen;orphadata_genes;panelapp_au_id;panelapp_ge_id
HGNC:11429,STX11,T1,ndd_no_documented_epilepsy,clingen;orphadata_genes;panelapp_au_id;panelapp_ge_id
HGNC:11433,STX1A,T1,ndd_with_epilepsy,genes4epilepsy;orphadata_genes;panelapp_au_epilepsy;panelapp_au_id;panelapp_ge_id
HGNC:18539,STX1B,T1,ndd_with_epilepsy,clingen;genes4epilepsy;orphadata_genes;panelapp_au_epilepsy;panelapp_au_id;panelapp_ge_epilepsy;panelapp_ge_id
HGNC:11445,STXBP2,T1,unclassified,clingen;orphadata_genes
HGNC:11448,SUCLA2,T1,ndd_with_epilepsy,clingen;genes4epilepsy;orphadata_genes;panelapp_au_epilepsy;panelapp_au_id;panelapp_ge_epilepsy;panelapp_ge_id
HGNC:11449,SUCLG1,T1,ndd_with_epilepsy,clingen;genes4epilepsy;orphadata_genes;panelapp_au_epilepsy;panelapp_au_id;panelapp_ge_epilepsy;panelapp_ge_id
HGNC:1240,SUCO,T1,ndd_no_documented_epilepsy,panelapp_au_id
HGNC:16466,SUFU,T1,ndd_no_documented_epilepsy,clingen;orphadata_genes;panelapp_au_id;panelapp_ge_id
HGNC:20376,SUMF1,T1,ndd_with_epilepsy,clingen;genes4epilepsy;orphadata_genes;panelapp_au_epilepsy;panelapp_au_id;panelapp_ge_id
HGNC:11460,SUOX,T1,ndd_with_epilepsy,clingen;genes4epilepsy;orphadata_genes;panelapp_au_epilepsy;panelapp_au_id;panelapp_ge_epilepsy;panelapp_ge_id
HGNC:11465,SUPT16H,T1,ndd_no_documented_epilepsy,orphadata_genes;panelapp_au_id;panelapp_ge_id
HGNC:11467,SUPT4H1,T1,ndd_no_documented_epilepsy,panelapp_au_id
HGNC:11471,SUPV3L1,T1,ndd_no_documented_epilepsy,panelapp_ge_id
HGNC:17101,SUZ12,T1,ndd_no_documented_epilepsy,orphadata_genes;panelapp_au_id;panelapp_ge_id
HGNC:29204,SVBP,T1,ndd_no_documented_epilepsy,orphadata_genes;panelapp_au_id;panelapp_ge_id
HGNC:28852,SYCE1,T1,unclassified,clingen;orphadata_genes
HGNC:11494,SYN1,T1,ndd_with_epilepsy,clingen;genes4epilepsy;orphadata_genes;panelapp_au_epilepsy;panelapp_au_id;panelapp_ge_epilepsy;panelapp_ge_id
HGNC:16918,SYNCRIP,T1,ndd_with_epilepsy,clingen;orphadata_genes;panelapp_au_epilepsy;panelapp_au_id;panelapp_ge_epilepsy;panelapp_ge_id;simons_searchlight
HGNC:17089,SYNE1,T1,ndd_with_epilepsy,clingen;genes4epilepsy;orphadata_genes;panelapp_au_epilepsy;panelapp_ge_id
HGNC:11503,SYNJ1,T1,ndd_with_epilepsy,clingen;genes4epilepsy;orphadata_genes;panelapp_au_epilepsy;panelapp_au_id;panelapp_ge_epilepsy;panelapp_ge_id
HGNC:11506,SYP,T1,ndd_no_documented_epilepsy,clingen;orphadata_genes;panelapp_au_id;panelapp_ge_id
HGNC:17075,TAB2,T1,ndd_no_documented_epilepsy,clingen;orphadata_genes;panelapp_au_id;panelapp_ge_id
HGNC:24316,TACO1,T1,ndd_no_documented_epilepsy,clingen;panelapp_au_id;panelapp_ge_id
HGNC:11535,TAF1,T1,ndd_no_documented_epilepsy,orphadata_genes;panelapp_au_id;panelapp_ge_id
HGNC:11534,TAF1C,T1,ndd_with_epilepsy,genes4epilepsy;panelapp_au_epilepsy;panelapp_au_id;panelapp_ge_id
HGNC:11536,TAF2,T1,ndd_no_documented_epilepsy,orphadata_genes;panelapp_au_id;panelapp_ge_id
HGNC:11537,TAF4,T1,ndd_no_documented_epilepsy,orphadata_genes;panelapp_au_id;panelapp_ge_id
HGNC:11540,TAF6,T1,ndd_no_documented_epilepsy,orphadata_genes;panelapp_au_id;panelapp_ge_id
HGNC:17300,TAF8,T1,ndd_with_epilepsy,genes4epilepsy;panelapp_au_epilepsy;panelapp_au_id;panelapp_ge_epilepsy;panelapp_ge_id
HGNC:11577,TAFAZZIN,T1,ndd_no_documented_epilepsy,clingen;orphadata_genes;panelapp_au_id;panelapp_ge_id
HGNC:16835,TAOK2,T1,ndd_no_documented_epilepsy,panelapp_au_id;panelapp_ge_id
HGNC:43,TAP1,T1,unclassified,clingen;orphadata_genes
HGNC:44,TAP2,T1,unclassified,clingen;orphadata_genes
HGNC:11571,TARDBP,T1,ndd_no_documented_epilepsy,clingen;orphadata_genes;panelapp_ge_id
HGNC:15859,TASP1,T1,ndd_no_documented_epilepsy,panelapp_au_id;panelapp_ge_id
HGNC:11573,TAT,T1,ndd_no_documented_epilepsy,clingen;orphadata_genes;panelapp_au_id;panelapp_ge_id
HGNC:16133,TBC1D20,T1,ndd_with_epilepsy,genes4epilepsy;orphadata_genes;panelapp_au_epilepsy;panelapp_au_id;panelapp_ge_epilepsy;panelapp_ge_id
HGNC:25622,TBC1D23,T1,ndd_no_documented_epilepsy,panelapp_au_id;panelapp_ge_id
HGNC:29183,TBC1D2B,T1,ndd_with_epilepsy,genes4epilepsy;panelapp_au_epilepsy;panelapp_au_id;panelapp_ge_epilepsy;panelapp_ge_id
HGNC:21485,TBC1D32,T1,ndd_no_documented_epilepsy,clingen;orphadata_genes;panelapp_au_id
HGNC:21066,TBC1D7,T1,ndd_with_epilepsy,genes4epilepsy;orphadata_genes;panelapp_au_epilepsy;panelapp_au_id;panelapp_ge_id
HGNC:11582,TBCE,T1,ndd_with_epilepsy,clingen;orphadata_genes;panelapp_au_id;panelapp_ge_id
HGNC:11584,TBK1,T1,unclassified,clingen;orphadata_genes
HGNC:29529,TBL1XR1,T1,ndd_with_epilepsy,clingen;genes4epilepsy;orphadata_genes;panelapp_au_epilepsy;panelapp_au_id;panelapp_ge_epilepsy;panelapp_ge_id
HGNC:11590,TBR1,T1,ndd_no_documented_epilepsy,clingen;orphadata_genes;panelapp_au_id;panelapp_ge_id;simons_searchlight
HGNC:11592,TBX1,T1,ndd_no_documented_epilepsy,orphadata_genes;panelapp_au_id;panelapp_ge_id
HGNC:11596,TBX19,T1,epilepsy_only_unclassified,genes4epilepsy;orphadata_genes;panelapp_au_epilepsy
HGNC:11598,TBX20,T1,ndd_no_documented_epilepsy,clingen;orphadata_genes;panelapp_ge_id
HGNC:11600,TBX22,T1,ndd_no_documented_epilepsy,clingen;orphadata_genes;panelapp_ge_id
HGNC:11602,TBX3,T1,ndd_no_documented_epilepsy,clingen;orphadata_genes;panelapp_ge_id
HGNC:11603,TBX4,T1,ndd_no_documented_epilepsy,clingen;orphadata_genes;panelapp_ge_id
HGNC:11604,TBX5,T1,ndd_no_documented_epilepsy,clingen;orphadata_genes;panelapp_ge_id
HGNC:11609,TBXAS1,T1,ndd_no_documented_epilepsy,clingen;orphadata_genes;panelapp_ge_id
HGNC:11616,TCEAL1,T1,ndd_with_epilepsy,genes4epilepsy;panelapp_au_epilepsy;panelapp_au_id;panelapp_ge_id
HGNC:11623,TCF12,T1,ndd_no_documented_epilepsy,clingen;orphadata_genes;panelapp_ge_id
HGNC:11631,TCF20,T1,ndd_no_documented_epilepsy,clingen;orphadata_genes;panelapp_au_id;panelapp_ge_id;simons_searchlight
HGNC:11633,TCF3,T1,unclassified,clingen;orphadata_genes
HGNC:11641,TCF7L2,T1,ndd_no_documented_epilepsy,clingen;orphadata_genes;panelapp_au_id;panelapp_ge_id;simons_searchlight
HGNC:11647,TCIRG1,T1,unclassified,clingen;orphadata_genes
HGNC:11653,TCN2,T1,ndd_no_documented_epilepsy,clingen;orphadata_genes;panelapp_au_id;panelapp_ge_id
HGNC:11654,TCOF1,T1,ndd_no_documented_epilepsy,clingen;orphadata_genes;panelapp_ge_id
HGNC:11655,TCP1,T1,ndd_with_epilepsy,genes4epilepsy;panelapp_au_epilepsy;panelapp_au_id;panelapp_ge_epilepsy;panelapp_ge_id
HGNC:26113,TCTN1,T1,ndd_no_documented_epilepsy,orphadata_genes;panelapp_au_id;panelapp_ge_id
HGNC:25774,TCTN2,T1,ndd_no_documented_epilepsy,clingen;orphadata_genes;panelapp_au_id;panelapp_ge_id
HGNC:24519,TCTN3,T1,ndd_no_documented_epilepsy,clingen;orphadata_genes;panelapp_au_id;panelapp_ge_id
HGNC:17768,TDP2,T1,ndd_with_epilepsy,clingen;genes4epilepsy;orphadata_genes;panelapp_au_epilepsy;panelapp_au_id;panelapp_ge_epilepsy;panelapp_ge_id
HGNC:19957,TECPR2,T1,ndd_no_documented_epilepsy,orphadata_genes;panelapp_au_id;panelapp_ge_id
HGNC:27365,TECRL,T1,unclassified,clingen;orphadata_genes
HGNC:11720,TECTA,T1,unclassified,clingen;orphadata_genes
HGNC:20127,TEDC1,T1,ndd_no_documented_epilepsy,panelapp_au_id
HGNC:26223,TEFM,T1,ndd_with_epilepsy,orphadata_genes;panelapp_au_epilepsy;panelapp_au_id;panelapp_ge_epilepsy;panelapp_ge_id
HGNC:11724,TEK,T1,ndd_no_documented_epilepsy,clingen;orphadata_genes;panelapp_ge_id
HGNC:29099,TELO2,T1,ndd_with_epilepsy,clingen;genes4epilepsy;orphadata_genes;panelapp_au_id;panelapp_ge_epilepsy;panelapp_ge_id
HGNC:29944,TENM3,T1,ndd_no_documented_epilepsy,orphadata_genes;panelapp_au_id;panelapp_ge_id
HGNC:11727,TERC,T1,unclassified,clingen;orphadata_genes
HGNC:11730,TERT,T1,ndd_no_documented_epilepsy,clingen;orphadata_genes;panelapp_au_id;panelapp_ge_id
HGNC:28313,TET3,T1,ndd_with_epilepsy,clingen;genes4epilepsy;orphadata_genes;panelapp_au_epilepsy;panelapp_au_id;panelapp_ge_epilepsy;panelapp_ge_id
HGNC:11743,TFAP2B,T1,ndd_no_documented_epilepsy,clingen;orphadata_genes;panelapp_au_id;panelapp_ge_id
HGNC:11752,TFE3,T1,ndd_with_epilepsy,clingen;genes4epilepsy;orphadata_genes;panelapp_au_epilepsy;panelapp_au_id;panelapp_ge_epilepsy;panelapp_ge_id
HGNC:11758,TFG,T1,ndd_no_documented_epilepsy,orphadata_genes;panelapp_au_id;panelapp_ge_id
HGNC:11762,TFR2,T1,unclassified,clingen;orphadata_genes
HGNC:11763,TFRC,T1,unclassified,clingen;orphadata_genes
HGNC:20324,TGDS,T1,ndd_no_documented_epilepsy,clingen;orphadata_genes;panelapp_ge_id
HGNC:11768,TGFB2,T1,ndd_no_documented_epilepsy,clingen;orphadata_genes;panelapp_ge_id
HGNC:11772,TGFBR1,T1,ndd_no_documented_epilepsy,clingen;orphadata_genes;panelapp_au_id;panelapp_ge_id
HGNC:11773,TGFBR2,T1,ndd_no_documented_epilepsy,clingen;orphadata_genes;panelapp_au_id;panelapp_ge_id
HGNC:11776,TGIF1,T1,ndd_with_epilepsy,genes4epilepsy;orphadata_genes;panelapp_au_epilepsy;panelapp_au_id;panelapp_ge_epilepsy;panelapp_ge_id
HGNC:11782,TH,T1,ndd_no_documented_epilepsy,clingen;orphadata_genes;panelapp_au_id;panelapp_ge_id
HGNC:19073,THOC2,T1,ndd_with_epilepsy,clingen;genes4epilepsy;orphadata_genes;panelapp_au_epilepsy;panelapp_au_id;panelapp_ge_id
HGNC:28369,THOC6,T1,ndd_no_documented_epilepsy,clingen;orphadata_genes;panelapp_au_id;panelapp_ge_id
HGNC:11795,THPO,T1,unclassified,clingen;orphadata_genes
HGNC:11796,THRA,T1,ndd_no_documented_epilepsy,orphadata_genes;panelapp_au_id;panelapp_ge_id
HGNC:23807,THUMPD1,T1,ndd_no_documented_epilepsy,panelapp_au_id;panelapp_ge_id
HGNC:11805,TIAM1,T1,ndd_with_epilepsy,genes4epilepsy;orphadata_genes;panelapp_au_epilepsy;panelapp_au_id;panelapp_ge_epilepsy;panelapp_ge_id
HGNC:23656,TIMM50,T1,ndd_with_epilepsy,clingen;genes4epilepsy;orphadata_genes;panelapp_au_epilepsy;panelapp_au_id;panelapp_ge_epilepsy;panelapp_ge_id
HGNC:11817,TIMM8A,T1,ndd_no_documented_epilepsy,clingen;orphadata_genes;panelapp_au_id;panelapp_ge_id
HGNC:1321,TIMMDC1,T1,epilepsy_only_unclassified,clingen;genes4epilepsy;orphadata_genes
HGNC:11822,TIMP3,T1,unclassified,clingen;orphadata_genes
HGNC:11824,TINF2,T1,ndd_no_documented_epilepsy,clingen;orphadata_genes;panelapp_au_id;panelapp_ge_id
HGNC:11831,TK2,T1,ndd_with_epilepsy,clingen;genes4epilepsy;orphadata_genes;panelapp_au_epilepsy;panelapp_ge_id
HGNC:24128,TM2D3,T1,ndd_no_documented_epilepsy,orphadata_genes;panelapp_au_id;panelapp_ge_id
HGNC:16513,TMC1,T1,unclassified,clingen;orphadata_genes
HGNC:18188,TMCO1,T1,ndd_no_documented_epilepsy,orphadata_genes;panelapp_au_id;panelapp_ge_id
HGNC:22407,TMEM106B,T1,ndd_with_epilepsy,clingen;genes4epilepsy;orphadata_genes;panelapp_au_epilepsy;panelapp_au_id;panelapp_ge_epilepsy;panelapp_ge_id
HGNC:25382,TMEM126A,T1,unclassified,clingen;orphadata_genes
HGNC:30883,TMEM126B,T1,ndd_no_documented_epilepsy,clingen;orphadata_genes;panelapp_ge_id
HGNC:26038,TMEM127,T1,unclassified,clingen;orphadata_genes
HGNC:30414,TMEM147,T1,ndd_no_documented_epilepsy,orphadata_genes;panelapp_au_id;panelapp_ge_id
HGNC:28483,TMEM161B,T1,ndd_with_epilepsy,panelapp_au_epilepsy;panelapp_au_id
HGNC:25380,TMEM163,T1,ndd_with_epilepsy,clingen;panelapp_au_epilepsy;panelapp_au_id
HGNC:30760,TMEM165,T1,ndd_no_documented_epilepsy,clingen;orphadata_genes;panelapp_au_id;panelapp_ge_id
HGNC:28330,TMEM167A,T1,ndd_with_epilepsy,genes4epilepsy;panelapp_au_epilepsy;panelapp_au_id;panelapp_ge_epilepsy
HGNC:1310,TMEM184B,T1,ndd_with_epilepsy,genes4epilepsy;panelapp_au_epilepsy;panelapp_au_id
HGNC:25018,TMEM216,T1,ndd_no_documented_epilepsy,clingen;orphadata_genes;panelapp_au_id;panelapp_ge_id
HGNC:27344,TMEM218,T1,ndd_no_documented_epilepsy,orphadata_genes;panelapp_au_id
HGNC:25363,TMEM222,T1,ndd_with_epilepsy,genes4epilepsy;orphadata_genes;panelapp_au_epilepsy;panelapp_au_id;panelapp_ge_epilepsy;panelapp_ge_id
HGNC:37234,TMEM231,T1,ndd_no_documented_epilepsy,clingen;orphadata_genes;panelapp_au_id;panelapp_ge_id
HGNC:14432,TMEM237,T1,ndd_no_documented_epilepsy,clingen;orphadata_genes;panelapp_au_id;panelapp_ge_id
HGNC:25186,TMEM240,T1,ndd_no_documented_epilepsy,orphadata_genes;panelapp_au_id;panelapp_ge_id
HGNC:28472,TMEM43,T1,unclassified,clingen;orphadata_genes
HGNC:17735,TMEM63B,T1,ndd_with_epilepsy,genes4epilepsy;panelapp_au_epilepsy;panelapp_au_id;panelapp_ge_epilepsy;panelapp_ge_id
HGNC:23787,TMEM63C,T1,ndd_no_documented_epilepsy,orphadata_genes;panelapp_au_id;panelapp_ge_id
HGNC:28396,TMEM67,T1,ndd_no_documented_epilepsy,clingen;orphadata_genes;panelapp_au_id;panelapp_ge_id
HGNC:26050,TMEM70,T1,ndd_with_epilepsy,clingen;genes4epilepsy;orphadata_genes;panelapp_au_epilepsy;panelapp_au_id;panelapp_ge_epilepsy;panelapp_ge_id
HGNC:28983,TMEM94,T1,ndd_no_documented_epilepsy,clingen;orphadata_genes;panelapp_au_id;panelapp_ge_id
HGNC:30800,TMIE,T1,unclassified,clingen;orphadata_genes
HGNC:11877,TMPRSS3,T1,unclassified,clingen;orphadata_genes
HGNC:16517,TMPRSS6,T1,ndd_no_documented_epilepsy,clingen;orphadata_genes;panelapp_ge_id
HGNC:26899,TMTC3,T1,ndd_with_epilepsy,genes4epilepsy;orphadata_genes;panelapp_au_epilepsy;panelapp_au_id;panelapp_ge_id
HGNC:30739,TMX2,T1,ndd_with_epilepsy,genes4epilepsy;panelapp_au_epilepsy;panelapp_au_id;panelapp_ge_epilepsy;panelapp_ge_id
HGNC:18153,TNFRSF13B,T1,unclassified,clingen;orphadata_genes
HGNC:11916,TNFRSF1A,T1,unclassified,clingen;orphadata_genes
HGNC:11924,TNFRSF9,T1,unclassified,clingen;orphadata_genes
HGNC:11926,TNFSF11,T1,unclassified,clingen;orphadata_genes
HGNC:11943,TNNC1,T1,unclassified,clingen;orphadata_genes
HGNC:11947,TNNI3,T1,unclassified,clingen;orphadata_genes
HGNC:11948,TNNT1,T1,unclassified,clingen;orphadata_genes
HGNC:11949,TNNT2,T1,unclassified,clingen;orphadata_genes
HGNC:19998,TNPO2,T1,ndd_with_epilepsy,genes4epilepsy;panelapp_au_epilepsy;panelapp_au_id;panelapp_ge_epilepsy;panelapp_ge_id
HGNC:17103,TNPO3,T1,unclassified,clingen;orphadata_genes
HGNC:11953,TNR,T1,ndd_no_documented_epilepsy,clingen;panelapp_au_id;panelapp_ge_id
HGNC:29190,TNRC6B,T1,ndd_no_documented_epilepsy,clingen;orphadata_genes;panelapp_au_id;panelapp_ge_id
HGNC:15954,TOE1,T1,ndd_no_documented_epilepsy,orphadata_genes;panelapp_au_id;panelapp_ge_id
HGNC:19959,TOGARAM1,T1,ndd_no_documented_epilepsy,orphadata_genes;panelapp_au_id
HGNC:11990,TOP2B,T1,ndd_no_documented_epilepsy,clingen;orphadata_genes;panelapp_au_id
HGNC:21653,TOPORS,T1,unclassified,clingen;orphadata_genes
HGNC:29456,TOR1AIP1,T1,unclassified,clingen;orphadata_genes
HGNC:11998,TP53,T1,unclassified,clingen;orphadata_genes
HGNC:15979,TP63,T1,ndd_no_documented_epilepsy,clingen;orphadata_genes;panelapp_au_id;panelapp_ge_id
HGNC:12003,TP73,T1,ndd_no_documented_epilepsy,clingen;orphadata_genes;panelapp_au_id;panelapp_ge_id
HGNC:17358,TPK1,T1,ndd_with_epilepsy,clingen;genes4epilepsy;orphadata_genes;panelapp_au_epilepsy;panelapp_au_id;panelapp_ge_id
HGNC:12010,TPM1,T1,unclassified,clingen;orphadata_genes
HGNC:12011,TPM2,T1,unclassified,clingen;orphadata_genes
HGNC:12012,TPM3,T1,unclassified,clingen;orphadata_genes
HGNC:12016,TPP2,T1,ndd_no_documented_epilepsy,clingen;orphadata_genes;panelapp_au_id;panelapp_ge_id
HGNC:26894,TPRN,T1,unclassified,clingen;orphadata_genes
HGNC:10781,TRA2B,T1,ndd_with_epilepsy,clingen;genes4epilepsy;panelapp_au_epilepsy;panelapp_au_id;panelapp_ge_epilepsy;panelapp_ge_id
HGNC:20456,TRAF7,T1,ndd_with_epilepsy,clingen;genes4epilepsy;orphadata_genes;panelapp_au_epilepsy;panelapp_au_id;panelapp_ge_epilepsy;panelapp_ge_id
HGNC:30764,TRAIP,T1,ndd_no_documented_epilepsy,orphadata_genes;panelapp_au_id;panelapp_ge_id
HGNC:29947,TRAK1,T1,ndd_with_epilepsy,genes4epilepsy;orphadata_genes;panelapp_au_epilepsy;panelapp_au_id;panelapp_ge_epilepsy;panelapp_ge_id
HGNC:11868,TRAPPC10,T1,ndd_with_epilepsy,genes4epilepsy;orphadata_genes;panelapp_au_epilepsy;panelapp_au_id;panelapp_ge_id
HGNC:25751,TRAPPC11,T1,ndd_with_epilepsy,clingen;genes4epilepsy;orphadata_genes;panelapp_au_id;panelapp_ge_id
HGNC:24284,TRAPPC12,T1,ndd_with_epilepsy,genes4epilepsy;orphadata_genes;panelapp_au_epilepsy;panelapp_au_id;panelapp_ge_epilepsy;panelapp_ge_id
HGNC:30887,TRAPPC2L,T1,ndd_with_epilepsy,panelapp_au_epilepsy;panelapp_au_id;panelapp_ge_id
HGNC:19943,TRAPPC4,T1,ndd_with_epilepsy,clingen;genes4epilepsy;orphadata_genes;panelapp_au_epilepsy;panelapp_au_id;panelapp_ge_epilepsy;panelapp_ge_id
HGNC:23066,TRAPPC6B,T1,ndd_with_epilepsy,clingen;genes4epilepsy;panelapp_au_epilepsy;panelapp_au_id;panelapp_ge_epilepsy;panelapp_ge_id
HGNC:30832,TRAPPC9,T1,ndd_no_documented_epilepsy,clingen;orphadata_genes;panelapp_au_id;panelapp_ge_id
HGNC:12261,TRDN,T1,unclassified,clingen;orphadata_genes
HGNC:17761,TREM2,T1,ndd_with_epilepsy,genes4epilepsy;orphadata_genes;panelapp_au_epilepsy;panelapp_au_id
HGNC:12269,TREX1,T1,ndd_with_epilepsy,clingen;genes4epilepsy;orphadata_genes;panelapp_au_epilepsy;panelapp_au_id;panelapp_ge_epilepsy;panelapp_ge_id
HGNC:16380,TRIM32,T1,ndd_no_documented_epilepsy,clingen;orphadata_genes;panelapp_au_id;panelapp_ge_id
HGNC:7523,TRIM37,T1,ndd_no_documented_epilepsy,clingen;orphadata_genes;panelapp_au_id;panelapp_ge_id
HGNC:32669,TRIM71,T1,ndd_no_documented_epilepsy,orphadata_genes;panelapp_au_id
HGNC:15579,TRIM8,T1,ndd_with_epilepsy,clingen;genes4epilepsy;orphadata_genes;panelapp_au_epilepsy;panelapp_au_id;panelapp_ge_epilepsy;panelapp_ge_id
HGNC:17009,TRIOBP,T1,unclassified,clingen;orphadata_genes
HGNC:12305,TRIP11,T1,ndd_no_documented_epilepsy,clingen;orphadata_genes;panelapp_ge_id
HGNC:12306,TRIP12,T1,ndd_with_epilepsy,clingen;genes4epilepsy;orphadata_genes;panelapp_au_epilepsy;panelapp_au_id;panelapp_ge_id;simons_searchlight
HGNC:20286,TRIT1,T1,ndd_with_epilepsy,clingen;genes4epilepsy;panelapp_au_epilepsy;panelapp_au_id;panelapp_ge_epilepsy;panelapp_ge_id
HGNC:25980,TRMT1,T1,ndd_with_epilepsy,clingen;genes4epilepsy;orphadata_genes;panelapp_au_epilepsy;panelapp_au_id;panelapp_ge_id
HGNC:28403,TRMT10A,T1,ndd_with_epilepsy,genes4epilepsy;orphadata_genes;panelapp_au_epilepsy;panelapp_au_id;panelapp_ge_id
HGNC:23141,TRMT5,T1,ndd_no_documented_epilepsy,clingen;orphadata_genes;panelapp_ge_id
HGNC:25481,TRMU,T1,unclassified,clingen;orphadata_genes
HGNC:17341,TRNT1,T1,ndd_no_documented_epilepsy,clingen;orphadata_genes;panelapp_au_id;panelapp_ge_id
HGNC:7146,TRPM1,T1,ndd_no_documented_epilepsy,clingen;orphadata_genes;panelapp_ge_id
HGNC:17992,TRPM3,T1,ndd_with_epilepsy,clingen;genes4epilepsy;orphadata_genes;panelapp_au_epilepsy;panelapp_au_id;panelapp_ge_epilepsy;panelapp_ge_id
HGNC:17995,TRPM6,T1,epilepsy_only_unclassified,genes4epilepsy;orphadata_genes;panelapp_au_epilepsy;panelapp_ge_epilepsy
HGNC:17994,TRPM7,T1,ndd_with_epilepsy,clingen;orphadata_genes;panelapp_au_epilepsy;panelapp_au_id;panelapp_ge_epilepsy
HGNC:18083,TRPV4,T1,ndd_no_documented_epilepsy,clingen;orphadata_genes;panelapp_ge_id
HGNC:12347,TRRAP,T1,ndd_with_epilepsy,clingen;genes4epilepsy;orphadata_genes;panelapp_au_epilepsy;panelapp_au_id;panelapp_ge_epilepsy;panelapp_ge_id
HGNC:16791,TSEN15,T1,ndd_with_epilepsy,genes4epilepsy;orphadata_genes;panelapp_au_epilepsy;panelapp_au_id;panelapp_ge_epilepsy;panelapp_ge_id
HGNC:28422,TSEN2,T1,ndd_with_epilepsy,genes4epilepsy;orphadata_genes;panelapp_au_epilepsy;panelapp_au_id;panelapp_ge_epilepsy;panelapp_ge_id
HGNC:15506,TSEN34,T1,ndd_with_epilepsy,genes4epilepsy;orphadata_genes;panelapp_au_epilepsy;panelapp_au_id;panelapp_ge_epilepsy;panelapp_ge_id
HGNC:12367,TSFM,T1,ndd_with_epilepsy,clingen;genes4epilepsy;orphadata_genes;panelapp_au_epilepsy;panelapp_au_id;panelapp_ge_epilepsy;panelapp_ge_id
HGNC:12372,TSHB,T1,ndd_no_documented_epilepsy,orphadata_genes;panelapp_au_id;panelapp_ge_id
HGNC:21641,TSPAN12,T1,unclassified,clingen;orphadata_genes
HGNC:16831,TSPOAP1,T1,ndd_no_documented_epilepsy,orphadata_genes;panelapp_au_id;panelapp_ge_id
HGNC:12382,TSPYL1,T1,epilepsy_only_unclassified,genes4epilepsy;orphadata_genes;panelapp_au_epilepsy
HGNC:23700,TTC12,T1,unclassified,clingen;orphadata_genes
HGNC:26006,TTC19,T1,ndd_no_documented_epilepsy,clingen;orphadata_genes;panelapp_au_id;panelapp_ge_id
HGNC:25660,TTC21B,T1,ndd_no_documented_epilepsy,clingen;orphadata_genes;panelapp_au_id
HGNC:19274,TTC5,T1,ndd_with_epilepsy,genes4epilepsy;orphadata_genes;panelapp_au_id;panelapp_ge_id
HGNC:19750,TTC7A,T1,ndd_no_documented_epilepsy,clingen;orphadata_genes;panelapp_ge_id
HGNC:20087,TTC8,T1,ndd_no_documented_epilepsy,clingen;orphadata_genes;panelapp_au_id;panelapp_ge_id
HGNC:29029,TTI1,T1,ndd_no_documented_epilepsy,panelapp_au_id;panelapp_ge_id
HGNC:26262,TTI2,T1,ndd_no_documented_epilepsy,orphadata_genes;panelapp_au_id;panelapp_ge_id
HGNC:19963,TTLL5,T1,unclassified,clingen;orphadata_genes
HGNC:12405,TTR,T1,ndd_no_documented_epilepsy,clingen;orphadata_genes;panelapp_au_id;panelapp_ge_id
HGNC:20778,TUBB,T1,ndd_with_epilepsy,genes4epilepsy;orphadata_genes;panelapp_au_epilepsy;panelapp_au_id;panelapp_ge_epilepsy;panelapp_ge_id
HGNC:16257,TUBB1,T1,unclassified,clingen;orphadata_genes
HGNC:12412,TUBB2A,T1,ndd_with_epilepsy,clingen;genes4epilepsy;panelapp_au_epilepsy;panelapp_au_id;panelapp_ge_epilepsy;panelapp_ge_id
HGNC:30829,TUBB2B,T1,ndd_with_epilepsy,clingen;genes4epilepsy;orphadata_genes;panelapp_au_epilepsy;panelapp_au_id;panelapp_ge_epilepsy;panelapp_ge_id
HGNC:20771,TUBB4B,T1,unclassified,clingen;orphadata_genes
HGNC:12417,TUBG1,T1,ndd_with_epilepsy,clingen;genes4epilepsy;orphadata_genes;panelapp_au_epilepsy;panelapp_au_id;panelapp_ge_epilepsy;panelapp_ge_id
HGNC:18599,TUBGCP2,T1,ndd_with_epilepsy,genes4epilepsy;panelapp_au_epilepsy;panelapp_au_id;panelapp_ge_epilepsy;panelapp_ge_id
HGNC:18127,TUBGCP6,T1,ndd_with_epilepsy,clingen;genes4epilepsy;orphadata_genes;panelapp_au_epilepsy;panelapp_au_id;panelapp_ge_id
HGNC:12423,TULP1,T1,unclassified,clingen;orphadata_genes
HGNC:12425,TULP3,T1,unclassified,clingen;orphadata_genes
HGNC:30242,TUSC3,T1,ndd_no_documented_epilepsy,clingen;orphadata_genes;panelapp_au_id;panelapp_ge_id
HGNC:12428,TWIST1,T1,ndd_no_documented_epilepsy,clingen;orphadata_genes;panelapp_au_id;panelapp_ge_id
HGNC:1160,TWNK,T1,ndd_with_epilepsy,clingen;genes4epilepsy;orphadata_genes;panelapp_au_epilepsy;panelapp_au_id
HGNC:20652,TXNDC15,T1,unclassified,clingen;orphadata_genes
HGNC:30551,TXNL4A,T1,ndd_no_documented_epilepsy,clingen;orphadata_genes;panelapp_au_id;panelapp_ge_id
HGNC:3148,TYMP,T1,unclassified,clingen;orphadata_genes
HGNC:12442,TYR,T1,ndd_no_documented_epilepsy,clingen;orphadata_genes;panelapp_ge_id
HGNC:23156,U2AF2,T1,ndd_with_epilepsy,genes4epilepsy;panelapp_au_epilepsy;panelapp_au_id;panelapp_ge_epilepsy;panelapp_ge_id
HGNC:30661,UBA2,T1,unclassified,clingen;orphadata_genes
HGNC:29877,UBAP2L,T1,ndd_with_epilepsy,genes4epilepsy;panelapp_au_epilepsy;panelapp_au_id;panelapp_ge_epilepsy;panelapp_ge_id
HGNC:12472,UBE2A,T1,ndd_with_epilepsy,clingen;genes4epilepsy;orphadata_genes;panelapp_au_epilepsy;panelapp_au_id;panelapp_ge_epilepsy;panelapp_ge_id
HGNC:13478,UBE3B,T1,ndd_no_documented_epilepsy,clingen;orphadata_genes;panelapp_au_id;panelapp_ge_id
HGNC:16803,UBE3C,T1,ndd_no_documented_epilepsy,panelapp_au_id;panelapp_ge_id
HGNC:12499,UBE4A,T1,ndd_no_documented_epilepsy,orphadata_genes;panelapp_au_id;panelapp_ge_id
HGNC:12509,UBQLN2,T1,unclassified,clingen;orphadata_genes
HGNC:16808,UBR1,T1,ndd_no_documented_epilepsy,clingen;orphadata_genes;panelapp_au_id;panelapp_ge_id
HGNC:16806,UBR5,T1,ndd_with_epilepsy,genes4epilepsy;panelapp_au_epilepsy;panelapp_au_id;panelapp_ge_epilepsy;panelapp_ge_id
HGNC:20344,UBR7,T1,ndd_with_epilepsy,genes4epilepsy;orphadata_genes;panelapp_au_epilepsy;panelapp_au_id;panelapp_ge_epilepsy;panelapp_ge_id
HGNC:12511,UBTF,T1,ndd_with_epilepsy,clingen;genes4epilepsy;orphadata_genes;panelapp_au_epilepsy;panelapp_au_id;panelapp_ge_id
HGNC:12513,UCHL1,T1,ndd_no_documented_epilepsy,clingen;orphadata_genes;panelapp_au_id
HGNC:26941,UFC1,T1,ndd_with_epilepsy,genes4epilepsy;panelapp_au_id;panelapp_ge_epilepsy;panelapp_ge_id
HGNC:20597,UFM1,T1,ndd_with_epilepsy,clingen;genes4epilepsy;orphadata_genes;panelapp_au_epilepsy;panelapp_au_id;panelapp_ge_epilepsy;panelapp_ge_id
HGNC:25640,UFSP2,T1,ndd_with_epilepsy,genes4epilepsy;orphadata_genes;panelapp_au_epilepsy;panelapp_au_id;panelapp_ge_epilepsy;panelapp_ge_id
HGNC:15663,UGGT1,T1,ndd_with_epilepsy,genes4epilepsy;panelapp_au_epilepsy;panelapp_au_id;panelapp_ge_epilepsy;panelapp_ge_id
HGNC:12527,UGP2,T1,ndd_with_epilepsy,genes4epilepsy;panelapp_au_epilepsy;panelapp_au_id;panelapp_ge_epilepsy;panelapp_ge_id
HGNC:12559,UMOD,T1,unclassified,clingen;orphadata_genes
HGNC:12563,UMPS,T1,ndd_with_epilepsy,genes4epilepsy;orphadata_genes;panelapp_au_epilepsy;panelapp_au_id;panelapp_ge_id
HGNC:23150,UNC13A,T1,ndd_with_epilepsy,clingen;genes4epilepsy;orphadata_genes;panelapp_au_epilepsy;panelapp_au_id;panelapp_ge_epilepsy;panelapp_ge_id
HGNC:23147,UNC13D,T1,ndd_no_documented_epilepsy,clingen;orphadata_genes;panelapp_au_id
HGNC:16297,UPB1,T1,ndd_no_documented_epilepsy,orphadata_genes;panelapp_au_id;panelapp_ge_id
HGNC:9962,UPF1,T1,ndd_no_documented_epilepsy,orphadata_genes;panelapp_au_id;panelapp_ge_id
HGNC:26444,UROC1,T1,ndd_no_documented_epilepsy,clingen;orphadata_genes;panelapp_au_id;panelapp_ge_id
HGNC:12591,UROD,T1,unclassified,clingen;orphadata_genes
HGNC:12592,UROS,T1,ndd_no_documented_epilepsy,clingen;orphadata_genes;panelapp_ge_id
HGNC:12597,USH1C,T1,unclassified,clingen;orphadata_genes
HGNC:12601,USH2A,T1,unclassified,clingen;orphadata_genes
HGNC:12616,USP18,T1,ndd_with_epilepsy,genes4epilepsy;orphadata_genes;panelapp_au_epilepsy;panelapp_au_id;panelapp_ge_epilepsy;panelapp_ge_id
HGNC:13486,USP27X,T1,ndd_no_documented_epilepsy,clingen;orphadata_genes;panelapp_au_id;panelapp_ge_id
HGNC:20066,USP34,T1,ndd_no_documented_epilepsy,clingen;panelapp_au_id;panelapp_ge_id
HGNC:12632,USP9X,T1,ndd_with_epilepsy,clingen;genes4epilepsy;orphadata_genes;panelapp_au_id;panelapp_ge_id;simons_searchlight
HGNC:12649,VAPB,T1,unclassified,clingen;orphadata_genes
HGNC:21642,VARS2,T1,ndd_with_epilepsy,clingen;genes4epilepsy;orphadata_genes;panelapp_au_epilepsy;panelapp_au_id;panelapp_ge_id
HGNC:2464,VCAN,T1,unclassified,clingen;orphadata_genes
HGNC:12666,VCP,T1,ndd_no_documented_epilepsy,clingen;orphadata_genes;panelapp_au_id;panelapp_ge_id
HGNC:12687,VHL,T1,unclassified,clingen;orphadata_genes
HGNC:20347,VIPAS39,T1,ndd_no_documented_epilepsy,clingen;orphadata_genes;panelapp_au_id;panelapp_ge_id
HGNC:12698,VLDLR,T1,ndd_with_epilepsy,clingen;genes4epilepsy;orphadata_genes;panelapp_au_epilepsy;panelapp_au_id;panelapp_ge_epilepsy;panelapp_ge_id
HGNC:28178,VMA22,T1,ndd_no_documented_epilepsy,clingen;orphadata_genes;panelapp_au_id;panelapp_ge_id
HGNC:14583,VPS11,T1,ndd_with_epilepsy,clingen;genes4epilepsy;orphadata_genes;panelapp_au_epilepsy;panelapp_au_id;panelapp_ge_epilepsy;panelapp_ge_id
HGNC:2183,VPS13B,T1,ndd_no_documented_epilepsy,clingen;orphadata_genes;panelapp_au_id;panelapp_ge_id;simons_searchlight
HGNC:14584,VPS16,T1,ndd_no_documented_epilepsy,panelapp_au_id
HGNC:18179,VPS33A,T1,ndd_no_documented_epilepsy,clingen;orphadata_genes;panelapp_ge_id
HGNC:12712,VPS33B,T1,ndd_no_documented_epilepsy,clingen;orphadata_genes;panelapp_au_id;panelapp_ge_id
HGNC:13487,VPS35,T1,ndd_no_documented_epilepsy,clingen;orphadata_genes;panelapp_ge_id
HGNC:24641,VPS35L,T1,ndd_no_documented_epilepsy,orphadata_genes;panelapp_au_id;panelapp_ge_id
HGNC:12713,VPS41,T1,ndd_no_documented_epilepsy,orphadata_genes;panelapp_au_id;panelapp_ge_id
HGNC:13488,VPS4A,T1,ndd_with_epilepsy,genes4epilepsy;orphadata_genes;panelapp_au_epilepsy;panelapp_au_id;panelapp_ge_id
HGNC:25956,VPS50,T1,ndd_with_epilepsy,panelapp_au_epilepsy;panelapp_au_id;panelapp_ge_epilepsy;panelapp_ge_id
HGNC:1172,VPS51,T1,ndd_with_epilepsy,panelapp_au_epilepsy;panelapp_au_id;panelapp_ge_id
HGNC:25608,VPS53,T1,ndd_no_documented_epilepsy,orphadata_genes;panelapp_au_id;panelapp_ge_id
HGNC:12718,VRK1,T1,ndd_no_documented_epilepsy,orphadata_genes;panelapp_au_id;panelapp_ge_id
HGNC:28385,VWA3B,T1,ndd_no_documented_epilepsy,panelapp_au_id
HGNC:12726,VWF,T1,unclassified,clingen;orphadata_genes
HGNC:23293,WAPL,T1,ndd_no_documented_epilepsy,panelapp_au_id;panelapp_ge_id
HGNC:12731,WAS,T1,unclassified,clingen;orphadata_genes
HGNC:12732,WASF1,T1,ndd_with_epilepsy,genes4epilepsy;orphadata_genes;panelapp_au_epilepsy;panelapp_au_id;panelapp_ge_epilepsy;panelapp_ge_id
HGNC:29174,WASHC4,T1,ndd_with_epilepsy,genes4epilepsy;orphadata_genes;panelapp_au_epilepsy;panelapp_au_id;panelapp_ge_id
HGNC:12739,WBP4,T1,ndd_no_documented_epilepsy,panelapp_au_id;panelapp_ge_id
HGNC:20751,WDFY3,T1,ndd_with_epilepsy,clingen;genes4epilepsy;orphadata_genes;panelapp_au_epilepsy;panelapp_au_id;panelapp_ge_id;simons_searchlight
HGNC:28027,WDPCP,T1,ndd_no_documented_epilepsy,clingen;orphadata_genes;panelapp_au_id;panelapp_ge_id
HGNC:13831,WDR11,T1,ndd_no_documented_epilepsy,orphadata_genes;panelapp_au_id;panelapp_ge_id
HGNC:18340,WDR19,T1,ndd_no_documented_epilepsy,clingen;orphadata_genes;panelapp_au_id;panelapp_ge_id
HGNC:21208,WDR26,T1,ndd_with_epilepsy,clingen;genes4epilepsy;orphadata_genes;panelapp_au_epilepsy;panelapp_au_id;panelapp_ge_id
HGNC:29250,WDR35,T1,ndd_no_documented_epilepsy,clingen;orphadata_genes;panelapp_ge_id
HGNC:31406,WDR37,T1,ndd_with_epilepsy,clingen;genes4epilepsy;orphadata_genes;panelapp_au_epilepsy;panelapp_au_id;panelapp_ge_epilepsy;panelapp_ge_id
HGNC:12756,WDR4,T1,ndd_with_epilepsy,orphadata_genes;panelapp_au_id;panelapp_ge_epilepsy;panelapp_ge_id
HGNC:30512,WDR44,T1,ndd_no_documented_epilepsy,panelapp_au_id
HGNC:25072,WDR45B,T1,ndd_with_epilepsy,genes4epilepsy;orphadata_genes;panelapp_au_epilepsy;panelapp_au_id;panelapp_ge_epilepsy;panelapp_ge_id
HGNC:29141,WDR47,T1,ndd_with_epilepsy,panelapp_au_epilepsy;panelapp_au_id;panelapp_ge_epilepsy;panelapp_ge_id
HGNC:12757,WDR5,T1,ndd_with_epilepsy,clingen;genes4epilepsy;panelapp_au_id;panelapp_ge_id
HGNC:24502,WDR62,T1,ndd_with_epilepsy,clingen;genes4epilepsy;orphadata_genes;panelapp_au_epilepsy;panelapp_au_id;panelapp_ge_epilepsy;panelapp_ge_id
HGNC:26790,WDR72,T1,unclassified,clingen;orphadata_genes
HGNC:25928,WDR73,T1,ndd_with_epilepsy,genes4epilepsy;orphadata_genes;panelapp_au_epilepsy;panelapp_au_id;panelapp_ge_epilepsy;panelapp_ge_id
HGNC:26600,WDR81,T1,ndd_no_documented_epilepsy,orphadata_genes;panelapp_au_id;panelapp_ge_id
HGNC:30203,WDR83OS,T1,ndd_no_documented_epilepsy,panelapp_au_id;panelapp_ge_id
HGNC:24997,WDR91,T1,ndd_no_documented_epilepsy,panelapp_au_id;panelapp_ge_id
HGNC:12762,WFS1,T1,ndd_no_documented_epilepsy,clingen;orphadata_genes;panelapp_au_id;panelapp_ge_id
HGNC:16361,WHRN,T1,unclassified,clingen;orphadata_genes
HGNC:12736,WIPF1,T1,unclassified,clingen;orphadata_genes
HGNC:32225,WIPI2,T1,ndd_no_documented_epilepsy,orphadata_genes;panelapp_au_id;panelapp_ge_id
HGNC:14540,WNK1,T1,unclassified,clingen;orphadata_genes
HGNC:14543,WNK3,T1,ndd_with_epilepsy,genes4epilepsy;panelapp_au_epilepsy;panelapp_au_id;panelapp_ge_epilepsy;panelapp_ge_id
HGNC:12774,WNT1,T1,ndd_no_documented_epilepsy,orphadata_genes;panelapp_au_id;panelapp_ge_id
HGNC:13829,WNT10A,T1,unclassified,clingen;orphadata_genes
HGNC:12784,WNT5A,T1,ndd_no_documented_epilepsy,clingen;orphadata_genes;panelapp_au_id;panelapp_ge_id
HGNC:12791,WRN,T1,ndd_no_documented_epilepsy,clingen;orphadata_genes;panelapp_ge_id
HGNC:19222,WSB2,T1,ndd_with_epilepsy,panelapp_au_epilepsy;panelapp_au_id;panelapp_ge_epilepsy;panelapp_ge_id
HGNC:12796,WT1,T1,ndd_no_documented_epilepsy,clingen;orphadata_genes;panelapp_ge_id
HGNC:592,XIAP,T1,ndd_no_documented_epilepsy,clingen;orphadata_genes;panelapp_ge_id
HGNC:12814,XPA,T1,ndd_no_documented_epilepsy,clingen;orphadata_genes;panelapp_au_id;panelapp_ge_id
HGNC:12816,XPC,T1,ndd_no_documented_epilepsy,clingen;orphadata_genes;panelapp_ge_id
HGNC:28052,XPNPEP3,T1,ndd_no_documented_epilepsy,clingen;orphadata_genes;panelapp_au_id;panelapp_ge_id
HGNC:12825,XPO1,T1,ndd_no_documented_epilepsy,orphadata_genes;panelapp_au_id
HGNC:12826,XPOT,T1,ndd_no_documented_epilepsy,panelapp_au_id
HGNC:12831,XRCC4,T1,ndd_no_documented_epilepsy,clingen;orphadata_genes;panelapp_au_id;panelapp_ge_id
HGNC:15516,XYLT1,T1,ndd_no_documented_epilepsy,orphadata_genes;panelapp_au_id;panelapp_ge_id
HGNC:24249,YARS2,T1,unclassified,clingen;orphadata_genes
HGNC:30511,YIF1B,T1,ndd_with_epilepsy,clingen;genes4epilepsy;orphadata_genes;panelapp_au_epilepsy;panelapp_au_id;panelapp_ge_epilepsy;panelapp_ge_id
HGNC:24877,YIPF5,T1,ndd_with_epilepsy,genes4epilepsy;orphadata_genes;panelapp_au_epilepsy;panelapp_ge_epilepsy;panelapp_ge_id
HGNC:12851,YWHAE,T1,ndd_with_epilepsy,genes4epilepsy;orphadata_genes;panelapp_au_id;panelapp_ge_id
HGNC:12856,YY1,T1,ndd_no_documented_epilepsy,clingen;orphadata_genes;panelapp_au_id;panelapp_ge_id;simons_searchlight
HGNC:12858,ZAP70,T1,unclassified,clingen;orphadata_genes
HGNC:16740,ZBTB11,T1,ndd_no_documented_epilepsy,clingen;panelapp_au_id;panelapp_ge_id
HGNC:13030,ZBTB18,T1,ndd_with_epilepsy,clingen;genes4epilepsy;orphadata_genes;panelapp_au_epilepsy;panelapp_au_id;panelapp_ge_epilepsy;panelapp_ge_id
HGNC:13503,ZBTB20,T1,ndd_no_documented_epilepsy,clingen;orphadata_genes;panelapp_au_id;panelapp_ge_id;simons_searchlight
HGNC:21143,ZBTB24,T1,ndd_no_documented_epilepsy,clingen;orphadata_genes;panelapp_au_id;panelapp_ge_id
HGNC:26955,ZBTB47,T1,ndd_with_epilepsy,panelapp_au_epilepsy;panelapp_au_id;panelapp_ge_epilepsy;panelapp_ge_id
HGNC:18078,ZBTB7A,T1,ndd_no_documented_epilepsy,orphadata_genes;panelapp_au_id;panelapp_ge_id
HGNC:24931,ZC4H2,T1,ndd_with_epilepsy,clingen;genes4epilepsy;orphadata_genes;panelapp_au_id;panelapp_ge_id
HGNC:18475,ZDHHC9,T1,ndd_with_epilepsy,clingen;genes4epilepsy;orphadata_genes;panelapp_au_epilepsy;panelapp_au_id;panelapp_ge_epilepsy;panelapp_ge_id
HGNC:777,ZFHX3,T1,ndd_with_epilepsy,panelapp_au_epilepsy;panelapp_au_id;panelapp_ge_id
HGNC:30939,ZFHX4,T1,ndd_no_documented_epilepsy,clingen;orphadata_genes;panelapp_au_id;panelapp_ge_id
HGNC:17806,ZFTRAF1,T1,ndd_no_documented_epilepsy,panelapp_au_id
HGNC:12869,ZFX,T1,ndd_no_documented_epilepsy,clingen;panelapp_au_id;panelapp_ge_id
HGNC:12872,ZIC1,T1,ndd_no_documented_epilepsy,clingen;orphadata_genes;panelapp_au_id;panelapp_ge_id
HGNC:12873,ZIC2,T1,ndd_with_epilepsy,genes4epilepsy;orphadata_genes;panelapp_au_epilepsy;panelapp_au_id;panelapp_ge_epilepsy;panelapp_ge_id
HGNC:12874,ZIC3,T1,ndd_no_documented_epilepsy,clingen;orphadata_genes;panelapp_ge_id
HGNC:16493,ZMIZ1,T1,ndd_with_epilepsy,clingen;genes4epilepsy;orphadata_genes;panelapp_au_epilepsy;panelapp_au_id;panelapp_ge_epilepsy;panelapp_ge_id
HGNC:12877,ZMPSTE24,T1,ndd_no_documented_epilepsy,clingen;orphadata_genes;panelapp_ge_id
HGNC:12989,ZMYM2,T1,ndd_with_epilepsy,clingen;orphadata_genes;panelapp_au_id;panelapp_ge_epilepsy;panelapp_ge_id
HGNC:13054,ZMYM3,T1,ndd_no_documented_epilepsy,panelapp_au_id;panelapp_ge_id
HGNC:19412,ZMYND10,T1,unclassified,clingen;orphadata_genes
HGNC:16966,ZMYND11,T1,ndd_with_epilepsy,clingen;genes4epilepsy;orphadata_genes;panelapp_au_epilepsy;panelapp_au_id;panelapp_ge_id
HGNC:9397,ZMYND8,T1,ndd_with_epilepsy,clingen;genes4epilepsy;panelapp_au_epilepsy;panelapp_au_id;panelapp_ge_id
HGNC:12927,ZNF142,T1,ndd_with_epilepsy,genes4epilepsy;orphadata_genes;panelapp_au_epilepsy;panelapp_au_id;panelapp_ge_epilepsy;panelapp_ge_id
HGNC:12933,ZNF148,T1,ndd_with_epilepsy,genes4epilepsy;orphadata_genes;panelapp_au_id;panelapp_ge_id
HGNC:18410,ZNF292,T1,ndd_no_documented_epilepsy,clingen;orphadata_genes;panelapp_au_id;panelapp_ge_id;simons_searchlight
HGNC:15807,ZNF335,T1,ndd_with_epilepsy,genes4epilepsy;orphadata_genes;panelapp_au_epilepsy;panelapp_au_id;panelapp_ge_epilepsy;panelapp_ge_id
HGNC:15992,ZNF341,T1,unclassified,clingen;orphadata_genes
HGNC:21684,ZNF462,T1,ndd_no_documented_epilepsy,clingen;orphadata_genes;panelapp_au_id;panelapp_ge_id;simons_searchlight
HGNC:29415,ZNF526,T1,ndd_with_epilepsy,genes4epilepsy;orphadata_genes;panelapp_au_epilepsy;panelapp_au_id;panelapp_ge_id
HGNC:29025,ZNF536,T1,ndd_with_epilepsy,panelapp_au_epilepsy;panelapp_au_id
HGNC:24750,ZNF699,T1,ndd_no_documented_epilepsy,orphadata_genes;panelapp_au_id;panelapp_ge_id
HGNC:13128,ZNF711,T1,ndd_no_documented_epilepsy,clingen;orphadata_genes;panelapp_au_id;panelapp_ge_id
HGNC:29271,ZNFX1,T1,ndd_with_epilepsy,panelapp_ge_epilepsy;panelapp_ge_id
HGNC:12309,ZNHIT3,T1,ndd_with_epilepsy,genes4epilepsy;orphadata_genes;panelapp_au_epilepsy;panelapp_au_id
HGNC:18126,ZNRF3,T1,ndd_no_documented_epilepsy,orphadata_genes;panelapp_au_id;panelapp_ge_id
HGNC:23019,ZRSR2,T1,ndd_no_documented_epilepsy,panelapp_au_id
HGNC:12997,ZSCAN10,T1,ndd_no_documented_epilepsy,panelapp_au_id;panelapp_ge_id
HGNC:29316,ZSWIM6,T1,ndd_with_epilepsy,clingen;genes4epilepsy;orphadata_genes;panelapp_au_epilepsy;panelapp_au_id;panelapp_ge_id
HGNC:47,ABCB6,T2,unclassified,clingen;orphadata_genes
HGNC:48,ABCB7,T2,ndd_no_documented_epilepsy,clingen;orphadata_genes;panelapp_au_id;panelapp_ge_id
HGNC:55,ABCC4,T2,unclassified,clingen
HGNC:24011,ABI2,T2,ndd_with_epilepsy,panelapp_au_epilepsy;panelapp_au_id;panelapp_ge_epilepsy;panelapp_ge_id
HGNC:124,ACP5,T2,ndd_no_documented_epilepsy,orphadata_genes;panelapp_ge_id
HGNC:202,ADAM23,T2,ndd_with_epilepsy,panelapp_au_epilepsy;panelapp_au_id
HGNC:7137,AFDN,T2,epilepsy_only_unclassified,genes4epilepsy;panelapp_au_epilepsy
HGNC:16922,AGAP1,T2,ndd_no_documented_epilepsy,panelapp_ge_id
HGNC:326,AGPAT3,T2,ndd_no_documented_epilepsy,panelapp_au_id;panelapp_ge_id
HGNC:376,AKAP6,T2,ndd_no_documented_epilepsy,panelapp_au_id;panelapp_ge_id
HGNC:395,ALAD,T2,ndd_no_documented_epilepsy,clingen;orphadata_genes;panelapp_ge_id
HGNC:414,ALDOA,T2,ndd_no_documented_epilepsy,orphadata_genes;panelapp_au_id;panelapp_ge_id
HGNC:20266,ALG5,T2,unclassified,clingen;orphadata_genes
HGNC:19988,ANAPC1,T2,unclassified,clingen;orphadata_genes
HGNC:17380,ANAPC7,T2,ndd_no_documented_epilepsy,panelapp_au_id
HGNC:15492,ANKH,T2,ndd_with_epilepsy,genes4epilepsy;orphadata_genes;panelapp_au_id;panelapp_ge_id
HGNC:25240,ANO6,T2,unclassified,clingen;orphadata_genes
HGNC:568,AP3D1,T2,epilepsy_only_unclassified,clingen;genes4epilepsy;orphadata_genes;panelapp_au_epilepsy
HGNC:637,AQP4,T2,ndd_with_epilepsy,orphadata_genes;panelapp_au_epilepsy;panelapp_au_id
HGNC:29216,ARHGAP31,T2,ndd_no_documented_epilepsy,orphadata_genes;panelapp_au_id;panelapp_ge_id
HGNC:674,ARHGAP4,T2,epilepsy_only_unclassified,genes4epilepsy
HGNC:678,ARHGDIA,T2,unclassified,clingen;orphadata_genes
HGNC:17090,ARHGEF18,T2,unclassified,clingen;orphadata_genes
HGNC:25516,ARHGEF40,T2,ndd_no_documented_epilepsy,panelapp_au_id;panelapp_ge_id
HGNC:26798,ARL14EP,T2,ndd_no_documented_epilepsy,panelapp_ge_id
HGNC:16876,ARNT2,T2,ndd_no_documented_epilepsy,orphadata_genes;panelapp_au_id
HGNC:2721,ASAP2,T2,ndd_no_documented_epilepsy,panelapp_au_id
HGNC:17021,ASTN2,T2,ndd_no_documented_epilepsy,panelapp_au_id
HGNC:29230,ATAD2B,T2,ndd_no_documented_epilepsy,panelapp_au_id;panelapp_ge_id
HGNC:24526,ATL3,T2,unclassified,clingen;orphadata_genes
HGNC:797,ATOH1,T2,ndd_no_documented_epilepsy,orphadata_genes;panelapp_ge_id
HGNC:838,ATP5F1E,T2,ndd_with_epilepsy,clingen;genes4epilepsy;orphadata_genes;panelapp_au_epilepsy;panelapp_au_id
HGNC:843,ATP5MC3,T2,epilepsy_only_unclassified,clingen;genes4epilepsy;panelapp_au_epilepsy
HGNC:30889,ATP5MK,T2,ndd_no_documented_epilepsy,clingen;orphadata_genes;panelapp_au_id
HGNC:13534,ATP8B2,T2,ndd_no_documented_epilepsy,panelapp_au_id
HGNC:31326,ATXN2L,T2,ndd_no_documented_epilepsy,panelapp_au_id;panelapp_ge_id
HGNC:15685,B4GAT1,T2,epilepsy_only_unclassified,clingen;genes4epilepsy;orphadata_genes;panelapp_au_epilepsy
HGNC:932,BAAT,T2,unclassified,clingen;orphadata_genes
HGNC:14078,BACH2,T2,unclassified,clingen;orphadata_genes
HGNC:941,BAG5,T2,unclassified,clingen;orphadata_genes
HGNC:964,BBOX1,T2,ndd_no_documented_epilepsy,panelapp_au_id
HGNC:25657,BCORL1,T2,ndd_with_epilepsy,clingen;orphadata_genes;panelapp_au_id;panelapp_ge_epilepsy;panelapp_ge_id
HGNC:19351,BICC1,T2,unclassified,clingen;orphadata_genes
HGNC:17208,BICD2,T2,ndd_with_epilepsy,genes4epilepsy;orphadata_genes;panelapp_au_epilepsy;panelapp_au_id;panelapp_ge_id
HGNC:20914,BLOC1S3,T2,unclassified,clingen;orphadata_genes
HGNC:1062,BLVRA,T2,unclassified,clingen;orphadata_genes
HGNC:26019,BPNT2,T2,ndd_no_documented_epilepsy,clingen;orphadata_genes;panelapp_ge_id
HGNC:1397,CACNA1S,T2,ndd_no_documented_epilepsy,clingen;orphadata_genes;panelapp_ge_id
HGNC:17601,CADM3,T2,unclassified,clingen
HGNC:1463,CAMK2G,T2,ndd_with_epilepsy,clingen;panelapp_au_id;panelapp_ge_epilepsy;panelapp_ge_id
HGNC:26002,CASZ1,T2,ndd_no_documented_epilepsy,clingen;orphadata_genes;simons_searchlight
HGNC:1516,CAT,T2,unclassified,clingen;orphadata_genes
HGNC:28033,CCDC174,T2,ndd_no_documented_epilepsy,orphadata_genes;panelapp_au_id;panelapp_ge_id
HGNC:14153,CCDC78,T2,ndd_no_documented_epilepsy,clingen;orphadata_genes;panelapp_au_id;panelapp_ge_id
HGNC:28434,CCNQ,T2,ndd_no_documented_epilepsy,clingen;orphadata_genes;panelapp_ge_id
HGNC:1623,CCT8,T2,ndd_with_epilepsy,genes4epilepsy;panelapp_ge_epilepsy;panelapp_ge_id
HGNC:1632,CD164,T2,unclassified,clingen;orphadata_genes
HGNC:1653,CD28,T2,unclassified,clingen;orphadata_genes
HGNC:16892,CD96,T2,ndd_no_documented_epilepsy,clingen;orphadata_genes;panelapp_au_id;panelapp_ge_id
HGNC:14628,CDCA7,T2,unclassified,clingen;orphadata_genes
HGNC:21420,CDK20,T2,ndd_no_documented_epilepsy,panelapp_ge_id
HGNC:1782,CDKL2,T2,ndd_with_epilepsy,genes4epilepsy;panelapp_au_id
HGNC:1795,CDO1,T2,ndd_no_documented_epilepsy,panelapp_au_id
HGNC:1848,CEL,T2,unclassified,clingen;orphadata_genes
HGNC:30460,CENATAC,T2,ndd_no_documented_epilepsy,panelapp_au_id
HGNC:25815,CEP63,T2,ndd_no_documented_epilepsy,orphadata_genes;panelapp_au_id;panelapp_ge_id
HGNC:1301,CFAP298,T2,unclassified,clingen;orphadata_genes
HGNC:29368,CFAP74,T2,unclassified,clingen;orphadata_genes
HGNC:1037,CFB,T2,unclassified,clingen;orphadata_genes
HGNC:1939,CHL1,T2,ndd_no_documented_epilepsy,panelapp_ge_id
HGNC:29865,CHMP3,T2,ndd_with_epilepsy,panelapp_au_id;panelapp_ge_epilepsy;panelapp_ge_id
HGNC:1950,CHRM1,T2,ndd_with_epilepsy,panelapp_au_epilepsy;panelapp_au_id;panelapp_ge_epilepsy;panelapp_ge_id
HGNC:1974,CHUK,T2,ndd_no_documented_epilepsy,clingen;orphadata_genes;panelapp_ge_id
HGNC:24229,CIDEC,T2,unclassified,clingen;orphadata_genes
HGNC:1987,CITED2,T2,unclassified,clingen;orphadata_genes
HGNC:2051,CLDN9,T2,unclassified,clingen
HGNC:33939,CLRN2,T2,unclassified,clingen
HGNC:19700,CNKSR1,T2,ndd_no_documented_epilepsy,panelapp_au_id;panelapp_ge_id
HGNC:18619,COG3,T2,ndd_with_epilepsy,clingen;panelapp_au_epilepsy;panelapp_au_id;panelapp_ge_epilepsy;panelapp_ge_id
HGNC:2186,COL11A1,T2,ndd_no_documented_epilepsy,clingen;orphadata_genes;panelapp_ge_id
HGNC:26182,COLGALT1,T2,epilepsy_only_unclassified,clingen;orphadata_genes;panelapp_au_epilepsy;panelapp_ge_epilepsy
HGNC:28216,COX14,T2,ndd_no_documented_epilepsy,clingen;orphadata_genes;panelapp_au_id;panelapp_ge_id
HGNC:20213,COX16,T2,unclassified,clingen;orphadata_genes
HGNC:2267,COX5A,T2,unclassified,clingen;orphadata_genes
HGNC:2279,COX6A2,T2,unclassified,clingen;orphadata_genes
HGNC:2291,COX7B,T2,ndd_no_documented_epilepsy,clingen;orphadata_genes;panelapp_au_id;panelapp_ge_id
HGNC:30185,CRBN,T2,ndd_no_documented_epilepsy,clingen;orphadata_genes;panelapp_au_id;panelapp_ge_id
HGNC:24290,CSGALNACT1,T2,unclassified,clingen;orphadata_genes
HGNC:19290,CSMD2,T2,ndd_with_epilepsy,panelapp_au_epilepsy;panelapp_au_id
HGNC:2451,CSNK1A1,T2,epilepsy_only_unclassified,panelapp_au_epilepsy
HGNC:2453,CSNK1E,T2,epilepsy_only_unclassified,genes4epilepsy;panelapp_au_epilepsy
HGNC:2481,CSTA,T2,epilepsy_only_unclassified,genes4epilepsy;orphadata_genes
HGNC:2484,CSTF2,T2,ndd_no_documented_epilepsy,panelapp_au_id;panelapp_ge_id
HGNC:20581,CYP26B1,T2,unclassified,clingen;orphadata_genes
HGNC:25536,DALRD3,T2,ndd_with_epilepsy,orphadata_genes;panelapp_au_epilepsy;panelapp_ge_epilepsy;panelapp_ge_id
HGNC:2673,DAP3,T2,ndd_no_documented_epilepsy,orphadata_genes;panelapp_ge_id
HGNC:26383,DAW1,T2,unclassified,clingen;orphadata_genes
HGNC:25095,DCAF15,T2,ndd_no_documented_epilepsy,panelapp_au_id
HGNC:2711,DCTN1,T2,ndd_no_documented_epilepsy,clingen;orphadata_genes;panelapp_ge_id
HGNC:15518,DCTN4,T2,ndd_no_documented_epilepsy,orphadata_genes;panelapp_au_id
HGNC:2734,DDX1,T2,ndd_no_documented_epilepsy,panelapp_au_id
HGNC:20083,DDX53,T2,ndd_with_epilepsy,genes4epilepsy;panelapp_ge_id
HGNC:2760,DEF6,T2,unclassified,clingen
HGNC:2769,DENR,T2,ndd_with_epilepsy,panelapp_au_epilepsy;panelapp_au_id
HGNC:16888,DHRS9,T2,epilepsy_only_unclassified,panelapp_au_epilepsy
HGNC:16717,DHX32,T2,ndd_no_documented_epilepsy,panelapp_au_id;panelapp_ge_id
HGNC:14410,DHX36,T2,ndd_no_documented_epilepsy,panelapp_au_id
HGNC:2900,DLG1,T2,ndd_no_documented_epilepsy,orphadata_genes;panelapp_ge_id
HGNC:2901,DLG2,T2,ndd_no_documented_epilepsy,panelapp_au_id;panelapp_ge_id
HGNC:2905,DLGAP1,T2,ndd_no_documented_epilepsy,panelapp_au_id
HGNC:13908,DMRTA2,T2,ndd_with_epilepsy,genes4epilepsy;panelapp_au_id
HGNC:2939,DNA2,T2,ndd_no_documented_epilepsy,clingen;orphadata_genes;panelapp_ge_id
HGNC:2941,DNAH10,T2,unclassified,clingen;orphadata_genes
HGNC:11808,DNAJA3,T2,ndd_no_documented_epilepsy,panelapp_au_id
HGNC:30718,DNAJB13,T2,unclassified,clingen;orphadata_genes
HGNC:2993,DONSON,T2,ndd_no_documented_epilepsy,orphadata_genes;panelapp_ge_id
HGNC:3007,DPM3,T2,ndd_with_epilepsy,clingen;genes4epilepsy;orphadata_genes;panelapp_au_id;panelapp_ge_id
HGNC:3014,DPYSL2,T2,ndd_no_documented_epilepsy,orphadata_genes;panelapp_au_id;panelapp_ge_id
HGNC:29043,DSTYK,T2,ndd_no_documented_epilepsy,clingen;orphadata_genes;panelapp_ge_id
HGNC:3178,EDN3,T2,unclassified,clingen;orphadata_genes
HGNC:3180,EDNRB,T2,ndd_no_documented_epilepsy,clingen;orphadata_genes;panelapp_au_id;panelapp_ge_id
HGNC:3254,EIF2A,T2,ndd_with_epilepsy,panelapp_au_id;panelapp_ge_epilepsy;panelapp_ge_id
HGNC:3272,EIF3I,T2,ndd_no_documented_epilepsy,panelapp_au_id
HGNC:24656,EIF3K,T2,ndd_no_documented_epilepsy,panelapp_au_id
HGNC:5959,ELP1,T2,ndd_no_documented_epilepsy,clingen;orphadata_genes;panelapp_au_id
HGNC:1171,ELP4,T2,unclassified,clingen
HGNC:3341,EMX2,T2,ndd_with_epilepsy,clingen;orphadata_genes;panelapp_au_epilepsy;panelapp_au_id;panelapp_ge_epilepsy;panelapp_ge_id
HGNC:3372,EOMES,T2,ndd_with_epilepsy,genes4epilepsy;orphadata_genes;panelapp_au_id;panelapp_ge_id
HGNC:3378,EPB41L1,T2,ndd_no_documented_epilepsy,clingen;orphadata_genes;panelapp_au_id;panelapp_ge_id
HGNC:3390,EPHA7,T2,ndd_no_documented_epilepsy,panelapp_au_id;panelapp_ge_id
HGNC:3420,EPS8,T2,unclassified,clingen;orphadata_genes
HGNC:21296,EPS8L2,T2,unclassified,clingen;orphadata_genes
HGNC:15927,ERGIC3,T2,ndd_no_documented_epilepsy,panelapp_au_id;panelapp_ge_id
HGNC:21056,ERMARD,T2,ndd_with_epilepsy,clingen;genes4epilepsy;orphadata_genes;panelapp_au_id;panelapp_ge_id
HGNC:3488,ETS1,T2,ndd_no_documented_epilepsy,clingen;orphadata_genes;panelapp_au_id
HGNC:24968,EXOC2,T2,ndd_no_documented_epilepsy,clingen;panelapp_au_id;panelapp_ge_id
HGNC:9138,EXOSC10,T2,ndd_no_documented_epilepsy,panelapp_au_id
HGNC:17097,EXOSC2,T2,ndd_no_documented_epilepsy,clingen;orphadata_genes;panelapp_au_id
HGNC:18189,EXOSC4,T2,ndd_no_documented_epilepsy,panelapp_au_id
HGNC:3573,FADD,T2,unclassified,clingen;orphadata_genes
HGNC:24200,FAM111B,T2,ndd_no_documented_epilepsy,clingen;orphadata_genes;panelapp_ge_id
HGNC:16949,FAM120C,T2,ndd_no_documented_epilepsy,panelapp_ge_id
HGNC:3602,FBLN5,T2,ndd_no_documented_epilepsy,clingen;orphadata_genes;panelapp_au_id;panelapp_ge_id
HGNC:28844,FBXO38,T2,unclassified,clingen;orphadata_genes
HGNC:16933,FEM1C,T2,ndd_no_documented_epilepsy,clingen;panelapp_au_id;panelapp_ge_id
HGNC:3686,FGF8,T2,unclassified,clingen;orphadata_genes
HGNC:25922,FIBCD1,T2,ndd_no_documented_epilepsy,panelapp_au_id
HGNC:18416,FICD,T2,ndd_no_documented_epilepsy,panelapp_au_id;panelapp_ge_id
HGNC:3720,FKBP4,T2,ndd_no_documented_epilepsy,panelapp_au_id
HGNC:3749,FLI1,T2,unclassified,clingen;orphadata_genes
HGNC:3750,FLII,T2,unclassified,clingen
HGNC:5022,FOXA2,T2,unclassified,clingen;orphadata_genes
HGNC:29178,FOXJ3,T2,epilepsy_only_unclassified,panelapp_au_epilepsy
HGNC:29980,FOXR1,T2,ndd_no_documented_epilepsy,panelapp_au_id;panelapp_ge_id
HGNC:25396,FREM2,T2,ndd_no_documented_epilepsy,orphadata_genes;panelapp_ge_id
HGNC:25491,FRMD4A,T2,ndd_no_documented_epilepsy,orphadata_genes;panelapp_au_id
HGNC:20367,FRY,T2,ndd_no_documented_epilepsy,panelapp_au_id;panelapp_ge_id
HGNC:29127,FRYL,T2,ndd_with_epilepsy,genes4epilepsy;panelapp_au_id;panelapp_ge_id
HGNC:3976,FTH1,T2,unclassified,clingen;orphadata_genes
HGNC:4026,FXYD2,T2,unclassified,clingen;orphadata_genes
HGNC:4036,FYB1,T2,unclassified,clingen;orphadata_genes
HGNC:24846,GAS2L2,T2,unclassified,clingen;orphadata_genes
HGNC:28980,GINS1,T2,unclassified,clingen;orphadata_genes
HGNC:29450,GLIS2,T2,unclassified,clingen;orphadata_genes
HGNC:4326,GLRA1,T2,ndd_with_epilepsy,orphadata_genes;panelapp_au_id;panelapp_ge_epilepsy;panelapp_ge_id
HGNC:17493,GMNN,T2,ndd_no_documented_epilepsy,clingen;orphadata_genes;panelapp_au_id;panelapp_ge_id
HGNC:4387,GNAI3,T2,ndd_no_documented_epilepsy,clingen;orphadata_genes;panelapp_ge_id
HGNC:20731,GNB4,T2,unclassified,clingen;orphadata_genes
HGNC:30677,GPKOW,T2,unclassified,clingen;orphadata_genes
HGNC:25513,GPN2,T2,ndd_no_documented_epilepsy,panelapp_au_id;panelapp_ge_id
HGNC:33862,GRXCR2,T2,unclassified,clingen;orphadata_genes
HGNC:4643,GSTZ1,T2,unclassified,clingen
HGNC:4664,GTF3C1,T2,ndd_no_documented_epilepsy,panelapp_au_id
HGNC:25799,GUF1,T2,ndd_with_epilepsy,clingen;orphadata_genes;panelapp_au_epilepsy;panelapp_ge_epilepsy
HGNC:4785,H4C11,T2,ndd_no_documented_epilepsy,panelapp_au_id;panelapp_ge_id
HGNC:4782,H4C4,T2,ndd_no_documented_epilepsy,panelapp_au_id;panelapp_ge_id
HGNC:4783,H4C6,T2,ndd_no_documented_epilepsy,panelapp_au_id;panelapp_ge_id
HGNC:4807,HAND1,T2,unclassified,clingen
HGNC:4808,HAND2,T2,unclassified,clingen;orphadata_genes
HGNC:18437,HAVCR2,T2,unclassified,clingen;orphadata_genes
HGNC:26087,HEATR3,T2,ndd_no_documented_epilepsy,orphadata_genes;panelapp_au_id;panelapp_ge_id
HGNC:29273,HEATR5B,T2,ndd_with_epilepsy,panelapp_au_epilepsy;panelapp_au_id;panelapp_ge_epilepsy;panelapp_ge_id
HGNC:4861,HELLS,T2,unclassified,clingen;orphadata_genes
HGNC:4893,HGF,T2,unclassified,clingen;orphadata_genes
HGNC:5006,HMGCR,T2,unclassified,clingen;orphadata_genes
HGNC:5033,HNRNPA2B1,T2,unclassified,clingen;orphadata_genes
HGNC:25451,HNRNPUL2,T2,ndd_no_documented_epilepsy,simons_searchlight
HGNC:17513,HOMER2,T2,unclassified,clingen;orphadata_genes
HGNC:5181,HRG,T2,unclassified,clingen;orphadata_genes
HGNC:5244,HSPA9,T2,ndd_no_documented_epilepsy,orphadata_genes;panelapp_au_id
HGNC:5320,HYAL1,T2,ndd_no_documented_epilepsy,clingen;orphadata_genes;panelapp_ge_id
HGNC:26558,HYLS1,T2,ndd_no_documented_epilepsy,clingen;orphadata_genes;panelapp_au_id;panelapp_ge_id
HGNC:29154,ICE1,T2,ndd_no_documented_epilepsy,panelapp_au_id
HGNC:17087,ICOSLG,T2,unclassified,clingen;orphadata_genes
HGNC:5385,IDH3B,T2,unclassified,clingen;orphadata_genes
HGNC:29669,IFT43,T2,ndd_no_documented_epilepsy,clingen;orphadata_genes;panelapp_ge_id
HGNC:15901,IFT52,T2,unclassified,clingen;orphadata_genes
HGNC:17367,IFT57,T2,unclassified,clingen;orphadata_genes
HGNC:14313,IFT81,T2,unclassified,clingen
HGNC:5870,IGLL1,T2,unclassified,clingen;orphadata_genes
HGNC:13177,IKZF2,T2,ndd_no_documented_epilepsy,clingen;orphadata_genes;panelapp_au_id
HGNC:13178,IKZF3,T2,unclassified,clingen;orphadata_genes
HGNC:14283,IKZF5,T2,unclassified,clingen;orphadata_genes
HGNC:5962,IL10,T2,unclassified,clingen;orphadata_genes
HGNC:5997,IL1RAPL2,T2,ndd_no_documented_epilepsy,panelapp_ge_id
HGNC:6009,IL2RB,T2,unclassified,clingen;orphadata_genes
HGNC:6050,IMPA1,T2,ndd_no_documented_epilepsy,orphadata_genes;panelapp_au_id
HGNC:26048,INTS8,T2,ndd_with_epilepsy,genes4epilepsy;panelapp_au_epilepsy;panelapp_au_id;panelapp_ge_id
HGNC:29193,IQSEC3,T2,ndd_no_documented_epilepsy,panelapp_au_id;panelapp_ge_id
HGNC:21728,IRF2BP1,T2,ndd_no_documented_epilepsy,panelapp_au_id
HGNC:6131,IRF9,T2,unclassified,clingen
HGNC:6125,IRS1,T2,ndd_no_documented_epilepsy,panelapp_au_id
HGNC:6143,ITGA7,T2,ndd_no_documented_epilepsy,orphadata_genes;panelapp_au_id;panelapp_ge_id
HGNC:6158,ITGB4,T2,epilepsy_only_unclassified,genes4epilepsy;orphadata_genes;panelapp_au_epilepsy
HGNC:6189,JAG2,T2,unclassified,clingen
HGNC:26460,JAKMIP1,T2,ndd_with_epilepsy,panelapp_au_epilepsy;panelapp_au_id;panelapp_ge_epilepsy;panelapp_ge_id
HGNC:14203,JPH3,T2,ndd_no_documented_epilepsy,orphadata_genes;panelapp_au_id;panelapp_ge_id
HGNC:18863,KCNH7,T2,epilepsy_only_unclassified,genes4epilepsy;panelapp_au_epilepsy
HGNC:6264,KCNJ3,T2,epilepsy_only_unclassified,orphadata_genes;panelapp_au_epilepsy
HGNC:25840,KDM8,T2,ndd_no_documented_epilepsy,panelapp_au_id
HGNC:16631,KGD4,T2,ndd_no_documented_epilepsy,panelapp_au_id
HGNC:6324,KIF5B,T2,ndd_with_epilepsy,genes4epilepsy;panelapp_ge_id
HGNC:13672,KLF13,T2,unclassified,clingen
HGNC:25947,KLHL24,T2,unclassified,clingen;orphadata_genes
HGNC:16905,KLHL41,T2,unclassified,clingen;orphadata_genes
HGNC:6518,LBR,T2,ndd_no_documented_epilepsy,clingen;orphadata_genes;panelapp_au_id;panelapp_ge_id
HGNC:6532,LDB1,T2,ndd_no_documented_epilepsy,panelapp_au_id;panelapp_ge_id
HGNC:6564,LGALS3BP,T2,ndd_no_documented_epilepsy,panelapp_au_id
HGNC:21205,LINGO1,T2,ndd_no_documented_epilepsy,panelapp_au_id;panelapp_ge_id
HGNC:31708,LRP12,T2,unclassified,clingen;orphadata_genes
HGNC:4161,LRRC32,T2,ndd_no_documented_epilepsy,panelapp_au_id;panelapp_ge_id
HGNC:28302,LRRC45,T2,ndd_no_documented_epilepsy,panelapp_au_id;panelapp_ge_id
HGNC:25430,LRRC56,T2,unclassified,clingen;orphadata_genes
HGNC:25075,LRRC8C,T2,ndd_no_documented_epilepsy,panelapp_au_id;panelapp_ge_id
HGNC:20470,LSM7,T2,ndd_no_documented_epilepsy,panelapp_ge_id
HGNC:4740,MACROH2A1,T2,ndd_no_documented_epilepsy,orphadata_genes;panelapp_au_id
HGNC:6813,MAGED1,T2,ndd_with_epilepsy,panelapp_au_epilepsy;panelapp_au_id;panelapp_ge_id
HGNC:6817,MAL,T2,ndd_no_documented_epilepsy,orphadata_genes;panelapp_au_id;panelapp_ge_id
HGNC:6825,MAN2A2,T2,ndd_no_documented_epilepsy,clingen;panelapp_au_id
HGNC:15461,MANF,T2,ndd_no_documented_epilepsy,panelapp_au_id
HGNC:6834,MAOB,T2,ndd_no_documented_epilepsy,orphadata_genes;panelapp_ge_id;simons_searchlight
HGNC:6853,MAP3K14,T2,unclassified,clingen;orphadata_genes
HGNC:6872,MAPK10,T2,ndd_with_epilepsy,orphadata_genes;panelapp_ge_epilepsy;panelapp_ge_id
HGNC:30550,MARCHF6,T2,epilepsy_only_unclassified,genes4epilepsy;orphadata_genes
HGNC:6919,MBD4,T2,unclassified,clingen;orphadata_genes
HGNC:18043,MCM10,T2,unclassified,clingen
HGNC:6947,MCM4,T2,ndd_no_documented_epilepsy,clingen;orphadata_genes;panelapp_au_id
HGNC:19267,MDGA1,T2,ndd_no_documented_epilepsy,panelapp_au_id
HGNC:6970,MDH1,T2,epilepsy_only_unclassified,genes4epilepsy;panelapp_au_epilepsy
HGNC:6974,MDM4,T2,unclassified,clingen
HGNC:19691,MECR,T2,ndd_no_documented_epilepsy,clingen;orphadata_genes;panelapp_ge_id
HGNC:16840,MED20,T2,ndd_no_documented_epilepsy,panelapp_au_id
HGNC:11477,MED22,T2,ndd_no_documented_epilepsy,panelapp_au_id
HGNC:23074,MED29,T2,ndd_no_documented_epilepsy,panelapp_au_id
HGNC:29658,MESP1,T2,unclassified,clingen
HGNC:29673,MFAP5,T2,unclassified,clingen;orphadata_genes
HGNC:14010,MGA,T2,ndd_no_documented_epilepsy,panelapp_au_id
HGNC:20619,MICAL1,T2,epilepsy_only_unclassified,orphadata_genes;panelapp_au_epilepsy
HGNC:19853,MIDEAS,T2,ndd_no_documented_epilepsy,panelapp_au_id
HGNC:7104,MIPEP,T2,unclassified,clingen;orphadata_genes
HGNC:23564,MIR17HG,T2,ndd_no_documented_epilepsy,orphadata_genes;panelapp_au_id;panelapp_ge_id
HGNC:31648,MIR96,T2,unclassified,clingen;orphadata_genes
HGNC:28100,MMGT1,T2,ndd_no_documented_epilepsy,panelapp_au_id;panelapp_ge_id
HGNC:15765,MOCS3,T2,ndd_no_documented_epilepsy,clingen;panelapp_au_id
HGNC:10379,MRPL3,T2,ndd_no_documented_epilepsy,clingen;orphadata_genes;panelapp_au_id
HGNC:14027,MRPL39,T2,unclassified,clingen
HGNC:14495,MRPS2,T2,unclassified,clingen
HGNC:29819,MRTFB,T2,ndd_no_documented_epilepsy,panelapp_au_id;panelapp_ge_id
HGNC:7415,MT-ATP8,T2,epilepsy_only_unclassified,clingen;orphadata_genes;panelapp_au_epilepsy
HGNC:7456,MT-ND2,T2,unclassified,clingen;orphadata_genes
HGNC:7477,MT-TC,T2,epilepsy_only_unclassified,clingen;panelapp_au_epilepsy
HGNC:7413,MTAP,T2,unclassified,clingen;orphadata_genes
HGNC:24258,MTERF3,T2,ndd_no_documented_epilepsy,panelapp_au_id
HGNC:29601,MTNAP1,T2,ndd_with_epilepsy,genes4epilepsy;panelapp_au_epilepsy;panelapp_au_id
HGNC:23386,MYCBP2,T2,ndd_with_epilepsy,genes4epilepsy;orphadata_genes;panelapp_au_epilepsy;panelapp_au_id;panelapp_ge_id
HGNC:23212,MYH14,T2,unclassified,clingen;orphadata_genes
HGNC:29826,MYLK3,T2,unclassified,clingen
HGNC:43444,MYZAP,T2,unclassified,clingen
HGNC:26404,NADK2,T2,ndd_with_epilepsy,clingen;orphadata_genes;panelapp_ge_id
HGNC:15997,NAV2,T2,ndd_no_documented_epilepsy,panelapp_au_id
HGNC:15625,NBAS,T2,ndd_no_documented_epilepsy,orphadata_genes;panelapp_ge_id
HGNC:21904,NCAPG2,T2,ndd_no_documented_epilepsy,clingen;panelapp_au_id;panelapp_ge_id
HGNC:4862,NCKAP1L,T2,unclassified,clingen;orphadata_genes
HGNC:20371,NDUFA11,T2,ndd_with_epilepsy,clingen;genes4epilepsy;orphadata_genes;panelapp_au_epilepsy;panelapp_au_id;panelapp_ge_epilepsy;panelapp_ge_id
HGNC:17194,NDUFA13,T2,epilepsy_only_unclassified,clingen;genes4epilepsy;orphadata_genes
HGNC:7690,NDUFA6,T2,epilepsy_only_unclassified,clingen;genes4epilepsy;orphadata_genes;panelapp_au_epilepsy
HGNC:7692,NDUFA8,T2,ndd_with_epilepsy,clingen;panelapp_au_epilepsy;panelapp_au_id
HGNC:7693,NDUFA9,T2,ndd_with_epilepsy,clingen;genes4epilepsy;orphadata_genes;panelapp_au_id;panelapp_ge_id
HGNC:33551,NDUFAF8,T2,epilepsy_only_unclassified,clingen;orphadata_genes;panelapp_au_epilepsy
HGNC:7696,NDUFB10,T2,unclassified,clingen;orphadata_genes
HGNC:7703,NDUFB8,T2,unclassified,clingen
HGNC:7704,NDUFB9,T2,ndd_no_documented_epilepsy,clingen;orphadata_genes;panelapp_au_id
HGNC:7706,NDUFC2,T2,unclassified,clingen
HGNC:7710,NDUFS3,T2,ndd_no_documented_epilepsy,clingen;orphadata_genes;panelapp_au_id;panelapp_ge_id
HGNC:24539,NECAP1,T2,ndd_with_epilepsy,clingen;genes4epilepsy;orphadata_genes;panelapp_au_epilepsy;panelapp_au_id;panelapp_ge_epilepsy;panelapp_ge_id
HGNC:7762,NEUROD1,T2,unclassified,clingen;orphadata_genes
HGNC:18726,NFXL1,T2,ndd_no_documented_epilepsy,panelapp_au_id
HGNC:14377,NHP2,T2,ndd_no_documented_epilepsy,clingen;orphadata_genes;panelapp_au_id;panelapp_ge_id
HGNC:14291,NLGN1,T2,ndd_no_documented_epilepsy,panelapp_au_id
HGNC:14290,NLGN2,T2,ndd_no_documented_epilepsy,panelapp_au_id;simons_searchlight
HGNC:7853,NME5,T2,unclassified,clingen;orphadata_genes
HGNC:8009,NRXN2,T2,ndd_no_documented_epilepsy,clingen;panelapp_au_id;panelapp_ge_id;simons_searchlight
HGNC:26513,NSMCE2,T2,unclassified,clingen;orphadata_genes
HGNC:17820,NT5C3A,T2,ndd_no_documented_epilepsy,orphadata_genes;panelapp_ge_id
HGNC:14311,NUAK1,T2,ndd_no_documented_epilepsy,panelapp_au_id
HGNC:8042,NUBP2,T2,ndd_no_documented_epilepsy,panelapp_au_id
HGNC:29914,NUP107,T2,ndd_no_documented_epilepsy,orphadata_genes;panelapp_ge_id
HGNC:18016,NUP133,T2,unclassified,clingen;orphadata_genes
HGNC:18017,NUP160,T2,unclassified,clingen;orphadata_genes
HGNC:8734,NUP85,T2,ndd_no_documented_epilepsy,orphadata_genes;panelapp_au_id;panelapp_ge_id
HGNC:8490,ORC4,T2,ndd_no_documented_epilepsy,clingen;orphadata_genes;panelapp_au_id;panelapp_ge_id
HGNC:15761,OSBPL2,T2,unclassified,clingen;orphadata_genes
HGNC:15459,P2RX2,T2,unclassified,clingen;orphadata_genes
HGNC:15894,PANK2,T2,ndd_with_epilepsy,genes4epilepsy;orphadata_genes;panelapp_au_epilepsy;panelapp_au_id;panelapp_ge_id
HGNC:8621,PAX7,T2,ndd_no_documented_epilepsy,clingen;orphadata_genes;panelapp_au_id;panelapp_ge_id
HGNC:8729,PCNA,T2,ndd_no_documented_epilepsy,clingen;orphadata_genes;panelapp_au_id
HGNC:16735,PEDS1,T2,ndd_no_documented_epilepsy,panelapp_au_id
HGNC:8863,PFAS,T2,ndd_no_documented_epilepsy,orphadata_genes;panelapp_au_id
HGNC:25793,PHACTR4,T2,ndd_no_documented_epilepsy,panelapp_au_id
HGNC:3182,PHC1,T2,ndd_no_documented_epilepsy,orphadata_genes;panelapp_au_id;panelapp_ge_id
HGNC:22203,PHF14,T2,ndd_no_documented_epilepsy,panelapp_ge_id
HGNC:8921,PHF3,T2,ndd_no_documented_epilepsy,simons_searchlight
HGNC:26270,PIEZO2,T2,ndd_no_documented_epilepsy,orphadata_genes;panelapp_au_id;panelapp_ge_id
HGNC:8962,PIGF,T2,ndd_with_epilepsy,clingen;genes4epilepsy;panelapp_au_epilepsy;panelapp_au_id;panelapp_ge_id
HGNC:28213,PIGY,T2,ndd_no_documented_epilepsy,clingen;orphadata_genes;panelapp_au_id;panelapp_ge_id
HGNC:8972,PIK3C2B,T2,epilepsy_only_unclassified,genes4epilepsy;panelapp_au_epilepsy
HGNC:8978,PIK3CG,T2,unclassified,clingen
HGNC:16648,PJA1,T2,ndd_no_documented_epilepsy,panelapp_au_id;panelapp_ge_id
HGNC:9035,PLA2G4A,T2,unclassified,clingen;orphadata_genes
HGNC:9052,PLAU,T2,unclassified,clingen;orphadata_genes
HGNC:9065,PLCG1,T2,unclassified,clingen
HGNC:29185,PLCH1,T2,ndd_no_documented_epilepsy,orphadata_genes;panelapp_au_id
HGNC:23792,PLD4,T2,unclassified,clingen
HGNC:29017,PLEKHM1,T2,unclassified,clingen;orphadata_genes
HGNC:29131,PLEKHM2,T2,unclassified,clingen;orphadata_genes
HGNC:9083,PLOD3,T2,ndd_no_documented_epilepsy,orphadata_genes;panelapp_au_id;panelapp_ge_id
HGNC:9090,PLS1,T2,unclassified,clingen;orphadata_genes
HGNC:9100,PLXNA2,T2,ndd_no_documented_epilepsy,panelapp_au_id;panelapp_ge_id
HGNC:9106,PLXNC1,T2,epilepsy_only_unclassified,genes4epilepsy;panelapp_au_epilepsy
HGNC:9117,PMP2,T2,unclassified,clingen;orphadata_genes
HGNC:20454,POLR1B,T2,unclassified,clingen;orphadata_genes
HGNC:9210,POU1F1,T2,ndd_no_documented_epilepsy,orphadata_genes;panelapp_au_id;panelapp_ge_id
HGNC:25415,PPM1K,T2,ndd_no_documented_epilepsy,clingen;orphadata_genes;panelapp_au_id
HGNC:14946,PPP1R9A,T2,ndd_no_documented_epilepsy,simons_searchlight
HGNC:9322,PPP5C,T2,ndd_no_documented_epilepsy,panelapp_au_id
HGNC:13993,PRDM8,T2,ndd_with_epilepsy,genes4epilepsy;orphadata_genes;panelapp_au_epilepsy;panelapp_au_id;panelapp_ge_epilepsy
HGNC:9358,PREP,T2,ndd_with_epilepsy,panelapp_au_epilepsy;panelapp_au_id
HGNC:9369,PRIM1,T2,unclassified,clingen;orphadata_genes
HGNC:18319,PRIMA1,T2,epilepsy_only_unclassified,clingen;genes4epilepsy;panelapp_au_epilepsy
HGNC:9407,PRKD1,T2,ndd_no_documented_epilepsy,clingen;orphadata_genes;panelapp_au_id;panelapp_ge_id
HGNC:9449,PRNP,T2,epilepsy_only_unclassified,genes4epilepsy;orphadata_genes
HGNC:17349,PRPF4,T2,unclassified,clingen;orphadata_genes
HGNC:9537,PSMB1,T2,ndd_no_documented_epilepsy,panelapp_au_id
HGNC:9545,PSMB8,T2,ndd_with_epilepsy,orphadata_genes;panelapp_ge_epilepsy;panelapp_ge_id
HGNC:17662,PTBP2,T2,ndd_no_documented_epilepsy,panelapp_au_id
HGNC:9608,PTH1R,T2,ndd_no_documented_epilepsy,orphadata_genes;panelapp_ge_id
HGNC:9607,PTHLH,T2,ndd_no_documented_epilepsy,orphadata_genes;panelapp_ge_id
HGNC:9308,PTPA,T2,ndd_no_documented_epilepsy,panelapp_au_id;panelapp_ge_id
HGNC:9668,PTPRD,T2,ndd_no_documented_epilepsy,panelapp_au_id
HGNC:9671,PTPRG,T2,ndd_no_documented_epilepsy,panelapp_au_id
HGNC:16524,RAB14,T2,ndd_no_documented_epilepsy,panelapp_au_id;panelapp_ge_id
HGNC:9817,RAD51,T2,ndd_no_documented_epilepsy,orphadata_genes;panelapp_ge_id
HGNC:29221,RALGAPB,T2,ndd_with_epilepsy,panelapp_au_epilepsy;panelapp_au_id;panelapp_ge_epilepsy;simons_searchlight
HGNC:18662,RAX,T2,ndd_no_documented_epilepsy,orphadata_genes;panelapp_au_id;panelapp_ge_id
HGNC:21863,RBM28,T2,ndd_no_documented_epilepsy,orphadata_genes;panelapp_au_id;panelapp_ge_id
HGNC:5724,RBPJ,T2,ndd_no_documented_epilepsy,orphadata_genes;panelapp_au_id;panelapp_ge_id
HGNC:9954,REL,T2,unclassified,clingen;orphadata_genes
HGNC:9963,REPS2,T2,ndd_no_documented_epilepsy,panelapp_au_id
HGNC:10004,RGS9,T2,unclassified,clingen;orphadata_genes
HGNC:672,RHOG,T2,unclassified,clingen
HGNC:686,RHOH,T2,unclassified,clingen;orphadata_genes
HGNC:17686,RIC1,T2,ndd_no_documented_epilepsy,orphadata_genes;panelapp_au_id;panelapp_ge_id
HGNC:10025,RLF,T2,ndd_no_documented_epilepsy,panelapp_au_id
HGNC:16031,RNF31,T2,unclassified,clingen;orphadata_genes
HGNC:19380,RNU12,T2,epilepsy_only_unclassified,clingen;orphadata_genes;panelapp_ge_epilepsy
HGNC:10211,RNU5A-1,T2,ndd_with_epilepsy,panelapp_au_id;panelapp_ge_epilepsy;panelapp_ge_id
HGNC:17985,ROBO4,T2,unclassified,clingen;orphadata_genes
HGNC:10351,RPL3L,T2,unclassified,clingen;orphadata_genes
HGNC:10410,RPS23,T2,ndd_no_documented_epilepsy,panelapp_au_id;panelapp_ge_id
HGNC:23625,RUSC2,T2,ndd_with_epilepsy,clingen;genes4epilepsy;panelapp_au_epilepsy;panelapp_au_id;panelapp_ge_epilepsy;panelapp_ge_id
HGNC:10519,SACS,T2,ndd_with_epilepsy,genes4epilepsy;orphadata_genes;panelapp_au_epilepsy;panelapp_au_id;panelapp_ge_id
HGNC:23136,SCNM1,T2,ndd_no_documented_epilepsy,panelapp_ge_id
HGNC:18276,SEC61A1,T2,unclassified,clingen;orphadata_genes
HGNC:10719,SELENBP1,T2,unclassified,clingen;orphadata_genes
HGNC:10727,SEMA3E,T2,ndd_no_documented_epilepsy,orphadata_genes;panelapp_au_id;panelapp_ge_id
HGNC:10736,SEMA5A,T2,ndd_no_documented_epilepsy,orphadata_genes;panelapp_au_id
HGNC:7323,SEPTIN9,T2,unclassified,clingen;orphadata_genes
HGNC:8950,SERPINB6,T2,unclassified,clingen;orphadata_genes
HGNC:10798,SFTPA1,T2,unclassified,clingen;orphadata_genes
HGNC:10947,SLC20A2,T2,ndd_with_epilepsy,orphadata_genes;panelapp_au_epilepsy;panelapp_au_id;panelapp_ge_id
HGNC:10989,SLC25A3,T2,unclassified,clingen;orphadata_genes
HGNC:26054,SLC25A38,T2,ndd_no_documented_epilepsy,orphadata_genes;panelapp_ge_id
HGNC:10998,SLC27A4,T2,ndd_no_documented_epilepsy,orphadata_genes;panelapp_ge_id
HGNC:11006,SLC2A2,T2,ndd_no_documented_epilepsy,orphadata_genes;panelapp_au_id;panelapp_ge_id
HGNC:11023,SLC35A3,T2,ndd_with_epilepsy,genes4epilepsy;orphadata_genes;panelapp_au_epilepsy;panelapp_au_id;panelapp_ge_epilepsy;panelapp_ge_id
HGNC:16872,SLC35B2,T2,ndd_no_documented_epilepsy,panelapp_au_id;panelapp_ge_id
HGNC:21483,SLC35F1,T2,ndd_no_documented_epilepsy,panelapp_au_id;panelapp_ge_id
HGNC:4927,SLC39A7,T2,unclassified,clingen;orphadata_genes
HGNC:11027,SLC4A1,T2,ndd_no_documented_epilepsy,orphadata_genes;panelapp_ge_id
HGNC:16438,SLC4A11,T2,ndd_no_documented_epilepsy,orphadata_genes;panelapp_ge_id
HGNC:11029,SLC4A3,T2,unclassified,clingen;orphadata_genes
HGNC:30225,SLC52A1,T2,unclassified,clingen;orphadata_genes
HGNC:11040,SLC5A5,T2,ndd_no_documented_epilepsy,orphadata_genes;panelapp_au_id;panelapp_ge_id
HGNC:11063,SLC7A5,T2,ndd_no_documented_epilepsy,clingen
HGNC:25807,SLC7A6OS,T2,epilepsy_only_unclassified,genes4epilepsy;panelapp_au_epilepsy;panelapp_ge_epilepsy
HGNC:11071,SLC9A1,T2,unclassified,clingen;orphadata_genes
HGNC:17123,SLC9A7,T2,ndd_no_documented_epilepsy,orphadata_genes;panelapp_au_id;panelapp_ge_id
HGNC:32689,SLFN14,T2,unclassified,clingen;orphadata_genes
HGNC:6769,SMAD3,T2,ndd_no_documented_epilepsy,orphadata_genes;panelapp_ge_id
HGNC:11107,SMARCD2,T2,ndd_no_documented_epilepsy,orphadata_genes;panelapp_au_id;panelapp_ge_id
HGNC:20466,SMC6,T2,ndd_no_documented_epilepsy,panelapp_au_id
HGNC:11164,SNRPN,T2,ndd_no_documented_epilepsy,orphadata_genes;panelapp_au_id
HGNC:11199,SOX3,T2,ndd_no_documented_epilepsy,clingen;orphadata_genes;panelapp_au_id;panelapp_ge_id
HGNC:11280,SQSTM1,T2,unclassified,clingen;orphadata_genes
HGNC:11283,SRC,T2,unclassified,clingen;orphadata_genes
HGNC:11290,SREBF2,T2,ndd_no_documented_epilepsy,panelapp_au_id;panelapp_ge_id
HGNC:17882,SREK1,T2,ndd_no_documented_epilepsy,panelapp_au_id
HGNC:19744,SRGAP3,T2,ndd_no_documented_epilepsy,orphadata_genes;panelapp_ge_id
HGNC:11301,SRP54,T2,ndd_no_documented_epilepsy,orphadata_genes;panelapp_ge_id
HGNC:18063,STARD7,T2,epilepsy_only_unclassified,genes4epilepsy;panelapp_au_epilepsy;panelapp_ge_epilepsy
HGNC:19162,STARD9,T2,epilepsy_only_unclassified,panelapp_au_epilepsy
HGNC:17209,STK36,T2,unclassified,clingen;orphadata_genes
HGNC:26200,STN1,T2,ndd_no_documented_epilepsy,clingen;orphadata_genes;panelapp_au_id
HGNC:16001,SUGCT,T2,unclassified,clingen;orphadata_genes
HGNC:11470,SUPT6H,T2,ndd_no_documented_epilepsy,panelapp_au_id
HGNC:20566,SV2A,T2,ndd_with_epilepsy,panelapp_au_epilepsy;panelapp_au_id
HGNC:26703,SYNE4,T2,unclassified,clingen;orphadata_genes
HGNC:11510,SYT2,T2,unclassified,clingen;orphadata_genes
HGNC:15588,SYTL4,T2,ndd_no_documented_epilepsy,panelapp_au_id;panelapp_ge_id
HGNC:11546,TAF13,T2,ndd_no_documented_epilepsy,orphadata_genes;panelapp_au_id;panelapp_ge_id
HGNC:25187,TAMM41,T2,unclassified,clingen
HGNC:11566,TAPBP,T2,unclassified,clingen;orphadata_genes
HGNC:11572,TARS1,T2,ndd_no_documented_epilepsy,orphadata_genes;panelapp_au_id
HGNC:24715,TBC1D8B,T2,ndd_no_documented_epilepsy,clingen;orphadata_genes;panelapp_ge_id
HGNC:1989,TBCB,T2,ndd_no_documented_epilepsy,panelapp_au_id
HGNC:11597,TBX2,T2,ndd_no_documented_epilepsy,clingen;panelapp_au_id
HGNC:11608,TBXA2R,T2,unclassified,clingen;orphadata_genes
HGNC:18884,TDP1,T2,ndd_no_documented_epilepsy,orphadata_genes;panelapp_ge_id
HGNC:25941,TET2,T2,unclassified,clingen;orphadata_genes
HGNC:11740,TF,T2,unclassified,clingen;orphadata_genes
HGNC:11766,TGFB1,T2,ndd_with_epilepsy,clingen;orphadata_genes;panelapp_au_id;panelapp_ge_id
HGNC:11799,THRB,T2,ndd_no_documented_epilepsy,orphadata_genes;panelapp_au_id;panelapp_ge_id
HGNC:24552,TKFC,T2,ndd_no_documented_epilepsy,orphadata_genes;panelapp_au_id;panelapp_ge_id
HGNC:11834,TKT,T2,ndd_no_documented_epilepsy,orphadata_genes;panelapp_au_id;panelapp_ge_id
HGNC:15631,TLR7,T2,unclassified,clingen;orphadata_genes
HGNC:26944,TMEM138,T2,unclassified,clingen;orphadata_genes
HGNC:30765,TNIK,T2,ndd_no_documented_epilepsy,clingen;orphadata_genes;panelapp_au_id;panelapp_ge_id
HGNC:19661,TNNI3K,T2,unclassified,clingen;orphadata_genes
HGNC:11969,TNRC6A,T2,epilepsy_only_unclassified,genes4epilepsy;orphadata_genes;panelapp_au_epilepsy
HGNC:11985,TOMM70,T2,ndd_no_documented_epilepsy,panelapp_ge_id
HGNC:12013,TPM4,T2,unclassified,clingen;orphadata_genes
HGNC:12029,TRAC,T2,unclassified,clingen;orphadata_genes
HGNC:12033,TRAF3,T2,unclassified,clingen;orphadata_genes
HGNC:12307,TRIP13,T2,ndd_with_epilepsy,orphadata_genes;panelapp_au_epilepsy;panelapp_au_id;panelapp_ge_epilepsy;panelapp_ge_id
HGNC:26022,TRMT10C,T2,unclassified,clingen;orphadata_genes
HGNC:12337,TRPC5,T2,ndd_no_documented_epilepsy,panelapp_au_id;panelapp_ge_id
HGNC:30700,TSHZ3,T2,ndd_no_documented_epilepsy,orphadata_genes;panelapp_au_id
HGNC:11854,TSPAN7,T2,ndd_no_documented_epilepsy,clingen;orphadata_genes;panelapp_au_id;panelapp_ge_id
HGNC:21586,TTL,T2,ndd_no_documented_epilepsy,panelapp_au_id
HGNC:12407,TUBA4A,T2,unclassified,clingen
HGNC:16691,TUBGCP4,T2,ndd_no_documented_epilepsy,orphadata_genes;panelapp_au_id;panelapp_ge_id
HGNC:12420,TUFM,T2,ndd_no_documented_epilepsy,clingen;orphadata_genes;panelapp_au_id;panelapp_ge_id
HGNC:20670,TWIST2,T2,ndd_no_documented_epilepsy,orphadata_genes;panelapp_ge_id
HGNC:16952,TXNIP,T2,ndd_no_documented_epilepsy,panelapp_au_id
HGNC:12437,TXNRD1,T2,epilepsy_only_unclassified,panelapp_ge_epilepsy
HGNC:25598,TYW1,T2,ndd_no_documented_epilepsy,panelapp_ge_id
HGNC:12471,UBA7,T2,ndd_no_documented_epilepsy,panelapp_au_id
HGNC:12485,UBE2I,T2,ndd_no_documented_epilepsy,panelapp_au_id
HGNC:23149,UNC13C,T2,ndd_no_documented_epilepsy,panelapp_au_id
HGNC:13481,UNC93B1,T2,unclassified,clingen;orphadata_genes
HGNC:12572,UNG,T2,unclassified,clingen;orphadata_genes
HGNC:21237,UQCC2,T2,ndd_no_documented_epilepsy,clingen;orphadata_genes;panelapp_au_id
HGNC:12586,UQCRC2,T2,ndd_no_documented_epilepsy,clingen;orphadata_genes;panelapp_au_id
HGNC:12587,UQCRFS1,T2,unclassified,clingen;orphadata_genes
HGNC:12612,USP14,T2,ndd_no_documented_epilepsy,panelapp_au_id
HGNC:23663,VKORC1,T2,unclassified,clingen;orphadata_genes
HGNC:23595,VPS13D,T2,epilepsy_only_unclassified,clingen;genes4epilepsy;orphadata_genes
HGNC:20312,VPS36,T2,ndd_with_epilepsy,genes4epilepsy;panelapp_ge_epilepsy;panelapp_ge_id
HGNC:24928,VPS37A,T2,ndd_no_documented_epilepsy,clingen;orphadata_genes;panelapp_au_id
HGNC:28984,WASHC5,T2,ndd_no_documented_epilepsy,clingen;orphadata_genes;panelapp_au_id;panelapp_ge_id
HGNC:25706,WDR59,T2,ndd_no_documented_epilepsy,panelapp_au_id
HGNC:32672,WDR83,T2,ndd_no_documented_epilepsy,panelapp_au_id;panelapp_ge_id
HGNC:29175,WDTC1,T2,ndd_with_epilepsy,genes4epilepsy;panelapp_au_epilepsy;panelapp_au_id
HGNC:25522,WRAP53,T2,ndd_no_documented_epilepsy,clingen;orphadata_genes;panelapp_au_id;panelapp_ge_id
HGNC:12811,XK,T2,ndd_with_epilepsy,orphadata_genes;panelapp_ge_epilepsy;panelapp_ge_id
HGNC:14108,XPO7,T2,ndd_no_documented_epilepsy,panelapp_au_id
HGNC:12827,XPR1,T2,epilepsy_only_unclassified,genes4epilepsy;orphadata_genes;panelapp_au_epilepsy
HGNC:16262,YAP1,T2,ndd_no_documented_epilepsy,orphadata_genes;panelapp_au_id;panelapp_ge_id
HGNC:25489,YEATS2,T2,epilepsy_only_unclassified,genes4epilepsy;orphadata_genes;panelapp_au_epilepsy
HGNC:16959,YKT6,T2,ndd_no_documented_epilepsy,panelapp_au_id
HGNC:12855,YWHAZ,T2,ndd_no_documented_epilepsy,clingen;orphadata_genes;panelapp_au_id;panelapp_ge_id
HGNC:12930,ZBTB16,T2,ndd_no_documented_epilepsy,orphadata_genes;panelapp_au_id;panelapp_ge_id
HGNC:18668,ZBTB7B,T2,ndd_no_documented_epilepsy,panelapp_au_id;panelapp_ge_id
HGNC:20509,ZC3H14,T2,ndd_no_documented_epilepsy,clingen;orphadata_genes;panelapp_au_id;panelapp_ge_id
HGNC:25265,ZCCHC8,T2,ndd_no_documented_epilepsy,clingen;panelapp_ge_id
HGNC:20714,ZDHHC16,T2,ndd_no_documented_epilepsy,panelapp_au_id
HGNC:18791,ZFP57,T2,ndd_no_documented_epilepsy,orphadata_genes;panelapp_au_id;panelapp_ge_id
HGNC:19904,ZNF407,T2,ndd_no_documented_epilepsy,panelapp_au_id;panelapp_ge_id
HGNC:16762,ZNF423,T2,ndd_no_documented_epilepsy,clingen;orphadata_genes;panelapp_au_id
HGNC:25821,ZNF668,T2,ndd_no_documented_epilepsy,panelapp_au_id;panelapp_ge_id
HGNC:38705,ZNF865,T2,ndd_no_documented_epilepsy,panelapp_au_id;panelapp_ge_id
HGNC:18224,ZRANB1,T2,ndd_with_epilepsy,panelapp_au_epilepsy;panelapp_au_id
HGNC:23336,A2ML1,T3,ndd_no_documented_epilepsy,clingen;panelapp_ge_id
HGNC:25662,AAGAB,T3,unclassified,orphadata_genes
HGNC:29,ABCA1,T3,unclassified,orphadata_genes
HGNC:14637,ABCA12,T3,unclassified,orphadata_genes
HGNC:35,ABCA5,T3,unclassified,orphadata_genes
HGNC:42,ABCB11,T3,ndd_no_documented_epilepsy,orphadata_genes;panelapp_ge_id
HGNC:51,ABCC1,T3,unclassified,clingen;orphadata_genes
HGNC:53,ABCC2,T3,unclassified,orphadata_genes
HGNC:60,ABCC9,T3,ndd_with_epilepsy,clingen;genes4epilepsy;orphadata_genes;panelapp_au_id;panelapp_ge_id
HGNC:67,ABCD3,T3,unclassified,clingen;orphadata_genes
HGNC:76,ABL1,T3,unclassified,orphadata_genes
HGNC:88,ACADL,T3,unclassified,clingen
HGNC:94,ACAT2,T3,unclassified,clingen
HGNC:13557,ACE2,T3,ndd_no_documented_epilepsy,panelapp_ge_id
HGNC:17066,ACIN1,T3,ndd_no_documented_epilepsy,panelapp_ge_id
HGNC:17152,ACOT9,T3,ndd_no_documented_epilepsy,panelapp_ge_id
HGNC:14376,ACP4,T3,unclassified,orphadata_genes
HGNC:145,ACTG2,T3,unclassified,orphadata_genes
HGNC:28494,ACTL9,T3,unclassified,orphadata_genes
HGNC:166,ACTN4,T3,unclassified,orphadata_genes
HGNC:169,ACTR2,T3,unclassified,orphadata_genes
HGNC:188,ADAM10,T3,unclassified,orphadata_genes
HGNC:17109,ADAMTS17,T3,unclassified,orphadata_genes
HGNC:17111,ADAMTS19,T3,unclassified,clingen
HGNC:218,ADAMTS2,T3,unclassified,orphadata_genes
HGNC:219,ADAMTS3,T3,unclassified,orphadata_genes
HGNC:13202,ADAMTS9,T3,unclassified,clingen;orphadata_genes
HGNC:14632,ADAMTSL1,T3,unclassified,orphadata_genes
HGNC:14631,ADAMTSL2,T3,ndd_no_documented_epilepsy,orphadata_genes;panelapp_au_id
HGNC:19706,ADAMTSL4,T3,unclassified,orphadata_genes
HGNC:232,ADCY1,T3,unclassified,clingen;orphadata_genes
HGNC:21285,ADCY10,T3,unclassified,orphadata_genes
HGNC:237,ADCY6,T3,unclassified,orphadata_genes
HGNC:945,ADGRB3,T3,ndd_no_documented_epilepsy,panelapp_au_id
HGNC:3337,ADGRE2,T3,unclassified,orphadata_genes
HGNC:4516,ADGRG2,T3,unclassified,orphadata_genes
HGNC:18992,ADGRG4,T3,ndd_no_documented_epilepsy,panelapp_ge_id
HGNC:13841,ADGRG6,T3,ndd_no_documented_epilepsy,panelapp_au_id;panelapp_ge_id
HGNC:17416,ADGRV1,T3,ndd_with_epilepsy,clingen;orphadata_genes;panelapp_au_epilepsy;panelapp_ge_epilepsy;panelapp_ge_id
HGNC:263,ADORA2A,T3,unclassified,orphadata_genes
HGNC:282,ADRA2B,T3,ndd_with_epilepsy,clingen;orphadata_genes;panelapp_au_epilepsy;panelapp_au_id;panelapp_ge_epilepsy;panelapp_ge_id
HGNC:20093,ADSS1,T3,unclassified,orphadata_genes
HGNC:303,AEBP1,T3,unclassified,orphadata_genes
HGNC:7135,AFF1,T3,unclassified,orphadata_genes
HGNC:317,AFP,T3,ndd_no_documented_epilepsy,orphadata_genes;panelapp_ge_id
HGNC:26504,AGBL1,T3,unclassified,orphadata_genes
HGNC:24684,AGGF1,T3,ndd_no_documented_epilepsy,orphadata_genes;panelapp_au_id
HGNC:18421,AGO3,T3,ndd_with_epilepsy,panelapp_au_epilepsy;panelapp_au_id
HGNC:328,AGR2,T3,unclassified,orphadata_genes
HGNC:333,AGT,T3,ndd_no_documented_epilepsy,orphadata_genes;panelapp_au_id;panelapp_ge_id
HGNC:336,AGTR1,T3,unclassified,orphadata_genes
HGNC:338,AGTR2,T3,ndd_no_documented_epilepsy,clingen;orphadata_genes;panelapp_au_id;panelapp_ge_id
HGNC:348,AHR,T3,unclassified,orphadata_genes
HGNC:349,AHSG,T3,ndd_no_documented_epilepsy,orphadata_genes;panelapp_au_id
HGNC:358,AIP,T3,unclassified,orphadata_genes
HGNC:359,AIPL1,T3,ndd_no_documented_epilepsy,clingen;orphadata_genes;panelapp_ge_id
HGNC:361,AK1,T3,ndd_no_documented_epilepsy,orphadata_genes;panelapp_ge_id
HGNC:20091,AK7,T3,unclassified,clingen;orphadata_genes
HGNC:33814,AK9,T3,unclassified,orphadata_genes
HGNC:18783,AKAP17A,T3,ndd_no_documented_epilepsy,panelapp_ge_id
HGNC:373,AKAP3,T3,unclassified,orphadata_genes
HGNC:374,AKAP4,T3,ndd_no_documented_epilepsy,orphadata_genes;panelapp_ge_id
HGNC:379,AKAP9,T3,unclassified,clingen;orphadata_genes
HGNC:385,AKR1C2,T3,ndd_no_documented_epilepsy,orphadata_genes;panelapp_au_id;panelapp_ge_id
HGNC:387,AKR1C4,T3,unclassified,orphadata_genes
HGNC:409,ALDH1A3,T3,ndd_no_documented_epilepsy,orphadata_genes;panelapp_ge_id
HGNC:7179,ALDH6A1,T3,unclassified,clingen;orphadata_genes
HGNC:23162,ALG10,T3,epilepsy_only_unclassified,clingen;panelapp_au_epilepsy
HGNC:31088,ALG10B,T3,unclassified,clingen
HGNC:430,ALOX12B,T3,unclassified,orphadata_genes
HGNC:13743,ALOXE3,T3,unclassified,orphadata_genes
HGNC:437,ALPI,T3,unclassified,orphadata_genes
HGNC:452,AMBN,T3,unclassified,orphadata_genes
HGNC:461,AMELX,T3,unclassified,orphadata_genes
HGNC:464,AMH,T3,unclassified,orphadata_genes
HGNC:465,AMHR2,T3,unclassified,orphadata_genes
HGNC:467,AMMECR1,T3,unclassified,orphadata_genes
HGNC:14604,AMN,T3,unclassified,orphadata_genes
HGNC:468,AMPD1,T3,unclassified,orphadata_genes
HGNC:470,AMPD3,T3,unclassified,orphadata_genes
HGNC:33188,AMTN,T3,unclassified,orphadata_genes
HGNC:483,ANG,T3,unclassified,clingen;orphadata_genes
HGNC:484,ANGPT1,T3,unclassified,clingen;orphadata_genes
HGNC:485,ANGPT2,T3,unclassified,orphadata_genes
HGNC:23140,ANGPTL6,T3,unclassified,orphadata_genes
HGNC:493,ANK2,T3,ndd_with_epilepsy,clingen;genes4epilepsy;panelapp_au_epilepsy;panelapp_au_id;panelapp_ge_epilepsy;panelapp_ge_id;simons_searchlight
HGNC:20763,ANKFY1,T3,unclassified,orphadata_genes
HGNC:29101,ANKLE2,T3,unclassified,orphadata_genes
HGNC:15819,ANKRD1,T3,unclassified,clingen;orphadata_genes
HGNC:26853,ANKRD31,T3,ndd_no_documented_epilepsy,panelapp_au_id
HGNC:25681,ANKRD55,T3,unclassified,orphadata_genes
HGNC:29422,ANKS3,T3,unclassified,orphadata_genes
HGNC:25527,ANKZF1,T3,unclassified,clingen;orphadata_genes
HGNC:14082,ANLN,T3,unclassified,orphadata_genes
HGNC:21625,ANO1,T3,unclassified,orphadata_genes
HGNC:14004,ANO3,T3,ndd_no_documented_epilepsy,orphadata_genes;panelapp_ge_id
HGNC:18971,AP1S3,T3,unclassified,orphadata_genes
HGNC:15718,APCDD1,T3,unclassified,orphadata_genes
HGNC:600,APOA1,T3,unclassified,orphadata_genes
HGNC:601,APOA2,T3,unclassified,orphadata_genes
HGNC:602,APOA4,T3,unclassified,clingen
HGNC:17288,APOA5,T3,unclassified,orphadata_genes
HGNC:609,APOC2,T3,unclassified,orphadata_genes
HGNC:610,APOC3,T3,unclassified,orphadata_genes
HGNC:613,APOE,T3,unclassified,orphadata_genes
HGNC:25268,APOLD1,T3,unclassified,clingen
HGNC:24035,APPL1,T3,unclassified,clingen;orphadata_genes
HGNC:626,APRT,T3,unclassified,orphadata_genes
HGNC:15984,APTX,T3,ndd_no_documented_epilepsy,orphadata_genes;panelapp_au_id;panelapp_ge_id
HGNC:633,AQP1,T3,unclassified,clingen
HGNC:634,AQP2,T3,unclassified,orphadata_genes
HGNC:638,AQP5,T3,unclassified,orphadata_genes
HGNC:640,AQP7,T3,ndd_no_documented_epilepsy,panelapp_ge_id
HGNC:25361,ARHGAP24,T3,unclassified,orphadata_genes
HGNC:26388,ARHGAP36,T3,ndd_no_documented_epilepsy,panelapp_ge_id
HGNC:676,ARHGAP6,T3,ndd_no_documented_epilepsy,panelapp_ge_id
HGNC:681,ARHGEF1,T3,unclassified,clingen;orphadata_genes
HGNC:14103,ARHGEF10,T3,unclassified,clingen;orphadata_genes
HGNC:682,ARHGEF2,T3,ndd_no_documented_epilepsy,panelapp_au_id;panelapp_ge_id
HGNC:30322,ARHGEF28,T3,unclassified,clingen
HGNC:25968,ARHGEF38,T3,unclassified,orphadata_genes
HGNC:684,ARHGEF4,T3,ndd_no_documented_epilepsy,panelapp_ge_id
HGNC:685,ARHGEF6,T3,ndd_no_documented_epilepsy,clingen;orphadata_genes;panelapp_au_id;panelapp_ge_id
HGNC:3031,ARID3A,T3,ndd_no_documented_epilepsy,panelapp_au_id
HGNC:689,ARIH1,T3,ndd_no_documented_epilepsy,panelapp_ge_id
HGNC:24046,ARL11,T3,unclassified,orphadata_genes
HGNC:694,ARL3,T3,unclassified,orphadata_genes
HGNC:24048,ARL6IP6,T3,unclassified,orphadata_genes
HGNC:21099,ARMC12,T3,unclassified,orphadata_genes
HGNC:25781,ARMC5,T3,unclassified,orphadata_genes
HGNC:16968,ARPP21,T3,unclassified,clingen
HGNC:721,ARSF,T3,ndd_no_documented_epilepsy,panelapp_ge_id
HGNC:24102,ARSG,T3,unclassified,orphadata_genes
HGNC:32521,ARSI,T3,unclassified,orphadata_genes
HGNC:25239,ARSK,T3,unclassified,orphadata_genes
HGNC:728,ARVCF,T3,unclassified,orphadata_genes
HGNC:18860,ASAH2,T3,ndd_no_documented_epilepsy,panelapp_au_id
HGNC:17185,ASB10,T3,unclassified,clingen
HGNC:19763,ASB12,T3,ndd_no_documented_epilepsy,panelapp_ge_id
HGNC:24268,ASCC1,T3,unclassified,orphadata_genes
HGNC:738,ASCL1,T3,ndd_no_documented_epilepsy,orphadata_genes;panelapp_ge_id
HGNC:750,ASMT,T3,ndd_no_documented_epilepsy,panelapp_au_id;panelapp_ge_id
HGNC:751,ASMTL,T3,ndd_no_documented_epilepsy,panelapp_ge_id
HGNC:757,ASPH,T3,ndd_no_documented_epilepsy,orphadata_genes;panelapp_ge_id
HGNC:26742,ASPNAT,T3,ndd_with_epilepsy,clingen;panelapp_au_epilepsy;panelapp_au_id
HGNC:26321,ASPRV1,T3,unclassified,orphadata_genes
HGNC:13825,ASPSCR1,T3,unclassified,orphadata_genes
HGNC:24007,ATAD3B,T3,unclassified,orphadata_genes
HGNC:32151,ATAD3C,T3,unclassified,orphadata_genes
HGNC:779,ATCAY,T3,ndd_no_documented_epilepsy,orphadata_genes;panelapp_ge_id
HGNC:782,ATE1,T3,unclassified,clingen
HGNC:783,ATF1,T3,unclassified,orphadata_genes
HGNC:29028,ATG2A,T3,epilepsy_only_unclassified,panelapp_au_epilepsy
HGNC:589,ATG5,T3,unclassified,clingen
HGNC:13907,ATOH7,T3,unclassified,orphadata_genes
HGNC:13542,ATP10A,T3,ndd_no_documented_epilepsy,orphadata_genes;panelapp_au_id
HGNC:811,ATP2A1,T3,unclassified,orphadata_genes
HGNC:812,ATP2A2,T3,ndd_with_epilepsy,clingen;orphadata_genes;panelapp_au_id;panelapp_ge_id
HGNC:13211,ATP2C1,T3,unclassified,orphadata_genes
HGNC:29103,ATP2C2,T3,ndd_no_documented_epilepsy,panelapp_au_id;panelapp_ge_id
HGNC:819,ATP4A,T3,unclassified,orphadata_genes
HGNC:837,ATP5F1D,T3,unclassified,clingen;orphadata_genes
HGNC:866,ATP6V0A4,T3,unclassified,orphadata_genes
HGNC:856,ATP6V1C1,T3,ndd_no_documented_epilepsy,panelapp_au_id
HGNC:857,ATP6V1E1,T3,unclassified,clingen;orphadata_genes
HGNC:3706,ATP8B1,T3,ndd_no_documented_epilepsy,orphadata_genes;panelapp_ge_id
HGNC:18802,ATPAF2,T3,unclassified,clingen;orphadata_genes
HGNC:33499,ATRIP,T3,unclassified,clingen;orphadata_genes
HGNC:10548,ATXN1,T3,ndd_no_documented_epilepsy,orphadata_genes;panelapp_ge_id
HGNC:10549,ATXN10,T3,ndd_no_documented_epilepsy,orphadata_genes;panelapp_au_id;panelapp_ge_id
HGNC:24173,ATXN3L,T3,ndd_no_documented_epilepsy,panelapp_ge_id
HGNC:10560,ATXN7,T3,ndd_no_documented_epilepsy,orphadata_genes;panelapp_ge_id
HGNC:32925,ATXN8,T3,unclassified,orphadata_genes
HGNC:10561,ATXN8OS,T3,unclassified,orphadata_genes
HGNC:14188,AVIL,T3,unclassified,clingen;orphadata_genes
HGNC:894,AVP,T3,ndd_no_documented_epilepsy,orphadata_genes;panelapp_au_id;panelapp_ge_id
HGNC:895,AVPR1A,T3,ndd_no_documented_epilepsy,clingen;panelapp_au_id
HGNC:897,AVPR2,T3,ndd_no_documented_epilepsy,orphadata_genes;panelapp_au_id;panelapp_ge_id
HGNC:23251,AWAT2,T3,ndd_no_documented_epilepsy,panelapp_ge_id
HGNC:914,B2M,T3,unclassified,clingen;orphadata_genes
HGNC:923,B3GAT3,T3,ndd_no_documented_epilepsy,orphadata_genes;panelapp_au_id
HGNC:17397,BANF1,T3,ndd_no_documented_epilepsy,clingen;orphadata_genes;panelapp_au_id
HGNC:18233,BANK1,T3,unclassified,orphadata_genes
HGNC:952,BARD1,T3,unclassified,clingen;orphadata_genes
HGNC:961,BAZ1B,T3,unclassified,orphadata_genes
HGNC:976,BCAT1,T3,ndd_no_documented_epilepsy,panelapp_au_id
HGNC:983,BCHE,T3,unclassified,orphadata_genes
HGNC:990,BCL2,T3,unclassified,orphadata_genes
HGNC:1001,BCL6,T3,unclassified,orphadata_genes
HGNC:1008,BCL9,T3,unclassified,clingen
HGNC:13815,BCO1,T3,unclassified,orphadata_genes
HGNC:1014,BCR,T3,unclassified,orphadata_genes
HGNC:1033,BDNF,T3,ndd_no_documented_epilepsy,orphadata_genes;panelapp_au_id
HGNC:13652,BDP1,T3,ndd_no_documented_epilepsy,clingen;orphadata_genes;panelapp_ge_id
HGNC:24160,BEAN1,T3,ndd_no_documented_epilepsy,orphadata_genes;panelapp_ge_id
HGNC:14562,BET1,T3,epilepsy_only_unclassified,panelapp_au_epilepsy;panelapp_ge_epilepsy
HGNC:1040,BFSP1,T3,unclassified,orphadata_genes
HGNC:1041,BFSP2,T3,ndd_no_documented_epilepsy,orphadata_genes;panelapp_ge_id
HGNC:35126,BHLHA9,T3,ndd_no_documented_epilepsy,orphadata_genes;panelapp_ge_id
HGNC:591,BIRC3,T3,unclassified,orphadata_genes
HGNC:1057,BLK,T3,unclassified,clingen;orphadata_genes
HGNC:1067,BMP1,T3,unclassified,orphadata_genes
HGNC:20869,BMP10,T3,unclassified,clingen
HGNC:1068,BMP15,T3,ndd_no_documented_epilepsy,orphadata_genes;panelapp_ge_id
HGNC:1069,BMP2,T3,unclassified,orphadata_genes
HGNC:1073,BMP6,T3,unclassified,clingen;orphadata_genes
HGNC:24154,BMPER,T3,ndd_no_documented_epilepsy,orphadata_genes;panelapp_au_id;panelapp_ge_id
HGNC:1076,BMPR1A,T3,unclassified,clingen;orphadata_genes
HGNC:1077,BMPR1B,T3,ndd_no_documented_epilepsy,clingen;orphadata_genes;panelapp_ge_id
HGNC:23505,BMS1,T3,unclassified,orphadata_genes
HGNC:1081,BNC1,T3,unclassified,orphadata_genes
HGNC:30988,BNC2,T3,unclassified,orphadata_genes
HGNC:1093,BPGM,T3,unclassified,orphadata_genes
HGNC:16504,BPIFB6,T3,ndd_no_documented_epilepsy,panelapp_ge_id
HGNC:24185,BRCC3,T3,unclassified,orphadata_genes
HGNC:20473,BRIP1,T3,ndd_no_documented_epilepsy,clingen;orphadata_genes;panelapp_au_id;panelapp_ge_id
HGNC:12760,BRWD1,T3,unclassified,clingen;orphadata_genes
HGNC:1133,BTK,T3,ndd_no_documented_epilepsy,clingen;orphadata_genes;panelapp_ge_id
HGNC:1142,BTNL2,T3,unclassified,orphadata_genes
HGNC:1144,BTRC,T3,unclassified,orphadata_genes
HGNC:1151,BUB3,T3,unclassified,orphadata_genes
HGNC:16405,BUD23,T3,unclassified,orphadata_genes
HGNC:26973,C10orf71,T3,unclassified,orphadata_genes
HGNC:19849,C14orf39,T3,unclassified,orphadata_genes
HGNC:31690,C18orf32,T3,ndd_no_documented_epilepsy,panelapp_au_id
HGNC:24338,C1GALT1C1,T3,unclassified,clingen
HGNC:1245,C1QC,T3,ndd_no_documented_epilepsy,orphadata_genes;panelapp_ge_id
HGNC:1246,C1R,T3,unclassified,orphadata_genes
HGNC:1247,C1S,T3,unclassified,orphadata_genes
HGNC:1248,C2,T3,unclassified,orphadata_genes
HGNC:1323,C4A,T3,unclassified,orphadata_genes
HGNC:1324,C4B,T3,unclassified,orphadata_genes
HGNC:1331,C5,T3,unclassified,orphadata_genes
HGNC:1339,C6,T3,unclassified,orphadata_genes
HGNC:1346,C7,T3,unclassified,orphadata_genes
HGNC:1352,C8A,T3,unclassified,orphadata_genes
HGNC:1353,C8B,T3,unclassified,orphadata_genes
HGNC:1354,C8G,T3,unclassified,orphadata_genes
HGNC:1358,C9,T3,unclassified,orphadata_genes
HGNC:1371,CA12,T3,unclassified,orphadata_genes
HGNC:1375,CA4,T3,unclassified,orphadata_genes
HGNC:1386,CABP4,T3,unclassified,orphadata_genes
HGNC:1399,CACNA2D1,T3,ndd_with_epilepsy,clingen;genes4epilepsy;orphadata_genes;panelapp_au_epilepsy;panelapp_au_id;panelapp_ge_epilepsy;panelapp_ge_id
HGNC:15460,CACNA2D3,T3,ndd_no_documented_epilepsy,panelapp_ge_id
HGNC:1402,CACNB2,T3,unclassified,clingen;orphadata_genes
HGNC:1404,CACNB4,T3,ndd_with_epilepsy,clingen;orphadata_genes;panelapp_au_epilepsy;panelapp_au_id;panelapp_ge_epilepsy;panelapp_ge_id
HGNC:1406,CACNG2,T3,ndd_no_documented_epilepsy,clingen;orphadata_genes;panelapp_au_id;panelapp_ge_id
HGNC:16709,CALCRL,T3,unclassified,orphadata_genes
HGNC:1455,CALR,T3,unclassified,orphadata_genes
HGNC:20407,CALR3,T3,unclassified,clingen
HGNC:26276,CAMKMT,T3,unclassified,orphadata_genes
HGNC:1471,CAMLG,T3,epilepsy_only_unclassified,clingen;panelapp_au_epilepsy;panelapp_ge_epilepsy
HGNC:20040,CAP1,T3,ndd_no_documented_epilepsy,panelapp_ge_id
HGNC:20039,CAP2,T3,unclassified,orphadata_genes
HGNC:1476,CAPN1,T3,unclassified,orphadata_genes
HGNC:1477,CAPN10,T3,ndd_no_documented_epilepsy,panelapp_ge_id
HGNC:16446,CARD14,T3,unclassified,orphadata_genes
HGNC:17057,CARD8,T3,unclassified,orphadata_genes
HGNC:16391,CARD9,T3,unclassified,orphadata_genes
HGNC:1500,CASP10,T3,unclassified,clingen;orphadata_genes
HGNC:1512,CASQ1,T3,unclassified,orphadata_genes
HGNC:1513,CASQ2,T3,unclassified,clingen;orphadata_genes
HGNC:1514,CASR,T3,ndd_with_epilepsy,clingen;orphadata_genes;panelapp_au_epilepsy;panelapp_ge_epilepsy;panelapp_ge_id
HGNC:1515,CAST,T3,unclassified,orphadata_genes
HGNC:25062,CATIP,T3,unclassified,orphadata_genes
HGNC:17116,CATSPER1,T3,unclassified,orphadata_genes
HGNC:18810,CATSPER2,T3,unclassified,orphadata_genes
HGNC:14438,CATSPERT,T3,unclassified,orphadata_genes
HGNC:1528,CAV2,T3,unclassified,clingen
HGNC:1537,CBFA2T3,T3,unclassified,orphadata_genes
HGNC:4268,CBLIF,T3,unclassified,orphadata_genes
HGNC:1552,CBX2,T3,unclassified,orphadata_genes
HGNC:26821,CCDC141,T3,unclassified,orphadata_genes
HGNC:25079,CCDC34,T3,unclassified,orphadata_genes
HGNC:18111,CCDC50,T3,unclassified,clingen;orphadata_genes
HGNC:18782,CCDC6,T3,unclassified,orphadata_genes
HGNC:25367,CCDC8,T3,ndd_no_documented_epilepsy,orphadata_genes;panelapp_au_id;panelapp_ge_id
HGNC:24855,CCDC91,T3,unclassified,orphadata_genes
HGNC:25611,CCDC93,T3,ndd_no_documented_epilepsy,panelapp_au_id
HGNC:2500,CCN2,T3,ndd_no_documented_epilepsy,orphadata_genes;panelapp_ge_id
HGNC:1578,CCNA2,T3,ndd_no_documented_epilepsy,panelapp_ge_id
HGNC:18709,CCNB3,T3,ndd_no_documented_epilepsy,panelapp_ge_id
HGNC:1582,CCND1,T3,unclassified,orphadata_genes
HGNC:1591,CCNF,T3,unclassified,clingen;orphadata_genes
HGNC:1602,CCR1,T3,unclassified,orphadata_genes
HGNC:1607,CCR6,T3,unclassified,orphadata_genes
HGNC:1613,CCS,T3,unclassified,clingen
HGNC:1618,CCT5,T3,ndd_no_documented_epilepsy,orphadata_genes;panelapp_ge_id
HGNC:1622,CCT7,T3,ndd_no_documented_epilepsy,panelapp_ge_id
HGNC:21685,CD109,T3,unclassified,orphadata_genes
HGNC:1630,CD151,T3,unclassified,orphadata_genes
HGNC:1678,CD4,T3,unclassified,orphadata_genes
HGNC:2665,CD55,T3,unclassified,orphadata_genes
HGNC:1689,CD59,T3,unclassified,orphadata_genes
HGNC:1701,CD81,T3,unclassified,clingen;orphadata_genes
HGNC:1706,CD8A,T3,unclassified,clingen;orphadata_genes
HGNC:7082,CD99,T3,ndd_no_documented_epilepsy,panelapp_ge_id
HGNC:1723,CDC20,T3,unclassified,orphadata_genes
HGNC:17350,CDC40,T3,ndd_no_documented_epilepsy,panelapp_ge_id
HGNC:1754,CDH15,T3,ndd_no_documented_epilepsy,clingen;orphadata_genes;panelapp_au_id;panelapp_ge_id
HGNC:26929,CDIN1,T3,unclassified,orphadata_genes
HGNC:1775,CDK5R1,T3,ndd_no_documented_epilepsy,panelapp_au_id;panelapp_ge_id
HGNC:1781,CDKL1,T3,ndd_no_documented_epilepsy,panelapp_au_id
HGNC:1788,CDKN2B,T3,unclassified,orphadata_genes
HGNC:1802,CDSN,T3,unclassified,orphadata_genes
HGNC:1815,CEACAM3,T3,unclassified,orphadata_genes
HGNC:1818,CEACAM6,T3,unclassified,orphadata_genes
HGNC:1836,CEBPE,T3,unclassified,orphadata_genes
HGNC:29213,CEMIP,T3,unclassified,clingen
HGNC:1856,CENPE,T3,unclassified,clingen;orphadata_genes
HGNC:32933,CENPP,T3,unclassified,orphadata_genes
HGNC:29264,CEP126,T3,unclassified,orphadata_genes
HGNC:28209,CEP19,T3,unclassified,orphadata_genes
HGNC:25907,CEP89,T3,ndd_no_documented_epilepsy,clingen;panelapp_au_id
HGNC:23752,CERS3,T3,unclassified,orphadata_genes
HGNC:1869,CETP,T3,unclassified,orphadata_genes
HGNC:29523,CFAP20,T3,unclassified,orphadata_genes
HGNC:28506,CFAP251,T3,unclassified,orphadata_genes
HGNC:26684,CFAP43,T3,unclassified,clingen;orphadata_genes
HGNC:25631,CFAP44,T3,unclassified,orphadata_genes
HGNC:25247,CFAP46,T3,unclassified,clingen
HGNC:26708,CFAP47,T3,ndd_no_documented_epilepsy,clingen;orphadata_genes;panelapp_ge_id
HGNC:16053,CFAP52,T3,unclassified,orphadata_genes
HGNC:26530,CFAP53,T3,unclassified,orphadata_genes
HGNC:26485,CFAP57,T3,unclassified,clingen
HGNC:15872,CFAP61,T3,unclassified,orphadata_genes
HGNC:25325,CFAP65,T3,unclassified,orphadata_genes
HGNC:26107,CFAP69,T3,unclassified,orphadata_genes
HGNC:30726,CFAP70,T3,unclassified,orphadata_genes
HGNC:18292,CFC1,T3,unclassified,orphadata_genes
HGNC:2771,CFD,T3,unclassified,orphadata_genes
HGNC:4888,CFHR1,T3,ndd_no_documented_epilepsy,orphadata_genes;panelapp_au_id
HGNC:4890,CFHR2,T3,unclassified,orphadata_genes
HGNC:16980,CFHR3,T3,ndd_no_documented_epilepsy,orphadata_genes;panelapp_au_id
HGNC:24668,CFHR5,T3,unclassified,orphadata_genes
HGNC:8864,CFP,T3,ndd_no_documented_epilepsy,orphadata_genes;panelapp_ge_id
HGNC:1916,CHD1L,T3,unclassified,clingen
HGNC:19057,CHD6,T3,unclassified,orphadata_genes
HGNC:1925,CHEK1,T3,unclassified,clingen;orphadata_genes
HGNC:16627,CHEK2,T3,unclassified,clingen;orphadata_genes
HGNC:16171,CHMP4B,T3,unclassified,orphadata_genes
HGNC:1949,CHRD,T3,unclassified,clingen
HGNC:29861,CHRDL1,T3,ndd_no_documented_epilepsy,orphadata_genes;panelapp_ge_id
HGNC:1952,CHRM3,T3,unclassified,orphadata_genes
HGNC:1956,CHRNA2,T3,ndd_with_epilepsy,clingen;genes4epilepsy;orphadata_genes;panelapp_au_epilepsy;panelapp_ge_epilepsy;panelapp_ge_id
HGNC:1960,CHRNA7,T3,epilepsy_only_unclassified,clingen;orphadata_genes;panelapp_au_epilepsy
HGNC:1965,CHRND,T3,unclassified,orphadata_genes
HGNC:1966,CHRNE,T3,unclassified,orphadata_genes
HGNC:15993,CHST8,T3,unclassified,orphadata_genes
HGNC:16920,CIB1,T3,unclassified,orphadata_genes
HGNC:24579,CIB2,T3,ndd_no_documented_epilepsy,clingen;orphadata_genes;panelapp_ge_id
HGNC:30452,CIBAR1,T3,unclassified,orphadata_genes
HGNC:21219,CILK1,T3,unclassified,orphadata_genes
HGNC:53647,CIROP,T3,unclassified,orphadata_genes
HGNC:16744,CIZ1,T3,unclassified,orphadata_genes
HGNC:17088,CLASP1,T3,ndd_with_epilepsy,panelapp_au_epilepsy;panelapp_au_id
HGNC:2018,CLCA4,T3,unclassified,orphadata_genes
HGNC:17412,CLCF1,T3,unclassified,orphadata_genes
HGNC:2019,CLCN1,T3,unclassified,orphadata_genes
HGNC:2020,CLCN2,T3,ndd_with_epilepsy,clingen;orphadata_genes;panelapp_au_epilepsy;panelapp_au_id;panelapp_ge_epilepsy;panelapp_ge_id
HGNC:2026,CLCNKA,T3,ndd_no_documented_epilepsy,orphadata_genes;panelapp_au_id;panelapp_ge_id
HGNC:2032,CLDN1,T3,unclassified,orphadata_genes
HGNC:2033,CLDN10,T3,unclassified,orphadata_genes
HGNC:2040,CLDN19,T3,ndd_no_documented_epilepsy,orphadata_genes;panelapp_ge_id
HGNC:14558,CLEC7A,T3,unclassified,orphadata_genes
HGNC:2063,CLIC2,T3,ndd_no_documented_epilepsy,clingen;orphadata_genes;panelapp_au_id;panelapp_ge_id
HGNC:13517,CLIC5,T3,unclassified,orphadata_genes
HGNC:10461,CLIP1,T3,unclassified,orphadata_genes
HGNC:2586,CLIP2,T3,ndd_no_documented_epilepsy,orphadata_genes;panelapp_au_id
HGNC:24039,CLMP,T3,unclassified,orphadata_genes
HGNC:2093,CLTCL1,T3,unclassified,orphadata_genes
HGNC:29437,CLTRN,T3,unclassified,orphadata_genes
HGNC:18290,CMAS,T3,ndd_no_documented_epilepsy,panelapp_au_id
HGNC:35428,CMC4,T3,ndd_no_documented_epilepsy,panelapp_ge_id
HGNC:27015,CMPK2,T3,unclassified,orphadata_genes
HGNC:13164,CNBP,T3,unclassified,orphadata_genes
HGNC:2149,CNGA2,T3,unclassified,orphadata_genes
HGNC:2171,CNTN1,T3,unclassified,orphadata_genes
HGNC:2173,CNTN3,T3,ndd_no_documented_epilepsy,panelapp_au_id;panelapp_ge_id
HGNC:2174,CNTN4,T3,ndd_no_documented_epilepsy,clingen;panelapp_au_id;panelapp_ge_id
HGNC:2176,CNTN6,T3,ndd_no_documented_epilepsy,clingen;panelapp_au_id
HGNC:18748,CNTNAP5,T3,ndd_no_documented_epilepsy,clingen;panelapp_au_id
HGNC:24990,COA3,T3,ndd_no_documented_epilepsy,clingen;orphadata_genes;panelapp_au_id;panelapp_ge_id
HGNC:33848,COA5,T3,ndd_no_documented_epilepsy,clingen;orphadata_genes;panelapp_ge_id
HGNC:23571,COBLL1,T3,unclassified,orphadata_genes
HGNC:6546,COG2,T3,unclassified,clingen;orphadata_genes
HGNC:2188,COL12A1,T3,unclassified,orphadata_genes
HGNC:2190,COL13A1,T3,unclassified,orphadata_genes
HGNC:2191,COL14A1,T3,unclassified,orphadata_genes
HGNC:2194,COL17A1,T3,unclassified,orphadata_genes
HGNC:2198,COL1A2,T3,ndd_no_documented_epilepsy,clingen;orphadata_genes;panelapp_au_id;panelapp_ge_id
HGNC:18603,COL25A1,T3,ndd_no_documented_epilepsy,orphadata_genes;panelapp_ge_id
HGNC:22986,COL27A1,T3,unclassified,orphadata_genes
HGNC:2208,COL4A6,T3,ndd_no_documented_epilepsy,clingen;orphadata_genes;panelapp_ge_id
HGNC:2216,COL8A2,T3,unclassified,orphadata_genes
HGNC:2218,COL9A2,T3,ndd_no_documented_epilepsy,clingen;orphadata_genes;panelapp_ge_id
HGNC:2220,COLEC10,T3,ndd_no_documented_epilepsy,orphadata_genes;panelapp_au_id;panelapp_ge_id
HGNC:2226,COLQ,T3,unclassified,orphadata_genes
HGNC:26027,COMMD4,T3,ndd_no_documented_epilepsy,panelapp_au_id
HGNC:25014,COMMD9,T3,ndd_no_documented_epilepsy,panelapp_au_id
HGNC:2228,COMT,T3,unclassified,orphadata_genes
HGNC:2230,COPA,T3,unclassified,orphadata_genes
HGNC:2236,COPG1,T3,unclassified,clingen;orphadata_genes
HGNC:19012,CORIN,T3,unclassified,orphadata_genes
HGNC:16232,COX4I2,T3,ndd_no_documented_epilepsy,clingen;orphadata_genes;panelapp_au_id
HGNC:2294,COX8A,T3,unclassified,clingen;orphadata_genes
HGNC:2296,CPA1,T3,unclassified,orphadata_genes
HGNC:17245,CPA6,T3,ndd_with_epilepsy,clingen;orphadata_genes;panelapp_au_epilepsy;panelapp_au_id;panelapp_ge_epilepsy;panelapp_ge_id
HGNC:2301,CPD,T3,ndd_no_documented_epilepsy,panelapp_ge_id
HGNC:2329,CPT1B,T3,unclassified,clingen
HGNC:18540,CPT1C,T3,unclassified,clingen;orphadata_genes
HGNC:2332,CPXCR1,T3,ndd_no_documented_epilepsy,panelapp_ge_id
HGNC:28657,CRACR2A,T3,unclassified,clingen
HGNC:2345,CREB1,T3,unclassified,orphadata_genes
HGNC:18856,CREB3L1,T3,unclassified,orphadata_genes
HGNC:23720,CREB3L2,T3,unclassified,orphadata_genes
HGNC:18855,CREB3L3,T3,unclassified,orphadata_genes
HGNC:2355,CRH,T3,epilepsy_only_unclassified,clingen;orphadata_genes;panelapp_au_epilepsy;panelapp_ge_epilepsy
HGNC:2359,CRIM1,T3,unclassified,orphadata_genes
HGNC:11701,CRIPTO,T3,ndd_no_documented_epilepsy,clingen;orphadata_genes;panelapp_au_id
HGNC:2363,CRKL,T3,ndd_no_documented_epilepsy,clingen;orphadata_genes;panelapp_au_id
HGNC:2364,CRLF1,T3,ndd_no_documented_epilepsy,orphadata_genes;panelapp_au_id
HGNC:14281,CRLF2,T3,ndd_no_documented_epilepsy,panelapp_ge_id
HGNC:2379,CRTAP,T3,ndd_no_documented_epilepsy,orphadata_genes;panelapp_au_id
HGNC:2388,CRYAA,T3,ndd_no_documented_epilepsy,orphadata_genes;panelapp_ge_id
HGNC:2389,CRYAB,T3,unclassified,orphadata_genes
HGNC:2394,CRYBA1,T3,ndd_no_documented_epilepsy,orphadata_genes;panelapp_ge_id
HGNC:2395,CRYBA2,T3,unclassified,orphadata_genes
HGNC:2396,CRYBA4,T3,ndd_no_documented_epilepsy,orphadata_genes;panelapp_ge_id
HGNC:2397,CRYBB1,T3,ndd_no_documented_epilepsy,orphadata_genes;panelapp_ge_id
HGNC:2398,CRYBB2,T3,ndd_no_documented_epilepsy,orphadata_genes;panelapp_ge_id
HGNC:2400,CRYBB3,T3,ndd_no_documented_epilepsy,orphadata_genes;panelapp_ge_id
HGNC:2409,CRYGB,T3,unclassified,orphadata_genes
HGNC:2410,CRYGC,T3,ndd_no_documented_epilepsy,orphadata_genes;panelapp_ge_id
HGNC:2411,CRYGD,T3,ndd_no_documented_epilepsy,orphadata_genes;panelapp_ge_id
HGNC:2417,CRYGS,T3,unclassified,orphadata_genes
HGNC:2418,CRYM,T3,unclassified,clingen;orphadata_genes
HGNC:2439,CSF3R,T3,unclassified,orphadata_genes
HGNC:2452,CSNK1D,T3,unclassified,orphadata_genes
HGNC:2469,CSRP1,T3,unclassified,clingen
HGNC:2475,CST3,T3,unclassified,clingen;orphadata_genes
HGNC:26047,CT55,T3,unclassified,orphadata_genes
HGNC:2499,CTF1,T3,unclassified,clingen
HGNC:2511,CTNNA3,T3,unclassified,clingen;orphadata_genes
HGNC:15879,CTNNBL1,T3,unclassified,clingen
HGNC:2520,CTPS2,T3,ndd_no_documented_epilepsy,panelapp_ge_id
HGNC:2523,CTRC,T3,unclassified,orphadata_genes
HGNC:2527,CTSB,T3,unclassified,orphadata_genes
HGNC:2528,CTSC,T3,unclassified,orphadata_genes
HGNC:2535,CTSH,T3,unclassified,orphadata_genes
HGNC:15679,CTTNBP2,T3,ndd_no_documented_epilepsy,panelapp_ge_id
HGNC:2548,CUBN,T3,ndd_no_documented_epilepsy,orphadata_genes;panelapp_au_id
HGNC:21024,CUL7,T3,ndd_no_documented_epilepsy,orphadata_genes;panelapp_ge_id
HGNC:6027,CXCR2,T3,unclassified,orphadata_genes
HGNC:26356,CXorf58,T3,ndd_no_documented_epilepsy,panelapp_ge_id
HGNC:2577,CYBA,T3,unclassified,orphadata_genes
HGNC:2578,CYBB,T3,unclassified,orphadata_genes
HGNC:28672,CYBC1,T3,unclassified,orphadata_genes
HGNC:19986,CYCS,T3,unclassified,clingen;orphadata_genes
HGNC:13759,CYFIP1,T3,ndd_no_documented_epilepsy,panelapp_au_id;panelapp_ge_id
HGNC:2590,CYP11A1,T3,unclassified,orphadata_genes
HGNC:2591,CYP11B1,T3,unclassified,orphadata_genes
HGNC:2593,CYP17A1,T3,unclassified,orphadata_genes
HGNC:2594,CYP19A1,T3,unclassified,orphadata_genes
HGNC:2600,CYP21A2,T3,unclassified,orphadata_genes
HGNC:2602,CYP24A1,T3,unclassified,orphadata_genes
HGNC:20577,CYP26C1,T3,unclassified,orphadata_genes
HGNC:20580,CYP2R1,T3,unclassified,orphadata_genes
HGNC:26820,CYP4F22,T3,unclassified,orphadata_genes
HGNC:2649,CYP51A1,T3,unclassified,orphadata_genes
HGNC:2651,CYP7A1,T3,unclassified,orphadata_genes
HGNC:18525,CYS1,T3,unclassified,clingen
HGNC:18274,CYSLTR2,T3,unclassified,orphadata_genes
HGNC:18143,DAAM2,T3,unclassified,clingen;orphadata_genes
HGNC:2661,DAB1,T3,ndd_with_epilepsy,orphadata_genes;panelapp_au_epilepsy;panelapp_ge_id
HGNC:17748,DACT1,T3,ndd_no_documented_epilepsy,orphadata_genes;panelapp_ge_id
HGNC:26780,DAND5,T3,unclassified,clingen
HGNC:2671,DAO,T3,unclassified,clingen;orphadata_genes
HGNC:2682,DAZ1,T3,unclassified,orphadata_genes
HGNC:15964,DAZ2,T3,unclassified,orphadata_genes
HGNC:15965,DAZ3,T3,unclassified,orphadata_genes
HGNC:15966,DAZ4,T3,unclassified,orphadata_genes
HGNC:2689,DBH,T3,unclassified,orphadata_genes
HGNC:15594,DBR1,T3,unclassified,orphadata_genes
HGNC:33185,DBX1,T3,ndd_no_documented_epilepsy,panelapp_au_id
HGNC:24891,DCAF8,T3,unclassified,orphadata_genes
HGNC:13681,DCHS1,T3,ndd_with_epilepsy,clingen;genes4epilepsy;orphadata_genes;panelapp_au_id;panelapp_ge_id
HGNC:23111,DCHS2,T3,ndd_no_documented_epilepsy,panelapp_ge_id
HGNC:2705,DCN,T3,unclassified,orphadata_genes
HGNC:2709,DCT,T3,unclassified,orphadata_genes
HGNC:18985,DCXR,T3,unclassified,orphadata_genes
HGNC:2726,DDIT3,T3,unclassified,orphadata_genes
HGNC:16110,DDRGK1,T3,unclassified,orphadata_genes
HGNC:17821,DDX39A,T3,ndd_no_documented_epilepsy,panelapp_au_id
HGNC:2699,DDX3Y,T3,unclassified,orphadata_genes
HGNC:2753,DECR1,T3,ndd_with_epilepsy,clingen;panelapp_ge_id
HGNC:2768,DEK,T3,unclassified,orphadata_genes
HGNC:2843,DGAT1,T3,unclassified,orphadata_genes
HGNC:16940,DGAT2,T3,unclassified,orphadata_genes
HGNC:2854,DGKH,T3,ndd_no_documented_epilepsy,panelapp_ge_id
HGNC:2865,DHH,T3,unclassified,orphadata_genes
HGNC:17211,DHX38,T3,unclassified,orphadata_genes
HGNC:21528,DIABLO,T3,unclassified,clingen;orphadata_genes
HGNC:2877,DIAPH2,T3,ndd_no_documented_epilepsy,panelapp_ge_id
HGNC:15480,DIAPH3,T3,unclassified,clingen;orphadata_genes
HGNC:29284,DIP2B,T3,ndd_no_documented_epilepsy,panelapp_au_id;panelapp_ge_id
HGNC:28490,DIPK2A,T3,ndd_no_documented_epilepsy,panelapp_au_id;panelapp_ge_id
HGNC:17805,DIRC3,T3,unclassified,orphadata_genes
HGNC:2891,DKK1,T3,unclassified,orphadata_genes
HGNC:2899,DLEC1,T3,unclassified,orphadata_genes
HGNC:2906,DLGAP2,T3,ndd_no_documented_epilepsy,clingen;panelapp_au_id;panelapp_ge_id
HGNC:2907,DLK1,T3,ndd_no_documented_epilepsy,orphadata_genes;panelapp_au_id
HGNC:2909,DLL3,T3,ndd_no_documented_epilepsy,orphadata_genes;panelapp_ge_id
HGNC:2910,DLL4,T3,ndd_no_documented_epilepsy,orphadata_genes;panelapp_ge_id
HGNC:2911,DLST,T3,unclassified,orphadata_genes
HGNC:2916,DLX3,T3,unclassified,orphadata_genes
HGNC:2917,DLX4,T3,unclassified,orphadata_genes
HGNC:2918,DLX5,T3,unclassified,orphadata_genes
HGNC:2919,DLX6,T3,unclassified,orphadata_genes
HGNC:19026,DMBX1,T3,epilepsy_only_unclassified,panelapp_ge_epilepsy
HGNC:24475,DMGDH,T3,unclassified,clingen;orphadata_genes
HGNC:2932,DMP1,T3,ndd_no_documented_epilepsy,orphadata_genes;panelapp_ge_id
HGNC:2933,DMPK,T3,ndd_no_documented_epilepsy,orphadata_genes;panelapp_au_id;panelapp_ge_id
HGNC:2945,DNAH14,T3,ndd_with_epilepsy,clingen;genes4epilepsy;panelapp_au_epilepsy;panelapp_au_id;panelapp_ge_id
HGNC:2951,DNAH6,T3,unclassified,clingen
HGNC:18661,DNAH7,T3,unclassified,clingen;orphadata_genes
HGNC:2952,DNAH8,T3,unclassified,clingen
HGNC:5229,DNAJA1,T3,ndd_no_documented_epilepsy,panelapp_au_id
HGNC:5270,DNAJB1,T3,unclassified,orphadata_genes
HGNC:14886,DNAJB4,T3,unclassified,orphadata_genes
HGNC:30343,DNAJC13,T3,unclassified,orphadata_genes
HGNC:9439,DNAJC3,T3,ndd_no_documented_epilepsy,orphadata_genes;panelapp_au_id;panelapp_ge_id
HGNC:12392,DNAJC7,T3,unclassified,clingen
HGNC:2955,DNAL4,T3,unclassified,orphadata_genes
HGNC:14353,DNALI1,T3,unclassified,orphadata_genes
HGNC:2956,DNASE1,T3,unclassified,clingen;orphadata_genes
HGNC:26532,DNHD1,T3,unclassified,orphadata_genes
HGNC:30373,DNMBP,T3,unclassified,orphadata_genes
HGNC:20225,DPF1,T3,ndd_no_documented_epilepsy,panelapp_ge_id
HGNC:17427,DPF3,T3,ndd_no_documented_epilepsy,panelapp_ge_id
HGNC:20823,DPP10,T3,ndd_no_documented_epilepsy,panelapp_au_id
HGNC:3010,DPP6,T3,ndd_no_documented_epilepsy,clingen;orphadata_genes;panelapp_au_id;panelapp_ge_id
HGNC:18648,DPP9,T3,unclassified,orphadata_genes
HGNC:28769,DRAM2,T3,unclassified,orphadata_genes
HGNC:3023,DRD2,T3,ndd_no_documented_epilepsy,orphadata_genes;panelapp_ge_id
HGNC:3037,DSC3,T3,unclassified,orphadata_genes
HGNC:3048,DSG1,T3,unclassified,orphadata_genes
HGNC:21307,DSG4,T3,unclassified,orphadata_genes
HGNC:3052,DSP,T3,unclassified,clingen;orphadata_genes
HGNC:3057,DTNA,T3,unclassified,clingen;orphadata_genes
HGNC:13273,DUOX2,T3,unclassified,orphadata_genes
HGNC:32698,DUOXA2,T3,ndd_no_documented_epilepsy,orphadata_genes;panelapp_au_id
HGNC:3072,DUSP6,T3,unclassified,orphadata_genes
HGNC:3078,DUT,T3,unclassified,orphadata_genes
HGNC:50800,DUX4,T3,unclassified,orphadata_genes
HGNC:3082,DUX4L1,T3,unclassified,orphadata_genes
HGNC:3084,DVL1,T3,ndd_no_documented_epilepsy,orphadata_genes;panelapp_ge_id
HGNC:3087,DVL3,T3,ndd_no_documented_epilepsy,orphadata_genes;panelapp_ge_id
HGNC:24595,DYNC2LI1,T3,unclassified,orphadata_genes
HGNC:28482,DYNLT2B,T3,unclassified,clingen
HGNC:3146,ECE1,T3,unclassified,orphadata_genes
HGNC:3147,ECEL1,T3,ndd_no_documented_epilepsy,orphadata_genes;panelapp_ge_id
HGNC:3157,EDA,T3,ndd_no_documented_epilepsy,orphadata_genes;panelapp_ge_id
HGNC:17756,EDA2R,T3,unclassified,orphadata_genes
HGNC:14341,EDARADD,T3,unclassified,orphadata_genes
HGNC:26114,EDC3,T3,ndd_no_documented_epilepsy,orphadata_genes;panelapp_au_id
HGNC:3176,EDN1,T3,unclassified,clingen;orphadata_genes
HGNC:3179,EDNRA,T3,ndd_no_documented_epilepsy,orphadata_genes;panelapp_ge_id
HGNC:16406,EFHC1,T3,ndd_with_epilepsy,clingen;orphadata_genes;panelapp_au_epilepsy;panelapp_ge_epilepsy;panelapp_ge_id
HGNC:3227,EFNB2,T3,ndd_no_documented_epilepsy,clingen;panelapp_au_id
HGNC:3229,EGF,T3,unclassified,clingen;orphadata_genes
HGNC:3247,EHHADH,T3,unclassified,clingen;orphadata_genes
HGNC:24921,EIF2AK1,T3,ndd_no_documented_epilepsy,panelapp_au_id;panelapp_ge_id
HGNC:3296,EIF4G1,T3,ndd_no_documented_epilepsy,orphadata_genes;panelapp_ge_id
HGNC:12741,EIF4H,T3,unclassified,orphadata_genes
HGNC:3321,ELK1,T3,ndd_no_documented_epilepsy,panelapp_ge_id
HGNC:17233,ELMO2,T3,unclassified,orphadata_genes
HGNC:25334,ELMOD1,T3,ndd_no_documented_epilepsy,panelapp_au_id
HGNC:28111,ELMOD2,T3,unclassified,clingen
HGNC:26158,ELMOD3,T3,unclassified,clingen;orphadata_genes
HGNC:21308,ELOVL5,T3,ndd_no_documented_epilepsy,orphadata_genes;panelapp_ge_id
HGNC:3331,EMD,T3,unclassified,orphadata_genes
HGNC:3334,EMP2,T3,unclassified,orphadata_genes
HGNC:3343,EN2,T3,ndd_no_documented_epilepsy,clingen;panelapp_au_id;panelapp_ge_id
HGNC:3344,ENAM,T3,unclassified,orphadata_genes
HGNC:3354,ENO3,T3,unclassified,orphadata_genes
HGNC:2259,ENOX2,T3,ndd_no_documented_epilepsy,panelapp_ge_id
HGNC:3374,EPAS1,T3,unclassified,orphadata_genes
HGNC:3377,EPB41,T3,unclassified,orphadata_genes
HGNC:3381,EPB42,T3,unclassified,orphadata_genes
HGNC:11529,EPCAM,T3,unclassified,clingen;orphadata_genes
HGNC:3386,EPHA2,T3,unclassified,orphadata_genes
HGNC:3393,EPHB2,T3,unclassified,clingen
HGNC:3401,EPHX1,T3,unclassified,clingen;orphadata_genes
HGNC:3415,EPO,T3,unclassified,orphadata_genes
HGNC:3416,EPOR,T3,unclassified,orphadata_genes
HGNC:15577,EPPK1,T3,ndd_no_documented_epilepsy,panelapp_ge_id
HGNC:24634,EPS15L1,T3,unclassified,orphadata_genes
HGNC:21297,EPS8L3,T3,unclassified,orphadata_genes
HGNC:3424,ERAL1,T3,unclassified,orphadata_genes
HGNC:18173,ERAP1,T3,unclassified,orphadata_genes
HGNC:3430,ERBB2,T3,unclassified,orphadata_genes
HGNC:3431,ERBB3,T3,unclassified,orphadata_genes
HGNC:15842,ERBIN,T3,unclassified,clingen;orphadata_genes
HGNC:17072,ERC1,T3,unclassified,orphadata_genes
HGNC:3446,ERG,T3,unclassified,orphadata_genes
HGNC:29205,ERGIC1,T3,unclassified,orphadata_genes
HGNC:3467,ESR1,T3,unclassified,orphadata_genes
HGNC:3468,ESR2,T3,unclassified,orphadata_genes
HGNC:25966,ESRP1,T3,unclassified,clingen
HGNC:14865,ESX1,T3,ndd_no_documented_epilepsy,panelapp_ge_id
HGNC:3490,ETV1,T3,unclassified,orphadata_genes
HGNC:3493,ETV4,T3,unclassified,orphadata_genes
HGNC:3508,EWSR1,T3,unclassified,clingen;orphadata_genes
HGNC:3511,EXO1,T3,unclassified,clingen
HGNC:24662,EXOSC5,T3,unclassified,orphadata_genes
HGNC:9137,EXOSC9,T3,unclassified,orphadata_genes
HGNC:30578,EXPH5,T3,unclassified,orphadata_genes
HGNC:12691,EZR,T3,unclassified,orphadata_genes
HGNC:26440,FAAH2,T3,ndd_no_documented_epilepsy,clingen;panelapp_au_id;panelapp_ge_id
HGNC:26171,FAAP100,T3,unclassified,orphadata_genes
HGNC:28467,FAAP24,T3,unclassified,clingen
HGNC:19367,FAM13A,T3,unclassified,orphadata_genes
HGNC:25808,FAM161A,T3,ndd_no_documented_epilepsy,orphadata_genes;panelapp_ge_id
HGNC:23015,FAM20A,T3,ndd_no_documented_epilepsy,orphadata_genes;panelapp_ge_id
HGNC:23017,FAM20B,T3,unclassified,clingen
HGNC:26659,FAM47B,T3,ndd_no_documented_epilepsy,panelapp_ge_id
HGNC:23168,FANCM,T3,unclassified,clingen;orphadata_genes
HGNC:3594,FASN,T3,ndd_no_documented_epilepsy,panelapp_ge_id
HGNC:3596,FAT2,T3,unclassified,orphadata_genes
HGNC:3600,FBLN1,T3,unclassified,orphadata_genes
HGNC:3601,FBLN2,T3,unclassified,clingen
HGNC:26740,FBLN7,T3,unclassified,orphadata_genes
HGNC:3603,FBN1,T3,ndd_no_documented_epilepsy,clingen;orphadata_genes;panelapp_au_id;panelapp_ge_id
HGNC:13596,FBXO25,T3,ndd_no_documented_epilepsy,panelapp_ge_id
HGNC:16731,FBXO32,T3,unclassified,clingen
HGNC:28521,FBXO43,T3,unclassified,orphadata_genes
HGNC:13586,FBXO7,T3,ndd_no_documented_epilepsy,orphadata_genes;panelapp_ge_id
HGNC:13587,FBXO8,T3,ndd_no_documented_epilepsy,panelapp_ge_id
HGNC:10847,FBXW4,T3,ndd_no_documented_epilepsy,orphadata_genes;panelapp_ge_id
HGNC:3618,FCGR2B,T3,unclassified,orphadata_genes
HGNC:15626,FCGR2C,T3,unclassified,orphadata_genes
HGNC:3619,FCGR3A,T3,unclassified,orphadata_genes
HGNC:3620,FCGR3B,T3,unclassified,orphadata_genes
HGNC:3625,FCN3,T3,unclassified,orphadata_genes
HGNC:3631,FDPS,T3,unclassified,orphadata_genes
HGNC:22788,FEZF1,T3,unclassified,orphadata_genes
HGNC:3666,FGF10,T3,ndd_no_documented_epilepsy,orphadata_genes;panelapp_ge_id
HGNC:3668,FGF12,T3,ndd_with_epilepsy,clingen;genes4epilepsy;orphadata_genes;panelapp_au_epilepsy;panelapp_au_id;panelapp_ge_epilepsy;panelapp_ge_id
HGNC:3672,FGF16,T3,unclassified,orphadata_genes
HGNC:3673,FGF17,T3,unclassified,orphadata_genes
HGNC:3677,FGF20,T3,unclassified,orphadata_genes
HGNC:3680,FGF23,T3,unclassified,orphadata_genes
HGNC:3683,FGF5,T3,unclassified,orphadata_genes
HGNC:29320,FHIP2A,T3,ndd_no_documented_epilepsy,panelapp_au_id;panelapp_ge_id
HGNC:3701,FHIT,T3,unclassified,orphadata_genes
HGNC:3702,FHL1,T3,ndd_no_documented_epilepsy,orphadata_genes;panelapp_ge_id
HGNC:3703,FHL2,T3,unclassified,orphadata_genes
HGNC:24669,FIGLA,T3,unclassified,orphadata_genes
HGNC:19124,FIP1L1,T3,unclassified,orphadata_genes
HGNC:18169,FKBP10,T3,unclassified,orphadata_genes
HGNC:18625,FKBP14,T3,ndd_no_documented_epilepsy,orphadata_genes;panelapp_ge_id
HGNC:3722,FKBP6,T3,ndd_no_documented_epilepsy,orphadata_genes;panelapp_ge_id
HGNC:13949,FKBPL,T3,ndd_no_documented_epilepsy,panelapp_ge_id
HGNC:3748,FLG,T3,unclassified,orphadata_genes
HGNC:33276,FLG2,T3,unclassified,orphadata_genes
HGNC:3760,FLRT1,T3,unclassified,orphadata_genes
HGNC:3762,FLRT3,T3,unclassified,orphadata_genes
HGNC:3763,FLT1,T3,unclassified,orphadata_genes
HGNC:3765,FLT3,T3,unclassified,clingen;orphadata_genes
HGNC:3772,FMO4,T3,ndd_no_documented_epilepsy,panelapp_au_id
HGNC:3773,FMO5,T3,unclassified,clingen
HGNC:3796,FOS,T3,unclassified,orphadata_genes
HGNC:3797,FOSB,T3,unclassified,orphadata_genes
HGNC:3804,FOXD3,T3,unclassified,clingen
HGNC:3809,FOXF1,T3,ndd_no_documented_epilepsy,orphadata_genes;panelapp_ge_id
HGNC:3814,FOXH1,T3,unclassified,clingen;orphadata_genes
HGNC:3815,FOXI1,T3,unclassified,clingen;orphadata_genes
HGNC:35123,FOXI3,T3,unclassified,clingen
HGNC:3817,FOXL1,T3,unclassified,clingen
HGNC:1092,FOXL2,T3,unclassified,orphadata_genes
HGNC:3819,FOXO1,T3,unclassified,orphadata_genes
HGNC:3826,FPR1,T3,unclassified,orphadata_genes
HGNC:23399,FREM1,T3,ndd_no_documented_epilepsy,orphadata_genes;panelapp_ge_id
HGNC:3954,FRG1,T3,unclassified,orphadata_genes
HGNC:8079,FRMD7,T3,ndd_no_documented_epilepsy,panelapp_ge_id
HGNC:11148,FSCN1,T3,ndd_no_documented_epilepsy,panelapp_au_id
HGNC:3960,FSCN2,T3,unclassified,orphadata_genes
HGNC:3964,FSHB,T3,unclassified,orphadata_genes
HGNC:3969,FSHR,T3,unclassified,orphadata_genes
HGNC:21675,FSIP2,T3,unclassified,orphadata_genes
HGNC:4013,FUT2,T3,ndd_with_epilepsy,panelapp_ge_epilepsy;panelapp_ge_id
HGNC:26219,FUZ,T3,unclassified,orphadata_genes
HGNC:14673,FYCO1,T3,ndd_no_documented_epilepsy,orphadata_genes;panelapp_ge_id
HGNC:4040,FZD2,T3,unclassified,orphadata_genes
HGNC:4041,FZD3,T3,ndd_no_documented_epilepsy,panelapp_au_id;panelapp_ge_id
HGNC:4043,FZD5,T3,unclassified,orphadata_genes
HGNC:4044,FZD6,T3,ndd_no_documented_epilepsy,orphadata_genes;panelapp_ge_id
HGNC:17515,GAB3,T3,ndd_no_documented_epilepsy,panelapp_ge_id
HGNC:4080,GABRA6,T3,epilepsy_only_unclassified,panelapp_au_epilepsy
HGNC:4086,GABRG1,T3,ndd_with_epilepsy,panelapp_au_epilepsy;panelapp_au_id
HGNC:4088,GABRG3,T3,ndd_no_documented_epilepsy,panelapp_ge_id
HGNC:14454,GABRQ,T3,ndd_no_documented_epilepsy,panelapp_ge_id
HGNC:4113,GAK,T3,ndd_no_documented_epilepsy,panelapp_au_id
HGNC:4114,GAL,T3,epilepsy_only_unclassified,panelapp_au_epilepsy;panelapp_ge_epilepsy
HGNC:19877,GALNT12,T3,unclassified,clingen
HGNC:4140,GAP43,T3,ndd_no_documented_epilepsy,panelapp_au_id;panelapp_ge_id
HGNC:23375,GAPVD1,T3,unclassified,orphadata_genes
HGNC:4165,GAS1,T3,unclassified,clingen;orphadata_genes
HGNC:1197,GAS8-AS1,T3,unclassified,orphadata_genes
HGNC:15802,GATA5,T3,unclassified,orphadata_genes
HGNC:29941,GATAD1,T3,unclassified,clingen;orphadata_genes
HGNC:4185,GBX1,T3,ndd_with_epilepsy,panelapp_au_epilepsy;panelapp_au_id
HGNC:4192,GCGR,T3,unclassified,orphadata_genes
HGNC:4311,GCLC,T3,unclassified,orphadata_genes
HGNC:4198,GCM2,T3,unclassified,orphadata_genes
HGNC:15805,GCNA,T3,unclassified,orphadata_genes
HGNC:4204,GCNT2,T3,unclassified,orphadata_genes
HGNC:4214,GDF1,T3,unclassified,orphadata_genes
HGNC:4218,GDF3,T3,unclassified,orphadata_genes
HGNC:4220,GDF5,T3,ndd_no_documented_epilepsy,orphadata_genes;panelapp_ge_id
HGNC:4221,GDF6,T3,ndd_no_documented_epilepsy,orphadata_genes;panelapp_ge_id
HGNC:4232,GDNF,T3,unclassified,orphadata_genes
HGNC:26881,GEN1,T3,unclassified,clingen
HGNC:752,GET3,T3,unclassified,clingen;orphadata_genes
HGNC:4237,GFI1,T3,unclassified,orphadata_genes
HGNC:4243,GFRA1,T3,unclassified,orphadata_genes
HGNC:12390,GFUS,T3,unclassified,clingen
HGNC:18869,GGN,T3,unclassified,orphadata_genes
HGNC:4249,GGPS1,T3,unclassified,orphadata_genes
HGNC:4250,GGT1,T3,unclassified,orphadata_genes
HGNC:4261,GH1,T3,unclassified,orphadata_genes
HGNC:4263,GHR,T3,ndd_no_documented_epilepsy,orphadata_genes;panelapp_au_id;panelapp_ge_id
HGNC:4266,GHRHR,T3,unclassified,orphadata_genes
HGNC:4267,GHSR,T3,unclassified,orphadata_genes
HGNC:1226,GIPC1,T3,unclassified,orphadata_genes
HGNC:4274,GJA1,T3,ndd_no_documented_epilepsy,clingen;orphadata_genes;panelapp_au_id;panelapp_ge_id
HGNC:4277,GJA3,T3,ndd_no_documented_epilepsy,orphadata_genes;panelapp_ge_id
HGNC:4279,GJA5,T3,unclassified,clingen;orphadata_genes
HGNC:4281,GJA8,T3,ndd_no_documented_epilepsy,orphadata_genes;panelapp_ge_id
HGNC:4285,GJB3,T3,ndd_no_documented_epilepsy,clingen;orphadata_genes;panelapp_ge_id
HGNC:4286,GJB4,T3,unclassified,orphadata_genes
HGNC:4288,GJB6,T3,unclassified,clingen;orphadata_genes
HGNC:4315,GLE1,T3,ndd_no_documented_epilepsy,clingen;orphadata_genes;panelapp_ge_id
HGNC:4317,GLI1,T3,unclassified,orphadata_genes
HGNC:14373,GLMN,T3,ndd_no_documented_epilepsy,orphadata_genes;panelapp_ge_id
HGNC:4329,GLRB,T3,epilepsy_only_unclassified,orphadata_genes;panelapp_ge_epilepsy
HGNC:20134,GLRX5,T3,unclassified,orphadata_genes
HGNC:24870,GLT8D1,T3,unclassified,clingen;orphadata_genes
HGNC:13734,GLYAT,T3,ndd_no_documented_epilepsy,panelapp_au_id
HGNC:4379,GNA11,T3,unclassified,orphadata_genes
HGNC:4382,GNA14,T3,ndd_no_documented_epilepsy,orphadata_genes;panelapp_au_id
HGNC:4388,GNAL,T3,ndd_no_documented_epilepsy,orphadata_genes;panelapp_ge_id
HGNC:4415,GNMT,T3,unclassified,clingen;orphadata_genes
HGNC:4419,GNRH1,T3,unclassified,orphadata_genes
HGNC:4421,GNRHR,T3,unclassified,orphadata_genes
HGNC:4428,GOLGA5,T3,unclassified,orphadata_genes
HGNC:20356,GON7,T3,unclassified,orphadata_genes
HGNC:17643,GOPC,T3,unclassified,orphadata_genes
HGNC:4454,GPC6,T3,unclassified,orphadata_genes
HGNC:4455,GPD1,T3,unclassified,orphadata_genes
HGNC:28956,GPD1L,T3,unclassified,clingen;orphadata_genes
HGNC:4458,GPI,T3,unclassified,orphadata_genes
HGNC:24945,GPIHBP1,T3,unclassified,orphadata_genes
HGNC:4462,GPNMB,T3,unclassified,orphadata_genes
HGNC:14963,GPR101,T3,unclassified,orphadata_genes
HGNC:4492,GPR35,T3,unclassified,orphadata_genes
HGNC:4519,GPR68,T3,unclassified,orphadata_genes
HGNC:24834,GPRASP1,T3,ndd_no_documented_epilepsy,panelapp_ge_id
HGNC:25169,GPRASP2,T3,unclassified,orphadata_genes
HGNC:4556,GPX4,T3,unclassified,orphadata_genes
HGNC:4562,GRAP,T3,unclassified,clingen;orphadata_genes
HGNC:4564,GRB10,T3,unclassified,orphadata_genes
HGNC:4565,GRB14,T3,ndd_no_documented_epilepsy,panelapp_ge_id
HGNC:31042,GREB1L,T3,unclassified,orphadata_genes
HGNC:17655,GREM2,T3,unclassified,clingen;orphadata_genes
HGNC:4570,GRHPR,T3,unclassified,orphadata_genes
HGNC:18706,GRIPAP1,T3,ndd_no_documented_epilepsy,panelapp_au_id
HGNC:4609,GRPR,T3,ndd_no_documented_epilepsy,panelapp_au_id
HGNC:4612,GSC,T3,unclassified,orphadata_genes
HGNC:4620,GSN,T3,unclassified,orphadata_genes
HGNC:4623,GSR,T3,unclassified,orphadata_genes
HGNC:4635,GSTM3,T3,unclassified,orphadata_genes
HGNC:4658,GTF2H4,T3,ndd_no_documented_epilepsy,panelapp_au_id
HGNC:4661,GTF2IRD1,T3,ndd_no_documented_epilepsy,orphadata_genes;panelapp_au_id
HGNC:30775,GTF2IRD2,T3,unclassified,orphadata_genes
HGNC:25007,GTPBP8,T3,ndd_no_documented_epilepsy,panelapp_ge_id
HGNC:4679,GUCA1B,T3,unclassified,orphadata_genes
HGNC:4685,GUCY1A1,T3,unclassified,orphadata_genes
HGNC:4688,GUCY2C,T3,ndd_no_documented_epilepsy,orphadata_genes;panelapp_ge_id
HGNC:4704,GYPC,T3,unclassified,orphadata_genes
HGNC:15808,GZF1,T3,unclassified,orphadata_genes
HGNC:4713,H19,T3,ndd_no_documented_epilepsy,orphadata_genes;panelapp_au_id
HGNC:4778,H3-4,T3,ndd_no_documented_epilepsy,panelapp_ge_id
HGNC:20503,H3C14,T3,unclassified,orphadata_genes
HGNC:4776,H3C2,T3,unclassified,orphadata_genes
HGNC:4768,H3C3,T3,unclassified,orphadata_genes
HGNC:4789,H4C2,T3,ndd_no_documented_epilepsy,panelapp_ge_id
HGNC:4795,H6PD,T3,unclassified,orphadata_genes
HGNC:4798,HABP2,T3,unclassified,orphadata_genes
HGNC:4806,HAL,T3,ndd_no_documented_epilepsy,clingen;orphadata_genes;panelapp_au_id
HGNC:4817,HARS2,T3,ndd_no_documented_epilepsy,clingen;orphadata_genes;panelapp_au_id;panelapp_ge_id
HGNC:4819,HAS2,T3,unclassified,clingen
HGNC:32979,HAUS7,T3,ndd_no_documented_epilepsy,panelapp_ge_id
HGNC:4829,HBD,T3,unclassified,orphadata_genes
HGNC:4831,HBG1,T3,unclassified,orphadata_genes
HGNC:4832,HBG2,T3,unclassified,orphadata_genes
HGNC:16882,HCN4,T3,epilepsy_only_unclassified,clingen;orphadata_genes;panelapp_au_epilepsy
HGNC:4847,HCRT,T3,unclassified,orphadata_genes
HGNC:4852,HDAC1,T3,unclassified,clingen
HGNC:14064,HDAC6,T3,ndd_no_documented_epilepsy,orphadata_genes;panelapp_ge_id
HGNC:14065,HDAC9,T3,unclassified,clingen
HGNC:43984,HELLPAR,T3,unclassified,orphadata_genes
HGNC:30477,HEPHL1,T3,ndd_no_documented_epilepsy,clingen
HGNC:15977,HES7,T3,unclassified,orphadata_genes
HGNC:4880,HEY1,T3,unclassified,clingen
HGNC:4881,HEY2,T3,unclassified,clingen;orphadata_genes
HGNC:18270,HHAT,T3,unclassified,orphadata_genes
HGNC:4907,HIBADH,T3,unclassified,clingen
HGNC:4909,HIC1,T3,unclassified,orphadata_genes
HGNC:23302,HKDC1,T3,unclassified,orphadata_genes
HGNC:4931,HLA-A,T3,unclassified,orphadata_genes
HGNC:4932,HLA-B,T3,unclassified,orphadata_genes
HGNC:4933,HLA-C,T3,unclassified,orphadata_genes
HGNC:4938,HLA-DPA1,T3,unclassified,orphadata_genes
HGNC:4940,HLA-DPB1,T3,unclassified,orphadata_genes
HGNC:4942,HLA-DQA1,T3,unclassified,orphadata_genes
HGNC:4944,HLA-DQB1,T3,unclassified,orphadata_genes
HGNC:4947,HLA-DRA,T3,unclassified,orphadata_genes
HGNC:4948,HLA-DRB1,T3,unclassified,orphadata_genes
HGNC:4977,HLF,T3,unclassified,orphadata_genes
HGNC:4978,HLX,T3,unclassified,orphadata_genes
HGNC:5004,HMGB3,T3,ndd_no_documented_epilepsy,panelapp_ge_id
HGNC:5003,HMGXB4,T3,ndd_no_documented_epilepsy,panelapp_ge_id
HGNC:5031,HNRNPA1,T3,unclassified,orphadata_genes
HGNC:5101,HOXA11,T3,unclassified,clingen;orphadata_genes
HGNC:5103,HOXA2,T3,unclassified,orphadata_genes
HGNC:5111,HOXB1,T3,unclassified,orphadata_genes
HGNC:5125,HOXC13,T3,ndd_no_documented_epilepsy,orphadata_genes;panelapp_ge_id
HGNC:5133,HOXD10,T3,ndd_no_documented_epilepsy,orphadata_genes;panelapp_au_id;panelapp_ge_id
HGNC:5136,HOXD13,T3,ndd_no_documented_epilepsy,orphadata_genes;panelapp_ge_id
HGNC:5154,HPGD,T3,ndd_no_documented_epilepsy,orphadata_genes;panelapp_ge_id
HGNC:18374,HPSE2,T3,ndd_no_documented_epilepsy,orphadata_genes;panelapp_ge_id
HGNC:5172,HR,T3,ndd_no_documented_epilepsy,orphadata_genes;panelapp_ge_id
HGNC:14178,HS3ST6,T3,unclassified,orphadata_genes
HGNC:5201,HS6ST1,T3,unclassified,orphadata_genes
HGNC:5208,HSD11B1,T3,unclassified,orphadata_genes
HGNC:5212,HSD17B3,T3,unclassified,orphadata_genes
HGNC:5218,HSD3B2,T3,unclassified,orphadata_genes
HGNC:5227,HSF4,T3,ndd_no_documented_epilepsy,orphadata_genes;panelapp_ge_id
HGNC:5248,HSPB3,T3,unclassified,orphadata_genes
HGNC:16389,HSPBAP1,T3,unclassified,orphadata_genes
HGNC:5286,HTR1A,T3,unclassified,orphadata_genes
HGNC:9476,HTRA1,T3,unclassified,orphadata_genes
HGNC:5321,HYAL2,T3,unclassified,orphadata_genes
HGNC:34403,HYKK,T3,unclassified,clingen
HGNC:5326,HYMAI,T3,unclassified,orphadata_genes
HGNC:16931,HYOU1,T3,unclassified,clingen
HGNC:18418,HYPK,T3,ndd_no_documented_epilepsy,panelapp_au_id
HGNC:5361,ID2,T3,unclassified,clingen
HGNC:5382,IDH1,T3,epilepsy_only_unclassified,orphadata_genes;panelapp_au_epilepsy
HGNC:5384,IDH3A,T3,unclassified,orphadata_genes
HGNC:16644,IFITM5,T3,ndd_no_documented_epilepsy,orphadata_genes;panelapp_ge_id
HGNC:5433,IFNAR2,T3,ndd_no_documented_epilepsy,orphadata_genes;panelapp_ge_id
HGNC:5438,IFNG,T3,unclassified,orphadata_genes
HGNC:5439,IFNGR1,T3,unclassified,orphadata_genes
HGNC:5440,IFNGR2,T3,unclassified,orphadata_genes
HGNC:5456,IFRD1,T3,unclassified,orphadata_genes
HGNC:19009,IFT38,T3,ndd_no_documented_epilepsy,panelapp_au_id
HGNC:20606,IFT88,T3,unclassified,orphadata_genes
HGNC:5461,IGBP1,T3,ndd_no_documented_epilepsy,clingen;orphadata_genes;panelapp_au_id;panelapp_ge_id
HGNC:5468,IGFALS,T3,unclassified,orphadata_genes
HGNC:5476,IGFBP7,T3,unclassified,orphadata_genes
HGNC:5477,IGH,T3,unclassified,orphadata_genes
HGNC:5525,IGHG1,T3,unclassified,orphadata_genes
HGNC:5526,IGHG2,T3,unclassified,orphadata_genes
HGNC:5586,IGHV3-21,T3,unclassified,orphadata_genes
HGNC:5650,IGHV4-34,T3,unclassified,orphadata_genes
HGNC:5716,IGKC,T3,unclassified,clingen;orphadata_genes
HGNC:5948,IGSF1,T3,ndd_no_documented_epilepsy,orphadata_genes;panelapp_ge_id
HGNC:5950,IGSF3,T3,unclassified,orphadata_genes
HGNC:5956,IHH,T3,ndd_no_documented_epilepsy,orphadata_genes;panelapp_ge_id
HGNC:5969,IL12A,T3,unclassified,orphadata_genes
HGNC:49094,IL12A-AS1,T3,unclassified,orphadata_genes
HGNC:5970,IL12B,T3,unclassified,orphadata_genes
HGNC:5971,IL12RB1,T3,unclassified,orphadata_genes
HGNC:16404,IL17F,T3,unclassified,orphadata_genes
HGNC:5985,IL17RA,T3,unclassified,orphadata_genes
HGNC:18358,IL17RC,T3,unclassified,orphadata_genes
HGNC:17616,IL17RD,T3,unclassified,orphadata_genes
HGNC:6000,IL1RN,T3,unclassified,orphadata_genes
HGNC:6005,IL21,T3,unclassified,clingen;orphadata_genes
HGNC:19100,IL23R,T3,unclassified,orphadata_genes
HGNC:18969,IL31RA,T3,unclassified,orphadata_genes
HGNC:15561,IL36RN,T3,unclassified,orphadata_genes
HGNC:6012,IL3RA,T3,ndd_no_documented_epilepsy,panelapp_ge_id
HGNC:6018,IL6,T3,unclassified,orphadata_genes
HGNC:6019,IL6R,T3,unclassified,clingen;orphadata_genes
HGNC:6021,IL6ST,T3,unclassified,orphadata_genes
HGNC:6023,IL7,T3,unclassified,orphadata_genes
HGNC:6037,ILF2,T3,ndd_no_documented_epilepsy,panelapp_ge_id
HGNC:6040,ILK,T3,unclassified,clingen
HGNC:14598,IMMP2L,T3,ndd_no_documented_epilepsy,panelapp_au_id
HGNC:6062,ING1,T3,unclassified,orphadata_genes
HGNC:6066,INHBA,T3,unclassified,orphadata_genes
HGNC:26956,INO80,T3,epilepsy_only_unclassified,clingen;orphadata_genes;panelapp_ge_epilepsy
HGNC:27334,INTS6L,T3,ndd_no_documented_epilepsy,panelapp_ge_id
HGNC:20739,IPMK,T3,unclassified,orphadata_genes
HGNC:29171,IQCE,T3,unclassified,orphadata_genes
HGNC:6112,IRAK1,T3,ndd_no_documented_epilepsy,orphadata_genes;panelapp_ge_id
HGNC:17967,IRAK4,T3,unclassified,orphadata_genes
HGNC:6116,IRF1,T3,unclassified,orphadata_genes
HGNC:21729,IRF2BP2,T3,unclassified,clingen;orphadata_genes
HGNC:6120,IRF5,T3,unclassified,orphadata_genes
HGNC:6122,IRF7,T3,unclassified,orphadata_genes
HGNC:5358,IRF8,T3,unclassified,orphadata_genes
HGNC:14359,IRX2,T3,unclassified,orphadata_genes
HGNC:6129,IRX4,T3,unclassified,clingen
HGNC:4053,ISG15,T3,unclassified,orphadata_genes
HGNC:6137,ITGA2,T3,unclassified,orphadata_genes
HGNC:6140,ITGA4,T3,ndd_no_documented_epilepsy,panelapp_ge_id
HGNC:6142,ITGA6,T3,unclassified,orphadata_genes
HGNC:6144,ITGA8,T3,unclassified,orphadata_genes
HGNC:6149,ITGAM,T3,unclassified,orphadata_genes
HGNC:6155,ITGB2,T3,unclassified,orphadata_genes
HGNC:6161,ITGB6,T3,ndd_no_documented_epilepsy,orphadata_genes;panelapp_ge_id
HGNC:28907,ITIH6,T3,ndd_no_documented_epilepsy,panelapp_ge_id
HGNC:6174,ITM2B,T3,unclassified,orphadata_genes
HGNC:6179,ITPKB,T3,unclassified,clingen
HGNC:6181,ITPR2,T3,unclassified,orphadata_genes
HGNC:21071,IYD,T3,ndd_no_documented_epilepsy,orphadata_genes;panelapp_au_id
HGNC:26926,JAGN1,T3,ndd_no_documented_epilepsy,orphadata_genes;panelapp_ge_id
HGNC:6192,JAK2,T3,unclassified,orphadata_genes
HGNC:14686,JAM2,T3,unclassified,orphadata_genes
HGNC:28917,JAZF1,T3,unclassified,orphadata_genes
HGNC:6199,JRK,T3,unclassified,orphadata_genes
HGNC:6207,JUP,T3,unclassified,orphadata_genes
HGNC:19309,KANK1,T3,ndd_no_documented_epilepsy,orphadata_genes;panelapp_au_id;panelapp_ge_id
HGNC:29300,KANK2,T3,unclassified,orphadata_genes
HGNC:17582,KAT6B,T3,ndd_no_documented_epilepsy,clingen;orphadata_genes;panelapp_au_id;panelapp_ge_id
HGNC:25387,KATNAL2,T3,ndd_no_documented_epilepsy,clingen;panelapp_au_id;panelapp_ge_id
HGNC:6222,KCNA4,T3,epilepsy_only_unclassified,panelapp_au_epilepsy
HGNC:6224,KCNA5,T3,unclassified,orphadata_genes
HGNC:6229,KCNAB2,T3,unclassified,orphadata_genes
HGNC:6230,KCNAB3,T3,epilepsy_only_unclassified,panelapp_au_epilepsy
HGNC:6239,KCND3,T3,ndd_with_epilepsy,clingen;genes4epilepsy;orphadata_genes;panelapp_au_epilepsy;panelapp_au_id;panelapp_ge_epilepsy;panelapp_ge_id
HGNC:6240,KCNE1,T3,ndd_no_documented_epilepsy,clingen;orphadata_genes;panelapp_ge_id
HGNC:6242,KCNE2,T3,unclassified,clingen;orphadata_genes
HGNC:6243,KCNE3,T3,unclassified,clingen;orphadata_genes
HGNC:6241,KCNE5,T3,unclassified,clingen;orphadata_genes
HGNC:6251,KCNH2,T3,unclassified,clingen;orphadata_genes
HGNC:18864,KCNH8,T3,epilepsy_only_unclassified,panelapp_ge_epilepsy
HGNC:30083,KCNIP4,T3,epilepsy_only_unclassified,panelapp_au_epilepsy
HGNC:6256,KCNJ10,T3,ndd_with_epilepsy,clingen;genes4epilepsy;orphadata_genes;panelapp_au_epilepsy;panelapp_au_id;panelapp_ge_epilepsy;panelapp_ge_id
HGNC:39080,KCNJ18,T3,unclassified,orphadata_genes
HGNC:6263,KCNJ2,T3,ndd_no_documented_epilepsy,clingen;orphadata_genes;panelapp_ge_id
HGNC:6266,KCNJ5,T3,unclassified,clingen;orphadata_genes
HGNC:6269,KCNJ8,T3,unclassified,clingen;orphadata_genes
HGNC:6274,KCNK12,T3,ndd_no_documented_epilepsy,panelapp_ge_id
HGNC:6293,KCNN4,T3,unclassified,orphadata_genes
HGNC:6294,KCNQ1,T3,ndd_no_documented_epilepsy,clingen;orphadata_genes;panelapp_ge_id
HGNC:6295,KCNQ1OT1,T3,unclassified,orphadata_genes
HGNC:22234,KCTD13,T3,ndd_with_epilepsy,panelapp_au_epilepsy;panelapp_au_id
HGNC:25705,KCTD17,T3,unclassified,orphadata_genes
HGNC:23177,KEAP1,T3,unclassified,orphadata_genes
HGNC:6309,KERA,T3,unclassified,orphadata_genes
HGNC:33699,KHDC3L,T3,unclassified,orphadata_genes
HGNC:6315,KHK,T3,unclassified,orphadata_genes
HGNC:30071,KIAA0319L,T3,unclassified,orphadata_genes
HGNC:29110,KIAA0753,T3,unclassified,orphadata_genes
HGNC:28532,KIAA0825,T3,unclassified,orphadata_genes
HGNC:17273,KIF15,T3,unclassified,orphadata_genes
HGNC:15869,KIF16B,T3,ndd_no_documented_epilepsy,panelapp_au_id
HGNC:16636,KIF1B,T3,ndd_no_documented_epilepsy,clingen;orphadata_genes;panelapp_au_id;panelapp_ge_id
HGNC:6317,KIF1C,T3,ndd_no_documented_epilepsy,orphadata_genes;panelapp_ge_id
HGNC:9787,KIF20A,T3,unclassified,clingen;orphadata_genes
HGNC:6391,KIF22,T3,ndd_no_documented_epilepsy,orphadata_genes;panelapp_ge_id
HGNC:6392,KIF23,T3,unclassified,orphadata_genes
HGNC:25484,KIF26B,T3,ndd_no_documented_epilepsy,panelapp_ge_id
HGNC:21202,KIF6,T3,ndd_no_documented_epilepsy,panelapp_au_id
HGNC:23204,KIRREL3,T3,ndd_no_documented_epilepsy,clingen;orphadata_genes;panelapp_au_id;panelapp_ge_id
HGNC:6341,KISS1,T3,unclassified,orphadata_genes
HGNC:4510,KISS1R,T3,unclassified,orphadata_genes
HGNC:6343,KITLG,T3,unclassified,clingen;orphadata_genes
HGNC:6344,KL,T3,unclassified,orphadata_genes
HGNC:20716,KLC2,T3,unclassified,orphadata_genes
HGNC:6345,KLF1,T3,ndd_no_documented_epilepsy,orphadata_genes;panelapp_ge_id
HGNC:11810,KLF10,T3,unclassified,clingen
HGNC:11811,KLF11,T3,unclassified,clingen;orphadata_genes
HGNC:6347,KLF2,T3,unclassified,clingen
HGNC:6351,KLF8,T3,ndd_no_documented_epilepsy,panelapp_au_id;panelapp_ge_id
HGNC:28557,KLHDC8B,T3,unclassified,orphadata_genes
HGNC:18829,KLHL10,T3,unclassified,orphadata_genes
HGNC:29041,KLHL21,T3,ndd_no_documented_epilepsy,panelapp_ge_id
HGNC:26634,KLHL34,T3,ndd_no_documented_epilepsy,panelapp_ge_id
HGNC:6355,KLHL4,T3,ndd_no_documented_epilepsy,panelapp_ge_id
HGNC:18732,KLHL9,T3,unclassified,orphadata_genes
HGNC:6357,KLK1,T3,unclassified,clingen
HGNC:6365,KLK4,T3,unclassified,orphadata_genes
HGNC:37212,KLLN,T3,ndd_no_documented_epilepsy,panelapp_au_id
HGNC:6377,KLRC4,T3,unclassified,orphadata_genes
HGNC:6381,KMO,T3,unclassified,clingen
HGNC:30767,KNSTRN,T3,unclassified,orphadata_genes
HGNC:6396,KPNA3,T3,unclassified,orphadata_genes
HGNC:21839,KPNA7,T3,epilepsy_only_unclassified,clingen;orphadata_genes;panelapp_au_epilepsy
HGNC:17550,KREMEN1,T3,unclassified,orphadata_genes
HGNC:6412,KRT1,T3,unclassified,orphadata_genes
HGNC:6413,KRT10,T3,unclassified,orphadata_genes
HGNC:6414,KRT12,T3,unclassified,orphadata_genes
HGNC:6415,KRT13,T3,unclassified,orphadata_genes
HGNC:6416,KRT14,T3,unclassified,orphadata_genes
HGNC:6423,KRT16,T3,unclassified,orphadata_genes
HGNC:6427,KRT17,T3,unclassified,orphadata_genes
HGNC:6439,KRT2,T3,unclassified,orphadata_genes
HGNC:30839,KRT25,T3,unclassified,orphadata_genes
HGNC:6440,KRT3,T3,unclassified,orphadata_genes
HGNC:6441,KRT4,T3,unclassified,orphadata_genes
HGNC:6442,KRT5,T3,unclassified,orphadata_genes
HGNC:6443,KRT6A,T3,unclassified,orphadata_genes
HGNC:6444,KRT6B,T3,unclassified,orphadata_genes
HGNC:20406,KRT6C,T3,unclassified,orphadata_genes
HGNC:28927,KRT71,T3,unclassified,orphadata_genes
HGNC:28929,KRT74,T3,unclassified,orphadata_genes
HGNC:6458,KRT81,T3,unclassified,orphadata_genes
HGNC:6460,KRT83,T3,unclassified,orphadata_genes
HGNC:6462,KRT85,T3,unclassified,orphadata_genes
HGNC:6463,KRT86,T3,unclassified,orphadata_genes
HGNC:6447,KRT9,T3,unclassified,orphadata_genes
HGNC:26576,KY,T3,unclassified,orphadata_genes
HGNC:26789,LACC1,T3,unclassified,orphadata_genes
HGNC:6483,LAMA3,T3,unclassified,orphadata_genes
HGNC:6484,LAMA4,T3,unclassified,clingen;orphadata_genes
HGNC:6490,LAMB3,T3,unclassified,orphadata_genes
HGNC:6493,LAMC2,T3,unclassified,orphadata_genes
HGNC:6494,LAMC3,T3,ndd_with_epilepsy,clingen;genes4epilepsy;orphadata_genes;panelapp_au_epilepsy;panelapp_au_id;panelapp_ge_epilepsy;panelapp_ge_id
HGNC:29796,LAMTOR2,T3,unclassified,orphadata_genes
HGNC:16960,LBX1,T3,unclassified,orphadata_genes
HGNC:6522,LCAT,T3,unclassified,orphadata_genes
HGNC:6530,LCT,T3,unclassified,orphadata_genes
HGNC:15710,LDB3,T3,ndd_no_documented_epilepsy,clingen;orphadata_genes;panelapp_ge_id
HGNC:6535,LDHA,T3,unclassified,orphadata_genes
HGNC:6541,LDHB,T3,unclassified,orphadata_genes
HGNC:6551,LEF1,T3,unclassified,orphadata_genes
HGNC:3122,LEFTY2,T3,unclassified,clingen
HGNC:21244,LEMD2,T3,unclassified,orphadata_genes
HGNC:28887,LEMD3,T3,ndd_no_documented_epilepsy,orphadata_genes;panelapp_ge_id
HGNC:6553,LEP,T3,unclassified,orphadata_genes
HGNC:6554,LEPR,T3,unclassified,orphadata_genes
HGNC:6560,LFNG,T3,ndd_no_documented_epilepsy,orphadata_genes;panelapp_ge_id
HGNC:25012,LGALSL,T3,unclassified,clingen
HGNC:18712,LGI4,T3,ndd_no_documented_epilepsy,orphadata_genes;panelapp_au_id;panelapp_ge_id
HGNC:6584,LHB,T3,unclassified,orphadata_genes
HGNC:6585,LHCGR,T3,unclassified,orphadata_genes
HGNC:6589,LHFPL3,T3,ndd_no_documented_epilepsy,panelapp_ge_id
HGNC:6593,LHX1,T3,unclassified,orphadata_genes
HGNC:6595,LHX3,T3,ndd_no_documented_epilepsy,orphadata_genes;panelapp_au_id;panelapp_ge_id
HGNC:21734,LHX4,T3,ndd_no_documented_epilepsy,orphadata_genes;panelapp_ge_id
HGNC:6610,LIM2,T3,unclassified,orphadata_genes
HGNC:6613,LIMK1,T3,ndd_no_documented_epilepsy,orphadata_genes;panelapp_ge_id
HGNC:16084,LIMS2,T3,unclassified,clingen
HGNC:32207,LIN28B,T3,unclassified,orphadata_genes
HGNC:6619,LIPC,T3,unclassified,orphadata_genes
HGNC:18483,LIPH,T3,unclassified,orphadata_genes
HGNC:23452,LIPN,T3,unclassified,orphadata_genes
HGNC:13243,LMBR1,T3,unclassified,orphadata_genes
HGNC:14154,LMF1,T3,unclassified,orphadata_genes
HGNC:6641,LMO1,T3,unclassified,orphadata_genes
HGNC:6647,LMOD1,T3,unclassified,orphadata_genes
HGNC:6663,LORICRIN,T3,unclassified,orphadata_genes
HGNC:13869,LOXL3,T3,unclassified,orphadata_genes
HGNC:4478,LPAR4,T3,unclassified,orphadata_genes
HGNC:15520,LPAR6,T3,unclassified,orphadata_genes
HGNC:6677,LPL,T3,unclassified,orphadata_genes
HGNC:20889,LRIG2,T3,unclassified,orphadata_genes
HGNC:24783,LRIT3,T3,unclassified,orphadata_genes
HGNC:23405,LRMDA,T3,unclassified,orphadata_genes
HGNC:6692,LRP1,T3,ndd_no_documented_epilepsy,orphadata_genes;panelapp_ge_id
HGNC:6698,LRP6,T3,unclassified,orphadata_genes
HGNC:6701,LRPAP1,T3,unclassified,orphadata_genes
HGNC:20264,LRRC10,T3,unclassified,clingen
HGNC:19027,LRRC8A,T3,unclassified,clingen;orphadata_genes
HGNC:18608,LRRK1,T3,ndd_no_documented_epilepsy,orphadata_genes;panelapp_ge_id
HGNC:30860,LSM11,T3,ndd_no_documented_epilepsy,orphadata_genes;panelapp_au_id
HGNC:6716,LTBP3,T3,ndd_no_documented_epilepsy,orphadata_genes;panelapp_ge_id
HGNC:6717,LTBP4,T3,unclassified,orphadata_genes
HGNC:14985,LUZP1,T3,unclassified,orphadata_genes
HGNC:21365,LYRM4,T3,unclassified,orphadata_genes
HGNC:6740,LYZ,T3,unclassified,orphadata_genes
HGNC:30215,MACC1,T3,ndd_no_documented_epilepsy,panelapp_ge_id
HGNC:16126,MACROD2,T3,ndd_no_documented_epilepsy,panelapp_au_id
HGNC:6764,MAD2L2,T3,unclassified,orphadata_genes
HGNC:6408,MAFB,T3,ndd_no_documented_epilepsy,orphadata_genes;panelapp_ge_id
HGNC:6798,MAGEA11,T3,ndd_no_documented_epilepsy,panelapp_ge_id
HGNC:6808,MAGEB1,T3,ndd_no_documented_epilepsy,panelapp_ge_id
HGNC:25377,MAGEB10,T3,ndd_no_documented_epilepsy,panelapp_ge_id
HGNC:6809,MAGEB2,T3,ndd_no_documented_epilepsy,panelapp_ge_id
HGNC:6812,MAGEC1,T3,ndd_no_documented_epilepsy,panelapp_ge_id
HGNC:23798,MAGEC3,T3,ndd_no_documented_epilepsy,panelapp_ge_id
HGNC:24935,MAGEE2,T3,ndd_no_documented_epilepsy,panelapp_ge_id
HGNC:18957,MAGI2,T3,ndd_with_epilepsy,clingen;orphadata_genes;panelapp_au_epilepsy;panelapp_ge_epilepsy;panelapp_ge_id
HGNC:30006,MAGIX,T3,ndd_no_documented_epilepsy,panelapp_ge_id
HGNC:28880,MAGT1,T3,ndd_no_documented_epilepsy,clingen;orphadata_genes;panelapp_au_id;panelapp_ge_id
HGNC:16259,MAML2,T3,unclassified,clingen
HGNC:2568,MAMLD1,T3,unclassified,orphadata_genes
HGNC:29623,MAN2B2,T3,unclassified,clingen;orphadata_genes
HGNC:6848,MAP3K1,T3,ndd_no_documented_epilepsy,orphadata_genes;panelapp_ge_id
HGNC:31689,MAP3K15,T3,ndd_no_documented_epilepsy,panelapp_ge_id
HGNC:6858,MAP3K6,T3,unclassified,orphadata_genes
HGNC:6859,MAP3K7,T3,ndd_no_documented_epilepsy,orphadata_genes;panelapp_ge_id
HGNC:25742,MAP7D3,T3,ndd_no_documented_epilepsy,panelapp_ge_id
HGNC:6888,MAPKAPK3,T3,unclassified,orphadata_genes
HGNC:6893,MAPT,T3,ndd_no_documented_epilepsy,orphadata_genes;panelapp_ge_id
HGNC:13538,MARK4,T3,ndd_no_documented_epilepsy,panelapp_au_id
HGNC:6902,MASP2,T3,unclassified,orphadata_genes
HGNC:6904,MAT2A,T3,unclassified,clingen;orphadata_genes
HGNC:6909,MATN3,T3,ndd_no_documented_epilepsy,orphadata_genes;panelapp_ge_id
HGNC:6910,MATN4,T3,epilepsy_only_unclassified,panelapp_ge_epilepsy
HGNC:20564,MBNL3,T3,ndd_no_documented_epilepsy,panelapp_ge_id
HGNC:6929,MC1R,T3,unclassified,orphadata_genes
HGNC:6930,MC2R,T3,ndd_no_documented_epilepsy,orphadata_genes;panelapp_ge_id
HGNC:6932,MC4R,T3,unclassified,orphadata_genes
HGNC:29622,MCAT,T3,unclassified,clingen;orphadata_genes
HGNC:6944,MCM2,T3,unclassified,clingen;orphadata_genes
HGNC:6950,MCM7,T3,unclassified,orphadata_genes
HGNC:25636,MCTP2,T3,unclassified,orphadata_genes
HGNC:6973,MDM2,T3,unclassified,orphadata_genes
HGNC:18302,MDN1,T3,epilepsy_only_unclassified,panelapp_au_epilepsy
HGNC:6984,ME2,T3,epilepsy_only_unclassified,clingen
HGNC:2370,MED14,T3,ndd_no_documented_epilepsy,panelapp_au_id
HGNC:28845,MED25,T3,ndd_with_epilepsy,clingen;genes4epilepsy;orphadata_genes;panelapp_au_id;panelapp_ge_id
HGNC:28613,MEI1,T3,unclassified,orphadata_genes
HGNC:28569,MEIOB,T3,unclassified,orphadata_genes
HGNC:7000,MEIS1,T3,unclassified,clingen
HGNC:16870,MELK,T3,ndd_no_documented_epilepsy,panelapp_au_id
HGNC:7013,MEOX1,T3,unclassified,orphadata_genes
HGNC:20247,MEPCE,T3,ndd_no_documented_epilepsy,panelapp_au_id
HGNC:13520,MESD,T3,unclassified,orphadata_genes
HGNC:29659,MESP2,T3,ndd_no_documented_epilepsy,orphadata_genes;panelapp_ge_id
HGNC:7029,MET,T3,ndd_no_documented_epilepsy,clingen;orphadata_genes;panelapp_au_id;panelapp_ge_id
HGNC:15789,METAP1,T3,ndd_no_documented_epilepsy,panelapp_au_id;panelapp_ge_id
HGNC:19068,METTL27,T3,unclassified,orphadata_genes
HGNC:18121,MFRP,T3,ndd_no_documented_epilepsy,orphadata_genes;panelapp_ge_id
HGNC:24140,MGAT5B,T3,ndd_no_documented_epilepsy,panelapp_ge_id
HGNC:7059,MGMT,T3,unclassified,orphadata_genes
HGNC:21086,MIB1,T3,ndd_no_documented_epilepsy,clingen;orphadata_genes;panelapp_ge_id
HGNC:30577,MIB2,T3,unclassified,orphadata_genes
HGNC:31830,MICU2,T3,unclassified,clingen
HGNC:7096,MID2,T3,ndd_no_documented_epilepsy,orphadata_genes;panelapp_au_id
HGNC:17920,MIEF2,T3,unclassified,clingen
HGNC:7097,MIF,T3,unclassified,orphadata_genes
HGNC:7103,MIP,T3,unclassified,orphadata_genes
HGNC:31527,MIR140,T3,unclassified,clingen;orphadata_genes
HGNC:31555,MIR184,T3,unclassified,orphadata_genes
HGNC:31582,MIR204,T3,unclassified,orphadata_genes
HGNC:20190,MIS18BP1,T3,ndd_no_documented_epilepsy,panelapp_au_id
HGNC:7114,MKRN3,T3,unclassified,orphadata_genes
HGNC:7127,MLH1,T3,ndd_no_documented_epilepsy,clingen;orphadata_genes;panelapp_au_id;panelapp_ge_id
HGNC:7128,MLH3,T3,unclassified,clingen
HGNC:16063,MLLT10,T3,unclassified,orphadata_genes
HGNC:7136,MLLT3,T3,unclassified,orphadata_genes
HGNC:29643,MLPH,T3,unclassified,orphadata_genes
HGNC:11645,MLX,T3,unclassified,orphadata_genes
HGNC:14668,MMEL1,T3,unclassified,orphadata_genes
HGNC:7155,MMP1,T3,unclassified,orphadata_genes
HGNC:7159,MMP13,T3,ndd_no_documented_epilepsy,orphadata_genes;panelapp_ge_id
HGNC:7160,MMP14,T3,unclassified,orphadata_genes
HGNC:7165,MMP19,T3,unclassified,orphadata_genes
HGNC:7166,MMP2,T3,unclassified,orphadata_genes
HGNC:7167,MMP20,T3,unclassified,orphadata_genes
HGNC:14357,MMP21,T3,ndd_no_documented_epilepsy,orphadata_genes;panelapp_ge_id
HGNC:7171,MMP23B,T3,unclassified,orphadata_genes
HGNC:7176,MMP9,T3,unclassified,orphadata_genes
HGNC:13824,MMS19,T3,epilepsy_only_unclassified,panelapp_au_epilepsy
HGNC:29636,MNS1,T3,unclassified,clingen
HGNC:4979,MNX1,T3,ndd_no_documented_epilepsy,orphadata_genes;panelapp_au_id;panelapp_ge_id
HGNC:7197,MOG,T3,unclassified,orphadata_genes
HGNC:23485,MORC4,T3,ndd_no_documented_epilepsy,panelapp_ge_id
HGNC:16989,MORF4L1,T3,ndd_no_documented_epilepsy,panelapp_au_id
HGNC:7199,MOS,T3,unclassified,orphadata_genes
HGNC:7201,MOV10L1,T3,unclassified,orphadata_genes
HGNC:7218,MPO,T3,unclassified,orphadata_genes
HGNC:7223,MPST,T3,epilepsy_only_unclassified,clingen
HGNC:1304,MRAP,T3,ndd_no_documented_epilepsy,orphadata_genes;panelapp_au_id;panelapp_ge_id
HGNC:7230,MRE11,T3,ndd_no_documented_epilepsy,clingen;orphadata_genes;panelapp_ge_id
HGNC:10378,MRPL12,T3,unclassified,clingen
HGNC:14037,MRPL24,T3,unclassified,clingen
HGNC:14033,MRPL38,T3,unclassified,clingen
HGNC:14049,MRPS14,T3,unclassified,clingen
HGNC:14048,MRPS16,T3,ndd_no_documented_epilepsy,clingen;orphadata_genes;panelapp_au_id
HGNC:14509,MRPS23,T3,unclassified,clingen
HGNC:14511,MRPS25,T3,unclassified,clingen
HGNC:14513,MRPS28,T3,unclassified,clingen
HGNC:14499,MRPS7,T3,unclassified,clingen;orphadata_genes
HGNC:14334,MRTFA,T3,unclassified,orphadata_genes
HGNC:7315,MS4A1,T3,unclassified,clingen
HGNC:7325,MSH2,T3,unclassified,clingen;orphadata_genes
HGNC:7326,MSH3,T3,unclassified,clingen;orphadata_genes
HGNC:7327,MSH4,T3,unclassified,orphadata_genes
HGNC:7328,MSH5,T3,unclassified,orphadata_genes
HGNC:7329,MSH6,T3,ndd_no_documented_epilepsy,clingen;orphadata_genes;panelapp_au_id
HGNC:7380,MST1,T3,unclassified,orphadata_genes
HGNC:7391,MSX1,T3,ndd_no_documented_epilepsy,clingen;orphadata_genes;panelapp_ge_id
HGNC:7460,MT-ND4L,T3,unclassified,clingen;orphadata_genes
HGNC:7471,MT-RNR2,T3,unclassified,clingen
HGNC:7491,MT-TL2,T3,unclassified,clingen;orphadata_genes
HGNC:7495,MT-TQ,T3,unclassified,clingen;orphadata_genes
HGNC:7428,MTF1,T3,ndd_no_documented_epilepsy,panelapp_ge_id
HGNC:7449,MTMR1,T3,ndd_no_documented_epilepsy,panelapp_ge_id
HGNC:26190,MTMR14,T3,ndd_no_documented_epilepsy,orphadata_genes;panelapp_ge_id
HGNC:16825,MTMR8,T3,ndd_no_documented_epilepsy,panelapp_ge_id
HGNC:7467,MTTP,T3,ndd_no_documented_epilepsy,orphadata_genes;panelapp_ge_id
HGNC:7516,MUC5B,T3,unclassified,orphadata_genes
HGNC:21666,MUCL3,T3,unclassified,orphadata_genes
HGNC:7527,MUTYH,T3,unclassified,clingen;orphadata_genes
HGNC:7529,MVD,T3,unclassified,orphadata_genes
HGNC:7539,MXRA5,T3,ndd_no_documented_epilepsy,panelapp_ge_id
HGNC:7545,MYB,T3,unclassified,orphadata_genes
HGNC:7549,MYBPC1,T3,ndd_no_documented_epilepsy,orphadata_genes;panelapp_ge_id
HGNC:7553,MYC,T3,unclassified,orphadata_genes
HGNC:7562,MYD88,T3,unclassified,orphadata_genes
HGNC:7566,MYF6,T3,unclassified,orphadata_genes
HGNC:7573,MYH3,T3,ndd_no_documented_epilepsy,orphadata_genes;panelapp_au_id;panelapp_ge_id
HGNC:7576,MYH6,T3,ndd_no_documented_epilepsy,clingen;orphadata_genes;panelapp_ge_id
HGNC:15906,MYH7B,T3,unclassified,orphadata_genes
HGNC:7578,MYH8,T3,ndd_no_documented_epilepsy,orphadata_genes;panelapp_ge_id
HGNC:7582,MYL1,T3,unclassified,clingen;orphadata_genes
HGNC:7584,MYL3,T3,unclassified,clingen
HGNC:7585,MYL4,T3,unclassified,orphadata_genes
HGNC:16243,MYLK2,T3,unclassified,clingen
HGNC:52391,MYMX,T3,unclassified,orphadata_genes
HGNC:7595,MYO1A,T3,unclassified,clingen;orphadata_genes
HGNC:7597,MYO1C,T3,unclassified,clingen;orphadata_genes
HGNC:7598,MYO1D,T3,ndd_no_documented_epilepsy,panelapp_ge_id
HGNC:7599,MYO1E,T3,unclassified,orphadata_genes
HGNC:7600,MYO1F,T3,unclassified,clingen
HGNC:13880,MYO1G,T3,ndd_no_documented_epilepsy,panelapp_ge_id
HGNC:13879,MYO1H,T3,ndd_with_epilepsy,orphadata_genes;panelapp_ge_epilepsy;panelapp_ge_id
HGNC:7603,MYO5B,T3,ndd_no_documented_epilepsy,orphadata_genes;panelapp_ge_id
HGNC:7608,MYO9A,T3,unclassified,clingen;orphadata_genes
HGNC:7611,MYOD1,T3,unclassified,orphadata_genes
HGNC:3656,MYOF,T3,unclassified,orphadata_genes
HGNC:7613,MYOM1,T3,unclassified,clingen
HGNC:19918,MYORG,T3,unclassified,orphadata_genes
HGNC:12399,MYOT,T3,unclassified,orphadata_genes
HGNC:1330,MYOZ2,T3,unclassified,clingen
HGNC:23246,MYPN,T3,unclassified,clingen;orphadata_genes
HGNC:7622,MYT1,T3,ndd_no_documented_epilepsy,panelapp_au_id;panelapp_ge_id
HGNC:19844,NAA30,T3,ndd_no_documented_epilepsy,panelapp_au_id
HGNC:25875,NAA60,T3,ndd_no_documented_epilepsy,orphadata_genes;panelapp_ge_id
HGNC:7627,NAB2,T3,unclassified,orphadata_genes
HGNC:26232,NABP1,T3,unclassified,orphadata_genes
HGNC:29832,NADSYN1,T3,unclassified,orphadata_genes
HGNC:7634,NAIP,T3,unclassified,orphadata_genes
HGNC:23044,NANOS1,T3,unclassified,orphadata_genes
HGNC:7652,NBN,T3,ndd_no_documented_epilepsy,clingen;orphadata_genes;panelapp_au_id;panelapp_ge_id
HGNC:28952,NCAPD3,T3,unclassified,orphadata_genes
HGNC:1112,NCAPH,T3,ndd_no_documented_epilepsy,panelapp_ge_id
HGNC:7660,NCF1,T3,unclassified,orphadata_genes
HGNC:7661,NCF2,T3,unclassified,orphadata_genes
HGNC:7662,NCF4,T3,unclassified,orphadata_genes
HGNC:7671,NCOA4,T3,unclassified,orphadata_genes
HGNC:17091,NCSTN,T3,unclassified,orphadata_genes
HGNC:7675,NDN,T3,ndd_no_documented_epilepsy,orphadata_genes;panelapp_au_id;panelapp_ge_id
HGNC:26256,NDNF,T3,unclassified,orphadata_genes
HGNC:7679,NDRG1,T3,ndd_no_documented_epilepsy,orphadata_genes;panelapp_ge_id
HGNC:28816,NDUFAF7,T3,unclassified,clingen
HGNC:16932,NEBL,T3,unclassified,clingen
HGNC:23746,NECAB2,T3,ndd_no_documented_epilepsy,panelapp_ge_id
HGNC:19688,NECTIN4,T3,unclassified,orphadata_genes
HGNC:17302,NEGR1,T3,ndd_no_documented_epilepsy,panelapp_au_id
HGNC:24573,NEIL3,T3,unclassified,clingen
HGNC:7745,NEK2,T3,unclassified,orphadata_genes
HGNC:18591,NEK9,T3,unclassified,orphadata_genes
HGNC:12768,NELFA,T3,unclassified,orphadata_genes
HGNC:13806,NEUROG3,T3,unclassified,orphadata_genes
HGNC:7774,NFAT5,T3,unclassified,clingen;orphadata_genes
HGNC:7775,NFATC1,T3,unclassified,clingen;orphadata_genes
HGNC:7776,NFATC2,T3,unclassified,clingen
HGNC:7780,NFE2,T3,unclassified,clingen
HGNC:7781,NFE2L1,T3,ndd_no_documented_epilepsy,panelapp_au_id
HGNC:7782,NFE2L2,T3,ndd_no_documented_epilepsy,clingen;orphadata_genes
HGNC:29805,NFKBIZ,T3,unclassified,clingen
HGNC:15910,NFS1,T3,unclassified,orphadata_genes
HGNC:11075,NHERF1,T3,unclassified,orphadata_genes
HGNC:7818,NHLH2,T3,unclassified,orphadata_genes
HGNC:7821,NID1,T3,epilepsy_only_unclassified,panelapp_ge_epilepsy
HGNC:14906,NIN,T3,ndd_no_documented_epilepsy,orphadata_genes;panelapp_au_id
HGNC:17043,NIPA1,T3,ndd_no_documented_epilepsy,orphadata_genes;panelapp_ge_id
HGNC:17044,NIPA2,T3,unclassified,orphadata_genes
HGNC:28018,NIPAL4,T3,unclassified,orphadata_genes
HGNC:7828,NIT1,T3,unclassified,orphadata_genes
HGNC:32940,NKX2-6,T3,unclassified,clingen;orphadata_genes
HGNC:951,NKX3-2,T3,ndd_no_documented_epilepsy,orphadata_genes;panelapp_ge_id
HGNC:19321,NKX6-2,T3,unclassified,orphadata_genes
HGNC:16412,NLRC4,T3,unclassified,orphadata_genes
HGNC:14374,NLRP1,T3,unclassified,orphadata_genes
HGNC:22938,NLRP12,T3,unclassified,orphadata_genes
HGNC:22948,NLRP2,T3,unclassified,orphadata_genes
HGNC:16400,NLRP3,T3,ndd_no_documented_epilepsy,orphadata_genes;panelapp_ge_id
HGNC:21269,NLRP5,T3,unclassified,orphadata_genes
HGNC:22947,NLRP7,T3,unclassified,orphadata_genes
HGNC:20461,NME7,T3,unclassified,orphadata_genes
HGNC:16473,NME8,T3,unclassified,clingen;orphadata_genes
HGNC:25862,NOL10,T3,epilepsy_only_unclassified,panelapp_au_epilepsy
HGNC:7869,NOL3,T3,unclassified,orphadata_genes
HGNC:14378,NOP10,T3,ndd_no_documented_epilepsy,clingen;orphadata_genes;panelapp_au_id
HGNC:15911,NOP56,T3,ndd_no_documented_epilepsy,orphadata_genes;panelapp_ge_id
HGNC:29926,NOP58,T3,ndd_no_documented_epilepsy,panelapp_au_id
HGNC:7872,NOS1,T3,unclassified,orphadata_genes
HGNC:53924,NOTCH2NLC,T3,unclassified,orphadata_genes
HGNC:7883,NOTCH3,T3,ndd_with_epilepsy,clingen;orphadata_genes;panelapp_au_epilepsy;panelapp_au_id;panelapp_ge_epilepsy;panelapp_ge_id
HGNC:7896,NPAT,T3,unclassified,orphadata_genes
HGNC:13394,NPHS2,T3,ndd_no_documented_epilepsy,orphadata_genes;panelapp_ge_id
HGNC:7910,NPM1,T3,unclassified,clingen;orphadata_genes
HGNC:7939,NPPA,T3,unclassified,clingen;orphadata_genes
HGNC:7944,NPR2,T3,ndd_no_documented_epilepsy,orphadata_genes;panelapp_ge_id
HGNC:7945,NPR3,T3,ndd_no_documented_epilepsy,orphadata_genes;panelapp_ge_id
HGNC:7952,NPTX1,T3,unclassified,clingen
HGNC:7960,NR0B1,T3,unclassified,orphadata_genes
HGNC:7967,NR1H4,T3,unclassified,orphadata_genes
HGNC:7969,NR1I3,T3,ndd_no_documented_epilepsy,panelapp_ge_id
HGNC:7978,NR3C1,T3,unclassified,orphadata_genes
HGNC:7982,NR4A3,T3,unclassified,orphadata_genes
HGNC:25391,NRK,T3,ndd_no_documented_epilepsy,panelapp_ge_id
HGNC:8004,NRP1,T3,unclassified,clingen
HGNC:8007,NRTN,T3,unclassified,orphadata_genes
HGNC:8010,NRXN3,T3,ndd_no_documented_epilepsy,panelapp_ge_id
HGNC:7677,NSMCE3,T3,unclassified,clingen
HGNC:29843,NSMF,T3,unclassified,orphadata_genes
HGNC:25994,NSUN2,T3,ndd_no_documented_epilepsy,clingen;orphadata_genes;panelapp_au_id;panelapp_ge_id
HGNC:8021,NT5E,T3,unclassified,orphadata_genes
HGNC:8024,NTF4,T3,unclassified,clingen
HGNC:17941,NTM,T3,ndd_no_documented_epilepsy,panelapp_ge_id
HGNC:8029,NTN1,T3,unclassified,orphadata_genes
HGNC:23319,NTNG1,T3,ndd_no_documented_epilepsy,clingen;orphadata_genes;panelapp_au_id;panelapp_ge_id
HGNC:8033,NTRK3,T3,unclassified,clingen;orphadata_genes
HGNC:22208,NUDCD3,T3,unclassified,clingen;orphadata_genes
HGNC:8059,NUMA1,T3,unclassified,orphadata_genes
HGNC:8063,NUP155,T3,unclassified,orphadata_genes
HGNC:18658,NUP205,T3,unclassified,clingen;orphadata_genes
HGNC:29929,NUP37,T3,unclassified,orphadata_genes
HGNC:8065,NUP50,T3,unclassified,clingen
HGNC:17359,NUP54,T3,unclassified,orphadata_genes
HGNC:8066,NUP62,T3,ndd_no_documented_epilepsy,clingen;orphadata_genes;panelapp_au_id;panelapp_ge_id
HGNC:8067,NUP88,T3,unclassified,orphadata_genes
HGNC:29919,NUTM1,T3,unclassified,orphadata_genes
HGNC:23438,NUTM2A,T3,unclassified,orphadata_genes
HGNC:23445,NUTM2B,T3,unclassified,orphadata_genes
HGNC:51204,NUTM2B-AS1,T3,unclassified,orphadata_genes
HGNC:23448,NUTM2E,T3,unclassified,orphadata_genes
HGNC:8074,NXF4,T3,ndd_no_documented_epilepsy,panelapp_ge_id
HGNC:8075,NXF5,T3,ndd_no_documented_epilepsy,panelapp_ge_id
HGNC:18008,NXN,T3,unclassified,orphadata_genes
HGNC:8086,OAS1,T3,unclassified,orphadata_genes
HGNC:15719,OBSCN,T3,unclassified,clingen;orphadata_genes
HGNC:29092,OBSL1,T3,ndd_no_documented_epilepsy,orphadata_genes;panelapp_ge_id
HGNC:26300,ODAPH,T3,ndd_no_documented_epilepsy,orphadata_genes;panelapp_ge_id
HGNC:29225,ODF2L,T3,ndd_no_documented_epilepsy,panelapp_ge_id
HGNC:8125,OGG1,T3,unclassified,orphadata_genes
HGNC:8149,OPLAH,T3,unclassified,orphadata_genes
HGNC:1012,OPN1SW,T3,unclassified,orphadata_genes
HGNC:8352,OR5M1,T3,ndd_no_documented_epilepsy,panelapp_ge_id
HGNC:8487,ORC1,T3,ndd_no_documented_epilepsy,orphadata_genes;panelapp_au_id;panelapp_ge_id
HGNC:8507,OSMR,T3,unclassified,orphadata_genes
HGNC:8111,OSR1,T3,unclassified,clingen
HGNC:24448,OSTC,T3,epilepsy_only_unclassified,panelapp_au_epilepsy
HGNC:15804,OVOL2,T3,unclassified,orphadata_genes
HGNC:8526,OXA1L,T3,unclassified,clingen
HGNC:8533,P2RX1,T3,unclassified,clingen
HGNC:8537,P2RX7,T3,unclassified,orphadata_genes
HGNC:8540,P2RY11,T3,unclassified,orphadata_genes
HGNC:8542,P2RY4,T3,ndd_no_documented_epilepsy,panelapp_ge_id
HGNC:15524,P2RY8,T3,ndd_no_documented_epilepsy,panelapp_ge_id
HGNC:19316,P3H1,T3,ndd_no_documented_epilepsy,orphadata_genes;panelapp_ge_id
HGNC:19317,P3H2,T3,unclassified,orphadata_genes
HGNC:8547,P4HA2,T3,unclassified,orphadata_genes
HGNC:8548,P4HB,T3,ndd_no_documented_epilepsy,orphadata_genes;panelapp_ge_id
HGNC:13629,PABPC5,T3,ndd_no_documented_epilepsy,panelapp_ge_id
HGNC:8565,PABPN1,T3,unclassified,orphadata_genes
HGNC:18337,PADI3,T3,unclassified,orphadata_genes
HGNC:20449,PADI6,T3,unclassified,orphadata_genes
HGNC:8587,PAICS,T3,unclassified,orphadata_genes
HGNC:17068,PALLD,T3,unclassified,orphadata_genes
HGNC:19366,PANK4,T3,unclassified,orphadata_genes
HGNC:8599,PANX1,T3,unclassified,orphadata_genes
HGNC:8604,PAPSS2,T3,ndd_no_documented_epilepsy,orphadata_genes;panelapp_ge_id
HGNC:270,PARP1,T3,ndd_no_documented_epilepsy,panelapp_ge_id
HGNC:20686,PASD1,T3,ndd_no_documented_epilepsy,panelapp_ge_id
HGNC:33630,PATL2,T3,unclassified,orphadata_genes
HGNC:8618,PAX4,T3,unclassified,clingen;orphadata_genes
HGNC:30064,PBRM1,T3,ndd_no_documented_epilepsy,orphadata_genes;panelapp_ge_id
HGNC:13404,PCDH10,T3,ndd_no_documented_epilepsy,panelapp_au_id;panelapp_ge_id
HGNC:14674,PCDH15,T3,ndd_no_documented_epilepsy,clingen;orphadata_genes;panelapp_au_id
HGNC:8661,PCDH9,T3,ndd_no_documented_epilepsy,panelapp_au_id
HGNC:8689,PCDHB4,T3,epilepsy_only_unclassified,panelapp_ge_epilepsy
HGNC:8725,PCK2,T3,unclassified,orphadata_genes
HGNC:8727,PCM1,T3,unclassified,orphadata_genes
HGNC:8743,PCSK1,T3,unclassified,orphadata_genes
HGNC:8747,PCSK5,T3,unclassified,clingen
HGNC:8569,PCSK6,T3,unclassified,clingen
HGNC:8760,PDCD1,T3,unclassified,clingen;orphadata_genes
HGNC:8773,PDE11A,T3,ndd_no_documented_epilepsy,orphadata_genes;panelapp_au_id
HGNC:8776,PDE1C,T3,unclassified,clingen;orphadata_genes
HGNC:8778,PDE3A,T3,unclassified,orphadata_genes
HGNC:8790,PDE6H,T3,unclassified,orphadata_genes
HGNC:8794,PDE8B,T3,unclassified,orphadata_genes
HGNC:8800,PDGFB,T3,ndd_no_documented_epilepsy,orphadata_genes;panelapp_au_id;panelapp_ge_id
HGNC:30620,PDGFD,T3,unclassified,clingen
HGNC:8805,PDGFRL,T3,unclassified,orphadata_genes
HGNC:8807,PDHA2,T3,unclassified,orphadata_genes
HGNC:20767,PDLIM3,T3,unclassified,clingen
HGNC:29602,PDPN,T3,unclassified,orphadata_genes
HGNC:8820,PDYN,T3,ndd_no_documented_epilepsy,orphadata_genes;panelapp_ge_id
HGNC:18281,PECR,T3,ndd_no_documented_epilepsy,panelapp_ge_id
HGNC:8846,PER2,T3,unclassified,orphadata_genes
HGNC:8847,PER3,T3,unclassified,orphadata_genes
HGNC:52293,PERCC1,T3,unclassified,orphadata_genes
HGNC:17637,PERP,T3,unclassified,orphadata_genes
HGNC:40045,PET117,T3,unclassified,clingen;orphadata_genes
HGNC:8852,PEX11A,T3,unclassified,clingen
HGNC:20208,PEX11G,T3,unclassified,clingen
HGNC:8877,PFKM,T3,unclassified,orphadata_genes
HGNC:8889,PGAM2,T3,unclassified,orphadata_genes
HGNC:16090,PGRMC1,T3,ndd_no_documented_epilepsy,orphadata_genes;panelapp_ge_id
HGNC:8919,PHF1,T3,unclassified,orphadata_genes
HGNC:18250,PHF10,T3,ndd_no_documented_epilepsy,panelapp_ge_id
HGNC:8926,PHKA2,T3,ndd_no_documented_epilepsy,orphadata_genes;panelapp_au_id;panelapp_ge_id
HGNC:8930,PHKG1,T3,unclassified,orphadata_genes
HGNC:691,PHOX2A,T3,unclassified,orphadata_genes
HGNC:28249,PHYKPL,T3,unclassified,clingen
HGNC:15514,PICALM,T3,unclassified,orphadata_genes
HGNC:9394,PICK1,T3,unclassified,orphadata_genes
HGNC:8974,PIK3C3,T3,ndd_no_documented_epilepsy,panelapp_au_id;panelapp_ge_id
HGNC:8975,PIK3CA,T3,ndd_with_epilepsy,clingen;genes4epilepsy;orphadata_genes;panelapp_au_epilepsy;panelapp_au_id;panelapp_ge_epilepsy;panelapp_ge_id
HGNC:30035,PIK3R5,T3,unclassified,clingen;orphadata_genes
HGNC:23785,PIKFYVE,T3,unclassified,orphadata_genes
HGNC:8992,PIN4,T3,ndd_no_documented_epilepsy,panelapp_ge_id
HGNC:8997,PIP4K2A,T3,unclassified,orphadata_genes
HGNC:8995,PIP5K1B,T3,ndd_no_documented_epilepsy,panelapp_au_id
HGNC:21043,PITPNM3,T3,unclassified,orphadata_genes
HGNC:9004,PITX1,T3,unclassified,orphadata_genes
HGNC:9006,PITX3,T3,ndd_no_documented_epilepsy,orphadata_genes;panelapp_ge_id
HGNC:18053,PKD1L1,T3,ndd_no_documented_epilepsy,orphadata_genes;panelapp_ge_id
HGNC:9023,PKP1,T3,unclassified,orphadata_genes
HGNC:9024,PKP2,T3,unclassified,clingen;orphadata_genes
HGNC:9038,PLA2G5,T3,unclassified,orphadata_genes
HGNC:9045,PLAG1,T3,unclassified,orphadata_genes
HGNC:9046,PLAGL1,T3,unclassified,orphadata_genes
HGNC:9051,PLAT,T3,ndd_no_documented_epilepsy,clingen;orphadata_genes;panelapp_au_id;panelapp_ge_id
HGNC:9056,PLCB3,T3,unclassified,orphadata_genes
HGNC:9060,PLCD1,T3,unclassified,orphadata_genes
HGNC:9066,PLCG2,T3,unclassified,orphadata_genes
HGNC:23148,PLCXD1,T3,ndd_no_documented_epilepsy,panelapp_ge_id
HGNC:17158,PLD3,T3,unclassified,orphadata_genes
HGNC:20884,PLEKHG1,T3,ndd_no_documented_epilepsy,panelapp_ge_id
HGNC:24501,PLEKHG4,T3,unclassified,orphadata_genes
HGNC:29393,PLIN4,T3,unclassified,orphadata_genes
HGNC:9081,PLOD1,T3,ndd_no_documented_epilepsy,orphadata_genes;panelapp_ge_id
HGNC:9082,PLOD2,T3,ndd_no_documented_epilepsy,orphadata_genes;panelapp_ge_id
HGNC:9091,PLS3,T3,unclassified,orphadata_genes
HGNC:13635,PLVAP,T3,unclassified,orphadata_genes
HGNC:9105,PLXNB3,T3,ndd_no_documented_epilepsy,panelapp_ge_id
HGNC:9107,PLXND1,T3,unclassified,orphadata_genes
HGNC:17728,PMFBP1,T3,unclassified,orphadata_genes
HGNC:9113,PML,T3,unclassified,orphadata_genes
HGNC:9121,PMS1,T3,unclassified,clingen;orphadata_genes
HGNC:9122,PMS2,T3,ndd_no_documented_epilepsy,clingen;orphadata_genes;panelapp_ge_id
HGNC:9141,PMVK,T3,unclassified,orphadata_genes
HGNC:9153,PNKD,T3,ndd_no_documented_epilepsy,orphadata_genes;panelapp_ge_id
HGNC:21185,PNLDC1,T3,unclassified,orphadata_genes
HGNC:21246,PNPLA1,T3,unclassified,orphadata_genes
HGNC:9171,PODXL,T3,unclassified,orphadata_genes
HGNC:9176,POLD2,T3,ndd_no_documented_epilepsy,clingen;orphadata_genes;panelapp_au_id
HGNC:20932,POLD3,T3,unclassified,clingen
HGNC:1080,POLR3D,T3,ndd_no_documented_epilepsy,panelapp_au_id
HGNC:30349,POLR3H,T3,unclassified,orphadata_genes
HGNC:9201,POMC,T3,unclassified,orphadata_genes
HGNC:20330,POMP,T3,unclassified,orphadata_genes
HGNC:9206,PON3,T3,ndd_no_documented_epilepsy,panelapp_au_id
HGNC:30129,POP1,T3,ndd_no_documented_epilepsy,orphadata_genes;panelapp_au_id
HGNC:9211,POU2AF1,T3,unclassified,clingen;orphadata_genes
HGNC:9218,POU4F1,T3,unclassified,orphadata_genes
HGNC:21694,POU6F2,T3,unclassified,orphadata_genes
HGNC:25686,PPCS,T3,unclassified,orphadata_genes
HGNC:9255,PPIB,T3,unclassified,orphadata_genes
HGNC:9257,PPID,T3,ndd_no_documented_epilepsy,panelapp_au_id
HGNC:29035,PPIP5K2,T3,unclassified,clingen;orphadata_genes
HGNC:9276,PPM1B,T3,unclassified,orphadata_genes
HGNC:9287,PPP1R1B,T3,ndd_no_documented_epilepsy,panelapp_ge_id
HGNC:9288,PPP1R2,T3,ndd_no_documented_epilepsy,panelapp_au_id
HGNC:17485,PPP2R3C,T3,unclassified,orphadata_genes
HGNC:9313,PPP2R5E,T3,ndd_no_documented_epilepsy,panelapp_au_id
HGNC:9343,PRCC,T3,unclassified,orphadata_genes
HGNC:32528,PRCD,T3,unclassified,orphadata_genes
HGNC:13995,PRDM10,T3,unclassified,orphadata_genes
HGNC:13997,PRDM12,T3,ndd_no_documented_epilepsy,orphadata_genes;panelapp_ge_id
HGNC:9349,PRDM5,T3,unclassified,orphadata_genes
HGNC:9350,PRDM6,T3,unclassified,orphadata_genes
HGNC:17169,PRDX4,T3,ndd_no_documented_epilepsy,panelapp_ge_id
HGNC:30228,PREPL,T3,ndd_no_documented_epilepsy,orphadata_genes;panelapp_au_id;panelapp_ge_id
HGNC:32594,PREX1,T3,ndd_with_epilepsy,panelapp_au_epilepsy;panelapp_au_id
HGNC:17019,PRICKLE1,T3,ndd_with_epilepsy,clingen;orphadata_genes;panelapp_au_epilepsy;panelapp_au_id;panelapp_ge_epilepsy;panelapp_ge_id
HGNC:6645,PRICKLE3,T3,ndd_no_documented_epilepsy,panelapp_ge_id
HGNC:9379,PRKAB2,T3,unclassified,clingen
HGNC:9380,PRKACA,T3,unclassified,orphadata_genes
HGNC:9382,PRKACG,T3,unclassified,clingen;orphadata_genes
HGNC:9402,PRKCG,T3,ndd_no_documented_epilepsy,orphadata_genes;panelapp_ge_id
HGNC:9412,PRKCZ,T3,unclassified,orphadata_genes
HGNC:9438,PRKRA,T3,ndd_no_documented_epilepsy,orphadata_genes;panelapp_au_id;panelapp_ge_id
HGNC:9446,PRLR,T3,unclassified,orphadata_genes
HGNC:17325,PRODH2,T3,unclassified,clingen
HGNC:9455,PROP1,T3,ndd_no_documented_epilepsy,orphadata_genes;panelapp_ge_id
HGNC:20291,PROSER1,T3,ndd_no_documented_epilepsy,panelapp_au_id
HGNC:9459,PROX1,T3,unclassified,clingen
HGNC:26715,PROX2,T3,ndd_no_documented_epilepsy,panelapp_ge_id
HGNC:9460,PROZ,T3,unclassified,orphadata_genes
HGNC:15860,PRPF6,T3,unclassified,orphadata_genes
HGNC:9461,PRPH,T3,unclassified,clingen;orphadata_genes
HGNC:9469,PRRG1,T3,ndd_no_documented_epilepsy,panelapp_ge_id
HGNC:30798,PRRG3,T3,ndd_no_documented_epilepsy,panelapp_ge_id
HGNC:9142,PRRX1,T3,ndd_no_documented_epilepsy,orphadata_genes;panelapp_au_id
HGNC:9483,PRSS2,T3,unclassified,orphadata_genes
HGNC:9495,PRTN3,T3,unclassified,orphadata_genes
HGNC:19093,PSD3,T3,unclassified,clingen
HGNC:9508,PSEN1,T3,ndd_no_documented_epilepsy,clingen;orphadata_genes;panelapp_ge_id
HGNC:9509,PSEN2,T3,unclassified,clingen;orphadata_genes
HGNC:30100,PSENEN,T3,unclassified,orphadata_genes
HGNC:9536,PSMA7,T3,ndd_no_documented_epilepsy,panelapp_ge_id
HGNC:9538,PSMB10,T3,unclassified,clingen;orphadata_genes
HGNC:9547,PSMC1,T3,ndd_no_documented_epilepsy,panelapp_au_id
HGNC:17928,PSMC3IP,T3,unclassified,orphadata_genes
HGNC:9555,PSMD10,T3,ndd_no_documented_epilepsy,panelapp_ge_id
HGNC:9580,PSTPIP1,T3,unclassified,orphadata_genes
HGNC:9586,PTCH2,T3,unclassified,clingen;orphadata_genes
HGNC:9604,PTGS1,T3,unclassified,clingen
HGNC:9606,PTH,T3,unclassified,orphadata_genes
HGNC:9647,PTPN14,T3,unclassified,orphadata_genes
HGNC:9650,PTPN2,T3,unclassified,orphadata_genes
HGNC:9651,PTPN21,T3,ndd_no_documented_epilepsy,panelapp_ge_id
HGNC:9652,PTPN22,T3,unclassified,orphadata_genes
HGNC:9655,PTPN3,T3,unclassified,orphadata_genes
HGNC:9658,PTPN6,T3,unclassified,orphadata_genes
HGNC:9670,PTPRF,T3,unclassified,orphadata_genes
HGNC:9673,PTPRJ,T3,unclassified,clingen;orphadata_genes
HGNC:9678,PTPRO,T3,unclassified,orphadata_genes
HGNC:16818,PUDP,T3,ndd_no_documented_epilepsy,panelapp_ge_id
HGNC:23326,PXK,T3,unclassified,orphadata_genes
HGNC:21100,QKI,T3,ndd_no_documented_epilepsy,orphadata_genes;panelapp_ge_id
HGNC:21020,QRSL1,T3,unclassified,orphadata_genes
HGNC:26154,QSER1,T3,ndd_no_documented_epilepsy,panelapp_au_id
HGNC:16075,RAB33B,T3,unclassified,orphadata_genes
HGNC:25410,RAB40AL,T3,ndd_no_documented_epilepsy,clingen;panelapp_au_id;panelapp_ge_id
HGNC:15870,RAB5IF,T3,ndd_no_documented_epilepsy,panelapp_au_id;panelapp_ge_id
HGNC:18072,RABL3,T3,unclassified,orphadata_genes
HGNC:24703,RABL6,T3,ndd_no_documented_epilepsy,panelapp_ge_id
HGNC:9804,RACGAP1,T3,unclassified,orphadata_genes
HGNC:9816,RAD50,T3,ndd_no_documented_epilepsy,clingen;orphadata_genes;panelapp_ge_id
HGNC:9835,RAI2,T3,unclassified,clingen
HGNC:9842,RALGDS,T3,ndd_no_documented_epilepsy,panelapp_ge_id
HGNC:14428,RANBP17,T3,ndd_no_documented_epilepsy,panelapp_ge_id
HGNC:17679,RANGRF,T3,unclassified,clingen;orphadata_genes
HGNC:9863,RAPSN,T3,ndd_no_documented_epilepsy,orphadata_genes;panelapp_au_id;panelapp_ge_id
HGNC:9864,RARA,T3,unclassified,orphadata_genes
HGNC:9871,RASA1,T3,ndd_no_documented_epilepsy,clingen;orphadata_genes;panelapp_au_id;panelapp_ge_id
HGNC:9872,RASA2,T3,unclassified,clingen;orphadata_genes
HGNC:18286,RAX2,T3,unclassified,orphadata_genes
HGNC:9890,RBBP7,T3,unclassified,orphadata_genes
HGNC:27097,RBFOX3,T3,ndd_with_epilepsy,clingen;panelapp_au_epilepsy;panelapp_au_id
HGNC:14959,RBM15,T3,unclassified,orphadata_genes
HGNC:9912,RBMY1A1,T3,unclassified,orphadata_genes
HGNC:9921,RBP3,T3,unclassified,orphadata_genes
HGNC:19979,RDH14,T3,ndd_no_documented_epilepsy,panelapp_au_id
HGNC:9948,RECQL,T3,unclassified,clingen
HGNC:25786,REEP1,T3,ndd_no_documented_epilepsy,orphadata_genes;panelapp_ge_id
HGNC:17975,REEP2,T3,ndd_no_documented_epilepsy,orphadata_genes;panelapp_ge_id
HGNC:9957,RELN,T3,ndd_with_epilepsy,clingen;genes4epilepsy;orphadata_genes;panelapp_au_epilepsy;panelapp_au_id;panelapp_ge_epilepsy;panelapp_ge_id;simons_searchlight
HGNC:13764,RELT,T3,unclassified,orphadata_genes
HGNC:9959,RENBP,T3,ndd_no_documented_epilepsy,panelapp_ge_id
HGNC:9966,REST,T3,unclassified,orphadata_genes
HGNC:9968,REV3L,T3,unclassified,orphadata_genes
HGNC:9970,RFC2,T3,unclassified,orphadata_genes
HGNC:25539,RFWD3,T3,unclassified,orphadata_genes
HGNC:9989,RGN,T3,ndd_no_documented_epilepsy,panelapp_ge_id
HGNC:9990,RGR,T3,unclassified,orphadata_genes
HGNC:10003,RGS7,T3,ndd_no_documented_epilepsy,panelapp_ge_id
HGNC:30304,RGS9BP,T3,unclassified,orphadata_genes
HGNC:10006,RHAG,T3,unclassified,orphadata_genes
HGNC:10008,RHCE,T3,unclassified,orphadata_genes
HGNC:10009,RHD,T3,unclassified,orphadata_genes
HGNC:667,RHOA,T3,unclassified,orphadata_genes
HGNC:19102,RIGI,T3,ndd_no_documented_epilepsy,orphadata_genes;panelapp_ge_id
HGNC:26814,RILPL1,T3,unclassified,orphadata_genes
HGNC:17282,RIMS1,T3,ndd_no_documented_epilepsy,orphadata_genes;panelapp_au_id;panelapp_ge_id
HGNC:21876,RINT1,T3,unclassified,clingen;orphadata_genes
HGNC:496,RIPK4,T3,ndd_no_documented_epilepsy,orphadata_genes;panelapp_ge_id
HGNC:21390,RIPPLY2,T3,unclassified,orphadata_genes
HGNC:28349,RMI2,T3,unclassified,orphadata_genes
HGNC:24496,RMP64,T3,unclassified,orphadata_genes
HGNC:18466,RNASEH1,T3,unclassified,clingen;orphadata_genes
HGNC:21158,RNF135,T3,ndd_no_documented_epilepsy,orphadata_genes;panelapp_au_id;panelapp_ge_id
HGNC:17023,RNF139,T3,unclassified,orphadata_genes
HGNC:25358,RNF170,T3,unclassified,orphadata_genes
HGNC:27729,RNF212,T3,unclassified,orphadata_genes
HGNC:14539,RNF213,T3,unclassified,orphadata_genes
HGNC:21698,RNF216,T3,ndd_no_documented_epilepsy,orphadata_genes;panelapp_ge_id
HGNC:16867,RNF40,T3,unclassified,clingen
HGNC:10069,RNF6,T3,unclassified,orphadata_genes
HGNC:10227,RNU6-1,T3,unclassified,orphadata_genes
HGNC:34270,RNU6-2,T3,unclassified,orphadata_genes
HGNC:34285,RNU6-8,T3,unclassified,orphadata_genes
HGNC:34269,RNU6-9,T3,unclassified,orphadata_genes
HGNC:10250,ROBO2,T3,unclassified,orphadata_genes
HGNC:10252,ROCK2,T3,unclassified,clingen
HGNC:10254,ROM1,T3,unclassified,orphadata_genes
HGNC:10256,ROR1,T3,unclassified,clingen;orphadata_genes
HGNC:10260,RORC,T3,unclassified,orphadata_genes
HGNC:10261,ROS1,T3,unclassified,orphadata_genes
HGNC:10288,RP9,T3,unclassified,clingen;orphadata_genes
HGNC:10289,RPA1,T3,unclassified,clingen
HGNC:13436,RPGRIP1,T3,ndd_no_documented_epilepsy,orphadata_genes;panelapp_ge_id
HGNC:17976,RPL10L,T3,unclassified,orphadata_genes
HGNC:10301,RPL11,T3,ndd_no_documented_epilepsy,orphadata_genes;panelapp_au_id
HGNC:10303,RPL13,T3,unclassified,orphadata_genes
HGNC:10306,RPL15,T3,unclassified,orphadata_genes
HGNC:10310,RPL18,T3,unclassified,orphadata_genes
HGNC:10313,RPL21,T3,unclassified,orphadata_genes
HGNC:10327,RPL26,T3,unclassified,orphadata_genes
HGNC:10328,RPL27,T3,unclassified,orphadata_genes
HGNC:10334,RPL31,T3,unclassified,orphadata_genes
HGNC:10344,RPL35,T3,unclassified,orphadata_genes
HGNC:10345,RPL35A,T3,unclassified,orphadata_genes
HGNC:10368,RPL8,T3,unclassified,orphadata_genes
HGNC:10369,RPL9,T3,unclassified,orphadata_genes
HGNC:10381,RPN1,T3,unclassified,orphadata_genes
HGNC:10387,RPS14,T3,unclassified,orphadata_genes
HGNC:10388,RPS15,T3,unclassified,orphadata_genes
HGNC:10389,RPS15A,T3,unclassified,orphadata_genes
HGNC:10397,RPS17,T3,unclassified,orphadata_genes
HGNC:10405,RPS20,T3,unclassified,clingen;orphadata_genes
HGNC:10414,RPS26,T3,unclassified,orphadata_genes
HGNC:10416,RPS27,T3,unclassified,orphadata_genes
HGNC:10418,RPS28,T3,ndd_no_documented_epilepsy,orphadata_genes;panelapp_au_id
HGNC:10419,RPS29,T3,unclassified,orphadata_genes
HGNC:10436,RPS6KB1,T3,unclassified,clingen
HGNC:10440,RPS7,T3,unclassified,orphadata_genes
HGNC:6502,RPSA,T3,unclassified,orphadata_genes
HGNC:19903,RRAGD,T3,unclassified,orphadata_genes
HGNC:10447,RRAS,T3,ndd_no_documented_epilepsy,clingen;orphadata_genes;panelapp_ge_id
HGNC:10451,RRM1,T3,unclassified,orphadata_genes
HGNC:29100,RRP12,T3,unclassified,orphadata_genes
HGNC:21679,RSPO1,T3,unclassified,orphadata_genes
HGNC:28583,RSPO2,T3,unclassified,orphadata_genes
HGNC:16175,RSPO4,T3,ndd_no_documented_epilepsy,orphadata_genes;panelapp_ge_id
HGNC:19364,RTKN2,T3,unclassified,clingen
HGNC:14665,RTL1,T3,unclassified,orphadata_genes
HGNC:29245,RTL9,T3,ndd_no_documented_epilepsy,panelapp_ge_id
HGNC:10468,RTN2,T3,ndd_no_documented_epilepsy,orphadata_genes;panelapp_ge_id
HGNC:28991,RUBCN,T3,ndd_with_epilepsy,orphadata_genes;panelapp_au_id;panelapp_ge_epilepsy;panelapp_ge_id
HGNC:10472,RUNX2,T3,ndd_no_documented_epilepsy,orphadata_genes;panelapp_ge_id
HGNC:10477,RXRA,T3,unclassified,clingen
HGNC:10484,RYR2,T3,ndd_with_epilepsy,clingen;orphadata_genes;panelapp_ge_epilepsy;panelapp_ge_id
HGNC:10485,RYR3,T3,ndd_with_epilepsy,clingen;genes4epilepsy;panelapp_au_epilepsy;panelapp_ge_epilepsy;panelapp_ge_id
HGNC:10513,SAA1,T3,unclassified,orphadata_genes
HGNC:24797,SACK1H,T3,unclassified,orphadata_genes
HGNC:10526,SALL2,T3,unclassified,orphadata_genes
HGNC:15924,SALL4,T3,ndd_no_documented_epilepsy,orphadata_genes;panelapp_ge_id
HGNC:10535,SAR1B,T3,unclassified,orphadata_genes
HGNC:10536,SARDH,T3,unclassified,clingen;orphadata_genes
HGNC:19182,SASH1,T3,unclassified,orphadata_genes
HGNC:10540,SAT1,T3,unclassified,clingen;orphadata_genes
HGNC:29917,SAXO6,T3,unclassified,orphadata_genes
HGNC:1664,SCARB1,T3,unclassified,orphadata_genes
HGNC:19869,SCARF2,T3,ndd_no_documented_epilepsy,orphadata_genes;panelapp_ge_id
HGNC:16941,SCGN,T3,unclassified,orphadata_genes
HGNC:26406,SCLT1,T3,unclassified,orphadata_genes
HGNC:10582,SCN10A,T3,epilepsy_only_unclassified,clingen;genes4epilepsy;orphadata_genes;panelapp_au_epilepsy
HGNC:10589,SCN2B,T3,epilepsy_only_unclassified,clingen;orphadata_genes;panelapp_ge_epilepsy
HGNC:20665,SCN3B,T3,ndd_no_documented_epilepsy,clingen;orphadata_genes;panelapp_au_id
HGNC:10592,SCN4B,T3,unclassified,clingen;orphadata_genes
HGNC:10593,SCN5A,T3,unclassified,clingen;orphadata_genes
HGNC:10597,SCN9A,T3,ndd_with_epilepsy,clingen;orphadata_genes;panelapp_au_epilepsy;panelapp_au_id;panelapp_ge_epilepsy;panelapp_ge_id
HGNC:10600,SCNN1B,T3,unclassified,orphadata_genes
HGNC:30377,SCRIB,T3,ndd_no_documented_epilepsy,panelapp_ge_id
HGNC:29958,SDR9C7,T3,unclassified,orphadata_genes
HGNC:10701,SEC23A,T3,unclassified,orphadata_genes
HGNC:10705,SEC24C,T3,ndd_with_epilepsy,orphadata_genes;panelapp_au_epilepsy;panelapp_au_id
HGNC:10706,SEC24D,T3,epilepsy_only_unclassified,orphadata_genes;panelapp_ge_epilepsy
HGNC:16993,SEC61B,T3,unclassified,clingen
HGNC:10845,SEM1,T3,unclassified,orphadata_genes
HGNC:10723,SEMA3A,T3,unclassified,orphadata_genes
HGNC:10725,SEMA3C,T3,unclassified,orphadata_genes
HGNC:10726,SEMA3D,T3,unclassified,orphadata_genes
HGNC:10729,SEMA4A,T3,unclassified,clingen;orphadata_genes
HGNC:10732,SEMA4D,T3,unclassified,orphadata_genes
HGNC:26348,SEPTIN12,T3,unclassified,orphadata_genes
HGNC:33280,SEPTIN14,T3,unclassified,orphadata_genes
HGNC:9165,SEPTIN4,T3,unclassified,orphadata_genes
HGNC:8941,SERPINA1,T3,unclassified,orphadata_genes
HGNC:1540,SERPINA6,T3,unclassified,orphadata_genes
HGNC:13902,SERPINB7,T3,unclassified,orphadata_genes
HGNC:8952,SERPINB8,T3,unclassified,orphadata_genes
HGNC:8824,SERPINF1,T3,unclassified,orphadata_genes
HGNC:1546,SERPINH1,T3,unclassified,orphadata_genes
HGNC:20263,SETDB2,T3,ndd_no_documented_epilepsy,panelapp_ge_id
HGNC:10774,SFPQ,T3,unclassified,orphadata_genes
HGNC:10778,SFRP4,T3,unclassified,orphadata_genes
HGNC:25088,SGO1,T3,unclassified,orphadata_genes
HGNC:30417,SH2B1,T3,unclassified,orphadata_genes
HGNC:10825,SH3BP2,T3,unclassified,orphadata_genes
HGNC:13867,SH3KBP1,T3,unclassified,clingen;orphadata_genes
HGNC:23664,SH3PXD2A,T3,unclassified,orphadata_genes
HGNC:26535,SHOC1,T3,unclassified,orphadata_genes
HGNC:10853,SHOX,T3,ndd_no_documented_epilepsy,orphadata_genes;panelapp_ge_id
HGNC:1492,SHPK,T3,unclassified,orphadata_genes
HGNC:630,SHROOM2,T3,ndd_no_documented_epilepsy,panelapp_ge_id
HGNC:29215,SHROOM4,T3,ndd_with_epilepsy,clingen;orphadata_genes;panelapp_au_epilepsy;panelapp_au_id;panelapp_ge_epilepsy;panelapp_ge_id
HGNC:10856,SI,T3,unclassified,orphadata_genes
HGNC:8157,SIGMAR1,T3,ndd_no_documented_epilepsy,orphadata_genes;panelapp_ge_id
HGNC:10882,SIM1,T3,unclassified,orphadata_genes
HGNC:23801,SIPA1L3,T3,unclassified,orphadata_genes
HGNC:14929,SIRT1,T3,unclassified,clingen
HGNC:14934,SIRT6,T3,unclassified,orphadata_genes
HGNC:10888,SIX2,T3,unclassified,orphadata_genes
HGNC:10891,SIX5,T3,ndd_no_documented_epilepsy,clingen;orphadata_genes;panelapp_ge_id
HGNC:10892,SIX6,T3,unclassified,orphadata_genes
HGNC:10905,SLC10A1,T3,unclassified,orphadata_genes
HGNC:22981,SLC10A5,T3,unclassified,orphadata_genes
HGNC:10907,SLC11A1,T3,unclassified,orphadata_genes
HGNC:10912,SLC12A3,T3,unclassified,orphadata_genes
HGNC:10915,SLC12A7,T3,unclassified,clingen
HGNC:10918,SLC14A1,T3,unclassified,clingen
HGNC:10922,SLC16A1,T3,unclassified,orphadata_genes
HGNC:23094,SLC16A12,T3,unclassified,orphadata_genes
HGNC:16192,SLC17A9,T3,unclassified,orphadata_genes
HGNC:10936,SLC18A3,T3,unclassified,orphadata_genes
HGNC:10937,SLC19A1,T3,unclassified,clingen;orphadata_genes
HGNC:10938,SLC19A2,T3,ndd_no_documented_epilepsy,orphadata_genes;panelapp_au_id
HGNC:17989,SLC22A12,T3,unclassified,orphadata_genes
HGNC:10968,SLC22A4,T3,unclassified,clingen
HGNC:10969,SLC22A5,T3,ndd_with_epilepsy,clingen;genes4epilepsy;orphadata_genes;panelapp_au_epilepsy;panelapp_au_id;panelapp_ge_id
HGNC:10978,SLC24A4,T3,unclassified,orphadata_genes
HGNC:20611,SLC24A5,T3,unclassified,orphadata_genes
HGNC:10980,SLC25A10,T3,unclassified,clingen
HGNC:10981,SLC25A11,T3,unclassified,orphadata_genes
HGNC:14409,SLC25A19,T3,ndd_with_epilepsy,clingen;orphadata_genes;panelapp_au_id;panelapp_ge_epilepsy;panelapp_ge_id
HGNC:29683,SLC25A32,T3,unclassified,orphadata_genes
HGNC:31894,SLC25A53,T3,ndd_no_documented_epilepsy,panelapp_ge_id
HGNC:10992,SLC25A6,T3,ndd_no_documented_epilepsy,panelapp_ge_id
HGNC:3018,SLC26A3,T3,unclassified,orphadata_genes
HGNC:9359,SLC26A5,T3,unclassified,clingen;orphadata_genes
HGNC:14468,SLC26A8,T3,unclassified,orphadata_genes
HGNC:14469,SLC26A9,T3,ndd_no_documented_epilepsy,orphadata_genes;panelapp_ge_id
HGNC:10997,SLC27A3,T3,ndd_no_documented_epilepsy,panelapp_au_id
HGNC:11007,SLC2A3,T3,unclassified,orphadata_genes
HGNC:13446,SLC2A9,T3,unclassified,orphadata_genes
HGNC:25355,SLC30A10,T3,unclassified,orphadata_genes
HGNC:11019,SLC34A1,T3,unclassified,clingen;orphadata_genes
HGNC:11020,SLC34A2,T3,unclassified,orphadata_genes
HGNC:20305,SLC34A3,T3,unclassified,orphadata_genes
HGNC:18762,SLC36A2,T3,unclassified,clingen;orphadata_genes
HGNC:4061,SLC37A4,T3,unclassified,orphadata_genes
HGNC:26907,SLC38A9,T3,unclassified,clingen
HGNC:20502,SLC39A5,T3,unclassified,orphadata_genes
HGNC:19429,SLC41A1,T3,unclassified,clingen
HGNC:18798,SLC44A1,T3,ndd_no_documented_epilepsy,panelapp_au_id
HGNC:13941,SLC44A4,T3,unclassified,clingen;orphadata_genes
HGNC:16472,SLC45A2,T3,unclassified,orphadata_genes
HGNC:16628,SLC49A4,T3,unclassified,orphadata_genes
HGNC:11036,SLC5A1,T3,unclassified,orphadata_genes
HGNC:11037,SLC5A2,T3,ndd_no_documented_epilepsy,orphadata_genes;panelapp_au_id;panelapp_ge_id
HGNC:10964,SLC67A1,T3,unclassified,orphadata_genes
HGNC:11044,SLC6A11,T3,unclassified,orphadata_genes
HGNC:11047,SLC6A14,T3,unclassified,orphadata_genes
HGNC:26441,SLC6A18,T3,unclassified,orphadata_genes
HGNC:11048,SLC6A2,T3,unclassified,orphadata_genes
HGNC:30927,SLC6A20,T3,unclassified,orphadata_genes
HGNC:11050,SLC6A4,T3,ndd_no_documented_epilepsy,clingen;panelapp_au_id;panelapp_ge_id
HGNC:11052,SLC6A6,T3,unclassified,clingen
HGNC:29326,SLC7A14,T3,unclassified,clingen;orphadata_genes
HGNC:54925,SLC7A2-IT1,T3,unclassified,orphadata_genes
HGNC:11073,SLC9A3,T3,unclassified,orphadata_genes
HGNC:20653,SLC9A9,T3,ndd_no_documented_epilepsy,clingen;panelapp_au_id;panelapp_ge_id
HGNC:10959,SLCO1B1,T3,unclassified,orphadata_genes
HGNC:10961,SLCO1B3,T3,unclassified,orphadata_genes
HGNC:10955,SLCO2A1,T3,unclassified,orphadata_genes
HGNC:16643,SLMAP,T3,unclassified,clingen;orphadata_genes
HGNC:18746,SLURP1,T3,unclassified,orphadata_genes
HGNC:23845,SLX4,T3,ndd_no_documented_epilepsy,clingen;orphadata_genes;panelapp_au_id;panelapp_ge_id
HGNC:6767,SMAD1,T3,unclassified,clingen
HGNC:6770,SMAD4,T3,ndd_no_documented_epilepsy,clingen;orphadata_genes;panelapp_au_id;panelapp_ge_id
HGNC:6773,SMAD7,T3,unclassified,clingen
HGNC:18398,SMARCAD1,T3,unclassified,orphadata_genes
HGNC:11108,SMARCD3,T3,ndd_no_documented_epilepsy,panelapp_ge_id
HGNC:24644,SMG5,T3,ndd_no_documented_epilepsy,panelapp_au_id
HGNC:17809,SMG6,T3,ndd_no_documented_epilepsy,panelapp_au_id
HGNC:11117,SMN1,T3,unclassified,orphadata_genes
HGNC:11118,SMN2,T3,unclassified,orphadata_genes
HGNC:20323,SMOC2,T3,unclassified,orphadata_genes
HGNC:11128,SNAI1,T3,unclassified,clingen
HGNC:11094,SNAI2,T3,unclassified,clingen;orphadata_genes
HGNC:32621,SNORA31,T3,epilepsy_only_unclassified,clingen
HGNC:33067,SNORD116-1,T3,ndd_no_documented_epilepsy,panelapp_au_id
HGNC:11151,SNRPA,T3,ndd_no_documented_epilepsy,panelapp_au_id
HGNC:11161,SNRPE,T3,ndd_no_documented_epilepsy,orphadata_genes;panelapp_au_id
HGNC:11167,SNTA1,T3,unclassified,clingen
HGNC:13740,SNTG1,T3,ndd_no_documented_epilepsy,panelapp_ge_id
HGNC:11174,SNX3,T3,ndd_no_documented_epilepsy,panelapp_ge_id
HGNC:29256,SOBP,T3,ndd_no_documented_epilepsy,clingen;orphadata_genes;panelapp_au_id;panelapp_ge_id
HGNC:27845,SOHLH1,T3,unclassified,orphadata_genes
HGNC:16698,SORCS2,T3,epilepsy_only_unclassified,panelapp_au_epilepsy
HGNC:11185,SORL1,T3,unclassified,orphadata_genes
HGNC:13771,SOST,T3,ndd_no_documented_epilepsy,orphadata_genes;panelapp_au_id
HGNC:11194,SOX18,T3,unclassified,orphadata_genes
HGNC:18196,SOX7,T3,unclassified,clingen
HGNC:11203,SOX8,T3,ndd_no_documented_epilepsy,panelapp_au_id
HGNC:14530,SP6,T3,unclassified,orphadata_genes
HGNC:17321,SP7,T3,ndd_no_documented_epilepsy,orphadata_genes;panelapp_au_id
HGNC:26620,SPAG17,T3,unclassified,orphadata_genes
HGNC:14524,SPAG9,T3,ndd_no_documented_epilepsy,panelapp_au_id
HGNC:11219,SPARC,T3,unclassified,orphadata_genes
HGNC:11220,SPARCL1,T3,unclassified,orphadata_genes
HGNC:23222,SPATA13,T3,unclassified,clingen
HGNC:29935,SPATA16,T3,unclassified,orphadata_genes
HGNC:20373,SPG21,T3,ndd_no_documented_epilepsy,orphadata_genes;panelapp_ge_id
HGNC:11237,SPG7,T3,ndd_no_documented_epilepsy,clingen;orphadata_genes;panelapp_au_id;panelapp_ge_id
HGNC:11242,SPIB,T3,unclassified,orphadata_genes
HGNC:28971,SPIDR,T3,unclassified,orphadata_genes
HGNC:11244,SPINK1,T3,unclassified,orphadata_genes
HGNC:11245,SPINK2,T3,unclassified,orphadata_genes
HGNC:11247,SPINT2,T3,unclassified,orphadata_genes
HGNC:26992,SPNS2,T3,unclassified,clingen
HGNC:11255,SPP1,T3,unclassified,orphadata_genes
HGNC:25356,SPRTN,T3,ndd_no_documented_epilepsy,orphadata_genes;panelapp_au_id;panelapp_ge_id
HGNC:11271,SPRY3,T3,ndd_no_documented_epilepsy,panelapp_ge_id
HGNC:15533,SPRY4,T3,unclassified,orphadata_genes
HGNC:11272,SPTA1,T3,unclassified,orphadata_genes
HGNC:11274,SPTB,T3,unclassified,orphadata_genes
HGNC:15680,SPTBN5,T3,ndd_no_documented_epilepsy,panelapp_au_id
HGNC:20390,SQOR,T3,unclassified,clingen
HGNC:11285,SRD5A2,T3,unclassified,orphadata_genes
HGNC:11289,SREBF1,T3,unclassified,orphadata_genes
HGNC:11291,SRF,T3,unclassified,clingen
HGNC:11300,SRP19,T3,unclassified,orphadata_genes
HGNC:11303,SRP72,T3,unclassified,orphadata_genes
HGNC:30668,SRPX2,T3,ndd_with_epilepsy,clingen;orphadata_genes;panelapp_au_epilepsy;panelapp_au_id;panelapp_ge_epilepsy;panelapp_ge_id
HGNC:10783,SRSF2,T3,unclassified,orphadata_genes
HGNC:11311,SRY,T3,ndd_no_documented_epilepsy,orphadata_genes;panelapp_ge_id
HGNC:11340,SS18,T3,unclassified,orphadata_genes
HGNC:15592,SS18L1,T3,unclassified,clingen
HGNC:24809,SSUH2,T3,unclassified,orphadata_genes
HGNC:11335,SSX1,T3,unclassified,orphadata_genes
HGNC:11336,SSX2,T3,unclassified,orphadata_genes
HGNC:11344,ST14,T3,unclassified,orphadata_genes
HGNC:11351,ST7,T3,ndd_no_documented_epilepsy,panelapp_au_id
HGNC:18629,STAB2,T3,ndd_no_documented_epilepsy,panelapp_ge_id
HGNC:11356,STAG3,T3,unclassified,orphadata_genes
HGNC:11359,STAR,T3,ndd_no_documented_epilepsy,orphadata_genes;panelapp_ge_id
HGNC:19161,STARD8,T3,ndd_no_documented_epilepsy,panelapp_ge_id
HGNC:11363,STAT2,T3,unclassified,orphadata_genes
HGNC:11365,STAT4,T3,unclassified,orphadata_genes
HGNC:24592,STEAP3,T3,unclassified,clingen;orphadata_genes
HGNC:27962,STING1,T3,unclassified,orphadata_genes
HGNC:11406,STK3,T3,ndd_no_documented_epilepsy,panelapp_au_id
HGNC:23508,STOX1,T3,unclassified,orphadata_genes
HGNC:11425,STS,T3,ndd_no_documented_epilepsy,orphadata_genes;panelapp_ge_id
HGNC:30611,STT3B,T3,ndd_no_documented_epilepsy,clingen;orphadata_genes;panelapp_au_id;panelapp_ge_id
HGNC:11427,STUB1,T3,ndd_no_documented_epilepsy,orphadata_genes;panelapp_ge_id
HGNC:11431,STX16,T3,unclassified,orphadata_genes
HGNC:11438,STX3,T3,ndd_no_documented_epilepsy,orphadata_genes;panelapp_ge_id
HGNC:11446,STXBP3,T3,unclassified,orphadata_genes
HGNC:11459,SULT2B1,T3,unclassified,orphadata_genes
HGNC:12502,SUMO1,T3,unclassified,orphadata_genes
HGNC:16252,SUN5,T3,unclassified,orphadata_genes
HGNC:16874,SV2B,T3,epilepsy_only_unclassified,panelapp_au_epilepsy
HGNC:18130,SYCP3,T3,unclassified,orphadata_genes
HGNC:11491,SYK,T3,unclassified,orphadata_genes
HGNC:17084,SYNE2,T3,ndd_no_documented_epilepsy,orphadata_genes;panelapp_au_id;panelapp_ge_id
HGNC:30672,SYNPO,T3,unclassified,clingen
HGNC:23143,SYT14,T3,ndd_no_documented_epilepsy,orphadata_genes;panelapp_au_id;panelapp_ge_id
HGNC:15589,SYTL5,T3,ndd_no_documented_epilepsy,panelapp_ge_id
HGNC:11521,TAC3,T3,unclassified,orphadata_genes
HGNC:11522,TACC1,T3,unclassified,orphadata_genes
HGNC:11524,TACC3,T3,unclassified,orphadata_genes
HGNC:11528,TACR3,T3,unclassified,orphadata_genes
HGNC:11530,TACSTD2,T3,unclassified,orphadata_genes
HGNC:11544,TAF11,T3,unclassified,orphadata_genes
HGNC:11547,TAF15,T3,unclassified,clingen;orphadata_genes
HGNC:11532,TAF1A,T3,unclassified,orphadata_genes
HGNC:11538,TAF4B,T3,unclassified,orphadata_genes
HGNC:11548,TAF7L,T3,ndd_no_documented_epilepsy,panelapp_ge_id
HGNC:11556,TAL1,T3,unclassified,orphadata_genes
HGNC:11559,TALDO1,T3,unclassified,orphadata_genes
HGNC:26887,TAPT1,T3,unclassified,orphadata_genes
HGNC:30684,TAX1BP3,T3,unclassified,orphadata_genes
HGNC:18502,TBL1Y,T3,unclassified,orphadata_genes
HGNC:11586,TBL2,T3,unclassified,orphadata_genes
HGNC:11588,TBP,T3,ndd_no_documented_epilepsy,orphadata_genes;panelapp_ge_id
HGNC:11594,TBX15,T3,ndd_no_documented_epilepsy,orphadata_genes;panelapp_ge_id
HGNC:11605,TBX6,T3,unclassified,orphadata_genes
HGNC:11515,TBXT,T3,unclassified,orphadata_genes
HGNC:11610,TCAP,T3,unclassified,clingen;orphadata_genes
HGNC:28247,TCEAL3,T3,ndd_no_documented_epilepsy,panelapp_ge_id
HGNC:11632,TCF21,T3,unclassified,clingen
HGNC:11648,TCL1A,T3,unclassified,orphadata_genes
HGNC:11652,TCN1,T3,unclassified,orphadata_genes
HGNC:21254,TCP10L2,T3,ndd_no_documented_epilepsy,panelapp_ge_id
HGNC:11708,TDO2,T3,unclassified,clingen;orphadata_genes
HGNC:20122,TDRD9,T3,unclassified,orphadata_genes
HGNC:11714,TEAD1,T3,unclassified,orphadata_genes
HGNC:4551,TECR,T3,ndd_no_documented_epilepsy,clingen;orphadata_genes;panelapp_au_id;panelapp_ge_id
HGNC:15534,TEKT1,T3,unclassified,clingen
HGNC:14293,TEKT3,T3,unclassified,orphadata_genes
HGNC:8117,TENM1,T3,ndd_no_documented_epilepsy,orphadata_genes;panelapp_ge_id
HGNC:18345,TENT5A,T3,unclassified,orphadata_genes
HGNC:26458,TEPSIN,T3,ndd_no_documented_epilepsy,panelapp_ge_id
HGNC:26675,TERB1,T3,unclassified,orphadata_genes
HGNC:28520,TERB2,T3,unclassified,orphadata_genes
HGNC:19246,TERF2IP,T3,unclassified,orphadata_genes
HGNC:11733,TEX11,T3,unclassified,orphadata_genes
HGNC:11737,TEX14,T3,unclassified,orphadata_genes
HGNC:11738,TEX15,T3,unclassified,orphadata_genes
HGNC:11742,TFAP2A,T3,ndd_no_documented_epilepsy,orphadata_genes;panelapp_au_id;panelapp_ge_id
HGNC:17037,TFB1M,T3,unclassified,orphadata_genes
HGNC:18559,TFB2M,T3,ndd_no_documented_epilepsy,panelapp_ge_id
HGNC:11753,TFEB,T3,unclassified,orphadata_genes
HGNC:11764,TG,T3,ndd_no_documented_epilepsy,orphadata_genes;panelapp_au_id
HGNC:11765,TGFA,T3,unclassified,orphadata_genes
HGNC:11769,TGFB3,T3,ndd_no_documented_epilepsy,clingen;orphadata_genes;panelapp_ge_id
HGNC:11771,TGFBI,T3,unclassified,orphadata_genes
HGNC:11774,TGFBR3,T3,unclassified,orphadata_genes
HGNC:11777,TGM1,T3,unclassified,orphadata_genes
HGNC:11779,TGM3,T3,unclassified,orphadata_genes
HGNC:11781,TGM5,T3,unclassified,orphadata_genes
HGNC:16255,TGM6,T3,ndd_no_documented_epilepsy,orphadata_genes;panelapp_ge_id
HGNC:20856,THAP1,T3,ndd_no_documented_epilepsy,orphadata_genes;panelapp_au_id;panelapp_ge_id
HGNC:23194,THAP11,T3,unclassified,clingen
HGNC:11784,THBD,T3,unclassified,clingen;orphadata_genes
HGNC:17754,THSD1,T3,unclassified,orphadata_genes
HGNC:25835,THSD4,T3,unclassified,orphadata_genes
HGNC:11802,TIA1,T3,unclassified,clingen;orphadata_genes
HGNC:18348,TICAM1,T3,unclassified,orphadata_genes
HGNC:17317,TIMM22,T3,unclassified,clingen
HGNC:11827,TJP1,T3,unclassified,clingen
HGNC:11828,TJP2,T3,unclassified,clingen;orphadata_genes
HGNC:11835,TKTL1,T3,ndd_no_documented_epilepsy,panelapp_ge_id
HGNC:25295,TLCD3B,T3,unclassified,orphadata_genes
HGNC:30788,TLE6,T3,unclassified,orphadata_genes
HGNC:11843,TLL1,T3,unclassified,clingen;orphadata_genes
HGNC:11849,TLR3,T3,unclassified,orphadata_genes
HGNC:11850,TLR4,T3,unclassified,orphadata_genes
HGNC:11851,TLR5,T3,unclassified,clingen
HGNC:15632,TLR8,T3,ndd_no_documented_epilepsy,orphadata_genes;panelapp_ge_id
HGNC:5056,TLX1,T3,unclassified,orphadata_genes
HGNC:13532,TLX3,T3,unclassified,orphadata_genes
HGNC:26230,TM4SF20,T3,ndd_no_documented_epilepsy,panelapp_ge_id
HGNC:18021,TMC6,T3,unclassified,orphadata_genes
HGNC:20474,TMC8,T3,unclassified,orphadata_genes
HGNC:28128,TMEM107,T3,unclassified,orphadata_genes
HGNC:26991,TMEM132E,T3,ndd_no_documented_epilepsy,clingen;orphadata_genes;panelapp_ge_id
HGNC:26167,TMEM135,T3,ndd_no_documented_epilepsy,panelapp_ge_id
HGNC:25826,TMEM168,T3,unclassified,clingen
HGNC:17125,TMEM185A,T3,unclassified,orphadata_genes
HGNC:20185,TMEM260,T3,ndd_no_documented_epilepsy,orphadata_genes;panelapp_au_id;panelapp_ge_id
HGNC:23018,TMEM270,T3,unclassified,orphadata_genes
HGNC:25535,TMEM38B,T3,unclassified,orphadata_genes
HGNC:26186,TMEM53,T3,unclassified,orphadata_genes
HGNC:25203,TMEM65,T3,unclassified,clingen
HGNC:25913,TMEM87B,T3,unclassified,orphadata_genes
HGNC:24529,TMEM98,T3,unclassified,clingen;orphadata_genes
HGNC:18308,TMLHE,T3,ndd_no_documented_epilepsy,clingen;panelapp_au_id;panelapp_ge_id
HGNC:11871,TMOD1,T3,unclassified,clingen
HGNC:11875,TMPO,T3,unclassified,clingen;orphadata_genes
HGNC:9490,TMPRSS15,T3,unclassified,orphadata_genes
HGNC:11878,TMPRSS4,T3,unclassified,orphadata_genes
HGNC:30846,TMPRSS7,T3,ndd_no_documented_epilepsy,panelapp_au_id
HGNC:30079,TMPRSS9,T3,ndd_no_documented_epilepsy,panelapp_ge_id
HGNC:25440,TMTC2,T3,unclassified,clingen
HGNC:25904,TMTC4,T3,unclassified,orphadata_genes
HGNC:5318,TNC,T3,unclassified,clingen;orphadata_genes
HGNC:11896,TNFAIP3,T3,unclassified,orphadata_genes
HGNC:11905,TNFRSF10B,T3,unclassified,orphadata_genes
HGNC:11908,TNFRSF11A,T3,unclassified,orphadata_genes
HGNC:11909,TNFRSF11B,T3,unclassified,orphadata_genes
HGNC:17755,TNFRSF13C,T3,unclassified,clingen;orphadata_genes
HGNC:11917,TNFRSF1B,T3,unclassified,orphadata_genes
HGNC:11918,TNFRSF4,T3,unclassified,clingen;orphadata_genes
HGNC:11927,TNFSF12,T3,unclassified,clingen;orphadata_genes
HGNC:11928,TNFSF13,T3,unclassified,clingen
HGNC:11931,TNFSF15,T3,unclassified,orphadata_genes
HGNC:11934,TNFSF4,T3,unclassified,orphadata_genes
HGNC:16903,TNIP1,T3,unclassified,orphadata_genes
HGNC:19297,TNK2,T3,ndd_with_epilepsy,clingen;genes4epilepsy;orphadata_genes;panelapp_au_epilepsy;panelapp_au_id;panelapp_ge_epilepsy
HGNC:15677,TNKS2,T3,ndd_no_documented_epilepsy,panelapp_ge_id
HGNC:11944,TNNC2,T3,unclassified,clingen
HGNC:11945,TNNI1,T3,unclassified,clingen
HGNC:11946,TNNI2,T3,unclassified,orphadata_genes
HGNC:11950,TNNT3,T3,unclassified,clingen;orphadata_genes
HGNC:11976,TNXB,T3,unclassified,orphadata_genes
HGNC:18001,TOMM40,T3,unclassified,orphadata_genes
HGNC:7801,TONSL,T3,unclassified,orphadata_genes
HGNC:11992,TOP3A,T3,unclassified,orphadata_genes
HGNC:26197,TOP6BL,T3,unclassified,orphadata_genes
HGNC:17008,TOPBP1,T3,unclassified,clingen
HGNC:12000,TP53BP2,T3,unclassified,clingen
HGNC:16197,TP53RK,T3,unclassified,orphadata_genes
HGNC:20692,TPH2,T3,ndd_no_documented_epilepsy,panelapp_au_id;panelapp_ge_id
HGNC:12009,TPI1,T3,unclassified,orphadata_genes
HGNC:12015,TPO,T3,unclassified,orphadata_genes
HGNC:12017,TPR,T3,ndd_no_documented_epilepsy,orphadata_genes;panelapp_au_id;panelapp_ge_id
HGNC:24259,TPRKB,T3,unclassified,orphadata_genes
HGNC:12027,TRA,T3,unclassified,orphadata_genes
HGNC:1343,TRAF3IP2,T3,unclassified,orphadata_genes
HGNC:12036,TRAF6,T3,unclassified,orphadata_genes
HGNC:29011,TRANK1,T3,unclassified,orphadata_genes
HGNC:25604,TRAPPC14,T3,unclassified,orphadata_genes
HGNC:23068,TRAPPC2,T3,ndd_no_documented_epilepsy,orphadata_genes;panelapp_ge_id
HGNC:23069,TRAPPC6A,T3,ndd_no_documented_epilepsy,panelapp_au_id;panelapp_ge_id
HGNC:12155,TRB,T3,unclassified,orphadata_genes
HGNC:12252,TRD,T3,unclassified,orphadata_genes
HGNC:12266,TREH,T3,unclassified,orphadata_genes
HGNC:12270,TREX2,T3,ndd_no_documented_epilepsy,panelapp_ge_id
HGNC:12298,TRH,T3,unclassified,orphadata_genes
HGNC:12299,TRHR,T3,ndd_no_documented_epilepsy,orphadata_genes;panelapp_au_id;panelapp_ge_id
HGNC:15974,TRIM2,T3,unclassified,orphadata_genes
HGNC:16379,TRIM22,T3,unclassified,orphadata_genes
HGNC:11812,TRIM24,T3,unclassified,orphadata_genes
HGNC:9975,TRIM27,T3,unclassified,orphadata_genes
HGNC:16384,TRIM28,T3,unclassified,orphadata_genes
HGNC:16290,TRIM33,T3,unclassified,orphadata_genes
HGNC:19016,TRIM44,T3,unclassified,clingen;orphadata_genes
HGNC:16007,TRIM63,T3,unclassified,clingen
HGNC:17453,TRIM74,T3,ndd_no_documented_epilepsy,panelapp_au_id
HGNC:12310,TRIP4,T3,unclassified,orphadata_genes
HGNC:16782,TRMT1L,T3,ndd_no_documented_epilepsy,panelapp_au_id;panelapp_ge_id
HGNC:25748,TRMT2B,T3,unclassified,orphadata_genes
HGNC:497,TRPA1,T3,unclassified,orphadata_genes
HGNC:12335,TRPC3,T3,epilepsy_only_unclassified,orphadata_genes;panelapp_au_epilepsy
HGNC:12338,TRPC6,T3,unclassified,orphadata_genes
HGNC:17993,TRPM4,T3,unclassified,clingen;orphadata_genes
HGNC:12340,TRPS1,T3,ndd_no_documented_epilepsy,orphadata_genes;panelapp_ge_id
HGNC:18084,TRPV3,T3,unclassified,orphadata_genes
HGNC:14006,TRPV6,T3,unclassified,orphadata_genes
HGNC:3051,TSC22D3,T3,ndd_no_documented_epilepsy,panelapp_ge_id
HGNC:12373,TSHR,T3,ndd_no_documented_epilepsy,orphadata_genes;panelapp_au_id;panelapp_ge_id
HGNC:10669,TSHZ1,T3,unclassified,clingen;orphadata_genes
HGNC:11855,TSPAN8,T3,ndd_no_documented_epilepsy,panelapp_ge_id
HGNC:1268,TSPEAR,T3,unclassified,clingen;orphadata_genes
HGNC:12381,TSPY1,T3,unclassified,orphadata_genes
HGNC:25455,TSR2,T3,unclassified,orphadata_genes
HGNC:19140,TTBK1,T3,ndd_no_documented_epilepsy,panelapp_au_id
HGNC:19141,TTBK2,T3,ndd_no_documented_epilepsy,orphadata_genes;panelapp_ge_id
HGNC:12391,TTC1,T3,ndd_no_documented_epilepsy,panelapp_au_id
HGNC:30761,TTC21A,T3,unclassified,orphadata_genes
HGNC:29936,TTC29,T3,unclassified,orphadata_genes
HGNC:12404,TTPA,T3,ndd_no_documented_epilepsy,orphadata_genes;panelapp_ge_id
HGNC:12406,TUB,T3,unclassified,orphadata_genes
HGNC:20765,TUBA3E,T3,epilepsy_only_unclassified,panelapp_ge_epilepsy
HGNC:12410,TUBA8,T3,ndd_with_epilepsy,clingen;genes4epilepsy;orphadata_genes;panelapp_au_epilepsy;panelapp_au_id;panelapp_ge_epilepsy;panelapp_ge_id
HGNC:23534,TUBAL3,T3,ndd_no_documented_epilepsy,panelapp_ge_id
HGNC:20773,TUBB8,T3,unclassified,orphadata_genes
HGNC:17772,TXN2,T3,epilepsy_only_unclassified,orphadata_genes;panelapp_ge_epilepsy
HGNC:18155,TXNRD2,T3,unclassified,orphadata_genes
HGNC:12440,TYK2,T3,unclassified,orphadata_genes
HGNC:12441,TYMS,T3,unclassified,orphadata_genes
HGNC:12449,TYROBP,T3,unclassified,orphadata_genes
HGNC:12450,TYRP1,T3,ndd_no_documented_epilepsy,orphadata_genes;panelapp_ge_id
HGNC:12469,UBA1,T3,unclassified,orphadata_genes
HGNC:20486,UBAC2,T3,unclassified,orphadata_genes
HGNC:12461,UBAP1,T3,unclassified,orphadata_genes
HGNC:40028,UBAP1L,T3,unclassified,orphadata_genes
HGNC:12463,UBB,T3,unclassified,orphadata_genes
HGNC:12488,UBE2L3,T3,unclassified,orphadata_genes
HGNC:25009,UBE2T,T3,unclassified,orphadata_genes
HGNC:28559,UBE2U,T3,ndd_no_documented_epilepsy,panelapp_au_id;panelapp_ge_id
HGNC:12500,UBE4B,T3,unclassified,orphadata_genes
HGNC:30791,UBIAD1,T3,unclassified,orphadata_genes
HGNC:30313,UBR4,T3,ndd_no_documented_epilepsy,panelapp_au_id;panelapp_ge_id
HGNC:12518,UCP2,T3,unclassified,orphadata_genes
HGNC:12520,UFD1,T3,unclassified,orphadata_genes
HGNC:12530,UGT1A1,T3,ndd_no_documented_epilepsy,orphadata_genes;panelapp_au_id;panelapp_ge_id
HGNC:12556,UHRF1,T3,unclassified,orphadata_genes
HGNC:12565,UNC119,T3,unclassified,orphadata_genes
HGNC:12566,UNC13B,T3,epilepsy_only_unclassified,panelapp_au_epilepsy;panelapp_ge_epilepsy
HGNC:14304,UNC45B,T3,unclassified,orphadata_genes
HGNC:12580,UPK3A,T3,unclassified,clingen;orphadata_genes
HGNC:34399,UQCC3,T3,unclassified,clingen;orphadata_genes
HGNC:12582,UQCRB,T3,ndd_no_documented_epilepsy,clingen;orphadata_genes;panelapp_au_id;panelapp_ge_id
HGNC:12585,UQCRC1,T3,unclassified,clingen
HGNC:12590,UQCRH,T3,unclassified,clingen
HGNC:29594,UQCRQ,T3,ndd_no_documented_epilepsy,clingen;orphadata_genes;panelapp_au_id;panelapp_ge_id
HGNC:25792,USB1,T3,ndd_no_documented_epilepsy,orphadata_genes;panelapp_ge_id
HGNC:16356,USH1G,T3,unclassified,clingen;orphadata_genes
HGNC:12624,USP25,T3,epilepsy_only_unclassified,clingen;panelapp_au_epilepsy
HGNC:13485,USP26,T3,unclassified,orphadata_genes
HGNC:20064,USP44,T3,unclassified,clingen
HGNC:20080,USP45,T3,unclassified,orphadata_genes
HGNC:18533,USP48,T3,unclassified,orphadata_genes
HGNC:12629,USP6,T3,unclassified,orphadata_genes
HGNC:12631,USP8,T3,unclassified,orphadata_genes
HGNC:12633,USP9Y,T3,unclassified,orphadata_genes
HGNC:10665,UTP14A,T3,ndd_no_documented_epilepsy,panelapp_ge_id
HGNC:1983,UTP4,T3,unclassified,orphadata_genes
HGNC:29304,UVSSA,T3,ndd_no_documented_epilepsy,orphadata_genes;panelapp_ge_id
HGNC:25507,VAC14,T3,unclassified,orphadata_genes
HGNC:12642,VAMP1,T3,ndd_no_documented_epilepsy,orphadata_genes;panelapp_au_id;panelapp_ge_id
HGNC:11486,VAMP7,T3,ndd_no_documented_epilepsy,orphadata_genes;panelapp_ge_id
HGNC:15512,VANGL1,T3,ndd_no_documented_epilepsy,orphadata_genes;panelapp_au_id
HGNC:15511,VANGL2,T3,unclassified,orphadata_genes
HGNC:12665,VCL,T3,unclassified,clingen;orphadata_genes
HGNC:12679,VDR,T3,ndd_no_documented_epilepsy,orphadata_genes;panelapp_ge_id
HGNC:12680,VEGFA,T3,unclassified,clingen
HGNC:12682,VEGFC,T3,unclassified,orphadata_genes
HGNC:12949,VEZF1,T3,unclassified,clingen;orphadata_genes
HGNC:12692,VIM,T3,unclassified,orphadata_genes
HGNC:12693,VIP,T3,ndd_no_documented_epilepsy,panelapp_ge_id
HGNC:18085,VMA12,T3,unclassified,orphadata_genes
HGNC:22082,VMA21,T3,unclassified,clingen;orphadata_genes
HGNC:23594,VPS13C,T3,unclassified,orphadata_genes
HGNC:3044,VPS26C,T3,ndd_no_documented_epilepsy,panelapp_au_id;panelapp_ge_id
HGNC:18287,VPS37D,T3,unclassified,orphadata_genes
HGNC:14579,VPS45,T3,ndd_no_documented_epilepsy,orphadata_genes;panelapp_au_id
HGNC:10895,VPS4B,T3,unclassified,orphadata_genes
HGNC:29122,VPS8,T3,unclassified,clingen
HGNC:12723,VSX1,T3,unclassified,orphadata_genes
HGNC:1975,VSX2,T3,ndd_no_documented_epilepsy,orphadata_genes;panelapp_ge_id
HGNC:30910,VWA1,T3,unclassified,orphadata_genes
HGNC:29071,VWA8,T3,ndd_no_documented_epilepsy,panelapp_ge_id
HGNC:24256,WASHC3,T3,ndd_no_documented_epilepsy,panelapp_au_id
HGNC:12738,WBP2,T3,unclassified,clingen;orphadata_genes
HGNC:12754,WDR1,T3,unclassified,orphadata_genes
HGNC:14352,WDR13,T3,ndd_no_documented_epilepsy,panelapp_au_id;panelapp_ge_id
HGNC:17956,WDR18,T3,ndd_no_documented_epilepsy,panelapp_au_id
HGNC:30696,WDR36,T3,unclassified,clingen
HGNC:30914,WDR48,T3,unclassified,orphadata_genes
HGNC:19684,WEE2,T3,unclassified,orphadata_genes
HGNC:14544,WNK4,T3,unclassified,orphadata_genes
HGNC:12775,WNT10B,T3,ndd_no_documented_epilepsy,orphadata_genes;panelapp_ge_id
HGNC:12781,WNT2B,T3,unclassified,orphadata_genes
HGNC:12782,WNT3,T3,ndd_no_documented_epilepsy,clingen;orphadata_genes;panelapp_ge_id
HGNC:15983,WNT3A,T3,unclassified,orphadata_genes
HGNC:12783,WNT4,T3,ndd_no_documented_epilepsy,orphadata_genes;panelapp_ge_id
HGNC:12786,WNT7A,T3,ndd_no_documented_epilepsy,orphadata_genes;panelapp_ge_id
HGNC:12787,WNT7B,T3,unclassified,orphadata_genes
HGNC:12779,WNT9B,T3,unclassified,orphadata_genes
HGNC:29237,WWC3,T3,ndd_no_documented_epilepsy,panelapp_ge_id
HGNC:17004,WWP1,T3,ndd_no_documented_epilepsy,panelapp_au_id
HGNC:24042,WWTR1,T3,unclassified,orphadata_genes
HGNC:12805,XDH,T3,unclassified,orphadata_genes
HGNC:12810,XIST,T3,ndd_no_documented_epilepsy,panelapp_au_id;panelapp_ge_id
HGNC:29845,XKRX,T3,ndd_no_documented_epilepsy,panelapp_ge_id
HGNC:12823,XPNPEP2,T3,unclassified,orphadata_genes
HGNC:12829,XRCC2,T3,unclassified,clingen;orphadata_genes
HGNC:15517,XYLT2,T3,unclassified,orphadata_genes
HGNC:2428,YBX3,T3,ndd_no_documented_epilepsy,panelapp_au_id;panelapp_ge_id
HGNC:12843,YME1L1,T3,unclassified,clingen;orphadata_genes
HGNC:28905,YRDC,T3,unclassified,orphadata_genes
HGNC:30935,YY1AP1,T3,unclassified,orphadata_genes
HGNC:29045,ZBTB40,T3,ndd_no_documented_epilepsy,panelapp_ge_id
HGNC:27273,ZCCHC12,T3,ndd_no_documented_epilepsy,panelapp_au_id;panelapp_ge_id
HGNC:20342,ZDHHC15,T3,ndd_with_epilepsy,clingen;panelapp_au_epilepsy;panelapp_au_id;panelapp_ge_id
HGNC:11642,ZEB1,T3,unclassified,orphadata_genes
HGNC:20152,ZFHX2,T3,unclassified,orphadata_genes
HGNC:1108,ZFP36L2,T3,unclassified,orphadata_genes
HGNC:19762,ZFPM1,T3,unclassified,clingen
HGNC:16700,ZFPM2,T3,unclassified,orphadata_genes
HGNC:17277,ZFR,T3,unclassified,orphadata_genes
HGNC:28449,ZFTA,T3,unclassified,orphadata_genes
HGNC:26559,ZFYVE27,T3,unclassified,clingen
HGNC:20393,ZIC4,T3,unclassified,orphadata_genes
HGNC:13050,ZMYM6,T3,ndd_no_documented_epilepsy,panelapp_ge_id
HGNC:21192,ZMYND12,T3,ndd_no_documented_epilepsy,panelapp_ge_id
HGNC:20997,ZMYND15,T3,ndd_no_documented_epilepsy,orphadata_genes;panelapp_ge_id
HGNC:12926,ZNF141,T3,unclassified,orphadata_genes
HGNC:12928,ZNF143,T3,unclassified,clingen
HGNC:12976,ZNF185,T3,ndd_no_documented_epilepsy,panelapp_au_id
HGNC:18194,ZNF365,T3,unclassified,orphadata_genes
HGNC:20041,ZNF408,T3,unclassified,orphadata_genes
HGNC:13107,ZNF41,T3,ndd_no_documented_epilepsy,clingen;panelapp_au_id;panelapp_ge_id
HGNC:20690,ZNF425,T3,ndd_no_documented_epilepsy,panelapp_ge_id
HGNC:23216,ZNF469,T3,unclassified,orphadata_genes
HGNC:23713,ZNF496,T3,ndd_no_documented_epilepsy,panelapp_au_id
HGNC:23783,ZNF507,T3,ndd_no_documented_epilepsy,panelapp_au_id
HGNC:26498,ZNF513,T3,unclassified,orphadata_genes
HGNC:28986,ZNF592,T3,ndd_no_documented_epilepsy,orphadata_genes;panelapp_ge_id
HGNC:26408,ZNF599,T3,ndd_no_documented_epilepsy,panelapp_ge_id
HGNC:17625,ZNF674,T3,ndd_no_documented_epilepsy,clingen;panelapp_au_id;panelapp_ge_id
HGNC:22043,ZNF713,T3,ndd_no_documented_epilepsy,panelapp_ge_id
HGNC:25843,ZNF750,T3,unclassified,orphadata_genes
HGNC:21711,ZNF804A,T3,ndd_no_documented_epilepsy,panelapp_au_id
HGNC:13156,ZNF81,T3,ndd_no_documented_epilepsy,clingen;orphadata_genes;panelapp_au_id;panelapp_ge_id
HGNC:26089,ZNHIT6,T3,ndd_no_documented_epilepsy,panelapp_au_id
HGNC:13187,ZP1,T3,unclassified,orphadata_genes
HGNC:13188,ZP2,T3,unclassified,orphadata_genes
HGNC:13189,ZP3,T3,unclassified,orphadata_genes
HGNC:15662,ZPBP,T3,unclassified,orphadata_genes
HGNC:13051,ZPR1,T3,unclassified,orphadata_genes
HGNC:26993,ZSWIM7,T3,unclassified,orphadata_genes
